system:index,NDVI,date,.geo
1_1_1_1_1_1_1_1_1_2_20160109T040132_20160109T040826_T46NGL,0.47925112348457455,2016-01-09,"{""type"":""MultiPoint"",""coordinates"":[]}"
1_1_1_1_1_1_1_1_1_2_20160109T040132_20160109T040826_T46NGM,0.40269868371859896,2016-01-09,"{""type"":""MultiPoint"",""coordinates"":[]}"
1_1_1_1_1_1_1_1_1_2_20160109T041735_20160109T112007_T46NGL,0.47925112348457455,2016-01-09,"{""type"":""MultiPoint"",""coordinates"":[]}"
1_1_1_1_1_1_1_1_1_2_20160109T041735_20160109T112007_T46NGM,0.4026986837185989,2016-01-09,"{""type"":""MultiPoint"",""coordinates"":[]}"
1_1_1_1_1_1_1_1_1_2_20160218T035822_20160218T041457_T46NGL,0.6839566630572163,2016-02-18,"{""type"":""MultiPoint"",""coordinates"":[]}"
1_1_1_1_1_1_1_1_1_2_20160218T035822_20160218T041457_T46NGM,0.611299397748412,2016-02-18,"{""type"":""MultiPoint"",""coordinates"":[]}"
1_1_1_1_1_1_1_1_1_2_20160218T041457_20160409T032352_T46NGL,0.6839566630572163,2016-02-18,"{""type"":""MultiPoint"",""coordinates"":[]}"
1_1_1_1_1_1_1_1_1_2_20160218T041457_20160409T032352_T46NGM,0.611299397748412,2016-02-18,"{""type"":""MultiPoint"",""coordinates"":[]}"
1_1_1_1_1_1_1_1_1_2_20160319T035552_20160319T040941_T46NGL,0.4529509201782601,2016-03-19,"{""type"":""MultiPoint"",""coordinates"":[]}"
1_1_1_1_1_1_1_1_1_2_20160319T035552_20160319T040941_T46NGM,0.3829156132274801,2016-03-19,"{""type"":""MultiPoint"",""coordinates"":[]}"
1_1_1_1_1_1_1_1_1_2_20160319T040941_20160319T111731_T46NGL,0.4529509201782601,2016-03-19,"{""type"":""MultiPoint"",""coordinates"":[]}"
1_1_1_1_1_1_1_1_1_2_20160319T040941_20160319T111731_T46NGM,0.38291561322747997,2016-03-19,"{""type"":""MultiPoint"",""coordinates"":[]}"
1_1_1_1_1_1_1_1_1_2_20160727T035542_20160727T041018_T46NGL,0.6964308788195096,2016-07-27,"{""type"":""MultiPoint"",""coordinates"":[]}"
1_1_1_1_1_1_1_1_1_2_20160727T035542_20160727T041018_T46NGM,0.5831494035250637,2016-07-27,"{""type"":""MultiPoint"",""coordinates"":[]}"
1_1_1_1_1_1_1_1_1_2_20160727T041018_20160727T093208_T46NGL,0.6964308788195097,2016-07-27,"{""type"":""MultiPoint"",""coordinates"":[]}"
1_1_1_1_1_1_1_1_1_2_20160727T041018_20160727T093208_T46NGM,0.5831494035250636,2016-07-27,"{""type"":""MultiPoint"",""coordinates"":[]}"
1_1_1_1_1_1_1_1_1_2_20161012T034702_20161012T040251_T46NGM,0.40720902790649444,2016-10-12,"{""type"":""MultiPoint"",""coordinates"":[]}"
1_1_1_1_1_1_1_1_1_2_20161012T034702_20161012T040251_T46NHM,0.4368353512890305,2016-10-12,"{""type"":""MultiPoint"",""coordinates"":[]}"
1_1_1_1_1_1_1_1_1_2_20161012T034702_20161012T091659_T46NGM,0.40720902790649444,2016-10-12,"{""type"":""MultiPoint"",""coordinates"":[]}"
1_1_1_1_1_1_1_1_1_2_20161012T034702_20161012T091659_T46NHM,0.4368353512890305,2016-10-12,"{""type"":""MultiPoint"",""coordinates"":[]}"
1_1_1_1_1_1_1_1_1_2_20161101T034912_20161101T040626_T46NGM,0.45670821884516016,2016-11-01,"{""type"":""MultiPoint"",""coordinates"":[]}"
1_1_1_1_1_1_1_1_1_2_20161101T034912_20161101T104624_T46NGM,0.45670821884516016,2016-11-01,"{""type"":""MultiPoint"",""coordinates"":[]}"
1_1_1_1_1_1_1_1_2_20170209T034911_20170209T035553_T46NGL,0.24270661664030438,2017-02-09,"{""type"":""MultiPoint"",""coordinates"":[]}"
1_1_1_1_1_1_1_1_2_20170209T034911_20170209T035553_T46NGM,0.48414021266563,2017-02-09,"{""type"":""MultiPoint"",""coordinates"":[]}"
1_1_1_1_1_1_1_1_2_20170209T034911_20170209T035553_T46NHM,0.34438945058504006,2017-02-09,"{""type"":""MultiPoint"",""coordinates"":[]}"
1_1_1_1_1_1_1_1_2_20170209T034911_20170209T040642_T46NGL,0.47553665174486726,2017-02-09,"{""type"":""MultiPoint"",""coordinates"":[]}"
1_1_1_1_1_1_1_1_2_20170209T034911_20170209T040642_T46NHL,0.364364733094617,2017-02-09,"{""type"":""MultiPoint"",""coordinates"":[]}"
1_1_1_1_1_1_1_1_2_20170212T035851_20170212T041300_T46NGL,0.21377455656772829,2017-02-12,"{""type"":""MultiPoint"",""coordinates"":[]}"
1_1_1_1_1_1_1_1_2_20170314T035531_20170314T041026_T46NGL,0.6814688386035929,2017-03-14,"{""type"":""MultiPoint"",""coordinates"":[]}"
1_1_1_1_1_1_1_1_2_20170314T035531_20170314T041026_T46NGM,0.5723637950860566,2017-03-14,"{""type"":""MultiPoint"",""coordinates"":[]}"
1_1_1_1_1_1_1_1_2_20170403T035531_20170403T041216_T46NGL,0.5913507479281053,2017-04-03,"{""type"":""MultiPoint"",""coordinates"":[]}"
1_1_1_1_1_1_1_1_2_20170423T035541_20170423T041029_T46NGL,0.3208950649247796,2017-04-23,"{""type"":""MultiPoint"",""coordinates"":[]}"
1_1_1_1_1_1_1_1_2_20170619T034531_20170619T040640_T46NGL,0.6411468247159092,2017-06-19,"{""type"":""MultiPoint"",""coordinates"":[]}"
1_1_1_1_1_1_1_1_2_20170619T034531_20170619T040640_T46NGM,,2017-06-19,"{""type"":""MultiPoint"",""coordinates"":[]}"
1_1_1_1_1_1_1_1_2_20170619T034531_20170619T040640_T46NHL,0.6313039338704645,2017-06-19,"{""type"":""MultiPoint"",""coordinates"":[]}"
1_1_1_1_1_1_1_1_2_20170702T035541_20170702T041623_T46NGM,0.486106498477366,2017-07-02,"{""type"":""MultiPoint"",""coordinates"":[]}"
1_1_1_1_1_1_1_1_2_20170709T034531_20170709T035631_T46NGM,0.5251767024944792,2017-07-09,"{""type"":""MultiPoint"",""coordinates"":[]}"
1_1_1_1_1_1_1_1_2_20170709T034531_20170709T035631_T46NHL,0.3543104379920745,2017-07-09,"{""type"":""MultiPoint"",""coordinates"":[]}"
1_1_1_1_1_1_1_1_2_20170709T034531_20170709T035631_T46NHM,0.5691328047272887,2017-07-09,"{""type"":""MultiPoint"",""coordinates"":[]}"
1_1_1_1_1_1_1_1_2_20170724T034539_20170724T035631_T46NGL,0.6712778271348323,2017-07-24,"{""type"":""MultiPoint"",""coordinates"":[]}"
1_1_1_1_1_1_1_1_2_20170724T034539_20170724T035631_T46NGM,0.5916466183677089,2017-07-24,"{""type"":""MultiPoint"",""coordinates"":[]}"
1_1_1_1_1_1_1_1_2_20170724T034539_20170724T035631_T46NHL,0.7390853715331638,2017-07-24,"{""type"":""MultiPoint"",""coordinates"":[]}"
1_1_1_1_1_1_1_1_2_20170724T034539_20170724T035631_T46NHM,0.6656609360406109,2017-07-24,"{""type"":""MultiPoint"",""coordinates"":[]}"
1_1_1_1_1_1_1_1_2_20171005T035609_20171005T041105_T46NGL,0.4856157170186001,2017-10-05,"{""type"":""MultiPoint"",""coordinates"":[]}"
1_1_1_1_1_1_1_1_2_20171005T035609_20171005T041105_T46NGM,0.46638454875251106,2017-10-05,"{""type"":""MultiPoint"",""coordinates"":[]}"
1_1_1_1_1_1_1_1_2_20171012T034649_20171012T035743_T46NGM,0.5003483771306431,2017-10-12,"{""type"":""MultiPoint"",""coordinates"":[]}"
1_1_1_1_1_1_1_1_2_20171012T034649_20171012T035743_T46NHM,0.7010051214589008,2017-10-12,"{""type"":""MultiPoint"",""coordinates"":[]}"
1_1_1_1_1_1_1_1_2_20171017T034731_20171017T040104_T46NGL,0.6865498121004769,2017-10-17,"{""type"":""MultiPoint"",""coordinates"":[]}"
1_1_1_1_1_1_1_1_2_20171017T034731_20171017T040104_T46NGM,0.6217893364683078,2017-10-17,"{""type"":""MultiPoint"",""coordinates"":[]}"
1_1_1_1_1_1_1_1_2_20171017T034731_20171017T040104_T46NHL,0.7370021571711044,2017-10-17,"{""type"":""MultiPoint"",""coordinates"":[]}"
1_1_1_1_1_1_1_1_2_20171020T035801_20171020T040930_T46NGL,0.7114291794015046,2017-10-20,"{""type"":""MultiPoint"",""coordinates"":[]}"
1_1_1_1_1_1_1_1_2_20171020T035801_20171020T040930_T46NGM,0.5857480138839299,2017-10-20,"{""type"":""MultiPoint"",""coordinates"":[]}"
1_1_1_1_1_1_1_1_2_20171216T035141_20171216T035747_T46NGL,0.47934127278598765,2017-12-16,"{""type"":""MultiPoint"",""coordinates"":[]}"
1_1_1_1_1_1_1_1_2_20171216T035141_20171216T035747_T46NGM,0.4009967194281374,2017-12-16,"{""type"":""MultiPoint"",""coordinates"":[]}"
1_1_1_1_1_1_1_1_2_20171216T035141_20171216T035747_T46NHL,0.4181297641738373,2017-12-16,"{""type"":""MultiPoint"",""coordinates"":[]}"
1_1_1_1_1_1_1_1_2_20171216T035141_20171216T035747_T46NHM,0.4710561343460839,2017-12-16,"{""type"":""MultiPoint"",""coordinates"":[]}"
1_1_1_1_1_1_1_1_2_20171219T040151_20171219T040906_T46NGL,0.006828457593793846,2017-12-19,"{""type"":""MultiPoint"",""coordinates"":[]}"
1_1_1_1_1_1_1_2_20180113T040119_20180113T040832_T46NGL,0.4019042852679992,2018-01-13,"{""type"":""MultiPoint"",""coordinates"":[]}"
1_1_1_1_1_1_1_2_20180125T035031_20180125T040023_T46NHM,0.17924653953183692,2018-01-25,"{""type"":""MultiPoint"",""coordinates"":[]}"
1_1_1_1_1_1_1_2_20180130T034959_20180130T035717_T46NGL,0.3862842225695896,2018-01-30,"{""type"":""MultiPoint"",""coordinates"":[]}"
1_1_1_1_1_1_1_2_20180130T034959_20180130T035717_T46NGM,0.3753814129140267,2018-01-30,"{""type"":""MultiPoint"",""coordinates"":[]}"
1_1_1_1_1_1_1_2_20180130T034959_20180130T035717_T46NHM,0.4905023765380076,2018-01-30,"{""type"":""MultiPoint"",""coordinates"":[]}"
1_1_1_1_1_1_1_2_20180202T035949_20180202T041629_T46NGL,0.41352621658604594,2018-02-02,"{""type"":""MultiPoint"",""coordinates"":[]}"
1_1_1_1_1_1_1_2_20180202T035949_20180202T041629_T46NGM,0.549976853978433,2018-02-02,"{""type"":""MultiPoint"",""coordinates"":[]}"
1_1_1_1_1_1_1_2_20180209T034909_20180209T040520_T46NGM,0.3731777657997604,2018-02-09,"{""type"":""MultiPoint"",""coordinates"":[]}"
1_1_1_1_1_1_1_2_20180209T034909_20180209T040520_T46NHM,0.4754158435752248,2018-02-09,"{""type"":""MultiPoint"",""coordinates"":[]}"
1_1_1_1_1_1_1_2_20180212T035849_20180212T041426_T46NGL,0.6633975295027303,2018-02-12,"{""type"":""MultiPoint"",""coordinates"":[]}"
1_1_1_1_1_1_1_2_20180212T035849_20180212T041426_T46NGM,0.5964273826909221,2018-02-12,"{""type"":""MultiPoint"",""coordinates"":[]}"
1_1_1_1_1_1_1_2_20180214T034841_20180214T040242_T46NGL,0.5656487253287507,2018-02-14,"{""type"":""MultiPoint"",""coordinates"":[]}"
1_1_1_1_1_1_1_2_20180214T034841_20180214T040242_T46NHL,0.5822693498624161,2018-02-14,"{""type"":""MultiPoint"",""coordinates"":[]}"
1_1_1_1_1_1_1_2_20180217T035821_20180217T041438_T46NGL,0.594494729677012,2018-02-17,"{""type"":""MultiPoint"",""coordinates"":[]}"
1_1_1_1_1_1_1_2_20180217T035821_20180217T041438_T46NGM,0.45671069915866014,2018-02-17,"{""type"":""MultiPoint"",""coordinates"":[]}"
1_1_1_1_1_1_1_2_20180219T034759_20180219T040506_T46NGL,0.39756262676400883,2018-02-19,"{""type"":""MultiPoint"",""coordinates"":[]}"
1_1_1_1_1_1_1_2_20180219T034759_20180219T040506_T46NGM,0.34523141363381316,2018-02-19,"{""type"":""MultiPoint"",""coordinates"":[]}"
1_1_1_1_1_1_1_2_20180219T034759_20180219T040506_T46NHM,0.37650377190743683,2018-02-19,"{""type"":""MultiPoint"",""coordinates"":[]}"
1_1_1_1_1_1_1_2_20180309T035601_20180309T041201_T46NGM,0.32342756752596463,2018-03-09,"{""type"":""MultiPoint"",""coordinates"":[]}"
1_1_1_1_1_1_1_2_20180311T034539_20180311T035740_T46NGL,0.39966762237892434,2018-03-11,"{""type"":""MultiPoint"",""coordinates"":[]}"
1_1_1_1_1_1_1_2_20180311T034539_20180311T035740_T46NHM,0.30011710932285823,2018-03-11,"{""type"":""MultiPoint"",""coordinates"":[]}"
1_1_1_1_1_1_1_2_20180314T035529_20180314T040715_T46NGL,0.6800918097495403,2018-03-14,"{""type"":""MultiPoint"",""coordinates"":[]}"
1_1_1_1_1_1_1_2_20180314T035529_20180314T040715_T46NGM,0.5845051972816095,2018-03-14,"{""type"":""MultiPoint"",""coordinates"":[]}"
1_1_1_1_1_1_1_2_20180314T035529_20180314T041638_T46NGL,0.6519989275825714,2018-03-14,"{""type"":""MultiPoint"",""coordinates"":[]}"
1_1_1_1_1_1_1_2_20180314T035529_20180314T041638_T46NGM,0.5845051972816095,2018-03-14,"{""type"":""MultiPoint"",""coordinates"":[]}"
1_1_1_1_1_1_1_2_20180319T035531_20180319T040557_T46NGM,0.38567526618456494,2018-03-19,"{""type"":""MultiPoint"",""coordinates"":[]}"
1_1_1_1_1_1_1_2_20180321T034529_20180321T040215_T46NGL,0.5311540565086308,2018-03-21,"{""type"":""MultiPoint"",""coordinates"":[]}"
1_1_1_1_1_1_1_2_20180403T035539_20180403T040821_T46NGL,0.4631553174062931,2018-04-03,"{""type"":""MultiPoint"",""coordinates"":[]}"
1_1_1_1_1_1_1_2_20180413T035539_20180413T041448_T46NGM,0.2015999326453583,2018-04-13,"{""type"":""MultiPoint"",""coordinates"":[]}"
1_1_1_1_1_1_1_2_20180428T035541_20180428T035843_T46NGL,0.6519992848613867,2018-04-28,"{""type"":""MultiPoint"",""coordinates"":[]}"
1_1_1_1_1_1_1_2_20180428T035541_20180428T035843_T46NGM,0.5757259648386639,2018-04-28,"{""type"":""MultiPoint"",""coordinates"":[]}"
1_1_1_1_1_1_1_2_20180510T034539_20180510T040549_T46NHM,0.4702106279140287,2018-05-10,"{""type"":""MultiPoint"",""coordinates"":[]}"
1_1_1_1_1_1_1_2_20180513T035539_20180513T041015_T46NGL,0.37872455885086337,2018-05-13,"{""type"":""MultiPoint"",""coordinates"":[]}"
1_1_1_1_1_1_1_2_20180513T035539_20180513T041015_T46NGM,0.4091866475192415,2018-05-13,"{""type"":""MultiPoint"",""coordinates"":[]}"
1_1_1_1_1_1_1_2_20180515T034541_20180515T034939_T46NGM,0.4205675360741518,2018-05-15,"{""type"":""MultiPoint"",""coordinates"":[]}"
1_1_1_1_1_1_1_2_20180515T034541_20180515T034939_T46NHM,0.5366565923446709,2018-05-15,"{""type"":""MultiPoint"",""coordinates"":[]}"
1_1_1_1_1_1_1_2_20180525T034541_20180525T040613_T46NHM,0.6853981447212961,2018-05-25,"{""type"":""MultiPoint"",""coordinates"":[]}"
1_1_1_1_1_1_1_2_20180602T035709_20180602T041116_T46NGM,0.4894316477977943,2018-06-02,"{""type"":""MultiPoint"",""coordinates"":[]}"
1_1_1_1_1_1_1_2_20180612T035539_20180612T041553_T46NGL,0.6942710336721057,2018-06-12,"{""type"":""MultiPoint"",""coordinates"":[]}"
1_1_1_1_1_1_1_2_20180612T035539_20180612T041553_T46NGM,0.5855061340105078,2018-06-12,"{""type"":""MultiPoint"",""coordinates"":[]}"
1_1_1_1_1_1_1_2_20180614T034531_20180614T035000_T46NGM,0.5811641868458075,2018-06-14,"{""type"":""MultiPoint"",""coordinates"":[]}"
1_1_1_1_1_1_1_2_20180622T035539_20180622T041638_T46NGL,0.6125182812282013,2018-06-22,"{""type"":""MultiPoint"",""coordinates"":[]}"
1_1_1_1_1_1_1_2_20180622T035539_20180622T041638_T46NGM,0.5538230253387703,2018-06-22,"{""type"":""MultiPoint"",""coordinates"":[]}"
1_1_1_1_1_1_1_2_20180624T034531_20180624T040648_T46NGM,0.2498375228030173,2018-06-24,"{""type"":""MultiPoint"",""coordinates"":[]}"
1_1_1_1_1_1_1_2_20180704T034541_20180704T040055_T46NGL,0.6603651010266457,2018-07-04,"{""type"":""MultiPoint"",""coordinates"":[]}"
1_1_1_1_1_1_1_2_20180704T034541_20180704T040055_T46NHL,0.7297610537660152,2018-07-04,"{""type"":""MultiPoint"",""coordinates"":[]}"
1_1_1_1_1_1_1_2_20180712T035539_20180712T041232_T46NGL,0.4425332311768511,2018-07-12,"{""type"":""MultiPoint"",""coordinates"":[]}"
1_1_1_1_1_1_1_2_20180719T034529_20180719T040418_T46NGM,0.48170849170295643,2018-07-19,"{""type"":""MultiPoint"",""coordinates"":[]}"
1_1_1_1_1_1_1_2_20180724T034541_20180724T035939_T46NGM,0.562584952097915,2018-07-24,"{""type"":""MultiPoint"",""coordinates"":[]}"
1_1_1_1_1_1_1_2_20180803T034541_20180803T035751_T46NGL,0.6057916263633355,2018-08-03,"{""type"":""MultiPoint"",""coordinates"":[]}"
1_1_1_1_1_1_1_2_20180803T034541_20180803T035751_T46NGM,0.5078302959365258,2018-08-03,"{""type"":""MultiPoint"",""coordinates"":[]}"
1_1_1_1_1_1_1_2_20180803T034541_20180803T035751_T46NHM,0.6066334259902638,2018-08-03,"{""type"":""MultiPoint"",""coordinates"":[]}"
1_1_1_1_1_1_1_2_20180912T034531_20180912T034835_T46NGL,0.5140140446012282,2018-09-12,"{""type"":""MultiPoint"",""coordinates"":[]}"
1_1_1_1_1_1_1_2_20180912T034531_20180912T034835_T46NGM,0.48609282559659556,2018-09-12,"{""type"":""MultiPoint"",""coordinates"":[]}"
1_1_1_1_1_1_1_2_20180920T035529_20180920T041248_T46NGL,0.608921720585479,2018-09-20,"{""type"":""MultiPoint"",""coordinates"":[]}"
1_1_1_1_1_1_1_2_20180927T034529_20180927T040149_T46NGL,0.5776311783277293,2018-09-27,"{""type"":""MultiPoint"",""coordinates"":[]}"
1_1_1_1_1_1_1_2_20180927T034529_20180927T040149_T46NHL,0.621514438202241,2018-09-27,"{""type"":""MultiPoint"",""coordinates"":[]}"
1_1_1_1_1_1_1_2_20181020T035759_20181020T041531_T46NGL,0.515241672186338,2018-10-20,"{""type"":""MultiPoint"",""coordinates"":[]}"
1_1_1_1_1_1_1_2_20181020T035759_20181020T041531_T46NGM,0.5212527631001206,2018-10-20,"{""type"":""MultiPoint"",""coordinates"":[]}"
1_1_1_1_1_1_1_2_20181022T034801_20181022T040326_T46NGL,0.5837034466570084,2018-10-22,"{""type"":""MultiPoint"",""coordinates"":[]}"
1_1_1_1_1_1_1_2_20181022T034801_20181022T040326_T46NGM,0.47892735204576703,2018-10-22,"{""type"":""MultiPoint"",""coordinates"":[]}"
1_1_1_1_1_1_1_2_20181022T034801_20181022T040326_T46NHL,0.6781251666176508,2018-10-22,"{""type"":""MultiPoint"",""coordinates"":[]}"
1_1_1_1_1_1_1_2_20181027T034839_20181027T040557_T46NGM,0.4996240023491729,2018-10-27,"{""type"":""MultiPoint"",""coordinates"":[]}"
1_1_1_1_1_1_1_2_20181030T035859_20181030T041503_T46NGL,0.1984373767363722,2018-10-30,"{""type"":""MultiPoint"",""coordinates"":[]}"
1_1_1_1_1_1_1_2_20181030T035859_20181030T041503_T46NGM,0.26563513795829585,2018-10-30,"{""type"":""MultiPoint"",""coordinates"":[]}"
1_1_1_1_1_1_1_2_20181129T040119_20181129T041329_T46NGL,0.3510554454822252,2018-11-29,"{""type"":""MultiPoint"",""coordinates"":[]}"
1_1_1_1_1_1_1_2_20181209T040139_20181209T041359_T46NGL,0.46732434831003833,2018-12-09,"{""type"":""MultiPoint"",""coordinates"":[]}"
1_1_1_1_1_1_1_2_20181209T040139_20181209T041359_T46NGM,0.4583345558733799,2018-12-09,"{""type"":""MultiPoint"",""coordinates"":[]}"
1_1_1_1_1_1_1_2_20181221T035141_20181221T035144_T46NGL,0.5534970228975303,2018-12-21,"{""type"":""MultiPoint"",""coordinates"":[]}"
1_1_1_1_1_1_1_2_20181221T035141_20181221T035144_T46NHL,0.5347046725885651,2018-12-21,"{""type"":""MultiPoint"",""coordinates"":[]}"
1_1_1_1_1_1_1_2_20181221T035141_20181221T035144_T46NHM,0.5035320904944086,2018-12-21,"{""type"":""MultiPoint"",""coordinates"":[]}"
1_1_1_1_1_1_1_2_20181229T040149_20181229T041305_T46NGM,0.361765029371032,2018-12-29,"{""type"":""MultiPoint"",""coordinates"":[]}"
1_1_1_1_1_1_2_20190105T035139_20190105T040246_T46NGL,0.6635960985819359,2019-01-05,"{""type"":""MultiPoint"",""coordinates"":[]}"
1_1_1_1_1_1_2_20190105T035139_20190105T040246_T46NGM,0.6114840295720184,2019-01-05,"{""type"":""MultiPoint"",""coordinates"":[]}"
1_1_1_1_1_1_2_20190105T035139_20190105T040246_T46NHL,0.7105506077898979,2019-01-05,"{""type"":""MultiPoint"",""coordinates"":[]}"
1_1_1_1_1_1_2_20190105T035139_20190105T040246_T46NHM,0.703682499425586,2019-01-05,"{""type"":""MultiPoint"",""coordinates"":[]}"
1_1_1_1_1_1_2_20190113T040121_20190113T040442_T46NGL,0.653511970850597,2019-01-13,"{""type"":""MultiPoint"",""coordinates"":[]}"
1_1_1_1_1_1_2_20190113T040121_20190113T040442_T46NGM,0.5542463011118881,2019-01-13,"{""type"":""MultiPoint"",""coordinates"":[]}"
1_1_1_1_1_1_2_20190115T035119_20190115T040213_T46NGM,0.45453914675058804,2019-01-15,"{""type"":""MultiPoint"",""coordinates"":[]}"
1_1_1_1_1_1_2_20190115T035119_20190115T040213_T46NHM,0.49931957162405227,2019-01-15,"{""type"":""MultiPoint"",""coordinates"":[]}"
1_1_1_1_1_1_2_20190123T040041_20190123T040424_T46NGL,0.6600231434966475,2019-01-23,"{""type"":""MultiPoint"",""coordinates"":[]}"
1_1_1_1_1_1_2_20190123T040041_20190123T040424_T46NGM,0.5900699307024447,2019-01-23,"{""type"":""MultiPoint"",""coordinates"":[]}"
1_1_1_1_1_1_2_20190125T035039_20190125T040100_T46NGL,0.43649276010489807,2019-01-25,"{""type"":""MultiPoint"",""coordinates"":[]}"
1_1_1_1_1_1_2_20190125T035039_20190125T040100_T46NGM,0.3331610313105311,2019-01-25,"{""type"":""MultiPoint"",""coordinates"":[]}"
1_1_1_1_1_1_2_20190125T035039_20190125T040100_T46NHM,0.12949995924430863,2019-01-25,"{""type"":""MultiPoint"",""coordinates"":[]}"
1_1_1_1_1_1_2_20190130T035011_20190130T035120_T46NGL,0.3700833750555184,2019-01-30,"{""type"":""MultiPoint"",""coordinates"":[]}"
1_1_1_1_1_1_2_20190207T035929_20190207T040937_T46NGL,0.6249982062512309,2019-02-07,"{""type"":""MultiPoint"",""coordinates"":[]}"
1_1_1_1_1_1_2_20190207T035929_20190207T040937_T46NGM,0.6076036086893858,2019-02-07,"{""type"":""MultiPoint"",""coordinates"":[]}"
1_1_1_1_1_1_2_20190209T034911_20190209T035523_T46NGL,0.4950795182566639,2019-02-09,"{""type"":""MultiPoint"",""coordinates"":[]}"
1_1_1_1_1_1_2_20190209T034911_20190209T035523_T46NGM,0.583138133897025,2019-02-09,"{""type"":""MultiPoint"",""coordinates"":[]}"
1_1_1_1_1_1_2_20190209T034911_20190209T035523_T46NHL,0.5366492842979299,2019-02-09,"{""type"":""MultiPoint"",""coordinates"":[]}"
1_1_1_1_1_1_2_20190209T034911_20190209T035523_T46NHM,0.6792633789635971,2019-02-09,"{""type"":""MultiPoint"",""coordinates"":[]}"
1_1_1_1_1_1_2_20190212T035901_20190212T040026_T46NGL,0.6576625676365825,2019-02-12,"{""type"":""MultiPoint"",""coordinates"":[]}"
1_1_1_1_1_1_2_20190212T035901_20190212T040026_T46NGM,0.6337193323153694,2019-02-12,"{""type"":""MultiPoint"",""coordinates"":[]}"
1_1_1_1_1_1_2_20190214T034849_20190214T035821_T46NGL,0.5062493151022408,2019-02-14,"{""type"":""MultiPoint"",""coordinates"":[]}"
1_1_1_1_1_1_2_20190214T034849_20190214T035821_T46NGM,0.43600197394434886,2019-02-14,"{""type"":""MultiPoint"",""coordinates"":[]}"
1_1_1_1_1_1_2_20190214T034849_20190214T035821_T46NHL,0.40997260761689597,2019-02-14,"{""type"":""MultiPoint"",""coordinates"":[]}"
1_1_1_1_1_1_2_20190214T034849_20190214T035821_T46NHM,0.3760882115991429,2019-02-14,"{""type"":""MultiPoint"",""coordinates"":[]}"
1_1_1_1_1_1_2_20190219T034811_20190219T034942_T46NGL,0.517869543181175,2019-02-19,"{""type"":""MultiPoint"",""coordinates"":[]}"
1_1_1_1_1_1_2_20190219T034811_20190219T034942_T46NGM,0.4901962412205527,2019-02-19,"{""type"":""MultiPoint"",""coordinates"":[]}"
1_1_1_1_1_1_2_20190219T034811_20190219T034942_T46NHL,0.5352849472871641,2019-02-19,"{""type"":""MultiPoint"",""coordinates"":[]}"
1_1_1_1_1_1_2_20190219T034811_20190219T034942_T46NHM,0.5697855045507523,2019-02-19,"{""type"":""MultiPoint"",""coordinates"":[]}"
1_1_1_1_1_1_2_20190222T035751_20190222T041519_T46NGL,0.5350030027335243,2019-02-22,"{""type"":""MultiPoint"",""coordinates"":[]}"
1_1_1_1_1_1_2_20190222T035751_20190222T041519_T46NGM,0.48070993495308995,2019-02-22,"{""type"":""MultiPoint"",""coordinates"":[]}"
1_1_1_1_1_1_2_20190227T035719_20190227T041338_T46NGL,0.23632766314381226,2019-02-27,"{""type"":""MultiPoint"",""coordinates"":[]}"
1_1_1_1_1_1_2_20190227T035719_20190227T041338_T46NGM,0.3517540470299619,2019-02-27,"{""type"":""MultiPoint"",""coordinates"":[]}"
1_1_1_1_1_1_2_20190304T035641_20190304T040110_T46NGM,0.4780161473537281,2019-03-04,"{""type"":""MultiPoint"",""coordinates"":[]}"
1_1_1_1_1_1_2_20190309T035609_20190309T041252_T46NGL,0.3992616506385086,2019-03-09,"{""type"":""MultiPoint"",""coordinates"":[]}"
1_1_1_1_1_1_2_20190311T034541_20190311T035011_T46NGM,0.4996850222567654,2019-03-11,"{""type"":""MultiPoint"",""coordinates"":[]}"
1_1_1_1_1_1_2_20190311T034541_20190311T035011_T46NHM,0.6248521122583336,2019-03-11,"{""type"":""MultiPoint"",""coordinates"":[]}"
1_1_1_1_1_1_2_20190316T034529_20190316T040428_T46NGL,0.4357373300140277,2019-03-16,"{""type"":""MultiPoint"",""coordinates"":[]}"
1_1_1_1_1_1_2_20190324T035541_20190324T040928_T46NGM,0.3742352468750281,2019-03-24,"{""type"":""MultiPoint"",""coordinates"":[]}"
1_1_1_1_1_1_2_20190326T034539_20190326T040312_T46NGL,0.5858178866396041,2019-03-26,"{""type"":""MultiPoint"",""coordinates"":[]}"
1_1_1_1_1_1_2_20190326T034539_20190326T040312_T46NHL,0.6543027274816672,2019-03-26,"{""type"":""MultiPoint"",""coordinates"":[]}"
1_1_1_1_1_1_2_20190331T034531_20190331T040123_T46NGL,0.5535956932997417,2019-03-31,"{""type"":""MultiPoint"",""coordinates"":[]}"
1_1_1_1_1_1_2_20190331T034531_20190331T040123_T46NGM,0.525079922694666,2019-03-31,"{""type"":""MultiPoint"",""coordinates"":[]}"
1_1_1_1_1_1_2_20190403T035711_20190403T041225_T46NGL,0.3738642406992394,2019-04-03,"{""type"":""MultiPoint"",""coordinates"":[]}"
1_1_1_1_1_1_2_20190403T035711_20190403T041225_T46NGM,0.4670144398172322,2019-04-03,"{""type"":""MultiPoint"",""coordinates"":[]}"
1_1_1_1_1_1_2_20190405T034539_20190405T040539_T46NGL,0.6624754799147737,2019-04-05,"{""type"":""MultiPoint"",""coordinates"":[]}"
1_1_1_1_1_1_2_20190405T034539_20190405T040539_T46NGM,0.556654960963589,2019-04-05,"{""type"":""MultiPoint"",""coordinates"":[]}"
1_1_1_1_1_1_2_20190408T035539_20190408T041451_T46NGL,0.46319367178623344,2019-04-08,"{""type"":""MultiPoint"",""coordinates"":[]}"
1_1_1_1_1_1_2_20190408T035539_20190408T041451_T46NGM,0.46021395248925634,2019-04-08,"{""type"":""MultiPoint"",""coordinates"":[]}"
1_1_1_1_1_1_2_20190418T035539_20190418T041612_T46NGM,0.34486918824475665,2019-04-18,"{""type"":""MultiPoint"",""coordinates"":[]}"
1_1_1_1_1_1_2_20190503T035541_20190503T041632_T46NGL,0.633539547303845,2019-05-03,"{""type"":""MultiPoint"",""coordinates"":[]}"
1_1_1_1_1_1_2_20190503T035541_20190503T041632_T46NGM,0.5328801468366702,2019-05-03,"{""type"":""MultiPoint"",""coordinates"":[]}"
1_1_1_1_1_1_2_20190513T035541_20190513T040938_T46NGL,0.4549898984840116,2019-05-13,"{""type"":""MultiPoint"",""coordinates"":[]}"
1_1_1_1_1_1_2_20190513T035541_20190513T040938_T46NGM,0.45908091036445037,2019-05-13,"{""type"":""MultiPoint"",""coordinates"":[]}"
1_1_1_1_1_1_2_20190518T035549_20190518T041619_T46NGL,0.4552983920458455,2019-05-18,"{""type"":""MultiPoint"",""coordinates"":[]}"
1_1_1_1_1_1_2_20190518T035549_20190518T041619_T46NGM,0.4140408400164348,2019-05-18,"{""type"":""MultiPoint"",""coordinates"":[]}"
1_1_1_1_1_1_2_20190520T034541_20190520T040004_T46NGL,0.5704744630484856,2019-05-20,"{""type"":""MultiPoint"",""coordinates"":[]}"
1_1_1_1_1_1_2_20190520T034541_20190520T040004_T46NGM,0.533907577099151,2019-05-20,"{""type"":""MultiPoint"",""coordinates"":[]}"
1_1_1_1_1_1_2_20190612T035541_20190612T041024_T46NGL,0.5392346031399321,2019-06-12,"{""type"":""MultiPoint"",""coordinates"":[]}"
1_1_1_1_1_1_2_20190614T034539_20190614T040608_T46NGL,0.6769533524977908,2019-06-14,"{""type"":""MultiPoint"",""coordinates"":[]}"
1_1_1_1_1_1_2_20190614T034539_20190614T040608_T46NGM,0.6349717186024422,2019-06-14,"{""type"":""MultiPoint"",""coordinates"":[]}"
1_1_1_1_1_1_2_20190614T034539_20190614T040608_T46NHL,0.6541995488320029,2019-06-14,"{""type"":""MultiPoint"",""coordinates"":[]}"
1_1_1_1_1_1_2_20190614T034539_20190614T040608_T46NHM,0.7138376965583997,2019-06-14,"{""type"":""MultiPoint"",""coordinates"":[]}"
1_1_1_1_1_1_2_20190619T034541_20190619T035128_T46NGL,0.5384723351810663,2019-06-19,"{""type"":""MultiPoint"",""coordinates"":[]}"
1_1_1_1_1_1_2_20190619T034541_20190619T035128_T46NHL,0.5217229428580599,2019-06-19,"{""type"":""MultiPoint"",""coordinates"":[]}"
1_1_1_1_1_1_2_20190619T034541_20190619T035128_T46NHM,0.4844902523505999,2019-06-19,"{""type"":""MultiPoint"",""coordinates"":[]}"
1_1_1_1_1_1_2_20190627T035549_20190627T041022_T46NGL,0.6718307236338463,2019-06-27,"{""type"":""MultiPoint"",""coordinates"":[]}"
1_1_1_1_1_1_2_20190707T035549_20190707T041546_T46NGL,0.6906039079127032,2019-07-07,"{""type"":""MultiPoint"",""coordinates"":[]}"
1_1_1_1_1_1_2_20190707T035549_20190707T041546_T46NGM,0.5693229199833464,2019-07-07,"{""type"":""MultiPoint"",""coordinates"":[]}"
1_1_1_1_1_1_2_20190722T035541_20190722T040013_T46NGL,0.6764431976476044,2019-07-22,"{""type"":""MultiPoint"",""coordinates"":[]}"
1_1_1_1_1_1_2_20190727T035549_20190727T040935_T46NGL,0.7046479853771586,2019-07-27,"{""type"":""MultiPoint"",""coordinates"":[]}"
1_1_1_1_1_1_2_20190727T035549_20190727T040935_T46NGM,0.5797574883429335,2019-07-27,"{""type"":""MultiPoint"",""coordinates"":[]}"
1_1_1_1_1_1_2_20190729T034541_20190729T040103_T46NGL,0.6950749541167477,2019-07-29,"{""type"":""MultiPoint"",""coordinates"":[]}"
1_1_1_1_1_1_2_20190729T034541_20190729T040103_T46NGM,0.5942648449829002,2019-07-29,"{""type"":""MultiPoint"",""coordinates"":[]}"
1_1_1_1_1_1_2_20190729T034541_20190729T040103_T46NHL,0.7472289053482947,2019-07-29,"{""type"":""MultiPoint"",""coordinates"":[]}"
1_1_1_1_1_1_2_20190729T034541_20190729T040103_T46NHM,0.6679409567791034,2019-07-29,"{""type"":""MultiPoint"",""coordinates"":[]}"
1_1_1_1_1_1_2_20190806T035549_20190806T041614_T46NGL,0.6840539660576894,2019-08-06,"{""type"":""MultiPoint"",""coordinates"":[]}"
1_1_1_1_1_1_2_20190806T035549_20190806T041614_T46NGM,0.573166042373735,2019-08-06,"{""type"":""MultiPoint"",""coordinates"":[]}"
1_1_1_1_1_1_2_20190818T034541_20190818T040314_T46NGL,0.6271570985169953,2019-08-18,"{""type"":""MultiPoint"",""coordinates"":[]}"
1_1_1_1_1_1_2_20190818T034541_20190818T040314_T46NGM,0.5574498196876884,2019-08-18,"{""type"":""MultiPoint"",""coordinates"":[]}"
1_1_1_1_1_1_2_20190818T034541_20190818T040314_T46NHL,0.5897439875631179,2019-08-18,"{""type"":""MultiPoint"",""coordinates"":[]}"
1_1_1_1_1_1_2_20190818T034541_20190818T040314_T46NHM,0.6117152995263001,2019-08-18,"{""type"":""MultiPoint"",""coordinates"":[]}"
1_1_1_1_1_1_2_20190831T035541_20190831T041629_T46NGL,0.6358434785290299,2019-08-31,"{""type"":""MultiPoint"",""coordinates"":[]}"
1_1_1_1_1_1_2_20190902T034539_20190902T040227_T46NGL,0.3637677570374665,2019-09-02,"{""type"":""MultiPoint"",""coordinates"":[]}"
1_1_1_1_1_1_2_20190902T034539_20190902T040227_T46NHL,0.29338071517242137,2019-09-02,"{""type"":""MultiPoint"",""coordinates"":[]}"
1_1_1_1_1_1_2_20190907T034531_20190907T040434_T46NGL,0.572815120928405,2019-09-07,"{""type"":""MultiPoint"",""coordinates"":[]}"
1_1_1_1_1_1_2_20190907T034531_20190907T040434_T46NGM,0.4163233278396841,2019-09-07,"{""type"":""MultiPoint"",""coordinates"":[]}"
1_1_1_1_1_1_2_20190907T034531_20190907T040434_T46NHM,0.5428480008887905,2019-09-07,"{""type"":""MultiPoint"",""coordinates"":[]}"
1_1_1_1_1_1_2_20190917T034531_20190917T040224_T46NGL,0.6400260285413747,2019-09-17,"{""type"":""MultiPoint"",""coordinates"":[]}"
1_1_1_1_1_1_2_20190917T034531_20190917T040224_T46NGM,0.5748462469393147,2019-09-17,"{""type"":""MultiPoint"",""coordinates"":[]}"
1_1_1_1_1_1_2_20191030T035901_20191030T040546_T46NGL,0.12727507958136686,2019-10-30,"{""type"":""MultiPoint"",""coordinates"":[]}"
1_1_1_1_1_1_2_20191101T034909_20191101T035843_T46NGM,0.47360063908894173,2019-11-01,"{""type"":""MultiPoint"",""coordinates"":[]}"
1_1_1_1_1_1_2_20191109T040001_20191109T040459_T46NGL,0.5788143476999552,2019-11-09,"{""type"":""MultiPoint"",""coordinates"":[]}"
1_1_1_1_1_1_2_20191111T034959_20191111T035943_T46NGL,0.45268508267180757,2019-11-11,"{""type"":""MultiPoint"",""coordinates"":[]}"
1_1_1_1_1_1_2_20191121T035039_20191121T040112_T46NGL,0.3964654222896218,2019-11-21,"{""type"":""MultiPoint"",""coordinates"":[]}"
1_1_1_1_1_1_2_20191126T035101_20191126T035753_T46NHM,0.28791213566421553,2019-11-26,"{""type"":""MultiPoint"",""coordinates"":[]}"
1_1_1_1_1_1_2_20191211T035139_20191211T040305_T46NGM,0.29634544234885013,2019-12-11,"{""type"":""MultiPoint"",""coordinates"":[]}"
1_1_1_1_1_1_2_20191214T040149_20191214T041420_T46NGL,0.22910116709115572,2019-12-14,"{""type"":""MultiPoint"",""coordinates"":[]}"
1_1_1_1_1_1_2_20191219T040151_20191219T040855_T46NGL,0.5776205013743467,2019-12-19,"{""type"":""MultiPoint"",""coordinates"":[]}"
1_1_1_1_1_1_2_20191224T040149_20191224T040824_T46NGL,0.6117077159279535,2019-12-24,"{""type"":""MultiPoint"",""coordinates"":[]}"
1_1_1_1_1_1_2_20191226T035151_20191226T035837_T46NGL,0.4455152867530174,2019-12-26,"{""type"":""MultiPoint"",""coordinates"":[]}"
1_1_1_1_1_1_2_20191226T035151_20191226T035837_T46NGM,0.3892481471181248,2019-12-26,"{""type"":""MultiPoint"",""coordinates"":[]}"
1_1_1_1_1_1_2_20191226T035151_20191226T035837_T46NHL,0.37543085160688955,2019-12-26,"{""type"":""MultiPoint"",""coordinates"":[]}"
1_1_1_1_1_1_2_20191226T035151_20191226T035837_T46NHM,0.3677134457724651,2019-12-26,"{""type"":""MultiPoint"",""coordinates"":[]}"
1_1_1_1_1_1_2_20191229T040151_20191229T040557_T46NGL,0.5002965272619224,2019-12-29,"{""type"":""MultiPoint"",""coordinates"":[]}"
1_1_1_1_1_1_2_20191229T040151_20191229T040557_T46NGM,0.49643591865365955,2019-12-29,"{""type"":""MultiPoint"",""coordinates"":[]}"
1_1_1_1_1_2_20200103T040149_20200103T041413_T46NGM,0.4467311136666814,2020-01-03,"{""type"":""MultiPoint"",""coordinates"":[]}"
1_1_1_1_1_2_20200105T035141_20200105T035826_T46NGL,0.4602646612782576,2020-01-05,"{""type"":""MultiPoint"",""coordinates"":[]}"
1_1_1_1_1_2_20200105T035141_20200105T035826_T46NGM,0.4351010582601001,2020-01-05,"{""type"":""MultiPoint"",""coordinates"":[]}"
1_1_1_1_1_2_20200105T035141_20200105T035826_T46NHL,0.3943118231607969,2020-01-05,"{""type"":""MultiPoint"",""coordinates"":[]}"
1_1_1_1_1_2_20200105T035141_20200105T035826_T46NHM,0.36229996359348215,2020-01-05,"{""type"":""MultiPoint"",""coordinates"":[]}"
1_1_1_1_1_2_20200108T040131_20200108T040823_T46NGL,0.5243616040900476,2020-01-08,"{""type"":""MultiPoint"",""coordinates"":[]}"
1_1_1_1_1_2_20200108T040131_20200108T040823_T46NGM,0.46858922874569714,2020-01-08,"{""type"":""MultiPoint"",""coordinates"":[]}"
1_1_1_1_1_2_20200113T040119_20200113T041329_T46NGL,0.39366429504161543,2020-01-13,"{""type"":""MultiPoint"",""coordinates"":[]}"
1_1_1_1_1_2_20200115T035111_20200115T035801_T46NGL,0.5480392105202372,2020-01-15,"{""type"":""MultiPoint"",""coordinates"":[]}"
1_1_1_1_1_2_20200115T035111_20200115T035801_T46NHL,0.6188800835912759,2020-01-15,"{""type"":""MultiPoint"",""coordinates"":[]}"
1_1_1_1_1_2_20200118T040101_20200118T040809_T46NGM,0.36563052523103157,2020-01-18,"{""type"":""MultiPoint"",""coordinates"":[]}"
1_1_1_1_1_2_20200120T035049_20200120T040137_T46NGM,0.3786987539187525,2020-01-20,"{""type"":""MultiPoint"",""coordinates"":[]}"
1_1_1_1_1_2_20200120T035049_20200120T040137_T46NHM,0.36942673401531445,2020-01-20,"{""type"":""MultiPoint"",""coordinates"":[]}"
1_1_1_1_1_2_20200123T040039_20200123T041500_T46NGM,0.48185288041865504,2020-01-23,"{""type"":""MultiPoint"",""coordinates"":[]}"
1_1_1_1_1_2_20200125T035031_20200125T035720_T46NHM,6.497938574273808E-4,2020-01-25,"{""type"":""MultiPoint"",""coordinates"":[]}"
1_1_1_1_1_2_20200204T034941_20200204T035614_T46NGM,0.4334535334852195,2020-02-04,"{""type"":""MultiPoint"",""coordinates"":[]}"
1_1_1_1_1_2_20200204T034941_20200204T035614_T46NHM,0.36022434064996467,2020-02-04,"{""type"":""MultiPoint"",""coordinates"":[]}"
1_1_1_1_1_2_20200209T034909_20200209T035816_T46NGM,0.3815979158474641,2020-02-09,"{""type"":""MultiPoint"",""coordinates"":[]}"
1_1_1_1_1_2_20200209T034909_20200209T035816_T46NHM,0.3006508876917562,2020-02-09,"{""type"":""MultiPoint"",""coordinates"":[]}"
1_1_1_1_1_2_20200214T034841_20200214T035327_T46NGL,0.4922417148857914,2020-02-14,"{""type"":""MultiPoint"",""coordinates"":[]}"
1_1_1_1_1_2_20200214T034841_20200214T035327_T46NHM,0.4661636469074694,2020-02-14,"{""type"":""MultiPoint"",""coordinates"":[]}"
1_1_1_1_1_2_20200217T035821_20200217T040431_T46NGL,0.22420287283299337,2020-02-17,"{""type"":""MultiPoint"",""coordinates"":[]}"
1_1_1_1_1_2_20200222T035759_20200222T040947_T46NGL,0.45082425369464496,2020-02-22,"{""type"":""MultiPoint"",""coordinates"":[]}"
1_1_1_1_1_2_20200222T035759_20200222T040947_T46NGM,0.41978193053740553,2020-02-22,"{""type"":""MultiPoint"",""coordinates"":[]}"
1_1_1_1_1_2_20200224T034731_20200224T035208_T46NGL,0.31159678826273707,2020-02-24,"{""type"":""MultiPoint"",""coordinates"":[]}"
1_1_1_1_1_2_20200224T034731_20200224T035208_T46NHM,0.19937742547625925,2020-02-24,"{""type"":""MultiPoint"",""coordinates"":[]}"
1_1_1_1_1_2_20200227T035721_20200227T040223_T46NGL,0.6274223392182698,2020-02-27,"{""type"":""MultiPoint"",""coordinates"":[]}"
1_1_1_1_1_2_20200227T035721_20200227T040223_T46NGM,0.496324676678389,2020-02-27,"{""type"":""MultiPoint"",""coordinates"":[]}"
1_1_1_1_1_2_20200229T034659_20200229T040415_T46NGM,0.4043049485971951,2020-02-29,"{""type"":""MultiPoint"",""coordinates"":[]}"
1_1_1_1_1_2_20200229T034659_20200229T040415_T46NHM,0.36837854412339466,2020-02-29,"{""type"":""MultiPoint"",""coordinates"":[]}"
1_1_1_1_1_2_20200303T035639_20200303T041325_T46NGL,0.527932922077164,2020-03-03,"{""type"":""MultiPoint"",""coordinates"":[]}"
1_1_1_1_1_2_20200308T035611_20200308T035808_T46NGM,0.3653257949648742,2020-03-08,"{""type"":""MultiPoint"",""coordinates"":[]}"
1_1_1_1_1_2_20200308T035611_20200308T041639_T46NGM,0.4545235578479755,2020-03-08,"{""type"":""MultiPoint"",""coordinates"":[]}"
1_1_1_1_1_2_20200313T035539_20200313T041213_T46NGL,0.532902006899637,2020-03-13,"{""type"":""MultiPoint"",""coordinates"":[]}"
1_1_1_1_1_2_20200313T035539_20200313T041213_T46NGM,0.4045105131201417,2020-03-13,"{""type"":""MultiPoint"",""coordinates"":[]}"
1_1_1_1_1_2_20200318T035531_20200318T040004_T46NGM,0.2784118182054397,2020-03-18,"{""type"":""MultiPoint"",""coordinates"":[]}"
1_1_1_1_1_2_20200323T035539_20200323T041532_T46NGL,0.6239394740969831,2020-03-23,"{""type"":""MultiPoint"",""coordinates"":[]}"
1_1_1_1_1_2_20200323T035539_20200323T041532_T46NGM,0.49162475388081983,2020-03-23,"{""type"":""MultiPoint"",""coordinates"":[]}"
1_1_1_1_1_2_20200325T034531_20200325T034958_T46NGM,0.33481039492992337,2020-03-25,"{""type"":""MultiPoint"",""coordinates"":[]}"
1_1_1_1_1_2_20200325T034531_20200325T034958_T46NHM,0.40247505295921054,2020-03-25,"{""type"":""MultiPoint"",""coordinates"":[]}"
1_1_1_1_1_2_20200409T034529_20200409T040445_T46NGM,0.39725563023950594,2020-04-09,"{""type"":""MultiPoint"",""coordinates"":[]}"
1_1_1_1_1_2_20200419T034529_20200419T040538_T46NGL,0.4748331793960706,2020-04-19,"{""type"":""MultiPoint"",""coordinates"":[]}"
1_1_1_1_1_2_20200419T034529_20200419T040538_T46NGM,0.4397742655327791,2020-04-19,"{""type"":""MultiPoint"",""coordinates"":[]}"
1_1_1_1_1_2_20200419T034529_20200419T040538_T46NHL,0.5358111928911655,2020-04-19,"{""type"":""MultiPoint"",""coordinates"":[]}"
1_1_1_1_1_2_20200427T035541_20200427T041631_T46NGL,0.23413003331529395,2020-04-27,"{""type"":""MultiPoint"",""coordinates"":[]}"
1_1_1_1_1_2_20200429T034529_20200429T040640_T46NGM,0.5283656753625805,2020-04-29,"{""type"":""MultiPoint"",""coordinates"":[]}"
1_1_1_1_1_2_20200429T034529_20200429T040640_T46NHM,0.6274887556715111,2020-04-29,"{""type"":""MultiPoint"",""coordinates"":[]}"
1_1_1_1_1_2_20200603T034541_20200603T040644_T46NGL,0.5392574641383858,2020-06-03,"{""type"":""MultiPoint"",""coordinates"":[]}"
1_1_1_1_1_2_20200603T034541_20200603T040644_T46NGM,0.4998525687914471,2020-06-03,"{""type"":""MultiPoint"",""coordinates"":[]}"
1_1_1_1_1_2_20200603T034541_20200603T040644_T46NHM,0.5114869811038112,2020-06-03,"{""type"":""MultiPoint"",""coordinates"":[]}"
1_1_1_1_1_2_20200608T034539_20200608T040603_T46NGL,0.6309363604433074,2020-06-08,"{""type"":""MultiPoint"",""coordinates"":[]}"
1_1_1_1_1_2_20200613T034541_20200613T034917_T46NGM,0.5056261146237265,2020-06-13,"{""type"":""MultiPoint"",""coordinates"":[]}"
1_1_1_1_1_2_20200613T034541_20200613T034917_T46NHL,0.5644323949536584,2020-06-13,"{""type"":""MultiPoint"",""coordinates"":[]}"
1_1_1_1_1_2_20200613T034541_20200613T034917_T46NHM,0.4749815101230957,2020-06-13,"{""type"":""MultiPoint"",""coordinates"":[]}"
1_1_1_1_1_2_20200716T035541_20200716T040012_T46NGL,0.5804196419800878,2020-07-16,"{""type"":""MultiPoint"",""coordinates"":[]}"
1_1_1_1_1_2_20200716T035541_20200716T040012_T46NGM,0.4786472653212499,2020-07-16,"{""type"":""MultiPoint"",""coordinates"":[]}"
1_1_1_1_1_2_20200807T034539_20200807T040039_T46NHL,0.5820009641840108,2020-08-07,"{""type"":""MultiPoint"",""coordinates"":[]}"
1_1_1_1_1_2_20200807T034539_20200807T040039_T46NHM,0.7162657981817785,2020-08-07,"{""type"":""MultiPoint"",""coordinates"":[]}"
1_1_1_1_1_2_20200817T034539_20200817T040040_T46NGL,0.6815514154048559,2020-08-17,"{""type"":""MultiPoint"",""coordinates"":[]}"
1_1_1_1_1_2_20200817T034539_20200817T040040_T46NGM,0.5923065701255137,2020-08-17,"{""type"":""MultiPoint"",""coordinates"":[]}"
1_1_1_1_1_2_20200817T034539_20200817T040040_T46NHL,0.6783028537933148,2020-08-17,"{""type"":""MultiPoint"",""coordinates"":[]}"
1_1_1_1_1_2_20200817T034539_20200817T040040_T46NHM,0.5517016455011925,2020-08-17,"{""type"":""MultiPoint"",""coordinates"":[]}"
1_1_1_1_1_2_20200820T035539_20200820T041118_T46NGL,0.5347316434152646,2020-08-20,"{""type"":""MultiPoint"",""coordinates"":[]}"
1_1_1_1_1_2_20200822T034541_20200822T040241_T46NGM,0.47145533278379276,2020-08-22,"{""type"":""MultiPoint"",""coordinates"":[]}"
1_1_1_1_1_2_20200825T035541_20200825T041319_T46NGM,0.4442035533554826,2020-08-25,"{""type"":""MultiPoint"",""coordinates"":[]}"
1_1_1_1_1_2_20201001T034551_20201001T040240_T46NGL,0.5187409504857977,2020-10-01,"{""type"":""MultiPoint"",""coordinates"":[]}"
1_1_1_1_1_2_20201105T034939_20201105T040226_T46NGL,0.39108993923768054,2020-11-05,"{""type"":""MultiPoint"",""coordinates"":[]}"
1_1_1_1_1_2_20201108T035959_20201108T041423_T46NGL,0.25684003573265646,2020-11-08,"{""type"":""MultiPoint"",""coordinates"":[]}"
1_1_1_1_1_2_20201125T035059_20201125T040647_T46NHM,0.5196192569898175,2020-11-25,"{""type"":""MultiPoint"",""coordinates"":[]}"
1_1_1_1_1_2_20201208T040139_20201208T041337_T46NGM,0.4174556215728807,2020-12-08,"{""type"":""MultiPoint"",""coordinates"":[]}"
1_1_1_1_1_2_20201223T040201_20201223T041215_T46NGL,0.7067903404935871,2020-12-23,"{""type"":""MultiPoint"",""coordinates"":[]}"
1_1_1_1_1_2_20201223T040201_20201223T041646_T46NGL,0.6890306418056026,2020-12-23,"{""type"":""MultiPoint"",""coordinates"":[]}"
1_1_1_1_1_2_20201223T040201_20201223T041646_T46NGM,0.7120664511494366,2020-12-23,"{""type"":""MultiPoint"",""coordinates"":[]}"
1_1_1_1_2_20210104T035139_20210104T040638_T46NGL,0.4726887574632855,2021-01-04,"{""type"":""MultiPoint"",""coordinates"":[]}"
1_1_1_1_2_20210114T035119_20210114T040548_T46NGL,0.3677651980776153,2021-01-14,"{""type"":""MultiPoint"",""coordinates"":[]}"
1_1_1_1_2_20210122T040051_20210122T041350_T46NGL,0.5050630334977771,2021-01-22,"{""type"":""MultiPoint"",""coordinates"":[]}"
1_1_1_1_2_20210122T040051_20210122T041350_T46NGM,0.44159725156653634,2021-01-22,"{""type"":""MultiPoint"",""coordinates"":[]}"
1_1_1_1_2_20210124T035039_20210124T040556_T46NGL,0.511784280469957,2021-01-24,"{""type"":""MultiPoint"",""coordinates"":[]}"
1_1_1_1_2_20210124T035039_20210124T040556_T46NHL,0.5183654277825457,2021-01-24,"{""type"":""MultiPoint"",""coordinates"":[]}"
1_1_1_1_2_20210208T034921_20210208T035557_T46NGM,0.47118700092059,2021-02-08,"{""type"":""MultiPoint"",""coordinates"":[]}"
1_1_1_1_2_20210208T034921_20210208T035557_T46NHM,0.397686654812722,2021-02-08,"{""type"":""MultiPoint"",""coordinates"":[]}"
1_1_1_1_2_20210213T034849_20210213T040051_T46NGL,0.5443100182598573,2021-02-13,"{""type"":""MultiPoint"",""coordinates"":[]}"
1_1_1_1_2_20210213T034849_20210213T040051_T46NGM,0.5598403896699661,2021-02-13,"{""type"":""MultiPoint"",""coordinates"":[]}"
1_1_1_1_2_20210213T034849_20210213T040051_T46NHL,0.5520652111366057,2021-02-13,"{""type"":""MultiPoint"",""coordinates"":[]}"
1_1_1_1_2_20210213T034849_20210213T040051_T46NHM,0.6806021599814424,2021-02-13,"{""type"":""MultiPoint"",""coordinates"":[]}"
1_1_1_1_2_20210218T034811_20210218T035431_T46NGM,0.5744046805878775,2021-02-18,"{""type"":""MultiPoint"",""coordinates"":[]}"
1_1_1_1_2_20210218T034811_20210218T035431_T46NHM,0.526671716852954,2021-02-18,"{""type"":""MultiPoint"",""coordinates"":[]}"
1_1_1_1_2_20210221T035801_20210221T040842_T46NGM,0.5486884987170508,2021-02-21,"{""type"":""MultiPoint"",""coordinates"":[]}"
1_1_1_1_2_20210228T034701_20210228T035243_T46NGL,0.5281176776223951,2021-02-28,"{""type"":""MultiPoint"",""coordinates"":[]}"
1_1_1_1_2_20210228T034701_20210228T035243_T46NGM,0.5076610932337966,2021-02-28,"{""type"":""MultiPoint"",""coordinates"":[]}"
1_1_1_1_2_20210228T034701_20210228T035243_T46NHL,0.42534782924433484,2021-02-28,"{""type"":""MultiPoint"",""coordinates"":[]}"
1_1_1_1_2_20210228T034701_20210228T035243_T46NHM,0.4755109883056141,2021-02-28,"{""type"":""MultiPoint"",""coordinates"":[]}"
1_1_1_1_2_20210308T035609_20210308T040733_T46NGM,0.5253143062870385,2021-03-08,"{""type"":""MultiPoint"",""coordinates"":[]}"
1_1_1_1_2_20210310T034551_20210310T035131_T46NGL,0.5356275178720171,2021-03-10,"{""type"":""MultiPoint"",""coordinates"":[]}"
1_1_1_1_2_20210310T034551_20210310T035131_T46NHL,0.54885002749477,2021-03-10,"{""type"":""MultiPoint"",""coordinates"":[]}"
1_1_1_1_2_20210310T034551_20210310T035131_T46NHM,0.34931303083380455,2021-03-10,"{""type"":""MultiPoint"",""coordinates"":[]}"
1_1_1_1_2_20210318T035539_20210318T041327_T46NGM,0.35645420170678244,2021-03-18,"{""type"":""MultiPoint"",""coordinates"":[]}"
1_1_1_1_2_20210320T034531_20210320T040115_T46NHM,0.3383038391488529,2021-03-20,"{""type"":""MultiPoint"",""coordinates"":[]}"
1_1_1_1_2_20210325T034539_20210325T040321_T46NGL,0.4017189189509666,2021-03-25,"{""type"":""MultiPoint"",""coordinates"":[]}"
1_1_1_1_2_20210325T034539_20210325T040321_T46NHM,0.42077036938197027,2021-03-25,"{""type"":""MultiPoint"",""coordinates"":[]}"
1_1_1_1_2_20210409T034531_20210409T035109_T46NGL,0.5932165452249513,2021-04-09,"{""type"":""MultiPoint"",""coordinates"":[]}"
1_1_1_1_2_20210409T034531_20210409T035109_T46NGM,0.5270276181682669,2021-04-09,"{""type"":""MultiPoint"",""coordinates"":[]}"
1_1_1_1_2_20210409T034531_20210409T035109_T46NHL,0.547950637650772,2021-04-09,"{""type"":""MultiPoint"",""coordinates"":[]}"
1_1_1_1_2_20210409T034531_20210409T035109_T46NHM,0.5181403598050284,2021-04-09,"{""type"":""MultiPoint"",""coordinates"":[]}"
1_1_1_1_2_20210412T035531_20210412T041453_T46NGL,0.22472571444624564,2021-04-12,"{""type"":""MultiPoint"",""coordinates"":[]}"
1_1_1_1_2_20210422T035531_20210422T041211_T46NGL,0.4884289981644527,2021-04-22,"{""type"":""MultiPoint"",""coordinates"":[]}"
1_1_1_1_2_20210422T035531_20210422T041211_T46NGM,0.4195788488221475,2021-04-22,"{""type"":""MultiPoint"",""coordinates"":[]}"
1_1_1_1_2_20210422T035531_20210422T041642_T46NGM,0.5003746317719817,2021-04-22,"{""type"":""MultiPoint"",""coordinates"":[]}"
1_1_1_1_2_20210429T034531_20210429T035111_T46NGL,0.5544744489050333,2021-04-29,"{""type"":""MultiPoint"",""coordinates"":[]}"
1_1_1_1_2_20210524T034539_20210524T040148_T46NGL,0.5817407713648789,2021-05-24,"{""type"":""MultiPoint"",""coordinates"":[]}"
1_1_1_1_2_20210701T035541_20210701T041218_T46NGL,0.6609585030579925,2021-07-01,"{""type"":""MultiPoint"",""coordinates"":[]}"
1_1_1_1_2_20210701T035541_20210701T041218_T46NGM,0.5699916602523802,2021-07-01,"{""type"":""MultiPoint"",""coordinates"":[]}"
1_1_1_1_2_20210703T034539_20210703T040023_T46NGL,0.5931077070488487,2021-07-03,"{""type"":""MultiPoint"",""coordinates"":[]}"
1_1_1_1_2_20210703T034539_20210703T040023_T46NHM,0.6279826968898358,2021-07-03,"{""type"":""MultiPoint"",""coordinates"":[]}"
1_1_1_1_2_20210716T035539_20210716T041211_T46NGL,0.539118471320655,2021-07-16,"{""type"":""MultiPoint"",""coordinates"":[]}"
1_1_1_1_2_20210718T034541_20210718T040120_T46NHL,0.45887206751785453,2021-07-18,"{""type"":""MultiPoint"",""coordinates"":[]}"
1_1_1_1_2_20210726T035539_20210726T041051_T46NGM,0.3266413811843268,2021-07-26,"{""type"":""MultiPoint"",""coordinates"":[]}"
1_1_1_1_2_20210728T034541_20210728T035913_T46NGL,0.6198498194590009,2021-07-28,"{""type"":""MultiPoint"",""coordinates"":[]}"
1_1_1_1_2_20210728T034541_20210728T035913_T46NGM,0.6071375374043338,2021-07-28,"{""type"":""MultiPoint"",""coordinates"":[]}"
1_1_1_1_2_20210728T034541_20210728T035913_T46NHL,0.6454155784038883,2021-07-28,"{""type"":""MultiPoint"",""coordinates"":[]}"
1_1_1_1_2_20210728T034541_20210728T035913_T46NHM,0.6924180729661568,2021-07-28,"{""type"":""MultiPoint"",""coordinates"":[]}"
1_1_1_1_2_20210807T034541_20210807T035116_T46NGM,0.5811195598801073,2021-08-07,"{""type"":""MultiPoint"",""coordinates"":[]}"
1_1_1_1_2_20210817T034541_20210817T040050_T46NGL,0.533496246062266,2021-08-17,"{""type"":""MultiPoint"",""coordinates"":[]}"
1_1_1_1_2_20210817T034541_20210817T040050_T46NHL,0.3809012019798221,2021-08-17,"{""type"":""MultiPoint"",""coordinates"":[]}"
1_1_1_1_2_20210906T034541_20210906T035114_T46NGL,0.6703004388391054,2021-09-06,"{""type"":""MultiPoint"",""coordinates"":[]}"
1_1_1_1_2_20210906T034541_20210906T035114_T46NGM,0.5847381004081951,2021-09-06,"{""type"":""MultiPoint"",""coordinates"":[]}"
1_1_1_1_2_20210906T034541_20210906T035114_T46NHL,0.6971640999222598,2021-09-06,"{""type"":""MultiPoint"",""coordinates"":[]}"
1_1_1_1_2_20210906T034541_20210906T035114_T46NHM,0.46481493953686104,2021-09-06,"{""type"":""MultiPoint"",""coordinates"":[]}"
1_1_1_1_2_20210924T035539_20210924T040703_T46NGL,0.6336447766991758,2021-09-24,"{""type"":""MultiPoint"",""coordinates"":[]}"
1_1_1_1_2_20211004T035609_20211004T040733_T46NGL,0.6895075706877883,2021-10-04,"{""type"":""MultiPoint"",""coordinates"":[]}"
1_1_1_1_2_20211004T035609_20211004T040733_T46NGM,0.5955543777465735,2021-10-04,"{""type"":""MultiPoint"",""coordinates"":[]}"
1_1_1_1_2_20211213T040149_20211213T041507_T46NGL,0.5456816614221597,2021-12-13,"{""type"":""MultiPoint"",""coordinates"":[]}"
1_1_1_1_2_20211213T040149_20211213T041507_T46NGM,0.5145324421200903,2021-12-13,"{""type"":""MultiPoint"",""coordinates"":[]}"
1_1_1_1_2_20211225T035151_20211225T040145_T46NGL,0.5563951729682461,2021-12-25,"{""type"":""MultiPoint"",""coordinates"":[]}"
1_1_1_1_2_20211225T035151_20211225T040145_T46NGM,0.4510829706207564,2021-12-25,"{""type"":""MultiPoint"",""coordinates"":[]}"
1_1_1_1_2_20211225T035151_20211225T040145_T46NHL,0.5190844840468215,2021-12-25,"{""type"":""MultiPoint"",""coordinates"":[]}"
1_1_1_1_2_20211225T035151_20211225T040145_T46NHM,0.3742339991871224,2021-12-25,"{""type"":""MultiPoint"",""coordinates"":[]}"
1_1_1_1_2_20211228T040201_20211228T041623_T46NGL,0.652978501914726,2021-12-28,"{""type"":""MultiPoint"",""coordinates"":[]}"
1_1_1_1_2_20211228T040201_20211228T041623_T46NGM,0.5505778979152312,2021-12-28,"{""type"":""MultiPoint"",""coordinates"":[]}"
1_1_1_2_20220107T040141_20220107T040838_T46NGM,0.5341339855841406,2022-01-07,"{""type"":""MultiPoint"",""coordinates"":[]}"
1_1_1_2_20220112T040119_20220112T041128_T46NGL,0.4133374245051192,2022-01-12,"{""type"":""MultiPoint"",""coordinates"":[]}"
1_1_1_2_20220112T040119_20220112T041128_T46NGM,0.42570592264296425,2022-01-12,"{""type"":""MultiPoint"",""coordinates"":[]}"
1_1_1_2_20220114T035121_20220114T040329_T46NHL,0.6826784628302871,2022-01-14,"{""type"":""MultiPoint"",""coordinates"":[]}"
1_1_1_2_20220114T035121_20220114T040329_T46NHM,0.511506972831246,2022-01-14,"{""type"":""MultiPoint"",""coordinates"":[]}"
1_1_1_2_20220117T040111_20220117T041424_T46NGL,0.6173903400634556,2022-01-17,"{""type"":""MultiPoint"",""coordinates"":[]}"
1_1_1_2_20220122T040049_20220122T041623_T46NGL,0.614182758949448,2022-01-22,"{""type"":""MultiPoint"",""coordinates"":[]}"
1_1_1_2_20220122T040049_20220122T041623_T46NGM,0.5451999669124097,2022-01-22,"{""type"":""MultiPoint"",""coordinates"":[]}"
1_1_1_2_20220129T035009_20220129T040340_T46NGL,0.37051113820661474,2022-01-29,"{""type"":""MultiPoint"",""coordinates"":[]}"
1_1_1_2_20220218T034809_20220218T040535_T46NHM,0.22055467697214715,2022-02-18,"{""type"":""MultiPoint"",""coordinates"":[]}"
1_1_1_2_20220221T035759_20220221T041041_T46NGL,0.2943514679763716,2022-02-21,"{""type"":""MultiPoint"",""coordinates"":[]}"
1_1_1_2_20220313T035539_20220313T040827_T46NGL,0.2659385765237352,2022-03-13,"{""type"":""MultiPoint"",""coordinates"":[]}"
1_1_1_2_20220313T035539_20220313T040827_T46NGM,0.2714311081906352,2022-03-13,"{""type"":""MultiPoint"",""coordinates"":[]}"
1_1_1_2_20220330T034529_20220330T035751_T46NGM,0.28977945133206123,2022-03-30,"{""type"":""MultiPoint"",""coordinates"":[]}"
1_1_1_2_20220330T034529_20220330T035751_T46NHM,0.2493553553445188,2022-03-30,"{""type"":""MultiPoint"",""coordinates"":[]}"
1_1_1_2_20220404T034541_20220404T035111_T46NGL,0.3530452519897466,2022-04-04,"{""type"":""MultiPoint"",""coordinates"":[]}"
1_1_1_2_20220407T035541_20220407T041444_T46NGL,0.35402136223683217,2022-04-07,"{""type"":""MultiPoint"",""coordinates"":[]}"
1_1_1_2_20220412T035539_20220412T041002_T46NGM,0.31632992536671956,2022-04-12,"{""type"":""MultiPoint"",""coordinates"":[]}"
1_1_1_2_20220414T034541_20220414T035112_T46NGL,0.3712846630396955,2022-04-14,"{""type"":""MultiPoint"",""coordinates"":[]}"
1_1_1_2_20220414T034541_20220414T035112_T46NGM,0.3676659156833321,2022-04-14,"{""type"":""MultiPoint"",""coordinates"":[]}"
1_1_1_2_20220414T034541_20220414T035112_T46NHL,0.3746114024112169,2022-04-14,"{""type"":""MultiPoint"",""coordinates"":[]}"
1_1_1_2_20220414T034541_20220414T035112_T46NHM,0.32657282499307777,2022-04-14,"{""type"":""MultiPoint"",""coordinates"":[]}"
1_1_1_2_20220417T035541_20220417T040926_T46NGM,0.25117042034486803,2022-04-17,"{""type"":""MultiPoint"",""coordinates"":[]}"
1_1_1_2_20220417T035541_20220417T041646_T46NGL,0.2527500281450089,2022-04-17,"{""type"":""MultiPoint"",""coordinates"":[]}"
1_1_1_2_20220422T035529_20220422T041055_T46NGL,0.29788357702180124,2022-04-22,"{""type"":""MultiPoint"",""coordinates"":[]}"
1_1_1_2_20220422T035529_20220422T041055_T46NGM,0.2624868948761223,2022-04-22,"{""type"":""MultiPoint"",""coordinates"":[]}"
1_1_1_2_20220613T034551_20220613T040018_T46NGL,0.43283576287052206,2022-06-13,"{""type"":""MultiPoint"",""coordinates"":[]}"
1_1_1_2_20220613T034551_20220613T040018_T46NHL,0.4602333803045274,2022-06-13,"{""type"":""MultiPoint"",""coordinates"":[]}"
1_1_1_2_20220706T035551_20220706T040719_T46NGL,0.3664441383807728,2022-07-06,"{""type"":""MultiPoint"",""coordinates"":[]}"
1_1_1_2_20220718T034539_20220718T035932_T46NHL,0.42220231711552253,2022-07-18,"{""type"":""MultiPoint"",""coordinates"":[]}"
1_1_1_2_20220810T035539_20220810T041027_T46NGL,0.44641957719340847,2022-08-10,"{""type"":""MultiPoint"",""coordinates"":[]}"
1_1_1_2_20220810T035539_20220810T041027_T46NGM,0.3921251347032658,2022-08-10,"{""type"":""MultiPoint"",""coordinates"":[]}"
1_1_1_2_20220916T034539_20220916T040020_T46NGM,0.37265141646370703,2022-09-16,"{""type"":""MultiPoint"",""coordinates"":[]}"
1_1_1_2_20220916T034539_20220916T040020_T46NHM,0.4312945320853543,2022-09-16,"{""type"":""MultiPoint"",""coordinates"":[]}"
1_1_1_2_20220919T035539_20220919T040627_T46NGL,0.34703126195123085,2022-09-19,"{""type"":""MultiPoint"",""coordinates"":[]}"
1_1_1_2_20221125T035059_20221125T040200_T46NGM,0.32688913015547516,2022-11-25,"{""type"":""MultiPoint"",""coordinates"":[]}"
1_1_1_2_20221128T040119_20221128T040953_T46NGL,0.28171653047219436,2022-11-28,"{""type"":""MultiPoint"",""coordinates"":[]}"
1_1_1_2_20221223T040151_20221223T041453_T46NGL,0.3457784001186475,2022-12-23,"{""type"":""MultiPoint"",""coordinates"":[]}"
1_1_1_2_20221223T040151_20221223T041453_T46NGM,0.33951724219712043,2022-12-23,"{""type"":""MultiPoint"",""coordinates"":[]}"
1_1_2_20230109T035131_20230109T040251_T46NGL,0.3227819177158675,2023-01-09,"{""type"":""MultiPoint"",""coordinates"":[]}"
1_1_2_20230109T035131_20230109T040251_T46NHL,0.2926995895001797,2023-01-09,"{""type"":""MultiPoint"",""coordinates"":[]}"
1_1_2_20230218T034811_20230218T040329_T46NGL,0.3619136805130443,2023-02-18,"{""type"":""MultiPoint"",""coordinates"":[]}"
1_1_2_20230218T034811_20230218T040329_T46NHL,0.2971171470925361,2023-02-18,"{""type"":""MultiPoint"",""coordinates"":[]}"
1_1_2_20230226T035729_20230226T040442_T46NGL,0.049154503328628904,2023-02-26,"{""type"":""MultiPoint"",""coordinates"":[]}"
1_1_2_20230308T035619_20230308T041559_T46NGL,0.39019150409108233,2023-03-08,"{""type"":""MultiPoint"",""coordinates"":[]}"
1_1_2_20230422T035541_20230422T040458_T46NGL,0.21236137317151085,2023-04-22,"{""type"":""MultiPoint"",""coordinates"":[]}"
1_1_2_20230422T035541_20230422T040458_T46NGM,0.2683723029695178,2023-04-22,"{""type"":""MultiPoint"",""coordinates"":[]}"
1_1_2_20230512T035541_20230512T040548_T46NGL,0.3120294104273811,2023-05-12,"{""type"":""MultiPoint"",""coordinates"":[]}"
1_1_2_20230512T035541_20230512T040548_T46NGM,0.2962530157206924,2023-05-12,"{""type"":""MultiPoint"",""coordinates"":[]}"
1_1_2_20230514T034539_20230514T040011_T46NGL,0.439920678342408,2023-05-14,"{""type"":""MultiPoint"",""coordinates"":[]}"
1_1_2_20230514T034539_20230514T040011_T46NGM,0.4051637438832009,2023-05-14,"{""type"":""MultiPoint"",""coordinates"":[]}"
1_1_2_20230514T034539_20230514T040011_T46NHL,0.4378361212429807,2023-05-14,"{""type"":""MultiPoint"",""coordinates"":[]}"
1_1_2_20230514T034539_20230514T040011_T46NHM,0.46226805115062236,2023-05-14,"{""type"":""MultiPoint"",""coordinates"":[]}"
1_1_2_20230527T035539_20230527T041014_T46NGL,0.39093794322156833,2023-05-27,"{""type"":""MultiPoint"",""coordinates"":[]}"
1_1_2_20230527T035539_20230527T041014_T46NGM,0.33447304782490966,2023-05-27,"{""type"":""MultiPoint"",""coordinates"":[]}"
1_1_2_20230529T034541_20230529T035746_T46NHL,0.18206633379548437,2023-05-29,"{""type"":""MultiPoint"",""coordinates"":[]}"
1_1_2_20230611T035541_20230611T040550_T46NGL,0.34533529823806186,2023-06-11,"{""type"":""MultiPoint"",""coordinates"":[]}"
1_1_2_20230611T035541_20230611T040550_T46NGM,0.3347360490779415,2023-06-11,"{""type"":""MultiPoint"",""coordinates"":[]}"
1_1_2_20230621T035541_20230621T040644_T46NGL,0.42615321919655597,2023-06-21,"{""type"":""MultiPoint"",""coordinates"":[]}"
1_1_2_20230621T035541_20230621T040644_T46NGM,0.3490587664015811,2023-06-21,"{""type"":""MultiPoint"",""coordinates"":[]}"
1_1_2_20230718T034541_20230718T035533_T46NHM,0.3292704523533424,2023-07-18,"{""type"":""MultiPoint"",""coordinates"":[]}"
1_1_2_20230723T034539_20230723T040005_T46NGM,0.3335540956012649,2023-07-23,"{""type"":""MultiPoint"",""coordinates"":[]}"
1_1_2_20230805T035539_20230805T041014_T46NGM,0.29521012200163826,2023-08-05,"{""type"":""MultiPoint"",""coordinates"":[]}"
1_1_2_20230817T034541_20230817T040240_T46NGL,0.3450334991048571,2023-08-17,"{""type"":""MultiPoint"",""coordinates"":[]}"
1_1_2_20230820T035541_20230820T041055_T46NGL,0.3257860536931237,2023-08-20,"{""type"":""MultiPoint"",""coordinates"":[]}"
1_1_2_20230820T035541_20230820T041055_T46NGM,0.3028126533570348,2023-08-20,"{""type"":""MultiPoint"",""coordinates"":[]}"
1_1_2_20230822T034539_20230822T040455_T46NGL,0.4065250605936772,2023-08-22,"{""type"":""MultiPoint"",""coordinates"":[]}"
1_1_2_20230822T034539_20230822T040455_T46NGM,0.32112346008234155,2023-08-22,"{""type"":""MultiPoint"",""coordinates"":[]}"
1_1_2_20230822T034539_20230822T040455_T46NHM,0.38116043174038594,2023-08-22,"{""type"":""MultiPoint"",""coordinates"":[]}"
1_1_2_20230909T035541_20230909T041054_T46NGM,0.3376317964561425,2023-09-09,"{""type"":""MultiPoint"",""coordinates"":[]}"
1_1_2_20230911T034539_20230911T040618_T46NHL,0.44497496727752794,2023-09-11,"{""type"":""MultiPoint"",""coordinates"":[]}"
1_1_2_20231001T034549_20231001T040014_T46NGL,0.34538868432758696,2023-10-01,"{""type"":""MultiPoint"",""coordinates"":[]}"
1_1_2_20231001T034549_20231001T040014_T46NGM,0.3149206723525987,2023-10-01,"{""type"":""MultiPoint"",""coordinates"":[]}"
1_1_2_20231001T034549_20231001T040014_T46NHM,0.3026449490348265,2023-10-01,"{""type"":""MultiPoint"",""coordinates"":[]}"
1_1_2_20231026T034831_20231026T040603_T46NGM,0.25866497127683724,2023-10-26,"{""type"":""MultiPoint"",""coordinates"":[]}"
1_1_2_20231026T034831_20231026T040603_T46NHM,0.27095031903292466,2023-10-26,"{""type"":""MultiPoint"",""coordinates"":[]}"
1_1_2_20231029T035851_20231029T041056_T46NGL,0.3656620267434824,2023-10-29,"{""type"":""MultiPoint"",""coordinates"":[]}"
1_1_2_20231029T035851_20231029T041056_T46NGM,0.2910987430581623,2023-10-29,"{""type"":""MultiPoint"",""coordinates"":[]}"
1_1_2_20231208T040141_20231208T041105_T46NGL,0.24997820209094493,2023-12-08,"{""type"":""MultiPoint"",""coordinates"":[]}"
1_1_2_20231213T040149_20231213T041047_T46NGL,0.17401602320162035,2023-12-13,"{""type"":""MultiPoint"",""coordinates"":[]}"
1_1_2_20231213T040149_20231213T041047_T46NGM,0.13577076840371544,2023-12-13,"{""type"":""MultiPoint"",""coordinates"":[]}"
1_1_2_20231228T040151_20231228T041354_T46NGM,0.21327754388689113,2023-12-28,"{""type"":""MultiPoint"",""coordinates"":[]}"
1_2_20240102T040149_20240102T041205_T46NGL,0.3214789280983276,2024-01-02,"{""type"":""MultiPoint"",""coordinates"":[]}"
1_2_20240114T035111_20240114T040310_T46NGM,0.3352097769981694,2024-01-14,"{""type"":""MultiPoint"",""coordinates"":[]}"
1_2_20240114T035111_20240114T040310_T46NHL,0.40024628729521233,2024-01-14,"{""type"":""MultiPoint"",""coordinates"":[]}"
1_2_20240114T035111_20240114T040310_T46NHM,0.33750693534262854,2024-01-14,"{""type"":""MultiPoint"",""coordinates"":[]}"
1_2_20240122T040059_20240122T041121_T46NGL,0.27283661869424164,2024-01-22,"{""type"":""MultiPoint"",""coordinates"":[]}"
1_2_20240122T040059_20240122T041121_T46NGM,0.2612237034775122,2024-01-22,"{""type"":""MultiPoint"",""coordinates"":[]}"
1_2_20240201T040009_20240201T041401_T46NGL,0.3020321378166919,2024-02-01,"{""type"":""MultiPoint"",""coordinates"":[]}"
1_2_20240201T040009_20240201T041401_T46NGM,0.26941069784487454,2024-02-01,"{""type"":""MultiPoint"",""coordinates"":[]}"
1_2_20240203T034951_20240203T040146_T46NHM,0.24362667429820947,2024-02-03,"{""type"":""MultiPoint"",""coordinates"":[]}"
1_2_20240208T034929_20240208T040544_T46NGL,0.336423402693653,2024-02-08,"{""type"":""MultiPoint"",""coordinates"":[]}"
1_2_20240208T034929_20240208T040544_T46NHL,0.3311873767923434,2024-02-08,"{""type"":""MultiPoint"",""coordinates"":[]}"
1_2_20240211T035909_20240211T041151_T46NGL,0.3282266138707439,2024-02-11,"{""type"":""MultiPoint"",""coordinates"":[]}"
1_2_20240211T035909_20240211T041151_T46NGM,0.2715741677414534,2024-02-11,"{""type"":""MultiPoint"",""coordinates"":[]}"
1_2_20240213T034851_20240213T040438_T46NGL,0.19272374344521326,2024-02-13,"{""type"":""MultiPoint"",""coordinates"":[]}"
1_2_20240213T034851_20240213T040438_T46NGM,0.22263665243499337,2024-02-13,"{""type"":""MultiPoint"",""coordinates"":[]}"
1_2_20240213T034851_20240213T040438_T46NHL,0.1053209707454078,2024-02-13,"{""type"":""MultiPoint"",""coordinates"":[]}"
1_2_20240213T034851_20240213T040438_T46NHM,0.1172051895887354,2024-02-13,"{""type"":""MultiPoint"",""coordinates"":[]}"
1_2_20240218T034819_20240218T040333_T46NHM,0.25090944322815106,2024-02-18,"{""type"":""MultiPoint"",""coordinates"":[]}"
1_2_20240221T035809_20240221T040947_T46NGL,0.30482074980147833,2024-02-21,"{""type"":""MultiPoint"",""coordinates"":[]}"
1_2_20240221T035809_20240221T040947_T46NGM,0.3055881178045309,2024-02-21,"{""type"":""MultiPoint"",""coordinates"":[]}"
1_2_20240223T034741_20240223T040224_T46NGL,0.28508974479804755,2024-02-23,"{""type"":""MultiPoint"",""coordinates"":[]}"
1_2_20240223T034741_20240223T040224_T46NGM,0.24449825923942822,2024-02-23,"{""type"":""MultiPoint"",""coordinates"":[]}"
1_2_20240223T034741_20240223T040224_T46NHL,0.2814333938882549,2024-02-23,"{""type"":""MultiPoint"",""coordinates"":[]}"
1_2_20240223T034741_20240223T040224_T46NHM,0.2614493593264089,2024-02-23,"{""type"":""MultiPoint"",""coordinates"":[]}"
1_2_20240226T035731_20240226T041547_T46NGL,0.28126341873215444,2024-02-26,"{""type"":""MultiPoint"",""coordinates"":[]}"
1_2_20240226T035731_20240226T041547_T46NGM,0.3247445517796882,2024-02-26,"{""type"":""MultiPoint"",""coordinates"":[]}"
1_2_20240228T034709_20240228T040135_T46NGL,0.31868057128659283,2024-02-28,"{""type"":""MultiPoint"",""coordinates"":[]}"
1_2_20240228T034709_20240228T040135_T46NHM,0.1726498450557606,2024-02-28,"{""type"":""MultiPoint"",""coordinates"":[]}"
1_2_20240312T035539_20240312T040521_T46NGL,0.27439789326841285,2024-03-12,"{""type"":""MultiPoint"",""coordinates"":[]}"
1_2_20240312T035539_20240312T040521_T46NGM,0.3185153442071201,2024-03-12,"{""type"":""MultiPoint"",""coordinates"":[]}"
1_2_20240314T034531_20240314T035814_T46NGL,0.41468101836002674,2024-03-14,"{""type"":""MultiPoint"",""coordinates"":[]}"
1_2_20240314T034531_20240314T035814_T46NGM,0.3569982452564318,2024-03-14,"{""type"":""MultiPoint"",""coordinates"":[]}"
1_2_20240314T034531_20240314T035814_T46NHL,0.4196805613373651,2024-03-14,"{""type"":""MultiPoint"",""coordinates"":[]}"
1_2_20240314T034531_20240314T035814_T46NHM,0.3867817377231727,2024-03-14,"{""type"":""MultiPoint"",""coordinates"":[]}"
1_2_20240317T035541_20240317T041241_T46NGM,0.34217600791097574,2024-03-17,"{""type"":""MultiPoint"",""coordinates"":[]}"
1_2_20240319T034529_20240319T040001_T46NGL,0.30952684775673034,2024-03-19,"{""type"":""MultiPoint"",""coordinates"":[]}"
1_2_20240319T034529_20240319T040001_T46NGM,0.3020626226470952,2024-03-19,"{""type"":""MultiPoint"",""coordinates"":[]}"
1_2_20240319T034529_20240319T040001_T46NHL,0.36323363996683317,2024-03-19,"{""type"":""MultiPoint"",""coordinates"":[]}"
1_2_20240319T034529_20240319T040001_T46NHM,0.2779011519681973,2024-03-19,"{""type"":""MultiPoint"",""coordinates"":[]}"
1_2_20240322T035539_20240322T041512_T46NGM,0.27080240568368796,2024-03-22,"{""type"":""MultiPoint"",""coordinates"":[]}"
1_2_20240324T034531_20240324T040137_T46NGL,0.31716431262577927,2024-03-24,"{""type"":""MultiPoint"",""coordinates"":[]}"
1_2_20240324T034531_20240324T040137_T46NGM,0.28967055405424524,2024-03-24,"{""type"":""MultiPoint"",""coordinates"":[]}"
1_2_20240324T034531_20240324T040137_T46NHL,0.3186127761534354,2024-03-24,"{""type"":""MultiPoint"",""coordinates"":[]}"
1_2_20240324T034531_20240324T040137_T46NHM,0.3544397949140512,2024-03-24,"{""type"":""MultiPoint"",""coordinates"":[]}"
1_2_20240329T034539_20240329T040002_T46NGL,0.36616949636930113,2024-03-29,"{""type"":""MultiPoint"",""coordinates"":[]}"
1_2_20240329T034539_20240329T040002_T46NGM,0.2793892208568974,2024-03-29,"{""type"":""MultiPoint"",""coordinates"":[]}"
1_2_20240406T035531_20240406T041615_T46NGM,0.31832410446185394,2024-04-06,"{""type"":""MultiPoint"",""coordinates"":[]}"
1_2_20240408T034529_20240408T035958_T46NGM,0.2899521433748354,2024-04-08,"{""type"":""MultiPoint"",""coordinates"":[]}"
1_2_20240408T034529_20240408T035958_T46NHM,0.3702134717738919,2024-04-08,"{""type"":""MultiPoint"",""coordinates"":[]}"
1_2_20240421T035539_20240421T041009_T46NGL,0.26245444995090483,2024-04-21,"{""type"":""MultiPoint"",""coordinates"":[]}"
1_2_20240605T035541_20240605T041202_T46NGL,0.3535860512581219,2024-06-05,"{""type"":""MultiPoint"",""coordinates"":[]}"
1_2_20240612T034541_20240612T040446_T46NHM,0.43464372167087884,2024-06-12,"{""type"":""MultiPoint"",""coordinates"":[]}"
1_2_20240615T035541_20240615T041301_T46NGM,0.3024278081356834,2024-06-15,"{""type"":""MultiPoint"",""coordinates"":[]}"
1_2_20240627T034539_20240627T040003_T46NHM,0.3425304885350435,2024-06-27,"{""type"":""MultiPoint"",""coordinates"":[]}"
1_2_20240816T034539_20240816T040617_T46NGM,0.22781569122392945,2024-08-16,"{""type"":""MultiPoint"",""coordinates"":[]}"
1_2_20240816T034539_20240816T040617_T46NHM,0.24164208774858345,2024-08-16,"{""type"":""MultiPoint"",""coordinates"":[]}"
1_2_20240829T035539_20240829T041406_T46NGL,0.36836956378504737,2024-08-29,"{""type"":""MultiPoint"",""coordinates"":[]}"
1_2_20240829T035539_20240829T041406_T46NGM,0.3440357912309232,2024-08-29,"{""type"":""MultiPoint"",""coordinates"":[]}"
1_2_20240915T034529_20240915T035607_T46NHM,0.15622168677222736,2024-09-15,"{""type"":""MultiPoint"",""coordinates"":[]}"
1_2_20241015T034629_20241015T035835_T46NGL,0.3257232072723293,2024-10-15,"{""type"":""MultiPoint"",""coordinates"":[]}"
1_2_20241020T034801_20241020T040248_T46NGM,0.37228241923376104,2024-10-20,"{""type"":""MultiPoint"",""coordinates"":[]}"
1_2_20241023T035821_20241023T041010_T46NGL,0.4400591555016147,2024-10-23,"{""type"":""MultiPoint"",""coordinates"":[]}"
1_2_20241023T035821_20241023T041010_T46NGM,0.379031267196646,2024-10-23,"{""type"":""MultiPoint"",""coordinates"":[]}"
1_2_20241028T035759_20241028T040938_T46NGL,0.27971350604704853,2024-10-28,"{""type"":""MultiPoint"",""coordinates"":[]}"
1_2_20241028T035759_20241028T040938_T46NGM,0.306287808125036,2024-10-28,"{""type"":""MultiPoint"",""coordinates"":[]}"
1_2_20241104T034829_20241104T040307_T46NGM,0.32603837395145896,2024-11-04,"{""type"":""MultiPoint"",""coordinates"":[]}"
1_2_20241107T035849_20241107T041010_T46NGL,0.3102111222726231,2024-11-07,"{""type"":""MultiPoint"",""coordinates"":[]}"
1_2_20241107T035849_20241107T041010_T46NGM,0.3008561723770072,2024-11-07,"{""type"":""MultiPoint"",""coordinates"":[]}"
2_20250101T040151_20250101T041354_T46NGL,0.2818372200142009,2025-01-01,"{""type"":""MultiPoint"",""coordinates"":[]}"
2_20250131T040031_20250131T041554_T46NGL,0.4001905667516624,2025-01-31,"{""type"":""MultiPoint"",""coordinates"":[]}"
2_20250131T040031_20250131T041554_T46NGM,0.3677073311551428,2025-01-31,"{""type"":""MultiPoint"",""coordinates"":[]}"
2_20250207T034951_20250207T040322_T46NGM,0.24676312317639218,2025-02-07,"{""type"":""MultiPoint"",""coordinates"":[]}"
2_20250217T034851_20250217T040119_T46NGL,0.3434962938496237,2025-02-17,"{""type"":""MultiPoint"",""coordinates"":[]}"
