Date,Year,Month,Day,Prec,StDev,%Time,Q,S
2006-11-15,2006,11,15,0.36,1.4,6.0,2,5
2006-11-16,2006,11,16,1.8,6.88,11.0,2,5
2006-11-17,2006,11,17,0.32,1.22,7.0,2,5
2006-11-18,2006,11,18,0.16,0.65,6.0,2,5
2006-11-19,2006,11,19,0.31,1.63,5.0,2,5
2006-11-20,2006,11,20,0.58,4.6,3.0,2,5
2006-11-21,2006,11,21,0.6,4.16,6.0,2,5
2006-11-22,2006,11,22,0.2,1.87,2.0,2,5
2006-11-23,2006,11,23,-0.01,0.09,0.0,2,5
2006-11-24,2006,11,24,0.21,1.31,3.0,2,5
2006-11-25,2006,11,25,0.2,1.73,2.0,2,5
2006-11-26,2006,11,26,0.41,2.78,5.0,2,5
2006-11-27,2006,11,27,0.18,1.88,3.0,2,5
2006-11-28,2006,11,28,-0.01,0.04,0.0,2,5
2006-11-29,2006,11,29,-0.01,0.04,0.0,2,5
2006-11-30,2006,11,30,0.42,2.98,4.0,2,5
2006-12-01,2006,12,1,0.59,3.0,5.0,2,5
2006-12-02,2006,12,2,-0.01,0.08,0.0,2,5
2006-12-03,2006,12,3,-0.02,0.02,0.0,2,5
2006-12-04,2006,12,4,0.0,0.14,1.0,2,5
2006-12-05,2006,12,5,0.09,0.81,1.0,2,5
2006-12-06,2006,12,6,0.0,0.08,0.0,2,5
2006-12-07,2006,12,7,-0.01,0.03,0.0,2,5
2006-12-08,2006,12,8,0.05,0.27,2.0,2,5
2006-12-09,2006,12,9,-0.01,0.02,0.0,2,5
2006-12-10,2006,12,10,0.0,0.08,0.0,2,5
2006-12-11,2006,12,11,0.03,0.54,1.0,2,5
2006-12-12,2006,12,12,0.03,0.26,2.0,2,5
2006-12-13,2006,12,13,0.62,2.79,8.0,2,5
2006-12-14,2006,12,14,0.02,0.28,1.0,2,5
2006-12-15,2006,12,15,0.23,1.48,3.0,2,5
2006-12-16,2006,12,16,0.06,0.7,1.0,2,5
2006-12-17,2006,12,17,0.56,2.19,11.0,2,5
2006-12-18,2006,12,18,0.26,2.47,3.0,2,5
2006-12-19,2006,12,19,-0.02,0.01,0.0,2,5
2006-12-20,2006,12,20,-0.02,0.02,0.0,2,5
2006-12-21,2006,12,21,0.33,3.05,2.0,2,5
2006-12-22,2006,12,22,-0.02,0.05,0.0,2,5
2006-12-23,2006,12,23,-0.02,0.02,0.0,2,5
2006-12-24,2006,12,24,-0.02,0.02,0.0,2,5
2006-12-25,2006,12,25,-0.03,0.02,0.0,2,5
2006-12-26,2006,12,26,-0.02,0.01,0.0,2,5
2006-12-27,2006,12,27,-0.02,0.02,0.0,2,5
2006-12-28,2006,12,28,-0.02,0.01,0.0,2,5
2006-12-29,2006,12,29,-0.02,0.02,0.0,2,5
2006-12-30,2006,12,30,-0.02,0.02,0.0,2,5
2006-12-31,2006,12,31,-0.02,0.04,0.0,2,5
2007-01-01,2007,1,1,-0.01,0.04,0.0,2,5
2007-01-02,2007,1,2,-0.02,0.01,0.0,2,5
2007-01-03,2007,1,3,-0.02,0.01,0.0,2,5
2007-01-04,2007,1,4,-0.02,0.02,0.0,2,5
2007-01-05,2007,1,5,0.01,0.38,1.0,2,5
2007-01-06,2007,1,6,-0.02,0.01,0.0,2,5
2007-01-07,2007,1,7,5.04,10.6,44.0,2,5
2007-01-08,2007,1,8,1.32,6.47,8.0,2,5
2007-01-09,2007,1,9,0.0,0.1,1.0,2,5
2007-01-10,2007,1,10,-0.01,0.03,0.0,2,5
2007-01-11,2007,1,11,-0.02,0.01,0.0,2,5
2007-01-12,2007,1,12,-0.02,0.02,0.0,2,5
2007-01-13,2007,1,13,-0.01,0.02,0.0,2,5
2007-01-14,2007,1,14,-0.01,0.03,0.0,2,5
2007-01-15,2007,1,15,-0.01,0.03,0.0,2,5
2007-01-16,2007,1,16,-0.01,0.04,0.0,2,5
2007-01-17,2007,1,17,-0.01,0.02,0.0,2,5
2007-01-18,2007,1,18,-0.01,0.03,0.0,2,5
2007-01-19,2007,1,19,-0.01,0.01,0.0,2,5
2007-01-20,2007,1,20,-0.01,0.03,0.0,2,5
2007-01-21,2007,1,21,-0.01,0.02,0.0,2,5
2007-01-22,2007,1,22,-0.01,0.01,0.0,2,5
2007-01-23,2007,1,23,-0.01,0.03,0.0,2,5
2007-01-24,2007,1,24,-0.01,0.04,0.0,2,5
2007-01-25,2007,1,25,1.72,4.95,20.0,2,5
2007-01-26,2007,1,26,0.07,0.7,1.0,2,5
2007-01-27,2007,1,27,-0.01,0.01,0.0,2,5
2007-01-28,2007,1,28,-0.01,0.02,0.0,2,5
2007-01-29,2007,1,29,-0.01,0.01,0.0,2,5
2007-01-30,2007,1,30,-0.01,0.01,0.0,2,5
2007-01-31,2007,1,31,-0.01,0.01,0.0,2,5
2007-02-01,2007,2,1,-0.01,0.05,0.0,2,5
2007-02-02,2007,2,2,0.01,0.17,1.0,2,5
2007-02-03,2007,2,3,-0.01,0.01,0.0,2,5
2007-02-04,2007,2,4,-0.01,0.02,0.0,2,5
2007-02-05,2007,2,5,-0.01,0.05,0.0,2,5
2007-02-06,2007,2,6,-0.01,0.02,0.0,2,5
2007-02-07,2007,2,7,-0.01,0.03,0.0,2,5
2007-02-08,2007,2,8,0.7,4.02,6.0,2,5
2007-02-09,2007,2,9,0.14,1.09,2.0,2,5
2007-02-10,2007,2,10,-0.01,0.04,0.0,2,5
2007-02-11,2007,2,11,-0.01,0.03,0.0,2,5
2007-02-12,2007,2,12,-0.01,0.02,0.0,2,5
2007-02-13,2007,2,13,0.0,0.05,0.0,2,5
2007-02-14,2007,2,14,0.0,0.02,0.0,2,5
2007-02-15,2007,2,15,-0.01,0.01,0.0,2,5
2007-02-16,2007,2,16,0.0,13.96,4.0,2,1
2007-02-17,2007,2,17,-0.01,0.01,0.0,2,5
2007-02-18,2007,2,18,-0.01,0.04,0.0,2,5
2007-02-19,2007,2,19,-0.02,0.02,0.0,2,5
2007-02-20,2007,2,20,-0.02,0.02,0.0,2,5
2007-02-21,2007,2,21,-0.01,0.03,0.0,2,5
2007-02-22,2007,2,22,-0.01,0.01,0.0,2,5
2007-02-23,2007,2,23,-0.01,0.02,0.0,2,5
2007-02-24,2007,2,24,0.2,18.06,2.0,2,1
2007-04-18,2007,4,18,0.0,0.03,0.0,2,5
2007-04-19,2007,4,19,0.0,0.03,0.0,2,5
2007-04-20,2007,4,20,0.0,0.12,0.0,2,5
2007-04-21,2007,4,21,0.0,0.07,0.0,2,5
2007-04-22,2007,4,22,0.06,0.36,2.0,2,5
2007-04-23,2007,4,23,0.0,0.02,0.0,2,5
2007-04-24,2007,4,24,0.0,0.04,0.0,2,5
2007-04-25,2007,4,25,0.47,2.54,5.0,2,5
2007-04-26,2007,4,26,1.06,9.01,4.0,2,5
2007-04-27,2007,4,27,1.44,4.0,15.0,2,5
2007-04-28,2007,4,28,0.13,0.73,2.0,2,5
2007-04-29,2007,4,29,0.0,0.06,0.0,2,5
2007-04-30,2007,4,30,0.0,0.02,0.0,2,5
2007-05-01,2007,5,1,-0.01,0.02,0.0,2,5
2007-05-02,2007,5,2,-0.01,0.01,0.0,2,5
2007-05-03,2007,5,3,-0.01,0.01,0.0,2,5
2007-05-04,2007,5,4,-0.01,0.01,0.0,2,5
2007-05-05,2007,5,5,-0.01,0.02,0.0,2,5
2007-05-06,2007,5,6,0.12,0.48,6.0,2,5
2007-05-07,2007,5,7,-0.01,0.08,0.0,2,5
2007-05-08,2007,5,8,0.07,0.69,1.0,2,5
2007-05-09,2007,5,9,-0.01,0.05,0.0,2,5
2007-05-10,2007,5,10,-0.02,0.07,0.0,2,5
2007-05-11,2007,5,11,-0.02,0.04,0.0,2,5
2007-05-12,2007,5,12,-0.01,0.08,0.0,2,5
2007-05-13,2007,5,13,0.05,0.4,3.0,2,5
2007-05-14,2007,5,14,0.0,0.18,1.0,2,5
2007-05-15,2007,5,15,0.06,0.49,2.0,2,5
2007-05-16,2007,5,16,0.62,3.31,8.0,2,5
2007-05-17,2007,5,17,-0.01,0.04,0.0,2,5
2007-05-18,2007,5,18,0.06,0.43,2.0,2,5
2007-05-19,2007,5,19,-0.01,0.02,0.0,2,5
2007-05-20,2007,5,20,-0.01,0.01,0.0,2,5
2007-05-21,2007,5,21,0.01,0.1,1.0,2,5
2007-05-22,2007,5,22,0.12,0.89,2.0,2,5
2007-05-23,2007,5,23,0.0,0.01,0.0,2,5
2007-05-24,2007,5,24,0.0,0.02,0.0,2,5
2007-05-25,2007,5,25,0.0,0.02,0.0,2,5
2007-05-26,2007,5,26,0.02,0.27,1.0,2,5
2007-05-27,2007,5,27,0.0,0.02,0.0,2,5
2007-05-28,2007,5,28,0.06,0.46,2.0,2,5
2007-05-29,2007,5,29,0.03,0.2,1.0,2,5
2007-05-30,2007,5,30,0.42,3.81,3.0,2,5
2007-05-31,2007,5,31,-0.01,0.01,0.0,2,5
2007-06-01,2007,6,1,-0.01,0.01,0.0,2,5
2007-06-02,2007,6,2,0.42,1.9,6.0,2,5
2007-06-03,2007,6,3,-0.01,0.02,0.0,2,5
2007-06-04,2007,6,4,-0.01,0.02,0.0,2,5
2007-06-05,2007,6,5,-0.02,0.02,0.0,2,5
2007-06-06,2007,6,6,0.59,2.9,8.0,2,5
2007-06-07,2007,6,7,0.19,0.9,4.0,2,5
2007-06-08,2007,6,8,0.05,0.2,1.0,2,5
2007-06-09,2007,6,9,0.01,0.19,1.0,2,5
2007-06-10,2007,6,10,0.04,0.44,1.0,2,5
2007-06-11,2007,6,11,-0.01,0.01,0.0,2,5
2007-06-12,2007,6,12,0.0,0.05,0.0,2,5
2007-06-13,2007,6,13,0.83,4.19,8.0,2,5
2007-06-14,2007,6,14,0.1,0.75,2.0,2,5
2007-06-15,2007,6,15,0.05,0.38,2.0,2,5
2007-06-16,2007,6,16,1.0,4.61,11.0,2,5
2007-06-17,2007,6,17,1.76,5.34,17.0,2,5
2007-06-18,2007,6,18,0.3,1.08,10.0,2,5
2007-06-19,2007,6,19,1.53,3.45,38.0,2,5
2007-06-20,2007,6,20,1.12,3.86,17.0,2,5
2007-06-21,2007,6,21,0.0,0.16,1.0,2,5
2007-06-22,2007,6,22,0.09,0.67,3.0,2,5
2007-06-23,2007,6,23,0.0,0.01,0.0,2,5
2007-06-24,2007,6,24,0.0,0.01,0.0,2,5
2007-06-25,2007,6,25,0.16,1.02,4.0,2,5
2007-06-26,2007,6,26,1.36,2.65,28.0,2,5
2007-06-27,2007,6,27,0.08,0.71,3.0,2,5
2007-06-28,2007,6,28,0.0,0.06,0.0,2,5
2007-06-29,2007,6,29,0.0,0.02,0.0,2,5
2007-06-30,2007,6,30,-0.01,0.02,0.0,2,5
2007-07-01,2007,7,1,0.0,0.01,0.0,2,5
2007-07-02,2007,7,2,0.0,0.01,0.0,2,5
2007-07-03,2007,7,3,0.04,0.48,1.0,2,5
2007-07-04,2007,7,4,0.19,2.09,1.0,2,5
2007-07-05,2007,7,5,-0.01,0.02,0.0,2,5
2007-07-06,2007,7,6,-0.01,0.03,0.0,2,5
2007-07-07,2007,7,7,-0.01,0.02,0.0,2,5
2007-07-08,2007,7,8,-0.01,0.01,0.0,2,5
2007-07-09,2007,7,9,-0.01,0.02,0.0,2,5
2007-07-10,2007,7,10,0.03,0.34,1.0,2,5
2007-07-11,2007,7,11,-0.01,0.02,0.0,2,5
2007-07-12,2007,7,12,-0.01,0.06,0.0,2,5
2007-07-13,2007,7,13,0.11,1.08,1.0,2,5
2007-07-14,2007,7,14,-0.02,0.06,0.0,2,5
2007-07-15,2007,7,15,-0.01,0.04,0.0,2,5
2007-07-16,2007,7,16,-0.01,0.02,0.0,2,5
2007-07-17,2007,7,17,0.02,0.23,1.0,2,5
2007-07-18,2007,7,18,0.0,0.08,0.0,2,5
2007-07-19,2007,7,19,0.79,3.69,8.0,2,5
2007-07-20,2007,7,20,0.02,0.21,2.0,2,5
2007-07-21,2007,7,21,-0.02,0.07,0.0,2,5
2007-07-22,2007,7,22,-0.01,0.15,1.0,2,5
2007-07-23,2007,7,23,0.3,1.34,7.0,2,5
2007-07-24,2007,7,24,0.44,1.93,7.0,2,5
2007-07-25,2007,7,25,0.67,3.8,6.0,2,5
2007-07-26,2007,7,26,0.0,0.03,0.0,2,5
2007-07-27,2007,7,27,-0.01,0.02,0.0,2,5
2007-07-28,2007,7,28,-0.01,0.01,0.0,2,5
2007-07-29,2007,7,29,0.16,1.18,2.0,2,5
2007-07-30,2007,7,30,0.16,0.78,4.0,2,5
2007-07-31,2007,7,31,0.02,0.27,1.0,2,5
2007-08-01,2007,8,1,0.0,0.01,0.0,2,5
2007-08-02,2007,8,2,-0.01,0.01,0.0,2,5
2007-08-03,2007,8,3,-0.01,0.01,0.0,2,5
2007-08-04,2007,8,4,-0.02,0.03,0.0,2,5
2007-08-05,2007,8,5,-0.01,0.02,0.0,2,5
2007-08-06,2007,8,6,-0.01,0.01,0.0,2,5
2007-08-07,2007,8,7,-0.01,0.01,0.0,2,5
2007-08-08,2007,8,8,-0.01,0.02,0.0,2,5
2007-08-09,2007,8,9,-0.01,0.01,0.0,2,5
2007-08-10,2007,8,10,-0.01,0.01,0.0,2,5
2007-08-11,2007,8,11,0.0,0.07,0.0,2,5
2007-08-12,2007,8,12,0.0,0.02,0.0,2,5
2007-08-13,2007,8,13,-0.01,0.01,0.0,2,5
2007-08-14,2007,8,14,0.0,0.03,0.0,2,5
2007-08-15,2007,8,15,0.0,0.02,0.0,2,5
2007-08-16,2007,8,16,0.0,0.02,0.0,2,5
2007-08-17,2007,8,17,0.29,1.54,6.0,2,5
2007-08-18,2007,8,18,0.0,0.05,0.0,2,5
2007-08-19,2007,8,19,-0.01,0.04,0.0,2,5
2007-08-20,2007,8,20,-0.01,0.04,0.0,2,5
2007-08-21,2007,8,21,0.11,0.63,4.0,2,5
2007-08-22,2007,8,22,0.16,0.86,3.0,2,5
2007-08-23,2007,8,23,0.08,0.82,1.0,2,5
2007-08-24,2007,8,24,1.3,5.59,12.0,2,5
2007-08-25,2007,8,25,0.21,1.29,4.0,2,5
2007-08-26,2007,8,26,-0.01,0.01,0.0,2,5
2007-08-27,2007,8,27,-0.01,0.01,0.0,2,5
2007-08-28,2007,8,28,2.04,7.51,13.0,2,5
2007-08-29,2007,8,29,0.12,1.06,3.0,2,5
2007-08-30,2007,8,30,0.01,0.14,1.0,2,5
2007-08-31,2007,8,31,0.33,1.07,13.0,2,5
2007-09-01,2007,9,1,0.0,0.07,0.0,2,5
2007-09-02,2007,9,2,-0.02,0.03,0.0,2,5
2007-09-03,2007,9,3,-0.01,0.03,0.0,2,5
2007-09-04,2007,9,4,-0.01,0.02,0.0,2,5
2007-09-05,2007,9,5,-0.01,0.02,0.0,2,5
2007-09-06,2007,9,6,-0.01,0.02,0.0,2,5
2007-09-07,2007,9,7,0.61,2.32,10.0,2,5
2007-09-08,2007,9,8,-0.03,0.63,8.0,2,5
2007-09-09,2007,9,9,-0.04,0.39,2.0,2,5
2007-09-10,2007,9,10,0.0,0.02,0.0,2,5
2007-09-11,2007,9,11,0.01,0.09,0.0,2,5
2007-09-12,2007,9,12,0.65,3.12,8.0,2,5
2007-09-13,2007,9,13,4.85,11.36,42.0,2,5
2007-09-14,2007,9,14,0.34,1.91,6.0,2,5
2007-09-15,2007,9,15,0.51,1.7,12.0,2,5
2007-09-16,2007,9,16,0.03,0.27,1.0,2,5
2007-09-17,2007,9,17,0.01,0.11,0.0,2,5
2007-09-18,2007,9,18,0.0,0.01,0.0,2,5
2007-09-19,2007,9,19,-0.01,0.02,0.0,2,5
2007-09-20,2007,9,20,0.0,0.02,0.0,2,5
2007-09-21,2007,9,21,0.0,0.01,0.0,2,5
2007-09-22,2007,9,22,-0.01,0.07,0.0,2,5
2007-09-23,2007,9,23,0.04,0.44,1.0,2,5
2007-09-24,2007,9,24,0.0,0.01,0.0,2,5
2007-09-25,2007,9,25,0.0,0.01,0.0,2,5
2007-09-26,2007,9,26,1.66,5.3,19.0,2,5
2007-09-27,2007,9,27,0.88,3.2,16.0,2,5
2007-09-28,2007,9,28,0.47,1.67,9.0,2,5
2007-09-29,2007,9,29,-0.01,0.03,0.0,2,5
2007-09-30,2007,9,30,0.06,0.59,3.0,2,5
2007-10-01,2007,10,1,-0.02,0.16,0.0,2,5
2007-10-02,2007,10,2,0.08,0.62,3.0,2,5
2007-10-03,2007,10,3,0.78,4.64,10.0,2,5
2007-10-04,2007,10,4,-0.01,0.01,0.0,2,5
2007-10-05,2007,10,5,0.04,0.46,1.0,2,5
2007-10-06,2007,10,6,0.05,0.32,3.0,2,5
2007-10-07,2007,10,7,0.03,0.25,3.0,2,5
2007-10-08,2007,10,8,-0.01,0.02,0.0,2,5
2007-10-09,2007,10,9,,,,0,0
2007-10-10,2007,10,10,-0.01,0.03,0.0,2,5
2007-10-11,2007,10,11,0.0,0.02,0.0,2,5
2007-10-12,2007,10,12,0.01,0.1,0.0,2,5
2007-10-13,2007,10,13,0.29,1.96,4.0,2,5
2007-10-14,2007,10,14,0.14,0.7,4.0,2,5
2007-10-15,2007,10,15,0.01,0.06,0.0,2,5
2007-10-16,2007,10,16,0.0,0.04,0.0,2,5
2007-10-17,2007,10,17,0.03,0.24,1.0,2,5
2007-10-18,2007,10,18,0.32,2.9,2.0,2,5
2007-10-19,2007,10,19,0.39,1.51,8.0,2,5
2007-10-20,2007,10,20,0.07,0.75,1.0,2,5
2007-10-21,2007,10,21,2.07,8.52,13.0,2,5
2007-10-22,2007,10,22,0.06,0.65,1.0,2,5
2007-10-23,2007,10,23,0.13,0.81,4.0,2,5
2007-10-24,2007,10,24,-0.01,0.18,0.0,2,5
2007-10-25,2007,10,25,0.19,0.59,7.0,2,5
2007-10-26,2007,10,26,0.14,0.81,5.0,2,5
2007-10-27,2007,10,27,0.69,3.81,7.0,2,5
2007-10-28,2007,10,28,0.76,2.26,19.0,2,5
2007-10-29,2007,10,29,0.51,1.84,11.0,2,5
2007-10-30,2007,10,30,1.89,5.47,17.0,2,5
2007-10-31,2007,10,31,0.38,2.14,4.0,2,5
2007-11-01,2007,11,1,0.0,0.16,0.0,2,5
2007-11-02,2007,11,2,0.23,1.48,4.0,2,5
2007-11-03,2007,11,3,-0.01,0.05,0.0,2,5
2007-11-04,2007,11,4,0.08,0.37,2.0,2,5
2007-11-05,2007,11,5,0.0,0.01,0.0,2,5
2007-11-06,2007,11,6,0.12,0.58,4.0,2,5
2007-11-07,2007,11,7,0.46,2.99,6.0,2,5
2007-11-08,2007,11,8,0.0,0.03,0.0,2,5
2007-11-09,2007,11,9,0.02,0.14,1.0,2,5
2007-11-10,2007,11,10,0.06,0.44,2.0,2,5
2007-11-11,2007,11,11,0.01,0.21,1.0,2,5
2007-11-12,2007,11,12,-0.03,0.28,0.0,2,5
2007-11-13,2007,11,13,0.05,0.43,2.0,2,5
2007-11-14,2007,11,14,0.11,0.82,3.0,2,5
2007-11-15,2007,11,15,0.0,0.02,0.0,2,5
2007-11-16,2007,11,16,-0.01,0.02,0.0,2,5
2007-11-17,2007,11,17,0.01,0.22,1.0,2,5
2007-11-18,2007,11,18,-0.02,0.09,0.0,2,5
2007-11-19,2007,11,19,0.11,1.08,1.0,2,5
2007-11-20,2007,11,20,0.21,1.2,4.0,2,5
2007-11-21,2007,11,21,0.02,0.11,0.0,2,5
2007-11-22,2007,11,22,-0.02,0.03,0.0,2,5
2007-11-23,2007,11,23,0.02,0.24,1.0,2,5
2007-11-24,2007,11,24,0.04,0.37,2.0,2,5
2007-11-25,2007,11,25,-0.02,0.12,0.0,2,5
2007-11-26,2007,11,26,-0.01,0.06,0.0,2,5
2007-11-27,2007,11,27,0.0,0.02,0.0,2,5
2007-11-28,2007,11,28,-0.03,0.41,1.0,2,5
2007-11-29,2007,11,29,-0.04,0.29,0.0,2,5
2009-11-04,2009,11,4,0.31,1.57,6.0,1,5
2009-11-05,2009,11,5,0.69,2.08,18.0,1,5
2009-11-06,2009,11,6,0.06,0.28,2.0,1,5
2009-11-07,2009,11,7,0.01,0.1,1.0,1,5
2009-11-08,2009,11,8,0.0,0.16,1.0,1,5
2009-11-09,2009,11,9,-0.01,0.16,1.0,1,5
2009-11-10,2009,11,10,0.0,0.14,1.0,1,5
2009-11-11,2009,11,11,-0.01,0.11,0.0,1,5
2009-11-12,2009,11,12,-0.01,0.08,0.0,1,5
2009-11-13,2009,11,13,0.0,0.15,1.0,1,5
2009-11-14,2009,11,14,0.0,0.16,0.0,1,5
2009-11-15,2009,11,15,0.01,0.14,1.0,1,5
2009-11-16,2009,11,16,0.0,0.18,1.0,1,5
2009-11-17,2009,11,17,0.0,0.19,1.0,1,5
2009-11-18,2009,11,18,-0.01,0.16,0.0,1,5
2009-11-19,2009,11,19,0.03,0.26,1.0,1,5
2009-11-20,2009,11,20,0.0,0.26,1.0,1,5
2009-11-21,2009,11,21,0.01,0.12,0.0,1,5
2009-11-22,2009,11,22,0.0,0.21,0.0,1,1
2009-11-23,2009,11,23,0.0,0.22,1.0,1,5
2009-11-24,2009,11,24,-0.01,0.16,0.0,1,5
2009-11-25,2009,11,25,0.0,0.14,1.0,1,5
2009-11-26,2009,11,26,-0.01,0.14,0.0,1,5
2009-11-27,2009,11,27,0.01,0.19,1.0,1,5
2009-11-28,2009,11,28,0.0,0.21,1.0,1,5
2009-11-29,2009,11,29,-0.01,0.14,1.0,1,5
2009-11-30,2009,11,30,0.01,0.17,1.0,1,5
2009-12-01,2009,12,1,-0.01,0.13,0.0,1,5
2009-12-02,2009,12,2,-0.01,0.17,1.0,1,5
2009-12-03,2009,12,3,0.0,0.21,1.0,1,5
2009-12-04,2009,12,4,0.0,0.21,1.0,1,5
2009-12-05,2009,12,5,-0.01,0.23,1.0,1,5
2009-12-06,2009,12,6,0.01,0.19,1.0,1,5
2009-12-07,2009,12,7,0.13,0.31,2.0,1,5
2009-12-08,2009,12,8,0.08,0.32,3.0,1,5
2009-12-09,2009,12,9,0.07,0.24,2.0,1,5
2009-12-10,2009,12,10,0.0,0.11,0.0,1,5
2009-12-11,2009,12,11,-0.02,0.1,0.0,1,5
2009-12-12,2009,12,12,-0.01,0.08,0.0,1,5
2009-12-13,2009,12,13,0.04,0.2,1.0,1,5
2009-12-14,2009,12,14,-0.01,0.12,0.0,1,5
2009-12-15,2009,12,15,-0.01,0.12,1.0,1,5
2009-12-16,2009,12,16,-0.01,0.1,0.0,1,5
2009-12-17,2009,12,17,-0.01,0.06,0.0,1,5
2009-12-18,2009,12,18,-0.01,0.08,0.0,1,5
2009-12-19,2009,12,19,0.0,0.15,1.0,1,5
2009-12-20,2009,12,20,-0.02,0.14,0.0,1,5
2009-12-21,2009,12,21,-0.01,0.09,0.0,1,5
2009-12-22,2009,12,22,-0.01,0.11,0.0,1,5
2009-12-23,2009,12,23,-0.02,0.14,1.0,1,5
2009-12-24,2009,12,24,-0.02,0.14,1.0,1,5
2009-12-25,2009,12,25,-0.02,0.11,0.0,1,5
2009-12-26,2009,12,26,-0.01,0.12,1.0,1,5
2009-12-27,2009,12,27,-0.01,0.12,0.0,1,5
2009-12-28,2009,12,28,-0.01,0.13,1.0,1,5
2009-12-29,2009,12,29,-0.02,0.14,0.0,1,5
2009-12-30,2009,12,30,-0.01,0.15,1.0,1,5
2009-12-31,2009,12,31,-0.01,0.2,1.0,1,5
2010-01-01,2010,1,1,-0.03,0.18,0.0,1,5
2010-01-02,2010,1,2,-0.02,0.12,1.0,1,5
2010-01-03,2010,1,3,-0.01,0.18,1.0,1,5
2010-01-04,2010,1,4,-0.02,0.2,1.0,1,5
2010-01-05,2010,1,5,-0.01,0.17,1.0,1,5
2010-01-06,2010,1,6,0.0,0.19,1.0,1,5
2010-01-07,2010,1,7,-0.01,0.19,1.0,1,5
2010-01-08,2010,1,8,-0.01,0.15,0.0,1,5
2010-01-09,2010,1,9,0.0,0.19,1.0,1,5
2010-01-10,2010,1,10,0.0,0.24,1.0,1,5
2010-01-11,2010,1,11,-0.01,0.23,1.0,1,5
2010-01-12,2010,1,12,-0.02,0.2,1.0,1,5
2010-01-13,2010,1,13,-0.01,0.14,0.0,1,5
2010-01-14,2010,1,14,-0.01,0.15,1.0,1,5
2010-01-15,2010,1,15,-0.02,0.17,1.0,1,5
2010-01-16,2010,1,16,-0.02,0.13,0.0,1,5
2010-01-17,2010,1,17,0.0,0.13,1.0,1,5
2010-01-18,2010,1,18,-0.02,0.16,1.0,1,5
2010-01-19,2010,1,19,-0.01,0.13,0.0,1,5
2010-01-20,2010,1,20,0.0,0.16,1.0,1,5
2010-01-21,2010,1,21,-0.01,0.16,1.0,1,5
2010-01-22,2010,1,22,-0.01,0.18,1.0,1,5
2010-01-23,2010,1,23,-0.01,0.2,1.0,1,5
2010-01-24,2010,1,24,-0.01,0.17,1.0,1,5
2010-01-25,2010,1,25,-0.01,0.18,1.0,1,5
2010-01-26,2010,1,26,-0.01,0.22,1.0,1,5
2010-01-27,2010,1,27,-0.02,0.2,1.0,1,5
2010-01-28,2010,1,28,-0.01,0.13,1.0,1,5
2010-01-29,2010,1,29,0.0,0.18,1.0,1,5
2010-01-30,2010,1,30,-0.01,0.23,1.0,1,5
2010-01-31,2010,1,31,-0.01,0.24,1.0,1,5
2010-02-01,2010,2,1,-0.02,0.2,1.0,1,5
2010-02-02,2010,2,2,-0.01,0.17,1.0,1,5
2010-02-03,2010,2,3,-0.02,0.15,0.0,1,5
2010-02-04,2010,2,4,0.0,0.13,1.0,1,5
2010-02-05,2010,2,5,0.0,0.18,1.0,1,5
2010-02-06,2010,2,6,-0.01,0.21,1.0,1,5
2010-02-07,2010,2,7,-0.01,0.18,1.0,1,5
2010-02-08,2010,2,8,-0.01,0.17,1.0,1,5
2010-02-09,2010,2,9,-0.01,0.21,1.0,1,5
2010-02-10,2010,2,10,-0.01,0.22,1.0,1,5
2010-02-11,2010,2,11,-0.01,0.17,1.0,1,5
2010-02-12,2010,2,12,-0.01,0.15,1.0,1,5
2010-02-13,2010,2,13,0.0,0.2,1.0,1,5
2010-02-14,2010,2,14,-0.01,0.25,1.0,1,5
2010-02-15,2010,2,15,-0.01,0.21,1.0,1,5
2010-02-16,2010,2,16,-0.01,0.13,0.0,1,5
2010-02-17,2010,2,17,-0.01,0.14,1.0,1,5
2010-02-18,2010,2,18,-0.01,0.15,1.0,1,5
2010-02-19,2010,2,19,-0.01,0.16,1.0,1,5
2010-02-20,2010,2,20,0.0,0.16,1.0,1,5
2010-02-21,2010,2,21,-0.02,0.15,0.0,1,5
2010-02-22,2010,2,22,-0.03,0.13,1.0,1,5
2010-02-23,2010,2,23,-0.01,0.14,1.0,1,5
2010-02-24,2010,2,24,-0.01,0.11,0.0,1,5
2010-02-25,2010,2,25,-0.01,0.1,0.0,1,5
2010-02-26,2010,2,26,-0.01,0.11,0.0,1,5
2010-02-27,2010,2,27,-0.01,0.1,0.0,1,5
2010-02-28,2010,2,28,0.0,0.12,1.0,1,5
2010-03-01,2010,3,1,-0.01,0.15,1.0,1,5
2010-03-02,2010,3,2,-0.01,0.16,1.0,1,5
2010-03-03,2010,3,3,0.0,0.2,1.0,1,5
2010-03-04,2010,3,4,-0.01,0.2,1.0,1,5
2010-03-05,2010,3,5,0.0,0.15,1.0,1,5
2010-03-06,2010,3,6,0.0,0.16,1.0,1,5
2010-03-07,2010,3,7,-0.02,0.13,0.0,1,5
2010-11-02,2010,11,2,-0.01,0.16,0.0,2,5
2010-11-03,2010,11,3,-0.02,0.18,0.0,2,5
2010-11-04,2010,11,4,13.5,22.34,66.0,2,5
2010-11-05,2010,11,5,0.09,0.39,4.0,2,5
2010-11-06,2010,11,6,0.22,1.34,5.0,2,5
2010-11-07,2010,11,7,-0.01,0.08,0.0,2,5
2010-11-08,2010,11,8,-0.01,0.09,0.0,2,5
2010-11-09,2010,11,9,0.54,3.55,4.0,2,5
2010-11-10,2010,11,10,2.07,7.17,17.0,2,5
2010-11-11,2010,11,11,0.0,0.02,0.0,2,5
2010-11-12,2010,11,12,-0.01,0.01,0.0,2,5
2010-11-13,2010,11,13,0.16,1.08,4.0,2,5
2010-11-14,2010,11,14,0.09,0.77,1.0,2,5
2010-11-15,2010,11,15,0.92,5.13,6.0,2,5
2010-11-16,2010,11,16,-0.01,0.04,0.0,2,5
2010-11-17,2010,11,17,-0.01,0.11,0.0,2,5
2010-11-18,2010,11,18,0.37,2.6,4.0,2,5
2010-11-19,2010,11,19,0.41,2.5,4.0,2,5
2010-11-20,2010,11,20,0.46,2.58,5.0,2,5
2010-11-21,2010,11,21,0.0,0.03,0.0,2,5
2010-11-22,2010,11,22,0.93,3.52,13.0,2,5
2010-11-23,2010,11,23,0.33,2.46,4.0,2,5
2010-11-24,2010,11,24,0.26,1.29,5.0,2,5
2010-11-25,2010,11,25,0.0,0.06,0.0,2,5
2010-11-26,2010,11,26,0.0,0.02,0.0,2,5
2010-11-27,2010,11,27,0.0,0.03,0.0,2,5
2010-11-28,2010,11,28,0.02,0.26,1.0,2,5
2010-11-29,2010,11,29,0.29,1.88,4.0,2,5
2010-11-30,2010,11,30,0.31,1.28,8.0,2,5
2010-12-01,2010,12,1,1.85,6.0,21.0,2,5
2010-12-02,2010,12,2,1.05,3.84,11.0,2,5
2010-12-03,2010,12,3,0.14,0.67,5.0,2,5
2010-12-04,2010,12,4,0.1,0.78,3.0,2,5
2010-12-05,2010,12,5,0.0,0.12,0.0,2,5
2010-12-06,2010,12,6,0.47,1.65,12.0,2,5
2010-12-07,2010,12,7,3.25,8.14,32.0,2,5
2010-12-08,2010,12,8,0.04,0.16,0.0,2,5
2010-12-09,2010,12,9,0.1,0.8,2.0,2,5
2010-12-10,2010,12,10,1.16,3.49,24.0,2,5
2010-12-11,2010,12,11,0.11,0.74,3.0,2,5
2010-12-12,2010,12,12,0.0,0.05,0.0,2,5
2010-12-13,2010,12,13,0.0,0.02,0.0,2,5
2010-12-14,2010,12,14,0.0,0.02,0.0,2,5
2010-12-15,2010,12,15,0.0,0.03,0.0,2,5
2010-12-16,2010,12,16,0.0,0.02,0.0,2,5
2010-12-17,2010,12,17,0.0,0.03,0.0,2,5
2010-12-18,2010,12,18,0.0,0.03,0.0,2,5
2010-12-19,2010,12,19,0.0,0.13,1.0,2,5
2010-12-20,2010,12,20,0.63,1.7,15.0,2,5
2010-12-21,2010,12,21,-0.01,0.02,0.0,2,5
2010-12-22,2010,12,22,0.02,0.37,1.0,2,5
2010-12-23,2010,12,23,0.02,0.2,1.0,2,5
2010-12-24,2010,12,24,1.31,4.76,9.0,2,5
2010-12-25,2010,12,25,0.79,3.59,8.0,2,5
2010-12-26,2010,12,26,0.19,0.73,6.0,2,5
2010-12-27,2010,12,27,-0.03,0.03,0.0,2,5
2010-12-28,2010,12,28,0.07,0.95,1.0,2,5
2010-12-29,2010,12,29,-0.03,0.03,0.0,2,5
2010-12-30,2010,12,30,1.81,5.12,17.0,2,5
2010-12-31,2010,12,31,0.53,1.56,16.0,2,5
2011-01-01,2011,1,1,0.32,1.59,6.0,2,5
2011-01-02,2011,1,2,0.11,0.31,5.0,2,5
2011-01-03,2011,1,3,0.42,1.56,8.0,2,5
2011-01-04,2011,1,4,0.94,2.83,12.0,2,5
2011-01-05,2011,1,5,1.68,4.43,21.0,2,5
2011-01-06,2011,1,6,0.65,2.04,13.0,2,5
2011-01-07,2011,1,7,1.54,6.03,18.0,2,5
2011-01-08,2011,1,8,0.4,3.01,8.0,2,5
2011-01-09,2011,1,9,0.19,1.2,4.0,2,5
2011-01-10,2011,1,10,0.14,0.94,2.0,2,5
2011-01-11,2011,1,11,0.06,0.36,1.0,2,5
2011-01-12,2011,1,12,0.02,0.14,0.0,2,5
2011-01-13,2011,1,13,-0.01,0.01,0.0,2,5
2011-01-14,2011,1,14,-0.01,0.03,0.0,2,5
2011-01-15,2011,1,15,0.09,0.87,1.0,2,5
2011-01-16,2011,1,16,0.18,0.79,4.0,2,5
2011-01-17,2011,1,17,-0.01,0.05,0.0,2,5
2011-01-18,2011,1,18,-0.02,0.04,0.0,2,5
2011-01-19,2011,1,19,-0.01,0.01,0.0,2,5
2011-01-20,2011,1,20,0.0,0.16,1.0,2,5
2011-01-21,2011,1,21,-0.02,0.02,0.0,2,5
2011-01-22,2011,1,22,-0.02,0.04,0.0,2,5
2011-01-23,2011,1,23,-0.01,0.04,0.0,2,5
2011-01-24,2011,1,24,1.7,9.47,7.0,2,5
2011-01-25,2011,1,25,0.31,2.01,5.0,2,5
2011-01-26,2011,1,26,0.03,0.34,1.0,2,5
2011-01-27,2011,1,27,3.26,5.92,56.0,2,5
2011-01-28,2011,1,28,0.06,0.5,2.0,2,5
2011-01-29,2011,1,29,1.45,3.37,26.0,2,5
2011-01-30,2011,1,30,0.5,3.2,5.0,2,5
2011-01-31,2011,1,31,1.33,3.76,18.0,2,5
2011-02-01,2011,2,1,2.96,7.34,30.0,2,5
2011-02-02,2011,2,2,0.04,0.25,2.0,2,5
2011-02-03,2011,2,3,-0.01,0.02,0.0,2,5
2011-02-04,2011,2,4,0.0,0.04,0.0,2,5
2011-02-05,2011,2,5,-0.01,0.04,0.0,2,5
2011-02-06,2011,2,6,0.73,4.03,5.0,2,5
2011-02-07,2011,2,7,0.11,0.58,4.0,2,5
2011-02-08,2011,2,8,0.0,0.05,0.0,2,5
2011-02-09,2011,2,9,-0.02,0.04,0.0,2,5
2011-02-10,2011,2,10,0.23,0.9,5.0,2,5
2011-02-11,2011,2,11,0.26,2.28,2.0,2,5
2011-02-12,2011,2,12,0.43,1.87,7.0,2,5
2011-02-13,2011,2,13,2.06,9.93,9.0,2,5
2011-02-14,2011,2,14,0.47,1.51,9.0,2,5
2011-02-15,2011,2,15,0.68,4.45,4.0,2,5
2011-02-16,2011,2,16,-0.01,0.02,0.0,2,5
2011-02-17,2011,2,17,0.0,0.02,0.0,2,5
2011-02-18,2011,2,18,0.14,0.81,4.0,2,5
2011-02-19,2011,2,19,-0.02,0.02,0.0,2,5
2011-02-20,2011,2,20,-0.02,0.04,0.0,2,5
2011-02-21,2011,2,21,-0.01,0.03,0.0,2,5
2011-02-22,2011,2,22,-0.02,0.03,0.0,2,5
2011-02-23,2011,2,23,-0.03,0.03,0.0,2,5
2011-02-24,2011,2,24,0.04,0.61,1.0,2,5
2011-02-25,2011,2,25,0.01,0.15,1.0,2,5
2011-02-26,2011,2,26,0.35,2.14,4.0,2,5
2011-02-27,2011,2,27,0.1,0.35,5.0,2,5
2011-02-28,2011,2,28,0.08,0.33,4.0,2,5
2011-03-01,2011,3,1,-0.01,0.02,0.0,2,5
2011-03-02,2011,3,2,0.43,3.36,4.0,2,5
2011-03-03,2011,3,3,-0.01,0.04,0.0,2,5
2011-03-04,2011,3,4,-0.01,0.05,0.0,2,5
2011-03-05,2011,3,5,-0.01,0.04,0.0,2,5
2011-03-06,2011,3,6,-0.01,0.01,0.0,2,5
2011-03-07,2011,3,7,-0.01,0.01,0.0,2,5
2011-03-08,2011,3,8,-0.01,0.02,0.0,2,5
2011-03-09,2011,3,9,-0.01,0.01,0.0,2,5
2011-03-10,2011,3,10,1.37,3.52,18.0,2,5
2011-03-11,2011,3,11,0.36,2.37,6.0,2,5
2011-03-12,2011,3,12,-0.02,0.01,0.0,2,5
2011-03-13,2011,3,13,-0.01,0.01,0.0,2,5
2011-03-14,2011,3,14,0.0,0.01,0.0,2,5
2011-03-15,2011,3,15,-0.01,0.01,0.0,2,5
2011-03-16,2011,3,16,0.38,1.49,11.0,2,5
2011-03-17,2011,3,17,2.65,7.56,33.0,2,5
2011-03-18,2011,3,18,0.26,1.13,9.0,2,5
2011-03-19,2011,3,19,1.15,4.71,11.0,2,5
2011-03-20,2011,3,20,0.2,1.26,4.0,2,5
2011-03-21,2011,3,21,-0.01,0.02,0.0,2,5
2011-03-22,2011,3,22,0.13,1.18,2.0,2,5
2011-03-23,2011,3,23,0.62,2.93,6.0,2,5
2011-03-24,2011,3,24,0.09,0.56,4.0,2,5
2011-03-25,2011,3,25,0.27,1.97,4.0,2,5
2011-03-26,2011,3,26,-0.01,0.02,0.0,2,5
2011-03-27,2011,3,27,0.56,2.89,5.0,2,5
2011-03-28,2011,3,28,-0.01,0.01,0.0,2,5
2011-03-29,2011,3,29,-0.01,0.02,0.0,2,5
2011-03-30,2011,3,30,-0.01,0.04,0.0,2,5
2011-03-31,2011,3,31,-0.01,0.01,0.0,2,5
2011-04-01,2011,4,1,-0.01,0.01,0.0,2,5
2011-04-02,2011,4,2,-0.01,0.02,0.0,2,5
2011-04-03,2011,4,3,-0.01,0.01,0.0,2,5
2011-04-04,2011,4,4,-0.01,0.19,0.0,2,5
2011-04-05,2011,4,5,-0.01,0.02,0.0,2,5
2011-05-16,2011,5,16,-0.01,0.02,0.0,2,5
2011-05-17,2011,5,17,-0.01,0.01,0.0,2,5
2011-05-18,2011,5,18,-0.01,0.03,0.0,2,5
2011-05-19,2011,5,19,-0.01,0.03,0.0,2,5
2011-05-20,2011,5,20,-0.01,0.02,0.0,2,5
2011-05-21,2011,5,21,-0.01,0.02,0.0,2,5
2011-05-22,2011,5,22,-0.01,0.02,0.0,2,5
2011-05-23,2011,5,23,-0.01,0.03,0.0,2,5
2011-05-24,2011,5,24,-0.01,0.02,0.0,2,5
2011-05-25,2011,5,25,-0.01,0.03,0.0,2,5
2011-05-26,2011,5,26,-0.01,0.02,0.0,2,5
2011-05-27,2011,5,27,0.0,0.01,0.0,2,5
2011-06-04,2011,6,4,-0.01,0.02,0.0,2,5
2011-06-05,2011,6,5,0.01,0.21,1.0,2,5
2011-06-06,2011,6,6,0.71,3.1,10.0,2,5
2011-06-07,2011,6,7,0.07,0.28,1.0,2,5
2011-06-08,2011,6,8,0.0,0.01,0.0,2,5
2011-06-09,2011,6,9,0.12,1.15,1.0,2,5
2011-06-10,2011,6,10,0.47,2.76,6.0,2,5
2011-06-11,2011,6,11,0.04,0.49,1.0,2,5
2011-06-12,2011,6,12,-0.02,0.07,0.0,2,5
2011-06-13,2011,6,13,0.01,0.3,1.0,2,5
2011-06-14,2011,6,14,-0.02,0.09,0.0,2,5
2011-06-15,2011,6,15,-0.05,0.21,0.0,2,5
2011-06-16,2011,6,16,-0.03,0.03,0.0,2,5
2011-06-17,2011,6,17,-0.02,0.03,0.0,2,5
2011-06-18,2011,6,18,-0.03,0.05,0.0,2,5
2011-06-19,2011,6,19,-0.02,0.02,0.0,2,5
2011-06-20,2011,6,20,-0.03,0.03,0.0,2,5
2011-06-21,2011,6,21,-0.02,0.04,0.0,2,5
2011-06-22,2011,6,22,-0.02,0.03,0.0,2,5
2011-06-23,2011,6,23,-0.02,0.03,0.0,2,5
2011-06-24,2011,6,24,-0.02,0.02,0.0,2,5
2011-06-25,2011,6,25,-0.02,0.02,0.0,2,5
2011-06-26,2011,6,26,-0.02,0.03,0.0,2,5
2011-06-27,2011,6,27,-0.02,0.04,0.0,2,5
2011-06-28,2011,6,28,0.01,0.19,1.0,2,5
2011-06-29,2011,6,29,0.01,0.27,1.0,2,5
2011-06-30,2011,6,30,-0.02,0.04,0.0,2,5
2011-07-01,2011,7,1,0.0,0.18,1.0,2,5
2011-07-02,2011,7,2,0.13,0.62,4.0,2,5
2011-07-03,2011,7,3,0.05,0.23,1.0,2,5
2011-07-04,2011,7,4,0.03,0.44,1.0,2,5
2011-07-05,2011,7,5,0.18,1.54,1.0,2,5
2011-07-06,2011,7,6,0.0,0.26,1.0,2,5
2011-07-07,2011,7,7,0.01,0.21,1.0,2,5
2011-07-08,2011,7,8,0.02,0.3,1.0,2,5
2011-07-09,2011,7,9,0.0,0.02,0.0,2,5
2011-07-10,2011,7,10,2.46,8.39,18.0,2,5
2011-07-11,2011,7,11,0.31,1.74,5.0,2,5
2011-07-12,2011,7,12,-0.01,0.11,1.0,2,5
2011-07-13,2011,7,13,-0.01,0.11,0.0,2,5
2011-07-14,2011,7,14,-0.02,0.02,0.0,2,5
2011-07-15,2011,7,15,-0.02,0.02,0.0,2,5
2011-07-16,2011,7,16,-0.01,0.1,1.0,2,5
2011-07-17,2011,7,17,-0.01,0.03,0.0,2,5
2011-07-18,2011,7,18,-0.01,0.03,0.0,2,5
2011-07-19,2011,7,19,0.0,0.12,1.0,2,5
2011-07-20,2011,7,20,0.07,0.9,1.0,2,5
2011-07-21,2011,7,21,-0.02,0.03,0.0,2,5
2011-07-22,2011,7,22,0.07,0.6,1.0,2,5
2011-07-23,2011,7,23,1.95,6.54,16.0,2,5
2011-07-24,2011,7,24,1.75,3.46,36.0,2,5
2011-07-25,2011,7,25,4.11,6.75,70.0,2,5
2011-07-26,2011,7,26,0.76,2.94,10.0,2,5
2011-07-27,2011,7,27,-0.03,0.02,0.0,2,5
2011-07-28,2011,7,28,0.19,1.87,1.0,2,5
2011-07-29,2011,7,29,0.38,1.7,8.0,2,5
2011-07-30,2011,7,30,0.05,0.28,1.0,2,5
2011-07-31,2011,7,31,-0.05,0.3,1.0,2,5
2011-08-01,2011,8,1,-0.07,0.22,0.0,2,5
2011-08-02,2011,8,2,-0.04,0.04,0.0,2,5
2011-08-03,2011,8,3,-0.03,0.07,0.0,2,5
2011-08-04,2011,8,4,-0.02,0.04,0.0,2,5
2011-08-05,2011,8,5,-0.02,0.03,0.0,2,5
2011-08-06,2011,8,6,0.0,0.06,0.0,2,5
2011-08-07,2011,8,7,-0.02,0.07,0.0,2,5
2011-08-08,2011,8,8,0.02,0.19,1.0,2,5
2011-08-09,2011,8,9,-0.02,0.08,0.0,2,5
2011-08-10,2011,8,10,-0.03,0.16,0.0,2,5
2011-08-11,2011,8,11,0.02,0.62,1.0,2,5
2011-08-12,2011,8,12,0.11,0.94,1.0,2,5
2011-08-13,2011,8,13,1.93,5.24,22.0,2,5
2011-08-14,2011,8,14,0.47,1.41,13.0,2,5
2011-08-15,2011,8,15,0.04,0.41,1.0,2,5
2011-08-16,2011,8,16,0.52,1.33,15.0,2,5
2011-08-17,2011,8,17,0.14,0.69,6.0,2,5
2011-08-18,2011,8,18,0.15,1.03,3.0,2,5
2011-08-19,2011,8,19,0.02,0.21,1.0,2,5
2011-08-20,2011,8,20,0.08,0.71,3.0,2,5
2011-08-21,2011,8,21,0.32,2.18,4.0,2,5
2011-08-22,2011,8,22,0.02,0.35,1.0,2,5
2011-08-23,2011,8,23,0.46,2.02,8.0,2,5
2011-08-24,2011,8,24,0.04,0.21,1.0,2,5
2011-08-25,2011,8,25,0.01,0.14,1.0,2,5
2011-08-26,2011,8,26,0.02,0.17,1.0,2,5
2011-08-27,2011,8,27,0.0,0.03,0.0,2,5
2011-08-28,2011,8,28,0.0,0.03,0.0,2,5
2011-08-29,2011,8,29,-0.01,0.03,0.0,2,5
2011-08-30,2011,8,30,-0.01,0.04,0.0,2,5
2011-08-31,2011,8,31,0.07,0.47,2.0,2,5
2011-09-01,2011,9,1,0.01,0.02,0.0,2,5
2011-09-02,2011,9,2,0.01,0.18,1.0,2,5
2011-09-03,2011,9,3,0.0,0.02,0.0,2,5
2011-09-04,2011,9,4,0.0,0.05,0.0,2,5
2011-09-05,2011,9,5,-0.01,0.04,0.0,2,5
2011-09-06,2011,9,6,0.11,0.97,1.0,2,5
2011-09-07,2011,9,7,0.57,1.95,10.0,2,5
2011-09-08,2011,9,8,0.0,0.03,0.0,2,5
2011-09-09,2011,9,9,0.18,1.57,2.0,2,5
2011-09-10,2011,9,10,-0.01,0.12,1.0,2,5
2011-09-11,2011,9,11,-0.01,0.1,1.0,2,5
2011-09-12,2011,9,12,0.67,2.37,12.0,2,5
2011-09-13,2011,9,13,0.47,1.76,9.0,2,5
2011-09-14,2011,9,14,0.09,1.08,1.0,2,5
2011-09-15,2011,9,15,-0.01,0.07,0.0,2,5
2011-09-16,2011,9,16,-0.02,0.03,0.0,2,5
2011-09-17,2011,9,17,-0.01,0.05,0.0,2,5
2011-09-18,2011,9,18,-0.01,0.02,0.0,2,5
2011-09-19,2011,9,19,-0.01,0.08,0.0,2,5
2011-09-20,2011,9,20,0.29,1.6,4.0,2,5
2011-09-21,2011,9,21,-0.02,0.02,0.0,2,5
2011-09-22,2011,9,22,0.0,0.14,1.0,2,5
2011-09-23,2011,9,23,0.13,1.13,2.0,2,5
2011-09-24,2011,9,24,-0.01,0.02,0.0,2,5
2011-09-25,2011,9,25,-0.01,0.01,0.0,2,5
2011-09-26,2011,9,26,-0.01,0.01,0.0,2,5
2011-09-27,2011,9,27,-0.01,0.02,0.0,2,5
2011-09-28,2011,9,28,0.08,0.97,1.0,2,5
2011-09-29,2011,9,29,-0.01,0.03,0.0,2,5
2011-09-30,2011,9,30,-0.01,0.03,0.0,2,5
2011-10-01,2011,10,1,-0.01,0.03,0.0,2,5
2011-10-02,2011,10,2,-0.01,0.06,0.0,2,5
2011-10-03,2011,10,3,0.02,0.32,2.0,2,5
2011-10-04,2011,10,4,-0.01,0.02,0.0,2,5
2011-10-05,2011,10,5,0.08,0.66,1.0,2,5
2011-10-06,2011,10,6,-0.01,0.03,0.0,2,5
2011-10-07,2011,10,7,0.85,4.73,7.0,2,5
2011-10-08,2011,10,8,1.41,4.54,18.0,2,5
2011-10-09,2011,10,9,0.52,2.63,6.0,2,5
2011-10-10,2011,10,10,0.32,1.92,3.0,2,5
2011-10-11,2011,10,11,0.4,1.47,10.0,2,5
2011-10-12,2011,10,12,0.06,0.29,2.0,2,5
2011-10-13,2011,10,13,-0.01,0.01,0.0,2,5
2011-10-14,2011,10,14,-0.01,0.04,0.0,2,5
2011-10-15,2011,10,15,0.05,0.5,1.0,2,5
2011-10-16,2011,10,16,0.24,1.24,5.0,2,5
2011-10-17,2011,10,17,2.35,7.29,24.0,2,5
2011-10-18,2011,10,18,-0.01,0.03,0.0,2,5
2011-10-19,2011,10,19,0.0,0.03,0.0,2,5
2011-10-20,2011,10,20,0.0,0.02,0.0,2,5
2011-10-21,2011,10,21,0.11,0.9,2.0,2,5
2011-10-22,2011,10,22,0.15,0.82,4.0,2,5
2011-10-23,2011,10,23,0.44,3.07,4.0,2,5
2011-10-24,2011,10,24,0.11,0.88,2.0,2,5
2011-10-25,2011,10,25,0.13,1.38,1.0,2,5
2011-10-26,2011,10,26,0.0,0.01,0.0,2,5
2011-10-27,2011,10,27,0.03,0.22,1.0,2,5
2011-10-28,2011,10,28,0.76,4.1,5.0,2,5
2011-10-29,2011,10,29,0.0,0.03,0.0,2,5
2011-10-30,2011,10,30,0.3,1.77,4.0,2,5
2011-10-31,2011,10,31,0.16,1.05,4.0,2,5
2011-11-01,2011,11,1,0.5,2.17,8.0,2,5
2011-11-02,2011,11,2,0.22,0.87,6.0,2,5
2011-11-03,2011,11,3,0.0,0.03,0.0,2,5
2011-11-04,2011,11,4,0.0,0.09,0.0,2,5
2011-11-05,2011,11,5,0.0,0.01,0.0,2,5
2011-11-06,2011,11,6,0.0,0.01,0.0,2,5
2011-11-07,2011,11,7,0.0,0.01,0.0,2,5
2011-11-08,2011,11,8,0.01,0.1,1.0,2,5
2011-11-09,2011,11,9,0.0,0.02,0.0,2,5
2011-11-10,2011,11,10,0.35,1.66,6.0,2,5
2011-11-11,2011,11,11,0.65,4.21,4.0,2,5
2011-11-12,2011,11,12,0.0,0.01,0.0,2,5
2011-11-13,2011,11,13,0.0,0.02,0.0,2,5
2011-11-14,2011,11,14,0.0,0.03,0.0,2,5
2011-11-15,2011,11,15,0.1,0.73,3.0,2,5
2011-11-16,2011,11,16,0.03,0.35,1.0,2,5
2011-11-17,2011,11,17,0.13,0.79,4.0,2,5
2011-11-18,2011,11,18,0.0,0.09,0.0,2,5
2011-11-19,2011,11,19,-0.02,0.03,0.0,2,5
2011-11-20,2011,11,20,-0.02,0.02,0.0,2,5
2011-11-21,2011,11,21,1.22,5.13,19.0,2,5
2011-11-22,2011,11,22,1.35,6.28,9.0,2,5
2011-11-23,2011,11,23,0.16,0.77,4.0,2,5
2011-11-24,2011,11,24,0.31,1.65,4.0,2,5
2011-11-25,2011,11,25,0.92,3.6,11.0,2,5
2011-11-26,2011,11,26,3.3,8.85,34.0,2,5
2011-11-27,2011,11,27,0.0,0.12,1.0,2,5
2011-11-28,2011,11,28,0.13,1.16,2.0,2,5
2011-11-29,2011,11,29,-0.02,0.03,0.0,2,5
2011-11-30,2011,11,30,-0.01,0.03,0.0,2,5
2011-12-01,2011,12,1,0.96,1.47,32.0,2,5
2011-12-02,2011,12,2,-0.01,0.02,0.0,2,5
2011-12-03,2011,12,3,0.39,2.17,6.0,2,5
2011-12-04,2011,12,4,0.03,0.31,1.0,2,5
2011-12-05,2011,12,5,0.0,0.02,0.0,2,5
2011-12-06,2011,12,6,-0.01,0.03,0.0,2,5
2011-12-07,2011,12,7,0.0,0.01,0.0,2,5
2011-12-08,2011,12,8,1.06,5.46,6.0,2,5
2011-12-09,2011,12,9,0.04,0.34,1.0,2,5
2011-12-10,2011,12,10,0.06,0.49,1.0,2,5
2011-12-11,2011,12,11,0.25,1.66,2.0,2,5
2011-12-12,2011,12,12,0.13,0.72,3.0,2,5
2011-12-13,2011,12,13,2.41,7.67,21.0,2,5
2011-12-14,2011,12,14,-0.03,0.02,0.0,2,5
2011-12-15,2011,12,15,-0.02,0.02,0.0,2,5
2011-12-16,2011,12,16,0.04,0.38,1.0,2,5
2011-12-17,2011,12,17,0.25,1.42,5.0,2,5
2011-12-18,2011,12,18,1.18,2.8,20.0,2,5
2011-12-19,2011,12,19,0.0,0.13,1.0,2,5
2011-12-20,2011,12,20,-0.01,0.06,0.0,2,5
2011-12-21,2011,12,21,-0.02,0.06,0.0,2,5
2011-12-22,2011,12,22,0.03,0.26,2.0,2,5
2011-12-23,2011,12,23,1.04,2.97,17.0,2,5
2011-12-24,2011,12,24,2.03,5.62,27.0,2,5
2011-12-25,2011,12,25,0.07,0.38,3.0,2,5
2011-12-26,2011,12,26,0.35,1.44,8.0,2,5
2011-12-27,2011,12,27,-0.03,0.03,0.0,2,5
2011-12-28,2011,12,28,-0.01,0.02,0.0,2,5
2011-12-29,2011,12,29,0.0,0.02,0.0,2,5
2011-12-30,2011,12,30,0.13,0.83,2.0,2,5
2011-12-31,2011,12,31,0.28,2.25,1.0,2,5
2012-01-01,2012,1,1,0.97,4.32,12.0,2,5
2012-01-02,2012,1,2,0.08,0.6,2.0,2,5
2012-01-03,2012,1,3,0.0,0.11,0.0,2,1
2012-01-04,2012,1,4,0.0,0.1,1.0,2,5
2012-01-05,2012,1,5,0.1,0.65,4.0,2,5
2012-01-06,2012,1,6,0.51,2.05,13.0,2,5
2012-01-07,2012,1,7,0.02,0.09,0.0,2,5
2012-01-08,2012,1,8,-0.02,0.08,0.0,2,5
2012-01-09,2012,1,9,-0.06,0.05,0.0,2,5
2012-01-10,2012,1,10,0.07,0.86,2.0,2,5
2012-01-11,2012,1,11,1.13,4.77,12.0,2,5
2012-01-12,2012,1,12,0.0,0.27,0.0,2,1
2012-01-13,2012,1,13,0.61,2.57,9.0,2,5
2012-01-14,2012,1,14,0.0,0.14,1.0,2,5
2012-01-15,2012,1,15,-0.04,0.07,0.0,2,5
2012-01-16,2012,1,16,-0.03,0.02,0.0,2,5
2012-01-17,2012,1,17,0.0,0.32,0.0,2,1
2012-01-18,2012,1,18,-0.02,0.02,0.0,2,5
2012-01-19,2012,1,19,0.0,0.27,0.0,2,1
2012-01-20,2012,1,20,-0.01,0.08,0.0,2,5
2012-01-21,2012,1,21,-0.01,0.11,0.0,2,5
2012-01-22,2012,1,22,-0.02,0.08,0.0,2,5
2012-01-23,2012,1,23,-0.04,0.21,0.0,2,5
2012-01-24,2012,1,24,-0.02,0.17,0.0,2,5
2012-01-25,2012,1,25,0.64,4.68,7.0,2,5
2012-01-26,2012,1,26,0.06,0.29,4.0,2,5
2012-01-27,2012,1,27,-0.01,0.16,1.0,2,5
2012-01-28,2012,1,28,-0.01,0.09,0.0,2,5
2012-01-29,2012,1,29,-0.01,0.08,0.0,2,5
2012-01-30,2012,1,30,-0.02,0.11,0.0,2,5
2012-01-31,2012,1,31,-0.01,0.1,0.0,2,5
2012-02-01,2012,2,1,-0.01,0.12,0.0,2,5
2012-02-02,2012,2,2,0.08,0.56,2.0,2,5
2012-02-03,2012,2,3,0.58,2.19,12.0,2,5
2012-02-04,2012,2,4,0.72,3.33,8.0,2,5
2012-02-05,2012,2,5,0.01,0.13,0.0,2,5
2012-02-06,2012,2,6,4.43,13.39,21.0,2,5
2012-02-07,2012,2,7,0.06,0.46,2.0,2,5
2012-02-08,2012,2,8,-0.01,0.02,0.0,2,5
2012-02-09,2012,2,9,-0.01,0.05,0.0,2,5
2012-02-10,2012,2,10,-0.01,0.08,0.0,2,5
2012-02-11,2012,2,11,-0.01,0.08,0.0,2,5
2012-02-12,2012,2,12,0.45,2.57,5.0,2,5
2012-02-13,2012,2,13,0.2,1.29,3.0,2,5
2012-02-14,2012,2,14,0.05,0.34,1.0,2,5
2012-02-15,2012,2,15,0.0,0.01,0.0,2,5
2012-02-16,2012,2,16,0.0,0.01,0.0,2,5
2012-02-17,2012,2,17,-0.01,0.06,0.0,2,5
2012-02-18,2012,2,18,0.0,0.01,0.0,2,5
2012-02-19,2012,2,19,-0.01,0.08,0.0,2,5
2012-02-20,2012,2,20,-0.02,0.21,0.0,2,5
2012-02-21,2012,2,21,-0.05,0.21,0.0,2,5
2012-02-22,2012,2,22,-0.03,0.03,0.0,2,5
2012-02-23,2012,2,23,-0.03,0.05,0.0,2,5
2012-02-24,2012,2,24,-0.02,0.03,0.0,2,5
2012-02-25,2012,2,25,-0.02,0.06,0.0,2,5
2012-02-26,2012,2,26,0.0,0.02,0.0,2,5
2012-02-27,2012,2,27,0.18,1.48,3.0,2,5
2012-02-28,2012,2,28,0.0,0.01,0.0,2,5
2012-02-29,2012,2,29,0.0,0.01,0.0,2,5
2012-03-01,2012,3,1,0.0,0.01,0.0,2,5
2012-03-02,2012,3,2,-0.01,0.07,0.0,2,5
2012-03-03,2012,3,3,-0.01,0.05,0.0,2,5
2012-03-04,2012,3,4,-0.02,0.11,0.0,2,5
2012-03-05,2012,3,5,-0.02,0.1,0.0,2,5
2012-03-06,2012,3,6,-0.02,0.17,0.0,2,5
2012-03-07,2012,3,7,-0.01,0.09,0.0,2,5
2012-03-08,2012,3,8,-0.01,0.08,0.0,2,5
2012-03-09,2012,3,9,-0.01,0.04,0.0,2,5
2012-03-10,2012,3,10,1.06,2.77,20.0,2,5
2012-03-11,2012,3,11,0.0,0.03,0.0,2,5
2012-03-12,2012,3,12,-0.01,0.13,0.0,2,5
2012-03-13,2012,3,13,-0.02,0.16,0.0,2,5
2012-03-14,2012,3,14,-0.02,0.13,0.0,2,5
2012-03-15,2012,3,15,-0.02,0.15,0.0,2,5
2012-03-16,2012,3,16,-0.01,0.12,0.0,2,5
2012-03-17,2012,3,17,0.0,0.02,0.0,2,5
2012-03-18,2012,3,18,0.0,0.03,0.0,2,5
2012-03-19,2012,3,19,-0.01,0.04,0.0,2,5
2012-03-20,2012,3,20,0.0,0.03,0.0,2,5
2012-03-21,2012,3,21,-0.02,0.05,0.0,2,5
2012-03-22,2012,3,22,0.0,0.02,0.0,2,5
2012-03-23,2012,3,23,-0.01,0.15,0.0,2,5
2012-03-24,2012,3,24,-0.02,0.16,0.0,2,5
2012-03-25,2012,3,25,-0.01,0.14,0.0,2,5
2012-03-26,2012,3,26,0.0,0.01,0.0,2,5
2012-03-27,2012,3,27,-0.01,0.14,0.0,2,5
2012-03-28,2012,3,28,0.0,0.02,0.0,2,5
2012-03-29,2012,3,29,-0.03,0.11,0.0,2,5
2012-03-30,2012,3,30,0.0,0.01,0.0,2,5
2012-03-31,2012,3,31,-0.01,0.04,0.0,2,5
2012-04-01,2012,4,1,-0.01,0.05,0.0,2,5
2012-04-02,2012,4,2,0.1,0.92,1.0,2,5
2012-04-03,2012,4,3,0.0,0.05,0.0,2,5
2012-04-04,2012,4,4,0.0,0.02,0.0,2,5
2012-04-05,2012,4,5,0.26,2.05,3.0,2,5
2012-04-06,2012,4,6,0.01,0.08,0.0,2,5
2012-04-07,2012,4,7,0.0,0.02,0.0,2,5
2012-04-08,2012,4,8,0.0,0.02,0.0,2,5
2012-04-09,2012,4,9,0.01,0.07,0.0,2,5
2012-04-10,2012,4,10,0.01,0.09,0.0,2,5
2012-04-11,2012,4,11,0.0,0.07,0.0,2,5
2012-04-12,2012,4,12,0.04,0.18,1.0,2,5
2012-04-13,2012,4,13,0.1,0.94,1.0,2,5
2012-04-14,2012,4,14,0.0,0.05,0.0,2,5
2012-04-15,2012,4,15,0.0,0.03,0.0,2,5
2012-04-16,2012,4,16,1.68,5.92,11.0,2,5
2012-04-17,2012,4,17,0.67,3.08,6.0,2,5
2012-04-18,2012,4,18,2.19,9.87,11.0,2,5
2012-04-19,2012,4,19,0.56,2.69,5.0,2,5
2012-04-20,2012,4,20,0.0,0.04,0.0,2,5
2012-04-21,2012,4,21,-0.01,0.11,1.0,2,5
2012-04-22,2012,4,22,-0.02,0.03,0.0,2,5
2012-04-23,2012,4,23,0.14,0.98,2.0,2,5
2012-04-24,2012,4,24,0.28,1.57,5.0,2,5
2012-04-25,2012,4,25,-0.01,0.07,0.0,2,5
2012-04-26,2012,4,26,0.0,0.02,0.0,2,5
2012-04-27,2012,4,27,0.0,0.03,0.0,2,5
2012-04-28,2012,4,28,0.01,0.04,0.0,2,5
2012-04-29,2012,4,29,-0.02,0.18,0.0,2,5
2012-04-30,2012,4,30,0.17,0.82,4.0,2,5
2012-05-01,2012,5,1,0.32,1.77,3.0,2,5
2012-05-02,2012,5,2,0.1,0.58,2.0,2,5
2012-05-03,2012,5,3,0.61,2.2,10.0,2,5
2012-05-04,2012,5,4,0.16,1.57,1.0,2,5
2012-05-05,2012,5,5,-0.03,0.02,0.0,2,5
2012-05-06,2012,5,6,-0.02,0.06,0.0,2,5
2012-05-07,2012,5,7,-0.02,0.04,0.0,2,5
2012-05-08,2012,5,8,-0.01,0.01,0.0,2,5
2012-05-09,2012,5,9,0.0,0.15,1.0,2,5
2012-05-10,2012,5,10,-0.01,0.07,0.0,2,5
2012-05-11,2012,5,11,-0.01,0.01,0.0,2,5
2012-05-12,2012,5,12,0.24,1.6,4.0,2,5
2012-05-13,2012,5,13,,,,0,0
2012-05-14,2012,5,14,0.0,7.36,18.0,2,1
2012-05-15,2012,5,15,0.35,4.58,11.0,2,1
2012-05-16,2012,5,16,0.0,8.64,0.0,2,1
2012-05-17,2012,5,17,0.0,4.87,0.0,2,1
2012-05-18,2012,5,18,0.0,3.54,1.0,2,1
2012-05-19,2012,5,19,0.0,5.62,2.0,2,1
2012-05-20,2012,5,20,0.0,4.41,3.0,2,1
2012-05-21,2012,5,21,0.0,5.57,10.0,2,1
2012-05-22,2012,5,22,0.0,7.48,17.0,2,1
2012-05-23,2012,5,23,0.0,12.52,21.0,2,1
2012-05-24,2012,5,24,0.0,2.78,18.0,2,1
2012-05-25,2012,5,25,1.33,0.0,42.0,2,1
2012-05-26,2012,5,26,0.35,3.65,13.0,2,1
2012-05-27,2012,5,27,0.0,2.15,11.0,2,1
2012-05-28,2012,5,28,,1.91,12.0,0,1
2012-05-29,2012,5,29,,1.62,3.0,0,1
2012-05-30,2012,5,30,,1.33,3.0,0,1
2012-05-31,2012,5,31,,2.49,4.0,0,1
2012-06-01,2012,6,1,,1.68,3.0,0,1
2012-06-02,2012,6,2,,3.07,3.0,0,1
2012-06-03,2012,6,3,,3.65,2.0,0,1
2012-06-04,2012,6,4,0.0,3.3,2.0,2,1
2012-06-05,2012,6,5,,1.33,2.0,0,1
2012-06-06,2012,6,6,,1.28,2.0,0,1
2012-06-07,2012,6,7,,0.58,1.0,0,1
2012-06-08,2012,6,8,,1.39,2.0,0,1
2012-06-09,2012,6,9,,1.28,3.0,0,1
2012-06-10,2012,6,10,,1.97,5.0,0,1
2012-06-11,2012,6,11,,1.1,4.0,0,1
2012-06-12,2012,6,12,,0.99,2.0,0,1
2012-06-13,2012,6,13,0.0,0.87,6.0,2,1
2012-06-14,2012,6,14,0.0,1.8,7.0,2,1
2012-06-15,2012,6,15,0.06,2.09,11.0,2,1
2012-06-16,2012,6,16,0.0,1.91,12.0,2,1
2012-06-17,2012,6,17,0.0,1.1,3.0,2,1
2012-06-18,2012,6,18,,1.68,7.0,0,1
2012-06-19,2012,6,19,0.0,2.9,4.0,2,1
2012-06-20,2012,6,20,,1.45,8.0,0,1
2012-06-21,2012,6,21,0.0,0.87,7.0,2,1
2012-06-22,2012,6,22,0.0,1.57,16.0,2,1
2012-06-23,2012,6,23,0.29,2.9,18.0,2,1
2012-06-24,2012,6,24,0.06,1.33,4.0,2,1
2012-06-25,2012,6,25,0.46,39.6,12.0,2,1
2012-06-26,2012,6,26,0.23,5.51,11.0,2,1
2012-06-27,2012,6,27,0.0,5.57,5.0,2,1
2014-12-04,2014,12,4,0.0,1.78,0.0,2,1
2014-12-05,2014,12,5,0.19,1.54,4.0,2,1
2014-12-06,2014,12,6,0.05,11.53,8.0,2,1
2014-12-07,2014,12,7,0.05,5.52,15.0,2,1
2014-12-08,2014,12,8,0.0,1.82,11.0,2,1
2014-12-09,2014,12,9,0.0,0.67,7.0,2,1
2014-12-10,2014,12,10,0.1,1.58,5.0,2,1
2014-12-11,2014,12,11,0.19,10.18,2.0,2,1
2014-12-12,2014,12,12,0.0,3.75,2.0,2,1
2014-12-13,2014,12,13,0.0,3.36,1.0,2,1
2014-12-14,2014,12,14,0.0,5.38,0.0,2,1
2014-12-15,2014,12,15,1.3,40.87,12.0,2,1
2014-12-16,2014,12,16,1.3,49.95,7.0,2,1
2014-12-17,2014,12,17,0.0,2.16,1.0,2,1
2014-12-18,2014,12,18,0.48,4.85,6.0,2,1
2014-12-19,2014,12,19,1.82,34.91,13.0,2,1
2014-12-20,2014,12,20,4.37,0.0,13.0,2,1
2014-12-21,2014,12,21,,0.0,9.0,0,1
2014-12-22,2014,12,22,0.82,7.64,12.0,2,1
2014-12-23,2014,12,23,0.0,3.65,0.0,2,1
2014-12-24,2014,12,24,0.0,3.17,0.0,2,1
2014-12-25,2014,12,25,0.77,6.24,10.0,2,1
2014-12-26,2014,12,26,1.06,16.14,7.0,2,1
2014-12-27,2014,12,27,0.58,0.0,11.0,2,1
2014-12-28,2014,12,28,0.19,5.23,2.0,2,1
2014-12-29,2014,12,29,-0.05,5.67,0.0,2,1
2014-12-30,2014,12,30,0.67,7.54,6.0,2,1
2014-12-31,2014,12,31,0.0,4.08,7.0,2,1
2015-01-01,2015,1,1,0.0,4.27,2.0,2,1
2015-01-02,2015,1,2,0.0,4.75,7.0,2,1
2015-01-03,2015,1,3,0.0,3.03,11.0,2,1
2015-01-04,2015,1,4,0.0,3.12,14.0,2,1
2015-01-05,2015,1,5,0.0,2.5,18.0,2,1
2015-01-06,2015,1,6,0.0,3.55,21.0,2,1
2015-01-07,2015,1,7,0.0,3.99,18.0,2,1
2015-01-08,2015,1,8,0.0,3.46,22.0,2,1
2015-01-09,2015,1,9,0.0,5.33,21.0,2,1
2015-01-10,2015,1,10,0.0,3.89,12.0,2,1
2015-01-11,2015,1,11,0.0,5.19,3.0,2,1
2015-01-12,2015,1,12,0.0,5.09,7.0,2,1
2015-01-13,2015,1,13,0.0,4.95,8.0,2,1
2015-01-14,2015,1,14,0.0,4.03,2.0,2,1
2015-01-15,2015,1,15,0.0,4.23,2.0,2,1
2015-01-16,2015,1,16,0.0,2.4,8.0,2,1
2015-01-17,2015,1,17,0.14,5.62,9.0,2,1
2015-01-18,2015,1,18,0.62,6.58,6.0,2,1
2015-01-19,2015,1,19,0.0,2.31,0.0,2,1
2015-01-20,2015,1,20,0.0,2.59,0.0,2,1
2015-01-21,2015,1,21,0.1,6.77,1.0,2,1
2015-01-22,2015,1,22,0.0,2.26,0.0,2,1
2015-01-23,2015,1,23,0.0,1.3,0.0,2,1
2015-01-24,2015,1,24,-0.05,2.35,0.0,2,1
2015-01-25,2015,1,25,-0.05,2.16,0.0,2,1
2015-01-26,2015,1,26,0.0,4.03,0.0,2,1
2015-01-27,2015,1,27,0.0,1.39,1.0,2,1
2015-01-28,2015,1,28,0.0,3.41,1.0,2,1
2015-01-29,2015,1,29,0.0,4.13,0.0,2,1
2015-01-30,2015,1,30,0.0,2.45,0.0,2,1
2015-01-31,2015,1,31,0.29,27.09,3.0,2,1
2015-02-01,2015,2,1,0.0,2.31,0.0,2,1
2015-02-02,2015,2,2,0.58,6.2,3.0,2,1
2015-02-03,2015,2,3,-0.05,3.79,2.0,2,1
2015-02-04,2015,2,4,-0.05,3.36,1.0,2,1
2015-02-05,2015,2,5,-0.05,2.69,1.0,2,1
2015-02-06,2015,2,6,0.0,2.11,1.0,2,1
2015-02-07,2015,2,7,-0.05,2.4,1.0,2,1
2015-02-08,2015,2,8,-0.05,2.74,0.0,2,1
2015-02-09,2015,2,9,0.34,12.77,7.0,2,1
2015-02-10,2015,2,10,0.1,1.87,5.0,2,1
2015-02-11,2015,2,11,0.48,22.62,25.0,2,1
2015-02-12,2015,2,12,0.0,3.6,20.0,2,1
2016-03-07,2016,3,7,0.0,0.73,8.0,2,1
2016-03-08,2016,3,8,0.0,0.63,2.0,2,1
2016-03-09,2016,3,9,0.0,0.34,2.0,2,1
2016-03-10,2016,3,10,0.0,0.39,1.0,2,1
2016-03-11,2016,3,11,,,,0,0
2016-03-12,2016,3,12,-0.02,0.06,0.0,2,5
2016-03-13,2016,3,13,-0.02,0.05,0.0,2,5
2016-03-14,2016,3,14,-0.02,0.1,0.0,2,5
2016-03-15,2016,3,15,-0.01,0.03,0.0,2,5
2016-03-16,2016,3,16,-0.01,0.03,0.0,2,5
2016-03-17,2016,3,17,-0.01,0.02,0.0,2,5
2016-03-18,2016,3,18,-0.01,0.02,0.0,2,5
2016-03-19,2016,3,19,-0.01,0.02,0.0,2,5
2016-03-20,2016,3,20,-0.01,0.03,0.0,2,5
2016-03-21,2016,3,21,0.0,0.06,0.0,2,5
2016-03-22,2016,3,22,-0.01,0.06,0.0,2,5
2016-03-23,2016,3,23,0.0,0.04,0.0,2,5
2016-03-24,2016,3,24,0.0,0.03,0.0,2,5
2016-03-25,2016,3,25,0.0,0.01,0.0,2,5
2016-03-26,2016,3,26,0.0,0.04,0.0,2,5
2016-03-27,2016,3,27,0.01,0.12,0.0,2,5
2016-03-28,2016,3,28,0.01,0.08,0.0,2,5
2016-03-29,2016,3,29,0.0,0.02,0.0,2,5
2016-03-30,2016,3,30,0.0,0.01,0.0,2,5
2016-03-31,2016,3,31,0.0,0.01,0.0,2,5
2016-04-01,2016,4,1,0.0,0.01,0.0,2,5
2016-04-02,2016,4,2,0.0,0.03,0.0,2,5
2016-04-03,2016,4,3,0.0,0.01,0.0,2,5
2016-04-04,2016,4,4,0.0,0.01,0.0,2,5
2016-04-05,2016,4,5,0.0,0.03,0.0,2,5
2016-04-06,2016,4,6,0.2,1.45,3.0,2,5
2016-04-07,2016,4,7,-0.03,0.12,0.0,2,5
2016-04-08,2016,4,8,-0.01,0.04,0.0,2,5
2016-04-09,2016,4,9,-0.01,0.03,0.0,2,5
2016-04-10,2016,4,10,-0.01,0.02,0.0,2,5
2016-04-11,2016,4,11,-0.01,0.03,0.0,2,5
2016-04-12,2016,4,12,-0.01,0.04,0.0,2,5
2016-04-13,2016,4,13,0.0,0.04,0.0,2,5
2016-04-14,2016,4,14,-0.01,0.03,0.0,2,5
2016-04-15,2016,4,15,0.0,0.03,0.0,2,5
2016-04-16,2016,4,16,0.0,0.02,0.0,2,5
2016-04-17,2016,4,17,0.0,0.01,0.0,2,5
2016-04-18,2016,4,18,-0.01,0.04,0.0,2,5
2016-04-19,2016,4,19,-0.01,0.04,0.0,2,5
2016-04-20,2016,4,20,-0.02,0.05,0.0,2,5
2016-04-21,2016,4,21,-0.01,0.03,0.0,2,5
2016-04-22,2016,4,22,0.0,0.02,0.0,2,5
2016-04-23,2016,4,23,0.0,0.02,0.0,2,5
2016-04-24,2016,4,24,0.07,0.5,1.0,2,5
2016-04-25,2016,4,25,0.24,2.03,3.0,2,5
2016-04-26,2016,4,26,-0.01,0.06,0.0,2,5
2016-04-27,2016,4,27,0.0,0.06,0.0,2,5
2016-04-28,2016,4,28,0.0,0.09,0.0,2,5
2016-04-29,2016,4,29,-0.02,0.06,0.0,2,5
2016-04-30,2016,4,30,0.0,0.13,0.0,2,5
2016-05-01,2016,5,1,-0.01,0.08,0.0,2,5
2016-05-02,2016,5,2,-0.01,0.07,0.0,2,5
2016-05-03,2016,5,3,-0.01,0.05,0.0,2,5
2016-05-04,2016,5,4,0.28,2.37,2.0,2,5
2016-05-05,2016,5,5,0.06,0.66,2.0,2,5
2016-05-06,2016,5,6,0.0,0.01,0.0,2,5
2016-05-07,2016,5,7,0.0,0.01,0.0,2,5
2016-05-08,2016,5,8,0.0,0.01,0.0,2,5
2016-05-09,2016,5,9,0.51,2.98,5.0,2,5
2016-05-10,2016,5,10,0.0,0.01,0.0,2,5
2016-05-11,2016,5,11,0.0,0.02,0.0,2,5
2016-05-12,2016,5,12,0.56,3.79,4.0,2,5
2016-05-13,2016,5,13,-0.01,0.02,0.0,2,5
2016-05-14,2016,5,14,0.08,0.59,3.0,2,5
2016-05-15,2016,5,15,1.2,5.21,16.0,2,5
2016-05-16,2016,5,16,-0.02,0.07,0.0,2,5
2016-05-17,2016,5,17,0.0,0.01,0.0,2,5
2016-05-18,2016,5,18,0.48,1.83,8.0,2,5
2016-05-19,2016,5,19,-0.03,0.06,0.0,2,5
2016-05-20,2016,5,20,0.01,0.23,1.0,2,5
2016-05-21,2016,5,21,0.1,0.76,4.0,2,5
2016-05-22,2016,5,22,0.0,0.13,0.0,2,5
2016-05-23,2016,5,23,0.0,0.24,1.0,2,5
2016-05-24,2016,5,24,-0.03,0.03,0.0,2,5
2016-05-25,2016,5,25,-0.02,0.01,0.0,2,5
2016-05-26,2016,5,26,-0.01,0.02,0.0,2,5
2016-05-27,2016,5,27,0.0,0.02,0.0,2,5
2016-05-28,2016,5,28,0.54,3.82,3.0,2,5
2016-05-29,2016,5,29,0.07,0.45,2.0,2,5
2016-05-30,2016,5,30,0.05,0.69,2.0,2,5
2016-05-31,2016,5,31,0.4,2.88,6.0,2,5
2016-06-01,2016,6,1,-0.04,0.08,0.0,2,5
2016-06-02,2016,6,2,0.21,1.04,5.0,2,5
2016-06-03,2016,6,3,0.07,0.34,2.0,2,5
2016-06-04,2016,6,4,0.14,1.05,1.0,2,5
2016-06-05,2016,6,5,0.0,0.02,0.0,2,5
2016-06-06,2016,6,6,0.0,0.04,0.0,2,5
2016-06-07,2016,6,7,0.0,0.02,0.0,2,5
2016-06-08,2016,6,8,0.0,0.03,0.0,2,5
2016-06-09,2016,6,9,-0.01,0.06,0.0,2,5
2016-06-10,2016,6,10,0.0,0.03,0.0,2,5
2016-06-11,2016,6,11,0.0,0.04,0.0,2,5
2016-06-12,2016,6,12,0.0,0.13,1.0,2,5
2016-06-13,2016,6,13,0.29,2.71,1.0,2,5
2016-06-14,2016,6,14,1.11,6.4,10.0,2,5
2016-06-15,2016,6,15,0.01,0.05,0.0,2,5
2016-06-16,2016,6,16,0.0,0.02,0.0,2,5
2016-06-17,2016,6,17,-0.03,0.13,0.0,2,5
2016-06-18,2016,6,18,-0.04,0.28,1.0,2,5
2016-06-19,2016,6,19,0.1,1.13,3.0,2,5
2016-06-20,2016,6,20,0.34,1.61,6.0,2,5
2016-06-21,2016,6,21,0.77,2.42,16.0,2,5
2016-06-22,2016,6,22,0.26,1.47,4.0,2,5
2016-06-23,2016,6,23,1.0,4.69,13.0,2,5
2016-06-24,2016,6,24,0.41,1.81,7.0,2,5
2016-06-25,2016,6,25,1.12,5.02,7.0,2,5
2016-06-26,2016,6,26,0.0,0.01,0.0,2,5
2016-06-27,2016,6,27,0.0,0.01,0.0,2,5
2016-06-28,2016,6,28,0.0,0.02,0.0,2,5
2016-06-29,2016,6,29,0.0,0.02,0.0,2,5
2016-06-30,2016,6,30,0.0,0.02,0.0,2,5
2016-07-01,2016,7,1,0.0,0.01,0.0,2,5
2016-07-02,2016,7,2,0.0,0.01,0.0,2,5
2016-07-03,2016,7,3,0.0,0.01,0.0,2,5
2016-07-04,2016,7,4,0.0,0.02,0.0,2,5
2016-07-15,2016,7,15,0.13,1.1,2.0,2,5
2016-07-16,2016,7,16,0.57,2.6,7.0,2,5
2016-07-17,2016,7,17,-0.01,0.01,0.0,2,5
2016-07-18,2016,7,18,-0.01,0.05,0.0,2,5
2016-07-19,2016,7,19,1.26,6.49,9.0,2,5
2016-07-20,2016,7,20,1.96,8.52,17.0,2,5
2016-07-21,2016,7,21,0.6,2.17,13.0,2,5
2016-07-22,2016,7,22,0.32,0.86,11.0,2,5
2016-07-23,2016,7,23,1.22,8.66,4.0,2,5
2016-07-24,2016,7,24,0.03,0.18,1.0,2,5
2016-07-25,2016,7,25,0.01,0.12,0.0,2,5
2016-07-26,2016,7,26,0.7,2.74,8.0,2,5
2016-07-27,2016,7,27,0.28,1.53,4.0,2,5
2016-07-28,2016,7,28,-0.02,0.01,0.0,2,5
2016-07-29,2016,7,29,-0.01,0.09,0.0,2,5
2016-07-30,2016,7,30,-0.02,0.02,0.0,2,5
2016-07-31,2016,7,31,-0.02,0.01,0.0,2,5
2016-08-01,2016,8,1,-0.03,0.01,0.0,2,5
2016-08-02,2016,8,2,-0.02,0.01,0.0,2,5
2016-08-03,2016,8,3,-0.02,0.01,0.0,2,5
2016-08-04,2016,8,4,-0.01,0.01,0.0,2,5
2016-08-05,2016,8,5,-0.03,0.03,0.0,2,5
2016-08-06,2016,8,6,-0.02,0.01,0.0,2,5
2016-08-07,2016,8,7,-0.02,0.01,0.0,2,5
2016-08-08,2016,8,8,-0.01,0.01,0.0,2,5
2016-08-09,2016,8,9,0.0,0.01,0.0,2,5
2016-08-10,2016,8,10,-0.02,0.04,0.0,2,5
2016-08-11,2016,8,11,-0.04,0.08,0.0,2,5
2016-08-12,2016,8,12,-0.01,0.06,0.0,2,5
2016-08-13,2016,8,13,-0.04,0.08,0.0,2,5
2016-08-14,2016,8,14,-0.01,0.07,0.0,2,5
2016-08-15,2016,8,15,-0.06,0.18,0.0,2,5
2016-08-16,2016,8,16,-0.03,0.02,0.0,2,5
2016-08-17,2016,8,17,-0.03,0.01,0.0,2,5
2016-08-18,2016,8,18,-0.02,0.01,0.0,2,5
2016-08-19,2016,8,19,-0.02,0.01,0.0,2,5
2016-08-20,2016,8,20,-0.02,0.01,0.0,2,5
2016-08-21,2016,8,21,-0.02,0.01,0.0,2,5
2016-08-22,2016,8,22,-0.02,0.01,0.0,2,5
2016-08-23,2016,8,23,-0.01,0.01,0.0,2,5
2016-08-24,2016,8,24,0.1,1.02,2.0,2,5
2016-08-25,2016,8,25,0.01,0.11,0.0,2,5
2016-08-26,2016,8,26,2.93,5.61,43.0,2,5
2016-08-27,2016,8,27,0.2,0.65,6.0,2,5
2016-08-28,2016,8,28,0.49,2.27,9.0,2,5
2016-08-29,2016,8,29,0.0,0.02,0.0,2,5
2016-08-30,2016,8,30,0.81,4.53,12.0,2,5
2016-08-31,2016,8,31,0.5,1.66,11.0,2,5
2016-09-01,2016,9,1,-0.01,0.04,0.0,2,5
2016-09-02,2016,9,2,0.03,0.33,1.0,2,5
2016-09-03,2016,9,3,0.53,2.82,6.0,2,5
2016-09-04,2016,9,4,0.0,0.01,0.0,2,5
2016-09-05,2016,9,5,-0.01,0.02,0.0,2,5
2016-09-06,2016,9,6,-0.01,0.01,0.0,2,5
2016-09-07,2016,9,7,0.0,0.08,0.0,2,5
2016-09-08,2016,9,8,0.0,0.01,0.0,2,5
2016-09-09,2016,9,9,0.0,0.02,0.0,2,5
2016-09-10,2016,9,10,0.02,0.23,1.0,2,5
2016-09-11,2016,9,11,0.0,0.01,0.0,2,5
2016-09-12,2016,9,12,0.0,0.01,0.0,2,5
2016-09-13,2016,9,13,0.0,0.05,0.0,2,5
2016-09-14,2016,9,14,0.0,0.03,0.0,2,5
2016-09-15,2016,9,15,0.05,0.43,1.0,2,5
2016-09-16,2016,9,16,-0.01,0.01,0.0,2,5
2016-09-17,2016,9,17,0.0,0.01,0.0,2,5
2016-09-18,2016,9,18,0.73,3.22,7.0,2,5
2016-09-19,2016,9,19,0.0,0.01,0.0,2,5
2016-09-20,2016,9,20,-0.01,0.03,0.0,2,5
2016-09-21,2016,9,21,-0.02,0.1,0.0,2,5
2016-09-22,2016,9,22,-0.02,0.03,0.0,2,5
2016-09-23,2016,9,23,-0.03,0.1,0.0,2,5
2016-09-24,2016,9,24,0.0,0.02,0.0,2,5
2016-09-25,2016,9,25,-0.01,0.02,0.0,2,5
2016-09-26,2016,9,26,-0.07,0.21,0.0,2,5
2016-09-27,2016,9,27,-0.02,0.06,0.0,2,5
2016-09-28,2016,9,28,-0.02,0.01,0.0,2,5
2016-09-29,2016,9,29,-0.03,0.01,0.0,2,5
2016-09-30,2016,9,30,-0.01,0.11,0.0,2,5
2016-10-01,2016,10,1,-0.02,0.01,0.0,2,5
2016-10-02,2016,10,2,-0.02,0.01,0.0,2,5
2016-10-03,2016,10,3,-0.01,0.1,1.0,2,5
2016-10-04,2016,10,4,-0.02,0.01,0.0,2,5
2016-10-05,2016,10,5,-0.01,0.01,0.0,2,5
2016-10-06,2016,10,6,-0.02,0.01,0.0,2,5
2016-10-07,2016,10,7,-0.02,0.01,0.0,2,5
2016-10-08,2016,10,8,-0.02,0.01,0.0,2,5
2016-10-09,2016,10,9,-0.02,0.01,0.0,2,5
2016-10-10,2016,10,10,-0.02,0.01,0.0,2,5
2016-10-11,2016,10,11,-0.01,0.01,0.0,2,5
2016-10-12,2016,10,12,-0.01,0.04,0.0,2,5
2016-10-13,2016,10,13,0.0,0.02,0.0,2,5
2016-10-14,2016,10,14,0.16,1.5,2.0,2,5
2016-10-15,2016,10,15,0.04,0.47,1.0,2,5
2016-10-16,2016,10,16,0.96,5.04,8.0,2,5
2016-10-17,2016,10,17,0.16,0.71,5.0,2,5
2016-10-18,2016,10,18,0.29,0.88,10.0,2,5
2017-01-14,2017,1,14,0.0,0.3,0.0,2,1
2017-01-15,2017,1,15,0.0,0.3,0.0,2,1
2017-01-16,2017,1,16,0.0,0.3,0.0,2,1
2017-01-17,2017,1,17,0.0,0.3,0.0,2,1
2017-01-18,2017,1,18,0.0,0.3,0.0,2,1
2017-01-19,2017,1,19,0.0,0.3,0.0,2,1
2017-01-20,2017,1,20,0.5,17.1,5.0,2,1
2017-01-21,2017,1,21,0.3,9.4,12.0,2,1
2017-01-22,2017,1,22,1.0,18.7,10.0,2,1
2017-01-23,2017,1,23,0.0,0.3,0.0,2,1
2017-01-24,2017,1,24,0.0,0.3,0.0,2,1
2017-01-25,2017,1,25,0.5,5.0,3.0,2,1
2017-01-26,2017,1,26,0.0,0.3,0.0,2,1
2017-01-27,2017,1,27,0.9,22.5,1.0,2,1
2017-01-28,2017,1,28,0.4,13.4,2.0,2,1
2017-01-29,2017,1,29,0.0,0.2,0.0,2,1
2017-01-30,2017,1,30,0.0,0.2,0.0,2,1
2017-01-31,2017,1,31,0.0,0.2,0.0,2,1
2017-02-01,2017,2,1,0.0,0.2,0.0,2,1
2017-02-02,2017,2,2,0.1,1.0,1.0,2,1
2017-02-03,2017,2,3,0.0,0.2,0.0,2,1
2017-02-04,2017,2,4,0.0,0.2,0.0,2,1
2017-02-05,2017,2,5,0.0,0.2,0.0,2,1
2017-02-06,2017,2,6,0.0,0.2,0.0,2,1
2017-02-07,2017,2,7,0.0,0.2,0.0,2,1
2017-02-08,2017,2,8,0.0,0.2,0.0,2,1
2017-02-09,2017,2,9,0.0,0.2,0.0,2,1
2017-02-10,2017,2,10,0.0,0.2,0.0,2,1
2017-02-11,2017,2,11,0.0,0.2,0.0,2,1
2017-02-12,2017,2,12,0.0,1.3,0.0,2,1
2017-02-13,2017,2,13,0.2,6.2,2.0,2,1
2017-02-14,2017,2,14,0.0,0.2,0.0,2,1
2017-02-15,2017,2,15,0.0,0.3,0.0,2,1
2017-02-16,2017,2,16,0.0,0.3,0.0,2,1
2017-02-17,2017,2,17,0.0,0.3,0.0,2,1
2017-02-18,2017,2,18,0.0,0.2,0.0,2,1
2017-02-19,2017,2,19,0.0,0.2,0.0,2,1
2017-02-20,2017,2,20,0.0,0.2,0.0,2,1
2017-02-21,2017,2,21,0.0,0.2,0.0,2,1
2017-02-22,2017,2,22,0.0,0.2,0.0,2,1
2017-02-23,2017,2,23,0.6,6.5,2.0,2,1
2017-02-24,2017,2,24,0.0,0.6,3.0,2,1
2017-02-25,2017,2,25,0.6,23.7,11.0,2,1
2017-02-26,2017,2,26,0.2,7.1,26.0,2,1
2017-02-27,2017,2,27,0.0,0.2,0.0,2,1
2017-02-28,2017,2,28,0.0,0.3,0.0,2,1
2017-03-01,2017,3,1,0.5,14.9,11.0,2,1
2017-03-02,2017,3,2,0.1,3.9,2.0,2,1
2017-03-03,2017,3,3,0.0,0.2,0.0,2,1
2017-03-04,2017,3,4,0.0,0.2,0.0,2,1
2017-03-05,2017,3,5,0.0,0.2,0.0,2,1
2017-03-06,2017,3,6,0.0,0.2,0.0,2,1
2017-03-07,2017,3,7,0.0,0.1,0.0,2,1
2017-03-08,2017,3,8,0.0,0.2,0.0,2,1
2017-03-09,2017,3,9,0.0,0.2,0.0,2,1
2017-03-10,2017,3,10,0.0,0.2,0.0,2,1
2017-03-11,2017,3,11,0.0,0.1,0.0,2,1
2017-03-12,2017,3,12,0.0,0.2,0.0,2,1
2017-03-13,2017,3,13,0.0,0.1,0.0,2,1
2017-03-14,2017,3,14,0.0,0.2,0.0,2,1
2017-03-15,2017,3,15,0.0,0.2,0.0,2,1
2017-03-16,2017,3,16,0.0,0.2,0.0,2,1
2017-03-17,2017,3,17,0.0,0.3,0.0,2,1
2017-03-18,2017,3,18,0.0,0.2,0.0,2,1
2017-03-19,2017,3,19,0.0,0.2,0.0,2,1
2017-03-20,2017,3,20,0.0,0.1,0.0,2,1
2017-03-21,2017,3,21,0.0,0.3,0.0,2,1
2017-03-22,2017,3,22,0.0,0.3,0.0,2,1
2018-11-18,2018,11,18,0.5,9.2,11.0,2,1
2018-11-19,2018,11,19,0.0,0.6,1.0,2,1
2018-11-20,2018,11,20,0.0,0.4,1.0,2,1
2018-11-21,2018,11,21,0.0,0.2,0.0,2,1
2018-11-22,2018,11,22,0.0,0.2,0.0,2,1
2018-11-23,2018,11,23,0.0,0.8,1.0,2,1
2018-11-24,2018,11,24,0.0,0.5,3.0,2,1
2018-11-25,2018,11,25,0.3,3.4,3.0,2,1
2018-11-26,2018,11,26,0.0,0.4,0.0,2,1
2018-11-27,2018,11,27,0.0,0.9,2.0,2,1
2018-11-28,2018,11,28,0.0,0.5,2.0,2,1
2018-11-29,2018,11,29,0.0,0.5,2.0,2,1
2018-11-30,2018,11,30,0.1,10.5,5.0,2,1
2018-12-01,2018,12,1,0.1,1.2,5.0,2,1
2018-12-02,2018,12,2,0.0,0.7,5.0,2,1
2018-12-03,2018,12,3,0.0,0.7,6.0,2,1
2018-12-04,2018,12,4,0.0,9.0,5.0,2,1
2018-12-05,2018,12,5,0.9,8.5,15.0,2,1
2018-12-06,2018,12,6,0.8,2.0,19.0,2,1
2018-12-07,2018,12,7,0.2,1.2,7.0,2,1
2018-12-08,2018,12,8,0.0,0.6,4.0,2,1
2018-12-09,2018,12,9,0.0,0.5,2.0,2,1
2018-12-10,2018,12,10,0.4,8.5,13.0,2,1
2018-12-11,2018,12,11,0.2,2.4,3.0,2,1
2018-12-12,2018,12,12,1.5,8.0,14.0,2,1
2018-12-13,2018,12,13,0.6,4.0,8.0,2,1
2018-12-14,2018,12,14,0.7,5.3,6.0,2,1
2018-12-15,2018,12,15,0.4,8.5,4.0,2,1
2018-12-16,2018,12,16,0.4,8.7,6.0,2,1
2018-12-17,2018,12,17,0.0,0.4,1.0,2,1
2018-12-18,2018,12,18,0.0,0.4,1.0,2,1
2018-12-19,2018,12,19,0.6,8.9,10.0,2,1
2018-12-20,2018,12,20,1.5,6.4,13.0,2,1
2018-12-21,2018,12,21,0.0,0.2,0.0,2,1
2018-12-22,2018,12,22,0.6,4.4,5.0,2,1
2018-12-23,2018,12,23,0.0,0.7,0.0,2,1
2018-12-24,2018,12,24,0.0,0.1,0.0,2,1
2018-12-25,2018,12,25,0.0,0.2,0.0,2,1
2018-12-26,2018,12,26,0.8,5.4,3.0,2,1
2018-12-27,2018,12,27,0.0,0.2,0.0,2,1
2018-12-28,2018,12,28,0.0,0.2,0.0,2,1
2018-12-29,2018,12,29,0.0,0.3,0.0,2,1
2018-12-30,2018,12,30,0.0,0.3,0.0,2,1
2018-12-31,2018,12,31,0.0,0.4,0.0,2,1
2019-01-01,2019,1,1,0.0,0.6,0.0,2,1
2019-01-02,2019,1,2,0.1,1.5,1.0,2,1
2019-01-03,2019,1,3,0.2,2.0,3.0,2,1
2019-01-04,2019,1,4,0.0,0.3,0.0,2,1
2019-01-05,2019,1,5,0.0,0.3,0.0,2,1
2019-01-06,2019,1,6,0.1,2.9,6.0,2,1
2019-01-07,2019,1,7,0.2,0.8,10.0,2,1
2019-01-08,2019,1,8,0.0,0.2,0.0,2,1
2019-01-09,2019,1,9,0.0,0.3,0.0,2,1
2019-01-10,2019,1,10,0.0,0.3,0.0,2,1
2019-01-11,2019,1,11,0.0,0.3,0.0,2,1
2019-01-12,2019,1,12,0.2,2.9,1.0,2,1
2019-01-13,2019,1,13,0.0,0.2,0.0,2,1
2019-01-14,2019,1,14,0.0,0.4,1.0,2,1
2019-01-15,2019,1,15,0.2,2.3,2.0,2,1
2019-01-16,2019,1,16,0.0,0.3,0.0,2,1
2019-01-17,2019,1,17,0.0,0.5,1.0,2,1
2019-01-18,2019,1,18,0.0,0.6,1.0,2,1
2019-01-19,2019,1,19,0.0,0.3,0.0,2,1
2019-01-20,2019,1,20,0.7,5.7,7.0,2,1
2019-01-21,2019,1,21,0.1,1.1,3.0,2,1
2019-01-22,2019,1,22,3.2,19.6,22.0,2,1
2019-01-23,2019,1,23,0.2,2.9,1.0,2,1
2019-01-24,2019,1,24,0.0,0.3,0.0,2,1
2019-01-25,2019,1,25,0.0,0.3,0.0,2,1
2019-01-26,2019,1,26,0.0,0.3,0.0,2,1
2019-01-27,2019,1,27,0.0,0.4,0.0,2,1
2019-01-28,2019,1,28,0.0,0.3,0.0,2,1
2019-01-29,2019,1,29,0.0,0.3,0.0,2,1
2019-01-30,2019,1,30,0.0,0.3,0.0,2,1
2019-01-31,2019,1,31,0.0,0.7,1.0,2,1
2019-02-01,2019,2,1,0.0,0.4,0.0,2,1
2019-02-02,2019,2,2,1.3,6.1,8.0,2,1
2019-02-03,2019,2,3,0.0,0.2,0.0,2,1
2019-02-04,2019,2,4,1.1,11.0,5.0,2,1
2019-02-05,2019,2,5,0.0,0.4,1.0,2,1
2019-02-06,2019,2,6,0.0,0.3,0.0,2,1
2019-02-07,2019,2,7,0.0,0.3,0.0,2,1
2019-02-08,2019,2,8,0.0,0.3,0.0,2,1
2019-02-09,2019,2,9,0.0,0.5,1.0,2,1
2019-02-10,2019,2,10,0.0,0.3,0.0,2,1
2019-02-11,2019,2,11,0.0,0.3,0.0,2,1
2019-02-12,2019,2,12,0.0,0.7,1.0,2,1
2019-02-13,2019,2,13,0.0,0.3,0.0,2,1
2019-02-14,2019,2,14,0.0,0.3,0.0,2,1
2019-02-15,2019,2,15,0.0,0.3,0.0,2,1
2019-02-16,2019,2,16,0.0,0.3,1.0,2,1
2019-02-17,2019,2,17,0.0,0.2,0.0,2,1
2019-02-18,2019,2,18,0.0,0.2,0.0,2,1
2019-02-19,2019,2,19,0.0,0.4,0.0,2,1
2019-02-20,2019,2,20,0.0,0.3,0.0,2,1
2019-02-21,2019,2,21,0.0,0.4,0.0,2,1
2019-02-22,2019,2,22,0.0,0.3,0.0,2,1
2019-02-23,2019,2,23,0.0,0.3,0.0,2,1
2019-02-24,2019,2,24,0.0,0.3,0.0,2,1
2019-02-25,2019,2,25,0.0,0.3,0.0,2,1
2019-02-26,2019,2,26,0.0,0.3,0.0,2,1
2019-02-27,2019,2,27,0.0,0.3,0.0,2,1
2019-02-28,2019,2,28,0.1,1.0,2.0,2,1
2019-03-01,2019,3,1,0.0,0.2,0.0,2,1
2019-03-02,2019,3,2,0.0,0.2,0.0,2,1
2019-03-03,2019,3,3,0.0,0.3,0.0,2,1
2019-03-04,2019,3,4,0.0,0.3,0.0,2,1
2019-03-05,2019,3,5,0.0,0.8,1.0,2,1
2019-03-06,2019,3,6,0.0,0.4,2.0,2,1
2019-03-07,2019,3,7,0.0,0.3,0.0,2,1
2019-03-08,2019,3,8,0.0,0.2,0.0,2,1
2019-03-09,2019,3,9,0.0,0.4,1.0,2,1
2019-03-10,2019,3,10,0.0,0.3,0.0,2,1
2019-03-11,2019,3,11,0.0,0.3,0.0,2,1
2019-03-12,2019,3,12,0.0,0.3,0.0,2,1
2019-03-13,2019,3,13,0.0,0.3,0.0,2,1
2019-03-14,2019,3,14,0.0,0.2,0.0,2,1
2019-03-15,2019,3,15,0.0,0.3,0.0,2,1
2019-03-16,2019,3,16,0.0,0.3,0.0,2,1
2019-03-17,2019,3,17,0.0,0.3,0.0,2,1
2019-03-18,2019,3,18,0.0,0.3,0.0,2,1
2019-03-19,2019,3,19,0.0,0.2,0.0,2,1
2019-03-20,2019,3,20,0.0,0.2,0.0,2,1
2019-03-21,2019,3,21,0.0,0.2,0.0,2,1
2019-03-22,2019,3,22,0.0,0.2,0.0,2,1
2019-03-23,2019,3,23,0.0,0.2,0.0,2,1
2019-03-24,2019,3,24,0.0,0.2,0.0,2,1
2019-03-25,2019,3,25,0.0,0.2,0.0,2,1
2019-03-26,2019,3,26,0.0,0.2,0.0,2,1
2019-03-27,2019,3,27,0.0,0.2,0.0,2,1
2019-03-28,2019,3,28,0.0,0.4,0.0,2,1
2019-03-29,2019,3,29,0.1,1.2,1.0,2,1
2019-03-30,2019,3,30,0.0,0.4,0.0,2,1
2019-03-31,2019,3,31,0.1,0.7,1.0,2,1
2019-04-01,2019,4,1,0.3,3.8,2.0,2,1
2019-04-02,2019,4,2,0.0,0.3,0.0,2,1
2019-04-03,2019,4,3,0.6,5.0,4.0,2,1
2019-04-04,2019,4,4,0.2,15.0,3.0,2,1
2019-04-05,2019,4,5,0.0,0.2,0.0,2,1
2019-04-06,2019,4,6,0.0,0.2,0.0,2,1
2019-04-07,2019,4,7,0.1,0.7,1.0,2,1
2019-04-08,2019,4,8,0.0,0.1,0.0,2,1
2019-04-09,2019,4,9,0.1,2.4,1.0,2,1
2019-04-10,2019,4,10,0.2,3.3,1.0,2,1
2019-04-11,2019,4,11,0.0,0.2,0.0,2,1
2019-04-12,2019,4,12,0.0,0.2,0.0,2,1
2019-04-13,2019,4,13,0.0,0.2,0.0,2,1
2019-04-14,2019,4,14,0.0,0.2,0.0,2,1
2019-04-15,2019,4,15,0.0,0.2,0.0,2,1
2019-04-16,2019,4,16,0.4,13.1,0.0,2,1
2019-04-17,2019,4,17,0.1,14.3,1.0,2,1
2019-04-18,2019,4,18,0.0,0.2,0.0,2,1
2019-04-19,2019,4,19,0.0,0.2,0.0,2,1
2019-04-20,2019,4,20,0.0,0.3,0.0,2,1
2019-04-21,2019,4,21,0.0,0.2,0.0,2,1
2019-04-22,2019,4,22,0.0,0.4,0.0,2,1
2019-04-23,2019,4,23,0.0,0.2,0.0,2,1
2019-04-24,2019,4,24,0.0,0.2,0.0,2,1
2019-04-25,2019,4,25,0.0,0.2,0.0,2,1
2019-04-26,2019,4,26,0.0,0.1,0.0,2,1
2019-04-27,2019,4,27,1.2,6.7,8.0,2,1
2019-04-28,2019,4,28,1.3,6.6,9.0,2,1
2019-04-29,2019,4,29,2.1,7.5,20.0,2,1
2019-04-30,2019,4,30,0.6,3.2,8.0,2,1
2019-05-01,2019,5,1,0.0,0.6,1.0,2,1
2019-05-02,2019,5,2,0.0,0.2,0.0,2,1
2019-05-03,2019,5,3,0.1,1.2,1.0,2,1
2019-05-04,2019,5,4,0.0,0.3,0.0,2,1
2019-05-05,2019,5,5,0.0,0.2,0.0,2,1
2019-05-06,2019,5,6,0.0,0.2,0.0,2,1
2019-05-07,2019,5,7,0.0,0.2,0.0,2,1
2019-05-08,2019,5,8,0.0,0.2,0.0,2,1
2019-05-09,2019,5,9,0.0,0.2,0.0,2,1
2019-05-10,2019,5,10,0.0,0.2,0.0,2,1
2019-05-11,2019,5,11,0.6,4.1,6.0,2,1
2019-05-12,2019,5,12,0.6,3.4,11.0,2,1
2019-05-13,2019,5,13,0.0,0.2,0.0,2,1
2019-05-14,2019,5,14,0.0,0.2,0.0,2,1
2019-05-15,2019,5,15,0.0,0.2,0.0,2,1
2019-05-16,2019,5,16,0.4,5.4,2.0,2,1
2019-05-17,2019,5,17,0.1,1.3,1.0,2,1
2019-05-18,2019,5,18,0.0,0.3,0.0,2,1
2019-05-19,2019,5,19,0.0,0.2,0.0,2,1
2019-05-20,2019,5,20,0.9,9.0,9.0,2,1
2019-05-21,2019,5,21,0.0,0.2,0.0,2,1
2019-05-22,2019,5,22,0.0,1.1,1.0,2,1
2019-05-23,2019,5,23,0.0,0.2,0.0,2,1
2019-05-24,2019,5,24,0.0,0.2,0.0,2,1
2019-05-25,2019,5,25,0.0,0.3,1.0,2,1
2019-05-26,2019,5,26,0.0,0.2,0.0,2,1
2019-05-27,2019,5,27,0.0,0.2,0.0,2,1
2019-05-28,2019,5,28,0.0,0.3,0.0,2,1
2019-05-29,2019,5,29,0.1,2.0,1.0,2,1
2019-05-30,2019,5,30,0.1,0.6,3.0,2,1
2019-05-31,2019,5,31,0.1,1.2,3.0,2,1
2019-06-01,2019,6,1,0.5,3.8,4.0,2,1
2019-06-02,2019,6,2,0.0,0.8,7.0,2,1
2019-06-03,2019,6,3,0.0,0.5,2.0,2,1
2019-06-04,2019,6,4,0.0,0.5,1.0,2,1
2019-06-05,2019,6,5,0.0,0.4,0.0,2,1
2019-06-06,2019,6,6,0.0,0.4,1.0,2,1
2019-06-07,2019,6,7,0.0,0.7,5.0,2,1
2019-06-08,2019,6,8,0.0,0.6,4.0,2,1
2019-06-09,2019,6,9,0.4,4.1,6.0,2,1
2019-06-10,2019,6,10,0.0,0.3,0.0,2,1
2019-06-11,2019,6,11,0.0,0.3,0.0,2,1
2019-06-12,2019,6,12,0.0,0.4,0.0,2,1
2019-06-13,2019,6,13,0.2,2.0,2.0,2,1
2019-06-14,2019,6,14,0.0,0.2,0.0,2,1
2019-06-15,2019,6,15,0.0,0.2,0.0,2,1
2019-06-16,2019,6,16,0.0,0.3,0.0,2,1
2019-06-17,2019,6,17,0.0,0.3,0.0,2,1
2019-06-18,2019,6,18,0.0,0.2,0.0,2,1
2019-06-19,2019,6,19,0.0,0.2,0.0,2,1
2019-06-20,2019,6,20,0.0,0.4,0.0,2,1
2019-06-21,2019,6,21,0.0,0.2,0.0,2,1
2019-06-22,2019,6,22,0.0,0.2,0.0,2,1
2019-06-23,2019,6,23,0.0,0.2,0.0,2,1
2019-06-24,2019,6,24,0.9,4.0,18.0,2,1
2019-06-25,2019,6,25,0.2,2.4,2.0,2,1
2019-06-26,2019,6,26,0.1,1.4,1.0,2,1
2019-06-27,2019,6,27,0.0,0.5,0.0,2,1
2019-06-28,2019,6,28,0.0,0.7,1.0,2,1
2019-06-29,2019,6,29,-0.1,0.3,0.0,2,1
2019-06-30,2019,6,30,0.0,0.2,0.0,2,1
2019-07-01,2019,7,1,0.0,0.2,0.0,2,1
2019-07-02,2019,7,2,0.0,0.3,0.0,2,1
2019-07-03,2019,7,3,0.0,0.2,0.0,2,1
2019-07-04,2019,7,4,0.0,0.2,0.0,2,1
2019-07-05,2019,7,5,0.0,0.8,1.0,2,1
2019-07-06,2019,7,6,0.0,0.2,0.0,2,1
2019-07-07,2019,7,7,0.0,0.2,0.0,2,1
2019-07-08,2019,7,8,0.0,0.2,0.0,2,1
2019-07-09,2019,7,9,0.0,0.2,0.0,2,1
2019-07-10,2019,7,10,0.0,0.2,0.0,2,1
2019-07-11,2019,7,11,0.0,0.2,0.0,2,1
2019-07-12,2019,7,12,0.0,0.2,0.0,2,1
2019-07-13,2019,7,13,0.0,0.2,0.0,2,1
2019-07-14,2019,7,14,0.0,0.3,1.0,2,1
2019-07-15,2019,7,15,0.0,0.2,0.0,2,1
2019-07-16,2019,7,16,0.0,0.2,0.0,2,1
2019-07-17,2019,7,17,0.0,0.2,0.0,2,1
2019-07-18,2019,7,18,0.0,0.3,0.0,2,1
2019-07-19,2019,7,19,0.4,2.0,10.0,2,1
2019-07-20,2019,7,20,0.9,7.8,18.0,2,1
2019-07-21,2019,7,21,0.0,0.8,3.0,2,1
2019-07-22,2019,7,22,0.1,1.7,2.0,2,1
2019-07-23,2019,7,23,0.0,0.3,0.0,2,1
2019-07-24,2019,7,24,0.0,0.4,1.0,2,1
2019-07-25,2019,7,25,0.0,0.3,0.0,2,1
2019-07-26,2019,7,26,0.0,0.3,0.0,2,1
2019-07-27,2019,7,27,0.0,0.2,0.0,2,1
2019-07-28,2019,7,28,0.0,0.3,0.0,2,1
2019-07-29,2019,7,29,0.0,0.3,0.0,2,1
2019-07-30,2019,7,30,0.0,0.3,0.0,2,1
2019-07-31,2019,7,31,0.0,0.4,1.0,2,1
2019-08-01,2019,8,1,0.0,0.4,1.0,2,1
2019-08-02,2019,8,2,0.0,0.3,1.0,2,1
2019-08-03,2019,8,3,0.0,1.0,11.0,2,1
2019-08-04,2019,8,4,0.0,0.3,0.0,2,1
2019-08-05,2019,8,5,0.0,0.3,0.0,2,1
2019-08-06,2019,8,6,0.0,0.2,0.0,2,1
2019-08-07,2019,8,7,0.0,0.4,1.0,2,1
2019-11-28,2019,11,28,0.8,17.7,2.0,2,1
2019-11-29,2019,11,29,0.3,17.2,3.0,2,1
2019-11-30,2019,11,30,0.8,9.3,5.0,2,1
2019-12-01,2019,12,1,0.4,9.7,12.0,2,1
2019-12-02,2019,12,2,0.1,16.3,25.0,2,1
2019-12-03,2019,12,3,0.0,0.2,0.0,2,1
2019-12-04,2019,12,4,0.0,0.5,1.0,2,1
2019-12-05,2019,12,5,0.0,0.4,1.0,2,1
2019-12-06,2019,12,6,0.1,2.0,1.0,2,1
2019-12-07,2019,12,7,0.4,4.0,3.0,2,1
2019-12-08,2019,12,8,0.1,2.9,2.0,2,1
2019-12-09,2019,12,9,0.0,0.3,0.0,2,1
2019-12-10,2019,12,10,0.0,0.4,1.0,2,1
2019-12-11,2019,12,11,0.0,0.2,0.0,2,1
2019-12-12,2019,12,12,0.0,0.6,0.0,2,1
2019-12-13,2019,12,13,0.0,0.2,0.0,2,1
2019-12-14,2019,12,14,0.0,0.3,0.0,2,1
2019-12-15,2019,12,15,0.2,6.6,2.0,2,1
2019-12-16,2019,12,16,0.0,0.4,0.0,2,1
2019-12-17,2019,12,17,0.0,0.3,0.0,2,1
2019-12-18,2019,12,18,0.0,0.3,0.0,2,1
2019-12-19,2019,12,19,0.9,23.1,5.0,2,1
2019-12-20,2019,12,20,0.5,3.5,8.0,2,1
2019-12-21,2019,12,21,1.0,6.5,8.0,2,1
2019-12-22,2019,12,22,0.0,0.2,0.0,2,1
2019-12-23,2019,12,23,0.0,0.3,0.0,2,1
2019-12-24,2019,12,24,0.0,0.2,0.0,2,1
2019-12-25,2019,12,25,0.0,0.2,0.0,2,1
2019-12-26,2019,12,26,0.0,0.3,0.0,2,1
2019-12-27,2019,12,27,0.0,0.2,0.0,2,1
2019-12-28,2019,12,28,0.0,0.2,0.0,2,1
2019-12-29,2019,12,29,0.0,0.2,0.0,2,1
2019-12-30,2019,12,30,0.0,0.2,0.0,2,1
2019-12-31,2019,12,31,0.0,0.2,0.0,2,1
2020-01-01,2020,1,1,0.0,0.2,0.0,2,1
2020-01-02,2020,1,2,0.0,0.2,0.0,2,1
2020-01-03,2020,1,3,0.0,0.2,0.0,2,1
2020-01-04,2020,1,4,0.0,0.2,0.0,2,1
2020-01-05,2020,1,5,0.1,2.0,0.0,2,1
2020-01-06,2020,1,6,0.0,0.2,0.0,2,1
2020-01-07,2020,1,7,0.0,0.3,0.0,2,1
2020-01-08,2020,1,8,0.0,0.2,0.0,2,1
2020-01-09,2020,1,9,0.1,1.5,1.0,2,1
2020-01-10,2020,1,10,0.0,0.2,0.0,2,1
2020-01-11,2020,1,11,0.0,0.3,0.0,2,1
2020-01-12,2020,1,12,0.0,0.2,0.0,2,1
2020-01-13,2020,1,13,0.0,0.2,0.0,2,1
2020-01-14,2020,1,14,0.0,0.2,0.0,2,1
2020-01-15,2020,1,15,0.0,0.2,0.0,2,1
2020-01-16,2020,1,16,0.0,0.2,0.0,2,1
2020-01-17,2020,1,17,0.0,0.2,0.0,2,1
2020-01-18,2020,1,18,0.0,0.2,0.0,2,1
2020-01-19,2020,1,19,0.0,0.2,0.0,2,1
2020-01-20,2020,1,20,0.0,0.2,0.0,2,1
2020-01-21,2020,1,21,0.0,3.5,1.0,2,1
2020-01-22,2020,1,22,0.2,2.7,2.0,2,1
2020-01-23,2020,1,23,0.0,0.2,0.0,2,1
2020-01-24,2020,1,24,0.0,0.2,0.0,2,1
2020-01-25,2020,1,25,0.0,0.2,0.0,2,1
2020-01-26,2020,1,26,0.0,0.2,0.0,2,1
2020-01-27,2020,1,27,0.0,0.2,0.0,2,1
2020-01-28,2020,1,28,0.0,0.2,0.0,2,1
2020-01-29,2020,1,29,0.0,0.2,0.0,2,1
2020-01-30,2020,1,30,0.0,0.2,0.0,2,1
2020-01-31,2020,1,31,0.0,0.2,0.0,2,1
2020-02-01,2020,2,1,0.0,0.2,0.0,2,1
2020-02-02,2020,2,2,0.0,0.2,0.0,2,1
2020-02-03,2020,2,3,0.0,0.2,0.0,2,1
2020-02-04,2020,2,4,0.0,0.3,0.0,2,1
2020-02-05,2020,2,5,0.0,0.3,0.0,2,1
2020-02-06,2020,2,6,0.0,0.2,0.0,2,1
2020-02-07,2020,2,7,0.0,0.2,0.0,2,1
2020-02-08,2020,2,8,0.0,0.2,0.0,2,1
2020-02-09,2020,2,9,0.0,0.3,0.0,2,1
2020-02-10,2020,2,10,0.0,0.5,0.0,2,1
2020-02-11,2020,2,11,0.1,1.6,1.0,2,1
2020-02-12,2020,2,12,0.0,0.3,0.0,2,1
2020-02-13,2020,2,13,0.0,0.3,0.0,2,1
2020-02-14,2020,2,14,0.0,0.2,0.0,2,1
2020-02-15,2020,2,15,0.0,0.2,0.0,2,1
2020-02-16,2020,2,16,0.0,0.2,0.0,2,1
2020-02-17,2020,2,17,0.0,0.8,0.0,2,1
2020-02-18,2020,2,18,0.0,0.2,0.0,2,1
2020-02-19,2020,2,19,0.0,0.3,0.0,2,1
2020-02-20,2020,2,20,0.0,0.3,1.0,2,1
2020-02-21,2020,2,21,0.1,1.2,1.0,2,1
