Date,UWND,VWND,WSPD,WDIR
2005-01-01,5.5,,7.7,135.1
2005-01-02,,,1.8,202.3
2005-01-03,0.3,0.9,0.9,20.1
2005-01-04,1.3,1.3,1.8,44.2
2005-01-05,1.4,1.7,2.2,39.9
2005-01-06,4.8,3.5,6.0,54.0
2005-01-07,5.0,4.3,6.6,48.9
2005-01-08,9.2,2.6,9.6,74.1
2005-01-09,9.6,2.0,9.8,78.3
2005-01-10,8.9,3.4,9.5,69.0
2005-01-11,6.8,3.9,7.8,60.5
2005-01-12,7.4,3.8,8.4,62.7
2005-01-13,8.0,0.4,8.0,86.8
2005-01-14,7.9,0.6,7.9,85.8
2005-01-15,5.3,0.1,5.3,88.6
2005-01-16,2.1,,2.1,105.1
2005-01-17,1.3,0.0,1.3,91.3
2005-01-18,1.4,,1.6,119.4
2005-01-19,1.8,,3.6,151.2
2005-01-20,1.3,,1.7,130.5
2005-01-21,0.0,0.3,0.3,355.2
2005-01-22,,1.1,1.6,314.2
2005-01-23,,2.3,2.9,322.3
2005-01-24,,0.8,1.8,295.2
2005-01-25,,,2.9,193.6
2005-01-26,2.5,,3.4,133.2
2005-01-27,3.0,,3.1,107.4
2005-01-28,4.0,,4.1,100.0
2005-01-29,1.9,1.8,2.6,47.3
2005-01-30,1.6,0.5,1.7,72.8
2005-01-31,1.9,,2.4,129.8
2005-02-01,1.4,,2.6,149.0
2005-02-02,,,3.8,190.9
2005-02-03,,,2.7,224.0
2005-02-04,0.2,1.0,1.0,13.3
2005-02-05,2.2,2.1,3.1,45.5
2005-02-06,2.8,0.0,2.8,90.8
2005-02-07,0.5,,3.3,171.6
2005-02-08,,,1.7,227.9
2005-02-09,,1.4,1.9,314.4
2005-02-10,,,4.2,206.2
2005-02-11,0.5,,4.3,173.9
2005-02-12,0.7,,2.7,165.4
2005-02-13,,,2.2,242.6
2005-02-14,,,4.4,249.3
2005-02-15,,,1.7,261.2
2005-02-16,,1.6,1.6,358.2
2005-02-17,,,1.5,234.4
2005-02-18,,0.8,2.4,289.2
2005-02-19,0.2,0.8,0.8,13.1
2005-02-20,1.2,,1.4,118.2
2005-02-21,3.7,0.6,3.7,80.1
2005-02-22,3.0,0.3,3.0,84.0
2005-02-23,0.2,,1.2,168.9
2005-02-24,,0.8,1.7,298.4
2005-02-25,,2.9,3.1,339.1
2005-02-26,1.8,3.2,3.7,29.7
2005-02-27,,0.8,2.3,289.8
2005-02-28,,,3.0,210.3
2005-03-01,,0.7,1.1,310.6
2005-03-02,,2.5,2.8,334.6
2005-03-03,,2.5,3.5,314.6
2005-03-04,,,2.7,253.7
2005-03-05,,,2.2,228.0
2005-03-06,,1.1,1.5,317.3
2005-03-07,,,2.4,258.8
2005-03-08,,1.0,4.1,284.6
2005-03-09,0.6,,0.7,114.2
2005-03-10,0.5,,0.6,108.0
2005-03-11,1.6,0.6,1.8,69.4
2005-03-12,2.0,0.5,2.1,77.6
2005-03-13,2.4,,2.4,93.5
2005-03-14,2.5,,3.1,127.0
2005-03-15,0.7,,3.3,168.1
2005-03-16,1.3,,3.3,156.2
2005-03-17,2.9,,4.4,138.8
2005-03-18,4.3,,5.2,125.1
2005-03-19,3.4,,3.4,90.8
2005-03-20,3.7,1.8,4.1,64.9
2005-03-21,5.4,3.1,6.2,59.9
2005-03-22,2.5,,2.5,99.0
2005-03-23,2.4,0.9,2.6,68.4
2005-03-24,2.0,0.1,2.0,87.0
2005-03-25,5.1,,5.2,100.0
2005-03-26,4.5,,4.7,104.6
2005-03-27,4.5,0.8,4.6,80.5
2005-03-28,6.1,,6.1,94.0
2005-03-29,6.1,,6.4,106.7
2005-03-30,4.4,,5.4,125.5
2005-03-31,7.1,,8.1,118.8
2005-04-01,5.4,0.0,5.4,89.7
2005-04-02,2.4,3.5,4.2,33.9
2005-04-03,1.9,3.9,4.4,25.9
2005-04-04,0.3,3.6,3.6,4.3
2005-04-05,2.3,0.5,2.3,77.3
2005-04-06,2.3,,3.0,130.8
2005-04-07,,,1.4,182.4
2005-04-08,0.8,0.9,1.2,42.2
2005-04-09,0.0,0.1,0.1,18.4
2005-04-10,,,0.3,249.5
2005-04-11,,,1.4,231.2
2005-04-12,,,0.9,189.4
2005-04-13,0.9,,1.0,118.1
2005-04-14,3.4,,3.6,107.3
2005-04-15,4.2,,4.7,118.4
2005-04-16,3.7,0.9,3.8,76.7
2005-04-17,3.6,,3.6,91.3
2005-04-18,3.5,0.1,3.5,88.8
2005-04-19,1.4,,1.4,92.6
2005-04-20,2.8,,2.9,103.7
2005-04-21,1.9,,2.7,134.7
2005-04-22,1.6,1.5,2.2,47.9
2005-04-23,0.9,3.1,3.2,17.0
2005-04-24,,1.6,1.6,350.8
2005-04-25,0.7,,0.8,119.1
2005-04-26,1.6,1.2,2.0,51.8
2005-04-27,0.1,0.6,0.6,5.0
2005-04-28,0.1,0.8,0.8,6.8
2005-04-29,,0.9,1.6,305.2
2005-04-30,1.0,2.4,2.6,22.6
2005-05-01,0.3,0.5,0.6,32.6
2005-05-02,2.7,,3.9,136.6
2005-05-03,5.4,0.6,5.4,84.0
2005-05-04,6.5,,6.5,95.6
2005-05-05,3.3,,4.3,130.4
2005-05-06,5.5,0.1,5.5,88.7
2005-05-07,6.1,,6.1,93.3
2005-05-08,5.0,4.0,6.4,51.4
2005-05-09,7.9,4.5,9.1,60.1
2005-05-10,7.8,3.7,8.7,65.0
2005-05-11,6.8,3.9,7.8,59.9
2005-05-12,5.4,4.5,7.0,50.0
2005-05-13,2.2,3.6,4.2,32.0
2005-05-14,3.7,2.0,4.2,61.2
2005-05-15,3.9,1.8,4.3,65.8
2005-05-16,2.8,0.6,2.9,79.0
2005-05-17,3.2,,3.2,102.5
2005-05-18,3.1,,3.3,112.4
2005-05-19,,,2.4,187.5
2005-05-20,,,3.5,207.9
2005-05-21,,,3.9,261.2
2005-05-22,,1.4,3.4,294.0
2005-05-23,,3.0,3.3,337.1
2005-05-24,0.3,2.5,2.5,6.3
2005-05-25,,1.9,2.1,334.2
2005-05-26,,1.7,2.6,310.4
2005-05-27,,0.9,2.4,293.2
2005-05-28,,1.2,2.0,305.7
2005-05-29,,1.6,2.4,310.3
2005-05-30,0.0,,0.2,179.4
2005-05-31,1.0,2.1,2.4,26.0
2005-06-01,0.7,1.1,1.2,31.8
2005-06-02,1.4,0.5,1.5,71.1
2005-06-03,4.7,1.0,4.8,78.3
2005-06-04,,2.9,3.4,328.8
2005-06-05,,3.1,4.9,309.5
2005-06-06,,2.1,2.4,335.5
2005-06-07,2.7,2.7,3.8,45.6
2005-06-08,2.8,3.0,4.1,42.4
2005-06-09,0.0,1.6,1.6,358.8
2005-06-10,2.3,,3.4,137.8
2005-06-11,3.7,0.7,3.8,79.4
2005-06-12,7.2,2.9,7.7,68.0
2005-06-13,5.5,1.4,5.7,75.8
2005-06-14,6.1,0.4,6.2,86.7
2005-06-15,8.0,0.9,8.0,83.7
2005-06-16,7.9,1.6,8.0,78.8
2005-06-17,7.2,2.6,7.6,70.2
2005-06-18,8.6,2.4,8.9,74.3
2005-06-19,7.7,4.4,8.8,60.4
2005-06-20,5.9,3.7,7.0,58.0
2005-06-21,5.3,2.0,5.7,69.6
2005-06-22,3.1,1.4,3.4,66.8
2005-06-23,3.8,2.6,4.6,55.7
2005-06-24,5.9,3.0,6.6,63.3
2005-06-25,5.6,2.9,6.3,62.6
2005-06-26,3.9,2.0,4.3,62.5
2005-06-27,4.2,0.0,4.2,89.7
2005-06-28,3.8,0.0,3.8,90.7
2005-06-29,0.1,0.0,0.1,80.6
2005-06-30,,1.1,1.9,306.0
2005-07-01,0.9,0.5,1.1,59.9
2005-07-02,3.0,3.1,4.3,44.3
2005-07-03,2.1,2.2,3.1,43.7
2005-07-04,0.1,0.9,0.9,9.3
2005-07-05,0.1,1.6,1.6,2.4
2005-07-06,,0.5,0.5,350.9
2005-07-07,4.2,3.4,5.4,51.5
2005-07-08,3.2,3.0,4.4,47.1
2005-07-09,6.4,0.8,6.5,83.4
2005-07-10,7.9,,8.0,100.2
2005-07-11,6.8,,6.8,92.1
2005-07-12,7.9,0.7,7.9,84.9
2005-07-13,7.4,3.8,8.3,62.6
2005-07-14,5.9,0.2,5.9,88.0
2005-07-15,2.8,,3.8,131.6
2005-07-16,4.0,,5.8,137.3
2005-07-17,3.6,,5.0,133.0
2005-07-18,3.0,0.3,3.1,84.1
2005-07-19,3.0,4.0,5.0,36.5
2005-07-20,3.9,2.5,4.6,57.8
2005-07-21,3.9,2.3,4.5,59.6
2005-07-22,1.3,4.6,4.8,15.6
2005-07-23,2.1,4.5,5.0,24.7
2005-07-24,1.8,4.7,5.0,20.7
2005-07-25,3.3,4.1,5.2,39.3
2005-07-26,0.9,7.1,7.1,7.5
2005-07-27,0.3,,7.7,1.9
2005-07-28,,5.3,5.4,346.5
2005-07-29,,4.5,4.5,357.2
2005-07-30,1.2,5.5,5.7,12.0
2005-07-31,0.8,6.0,6.1,8.0
2005-08-01,1.5,4.5,4.8,18.3
2005-08-02,0.9,4.5,4.6,11.9
2005-08-03,,6.0,6.4,341.6
2005-08-04,,5.2,5.2,351.5
2005-08-05,2.3,2.0,3.0,49.3
2005-08-06,3.5,1.8,3.9,62.9
2005-08-07,4.0,3.2,5.1,51.1
2005-08-08,4.0,3.7,5.5,47.5
2005-08-09,2.0,2.8,3.4,36.2
2005-08-10,1.6,2.9,3.3,29.5
2005-08-11,4.7,5.7,7.4,39.9
2005-08-12,3.3,6.5,7.3,27.4
2005-08-13,,7.2,7.2,358.8
2005-08-14,,4.5,5.6,322.4
2005-08-15,,3.1,3.8,324.3
2005-08-16,0.9,1.0,1.3,41.7
2005-08-17,3.4,2.0,4.0,59.5
2005-08-18,1.2,2.6,2.8,24.5
2005-08-19,1.5,1.4,2.0,48.1
2005-08-20,0.2,2.1,2.1,5.8
2005-08-21,1.3,4.3,4.5,16.8
2005-08-22,0.7,3.0,3.1,12.4
2005-08-23,2.9,1.4,3.2,63.5
2005-08-24,3.5,,3.5,91.1
2005-08-25,5.7,,5.7,99.2
2005-08-26,4.3,,4.4,103.9
2005-08-27,4.2,,4.2,99.4
2005-08-28,2.2,,2.2,99.1
2005-08-29,1.6,0.7,1.7,66.7
2005-08-30,6.1,,6.2,101.6
2005-08-31,8.9,,9.2,104.8
2005-09-01,8.9,,9.2,105.4
2005-09-02,5.4,,5.4,99.1
2005-09-03,5.6,,5.9,106.9
2005-09-04,6.1,,8.1,130.4
2005-09-05,10.1,,,111.2
2005-09-06,7.7,,8.1,108.8
2005-09-07,6.6,,7.1,111.4
2005-09-08,4.6,0.3,4.7,86.6
2005-09-09,1.3,2.8,3.1,24.5
2005-09-10,0.6,1.6,1.8,20.7
2005-09-11,1.6,0.8,1.8,62.3
2005-09-12,2.3,1.1,2.5,63.4
2005-09-13,0.6,3.0,3.1,10.6
2005-09-14,0.8,3.2,3.3,14.6
2005-09-15,,3.3,3.4,350.3
2005-09-16,0.8,3.5,3.6,13.5
2005-09-17,1.4,3.0,3.4,24.9
2005-09-18,2.3,2.7,3.5,40.5
2005-09-19,2.9,2.4,3.7,50.2
2005-09-20,0.2,1.6,1.6,9.2
2005-09-21,,1.1,2.8,293.8
2005-09-22,,1.6,2.5,311.2
2005-09-23,1.6,,2.1,130.2
2005-09-24,3.8,0.9,3.9,77.0
2005-09-25,2.3,2.5,3.4,42.8
2005-09-26,0.4,3.0,3.0,7.5
2005-09-27,,2.6,3.1,325.0
2005-09-28,0.4,,0.9,151.3
2005-09-29,3.7,,3.9,110.3
2005-09-30,2.6,,3.2,126.4
2005-10-01,5.9,,6.4,112.4
2005-10-02,3.8,0.7,3.9,80.2
2005-10-03,3.6,2.1,4.2,59.8
2005-10-04,0.8,2.2,2.3,19.8
2005-10-05,,3.2,3.5,336.0
2005-10-06,0.3,3.0,3.0,5.2
2005-10-07,3.6,1.9,4.1,62.1
2005-10-08,4.4,,4.7,109.1
2005-10-09,9.0,,9.0,91.0
2005-10-10,9.1,,9.3,101.7
2005-10-11,8.0,,8.3,104.9
2005-10-12,4.4,,7.6,145.0
2005-10-13,3.1,,6.3,150.1
2005-10-14,2.8,,5.4,148.7
2005-10-15,3.1,,3.1,99.9
2005-10-16,3.0,0.2,3.0,86.0
2005-10-17,4.9,3.6,6.0,54.0
2005-10-18,6.0,0.8,6.0,82.7
2005-10-19,5.2,2.5,5.8,64.5
2005-10-20,5.3,1.0,5.4,79.1
2005-10-21,3.1,1.8,3.6,59.6
2005-10-22,2.8,3.9,4.8,35.9
2005-10-23,4.9,0.9,5.0,79.1
2005-10-24,2.6,1.8,3.2,55.1
2005-10-25,2.6,2.7,3.7,44.1
2005-10-26,1.3,4.3,4.5,16.3
2005-10-27,1.5,0.2,1.5,83.6
2005-10-28,2.2,,5.0,153.9
2005-10-29,4.7,,4.7,94.3
2005-10-30,4.5,0.4,4.5,85.3
2005-10-31,7.1,1.3,7.2,79.3
2005-11-01,9.5,,9.6,95.0
2005-11-02,7.8,,7.9,99.1
2005-11-03,6.3,1.3,6.4,78.2
2005-11-04,5.1,3.6,6.3,55.0
2005-11-05,5.2,3.0,6.0,59.7
2005-11-06,4.7,2.0,5.1,66.9
2005-11-07,1.1,3.7,3.9,16.6
2005-11-08,,5.0,5.0,350.8
2005-11-09,0.8,2.0,2.1,20.5
2005-11-10,1.2,,1.3,94.8
2005-11-11,2.4,0.1,2.4,86.4
2005-11-12,0.2,,1.0,165.1
2005-11-13,2.6,,4.6,145.6
2005-11-14,8.2,,8.3,96.8
2005-11-15,9.8,2.4,10.1,76.5
2005-11-16,9.2,3.2,9.7,70.5
2005-11-17,8.8,1.1,8.8,82.9
2005-11-18,9.5,0.9,9.5,84.6
2005-11-19,9.6,2.1,9.8,77.4
2005-11-20,7.3,1.4,7.4,79.2
2005-11-21,5.3,,5.3,98.3
2005-11-22,5.5,,5.9,110.6
2005-11-23,4.3,,5.4,127.4
2005-11-24,3.8,,4.3,118.0
2005-11-25,4.2,,4.2,100.2
2005-11-26,3.8,,3.8,92.3
2005-11-27,2.9,1.6,3.4,60.6
2005-11-28,1.2,4.4,4.5,15.9
2005-11-29,1.5,4.0,4.2,21.1
2005-11-30,2.2,3.6,4.2,31.2
2005-12-01,2.0,4.1,4.6,26.0
2005-12-02,1.2,2.8,3.1,23.4
2005-12-03,4.1,0.3,4.1,85.3
2005-12-04,5.7,,6.2,112.3
2005-12-05,4.9,,5.0,105.1
2005-12-06,5.9,,5.9,91.2
2005-12-07,5.0,0.8,5.1,80.4
2005-12-08,5.2,0.9,5.2,80.0
2005-12-09,4.1,0.3,4.1,85.6
2005-12-10,5.8,,7.2,126.0
2005-12-11,4.8,,5.6,122.2
2005-12-12,3.9,,4.9,127.2
2005-12-13,5.4,,5.9,113.8
2005-12-14,6.8,0.0,6.8,89.8
2005-12-15,6.2,1.1,6.2,79.9
2005-12-16,5.5,0.2,5.5,88.2
2005-12-17,6.3,,6.3,95.6
2005-12-18,7.2,,7.5,105.2
2005-12-19,6.4,,7.0,113.7
2005-12-20,8.1,,8.2,95.2
2005-12-21,7.3,,7.4,100.6
2005-12-22,6.4,,6.9,111.7
2005-12-23,6.2,,7.4,122.6
2005-12-24,3.2,,4.0,125.4
2005-12-25,0.1,0.7,0.7,12.2
2005-12-26,0.6,1.1,1.2,28.2
2005-12-27,2.4,,2.8,120.9
2005-12-28,2.2,,3.4,138.1
2005-12-29,3.1,,3.6,122.3
2005-12-30,2.6,,5.9,153.7
2005-12-31,1.7,,2.8,141.9
2006-01-01,3.6,0.8,3.7,76.8
2006-01-02,5.5,1.0,5.6,79.7
2006-01-03,5.1,,5.1,96.1
2006-01-04,4.6,0.1,4.6,89.0
2006-01-05,4.1,1.9,4.5,65.0
2006-01-06,3.4,,3.8,119.1
2006-01-07,4.8,,5.7,121.5
2006-01-08,5.5,,6.3,119.0
2006-01-09,5.8,,6.0,107.8
2006-01-10,5.3,1.0,5.4,79.0
2006-01-11,3.7,1.2,3.9,71.6
2006-01-12,0.1,,1.9,177.7
2006-01-13,1.1,,3.0,158.1
2006-01-14,4.9,,5.2,110.8
2006-01-15,5.0,,5.4,112.2
2006-01-16,4.8,,4.8,90.9
2006-01-17,3.3,,4.8,135.9
2006-01-18,0.2,,1.2,169.2
2006-01-19,1.0,,1.6,139.4
2006-01-20,2.3,,2.6,116.5
2006-01-21,4.9,,5.6,118.8
2006-01-22,3.8,,5.9,140.6
2006-01-23,2.9,,6.9,155.2
2006-01-24,2.7,,6.2,153.7
2006-01-25,2.0,,3.2,140.9
2006-01-26,2.6,,2.8,110.8
2006-01-27,2.7,,3.7,133.3
2006-01-28,1.3,,3.7,159.7
2006-01-29,1.9,,4.5,155.0
2006-01-30,2.4,,5.6,154.3
2006-01-31,0.6,,4.9,173.1
2006-02-01,,,3.5,216.8
2006-02-02,,,3.6,230.3
2006-02-03,,,1.7,267.7
2006-02-04,0.8,0.7,1.1,49.1
2006-02-05,1.4,,1.6,119.3
2006-02-06,0.5,1.6,1.7,15.7
2006-02-07,,3.3,3.4,346.6
2006-02-08,,,1.3,200.2
2006-02-09,3.3,,4.6,133.7
2006-02-10,1.0,,3.7,164.1
2006-02-11,0.1,,0.3,161.7
2006-02-12,1.0,4.3,4.4,13.5
2006-02-13,0.5,1.3,1.4,21.4
2006-02-14,1.9,,2.0,106.5
2006-02-15,2.8,0.5,2.9,81.0
2006-02-16,1.3,2.7,3.0,25.3
2006-02-17,2.4,1.7,2.9,54.2
2006-02-18,0.3,,0.8,159.9
2006-02-19,,0.2,0.5,291.5
2006-02-20,,1.3,1.4,336.2
2006-02-21,,1.6,1.8,334.0
2006-02-22,0.0,1.4,1.4,359.5
2006-02-23,,,1.8,228.8
2006-02-24,,0.2,0.3,317.9
2006-02-25,2.6,0.2,2.6,85.2
2006-02-26,1.9,1.8,2.6,46.9
2006-02-27,2.0,3.0,3.6,34.0
2006-02-28,,2.5,2.7,341.4
2006-03-01,,2.9,3.2,337.0
2006-03-02,0.6,2.7,2.7,12.1
2006-03-03,1.3,,1.5,123.8
2006-03-04,1.4,,3.4,156.0
2006-03-05,,,1.9,241.2
2006-03-06,,0.1,0.9,277.0
2006-03-07,0.5,,0.7,135.0
2006-03-08,1.2,0.3,1.3,75.0
2006-03-09,1.5,0.1,1.5,85.2
2006-03-10,0.1,1.0,1.0,5.7
2006-03-11,1.6,0.5,1.6,72.2
2006-03-12,3.5,0.0,3.5,90.2
2006-03-13,2.9,1.6,3.3,61.2
2006-03-14,3.4,1.4,3.7,68.6
2006-03-15,1.3,,1.6,124.6
2006-03-16,4.7,,5.0,108.7
2006-03-17,7.3,,7.3,96.8
2006-03-18,3.6,,4.5,126.6
2006-03-19,5.1,1.1,5.2,78.2
2006-03-20,6.4,0.2,6.4,88.4
2006-03-21,8.2,,8.3,99.8
2006-03-22,8.9,1.1,9.0,83.1
2006-03-23,7.3,0.0,7.3,89.8
2006-03-24,7.0,1.1,7.1,80.8
2006-03-25,7.3,,7.4,99.9
2006-03-26,9.1,,9.1,97.0
2006-03-27,7.1,0.8,7.2,83.8
2006-03-28,5.4,1.6,5.6,73.5
2006-03-29,4.3,1.4,4.5,72.7
2006-03-30,4.9,0.4,4.9,85.4
2006-03-31,4.0,0.3,4.0,86.0
2006-04-01,4.5,0.0,4.5,90.2
2006-04-02,4.2,,4.4,105.1
2006-04-03,4.8,,4.8,96.9
2006-04-04,5.5,,5.6,103.0
2006-04-05,4.9,,5.9,124.0
2006-04-06,5.4,,7.4,133.7
2006-04-07,4.1,,6.0,136.8
2006-04-08,5.7,,5.9,104.0
2006-04-09,4.2,1.9,4.6,65.2
2006-04-10,3.5,1.9,4.0,62.2
2006-04-11,4.1,0.6,4.2,82.3
2006-04-12,3.6,0.6,3.6,79.8
2006-04-13,1.6,1.1,1.9,56.0
2006-04-14,,,0.8,198.1
2006-04-15,,0.2,0.3,301.0
2006-04-16,0.0,,0.3,189.2
2006-04-17,0.9,,0.9,101.8
2006-04-18,3.5,,4.3,124.9
2006-04-19,4.0,,5.7,135.3
2006-04-20,5.9,,6.4,112.8
2006-04-21,6.8,,6.8,98.0
2006-04-22,8.7,0.9,8.7,83.7
2006-04-23,8.5,2.8,9.0,71.5
2006-04-24,7.9,3.5,8.7,65.9
2006-04-25,6.3,2.3,6.7,69.7
2006-04-26,7.7,1.5,7.9,79.0
2006-04-27,5.3,2.6,5.9,64.5
2006-04-28,4.8,0.8,4.8,80.7
2006-04-29,5.1,,5.3,105.1
2006-04-30,3.9,,4.3,117.7
2006-05-01,2.7,,2.7,104.2
2006-05-02,1.5,1.4,2.1,46.0
2006-05-03,1.4,,1.5,100.2
2006-05-04,2.3,,2.3,100.2
2006-05-05,1.9,0.9,2.1,65.5
2006-05-06,,2.2,2.2,358.7
2006-05-07,,3.0,3.4,334.4
2006-05-08,,0.2,1.8,277.7
2006-05-09,,0.5,0.9,304.4
2006-05-10,,0.6,0.8,326.4
2006-05-11,,1.5,1.6,339.8
2006-05-12,0.1,1.4,1.4,4.0
2006-05-13,,,1.1,232.1
2006-05-14,,,0.6,232.6
2006-05-15,0.6,0.2,0.6,68.2
2006-05-16,1.8,2.8,3.4,32.3
2006-05-17,0.4,1.2,1.3,18.8
2006-05-18,,4.2,4.2,348.3
2006-05-19,0.5,3.0,3.0,9.8
2006-05-20,2.6,4.1,4.9,32.3
2006-05-21,2.5,2.5,3.5,44.2
2006-05-22,,3.4,3.4,357.6
2006-09-12,,,2.5,240.9
2006-09-13,,1.6,3.4,297.2
2006-09-14,,4.3,5.9,316.7
2006-09-15,,3.1,5.4,304.8
2006-09-16,,1.4,5.2,285.9
2006-09-17,,2.0,6.3,288.3
2006-09-18,,4.4,7.3,306.9
2006-09-19,,4.8,7.2,311.4
2006-09-20,,2.9,5.6,300.6
2006-09-21,,3.4,6.2,303.2
2006-09-22,,2.9,5.3,303.0
2006-09-23,,4.0,5.2,318.8
2006-09-24,,4.2,5.1,325.7
2006-09-25,,3.4,4.6,318.0
2006-09-26,,4.6,5.4,328.0
2006-09-27,,6.5,7.4,331.6
2006-09-28,,4.9,4.9,357.5
2006-09-29,,3.8,4.8,323.1
2006-09-30,,3.8,5.0,319.2
2006-10-01,,4.5,4.8,337.5
2006-10-02,,3.8,4.5,327.4
2006-10-03,,6.5,7.5,328.9
2006-10-04,,6.2,7.5,326.8
2006-10-05,,5.8,6.2,338.5
2006-10-06,,4.4,5.0,333.1
2006-10-07,,3.1,5.2,306.2
2006-10-08,,2.8,5.9,298.5
2006-10-09,,2.0,5.4,292.1
2006-10-10,,2.9,4.8,307.3
2006-10-11,,1.2,2.8,296.1
2006-10-12,,0.6,4.4,278.3
2006-10-13,,2.1,6.7,288.7
2006-10-14,,3.0,6.5,297.2
2006-10-15,,1.8,5.2,291.0
2006-10-16,,3.6,6.7,302.6
2006-10-17,,3.8,7.1,302.1
2006-10-18,,4.2,6.3,312.5
2006-10-19,,4.2,5.2,323.8
2006-10-20,,1.2,5.1,283.8
2006-10-21,,1.1,3.8,286.9
2006-10-22,,1.1,4.2,285.0
2006-10-23,,1.5,3.8,294.1
2006-10-24,,,2.9,240.9
2006-10-25,,,1.6,216.2
2006-10-26,,,1.1,267.5
2006-10-27,,1.8,5.7,288.5
2006-10-28,,1.3,4.6,285.9
2006-10-29,,2.5,4.6,303.3
2006-10-30,,5.1,6.5,321.3
2006-10-31,,4.5,6.4,313.8
2007-09-29,,4.7,4.8,348.0
2007-09-30,,5.6,5.8,343.9
2007-10-01,,5.3,5.9,334.3
2007-10-02,,3.3,5.5,306.8
2007-10-03,,4.3,5.9,316.5
2007-10-04,,5.3,5.9,336.1
2007-10-05,,3.5,3.6,345.0
2007-10-06,,2.2,2.3,337.5
2007-10-07,,2.4,3.8,310.4
2007-10-08,,1.8,3.7,299.5
2007-10-09,,2.7,2.8,345.4
2007-10-10,,2.7,5.2,301.8
2007-10-11,,1.5,5.4,286.6
2007-10-12,0.0,0.9,0.9,357.5
2007-10-13,1.2,0.5,1.3,69.1
2007-10-14,,0.0,0.3,267.5
2007-10-15,2.8,,2.9,107.2
2007-10-16,5.2,0.6,5.3,83.3
2007-10-17,,0.8,0.9,343.5
2007-10-18,,,2.0,230.6
2007-10-19,2.9,,4.2,136.3
2007-10-20,3.3,0.5,3.4,80.8
2007-10-21,0.8,3.6,3.7,13.0
2007-10-22,,2.6,2.6,348.8
2007-10-23,2.7,2.1,3.4,52.0
2007-10-24,0.0,4.5,4.5,360.0
2007-10-25,,2.2,2.2,357.5
2007-10-26,2.2,3.0,3.8,36.2
2007-10-27,3.8,1.9,4.3,63.3
2007-10-28,1.1,,1.1,109.3
2007-10-29,2.2,,2.5,116.1
2007-10-30,2.8,,2.8,91.6
2007-10-31,1.3,1.9,2.3,35.4
2007-11-01,3.2,2.5,4.1,52.3
2007-11-02,3.1,4.4,5.4,35.2
2007-11-03,2.3,5.0,5.5,25.0
2007-11-04,3.5,1.5,3.8,66.2
2007-11-05,4.3,0.6,4.3,82.3
2007-11-06,5.6,1.4,5.8,75.8
2007-11-07,5.7,2.6,6.3,65.7
2007-11-08,8.3,1.9,8.5,77.0
2007-11-09,7.9,1.5,8.0,79.2
2007-11-10,6.7,2.6,7.2,68.6
2007-11-11,7.5,2.5,7.9,71.8
2007-11-12,7.8,3.8,8.7,63.8
2007-11-13,9.0,2.3,9.3,75.5
2007-11-14,6.2,0.5,6.2,85.7
2007-11-15,3.2,,3.2,101.5
2007-11-16,0.9,,3.6,165.0
2007-11-17,,,3.5,193.9
2007-11-18,,1.0,1.1,335.7
2007-11-19,,3.3,3.4,350.8
2007-11-20,,3.4,4.0,328.4
2007-11-21,,3.1,3.6,328.1
2007-11-22,,0.0,0.5,267.5
2007-11-23,3.5,,4.4,128.9
2007-11-24,3.6,,4.2,121.2
2007-11-25,2.3,1.9,3.0,50.6
2007-11-26,2.2,3.4,4.1,32.7
2007-11-27,4.4,1.9,4.8,66.1
2007-11-28,4.7,0.0,4.7,89.9
2007-11-29,2.5,2.5,3.5,44.8
2007-11-30,2.8,3.5,4.4,38.9
2007-12-01,4.2,1.4,4.5,72.2
2007-12-02,4.3,,5.8,132.5
2007-12-03,2.5,,3.9,140.6
2007-12-04,,,3.1,212.2
2007-12-05,,,6.2,247.4
2007-12-06,,,5.8,234.9
2007-12-07,,1.1,2.7,294.1
2007-12-08,2.9,1.5,3.3,62.5
2007-12-09,5.5,0.2,5.5,87.5
2007-12-10,3.9,4.5,5.9,41.2
2007-12-11,2.6,4.0,4.8,32.5
2007-12-12,7.2,3.4,8.0,64.7
2007-12-13,7.3,1.5,7.5,78.5
2007-12-14,6.1,,6.5,108.7
2007-12-15,3.6,,3.6,97.0
2007-12-16,1.2,0.5,1.3,69.1
2007-12-17,,,1.8,261.2
2007-12-18,,,2.3,229.6
2007-12-19,1.5,,2.3,139.6
2007-12-20,,1.0,1.4,312.5
2007-12-21,,1.3,2.6,300.0
2007-12-22,,1.7,2.5,312.5
2007-12-23,6.2,0.8,6.2,82.1
2007-12-24,7.0,,7.2,100.0
2007-12-25,5.2,,5.6,112.3
2007-12-26,4.9,,5.1,103.1
2007-12-27,6.5,,7.1,113.4
2007-12-28,7.9,,9.0,118.5
2007-12-29,5.1,,7.0,133.6
2007-12-30,5.2,,6.6,127.7
2007-12-31,4.5,,6.2,133.8
2008-01-01,3.6,,4.6,127.3
2008-01-02,1.6,0.3,1.6,80.4
2008-01-03,2.0,0.5,2.0,76.2
2008-01-04,4.3,0.8,4.3,79.7
2008-01-05,3.1,2.1,3.7,55.5
2008-01-06,2.3,2.3,3.2,45.0
2008-01-07,2.2,0.1,2.2,87.5
2008-01-08,2.8,,3.0,110.7
2008-01-09,1.8,0.5,1.9,75.0
2008-01-10,0.6,1.1,1.2,28.5
2008-01-11,,1.0,1.2,326.5
2008-01-12,,,0.7,195.9
2008-01-13,0.5,,1.1,155.7
2008-01-14,1.6,,1.6,94.6
2008-01-15,1.2,0.5,1.3,69.1
2008-01-16,0.9,1.9,2.1,26.6
2008-01-17,1.9,1.1,2.2,60.9
2008-01-18,2.9,1.3,3.2,65.7
2008-01-19,2.7,2.3,3.5,49.3
2008-01-20,2.1,2.1,2.9,45.2
2008-01-21,2.1,,3.7,145.5
2008-01-22,0.9,,1.6,147.8
2008-01-23,0.6,3.4,3.4,10.7
2008-01-24,1.3,2.4,2.8,27.8
2008-01-25,2.2,,2.5,116.1
2008-01-26,5.3,,5.3,91.7
2008-01-27,5.2,2.6,5.8,63.5
2008-01-28,2.4,,2.7,114.1
2008-01-29,3.8,,4.6,123.9
2008-01-30,4.7,,4.9,103.8
2008-01-31,3.2,,3.2,94.6
2008-02-01,4.2,,4.8,119.3
2008-02-02,4.6,,5.5,122.3
2008-02-03,2.5,,3.9,140.6
2008-02-04,1.8,,1.9,100.0
2008-02-05,0.1,,1.1,177.5
2008-02-06,0.8,1.1,1.3,36.2
2008-02-07,4.6,,4.9,111.0
2008-02-08,5.0,,5.9,121.7
2008-02-09,3.9,,5.5,135.4
2008-02-10,2.7,,3.8,134.6
2008-02-11,,,1.1,199.3
2008-02-12,,0.3,2.0,278.8
2008-02-13,,,1.1,214.4
2008-02-14,,,2.4,182.3
2008-02-15,0.2,,0.7,159.1
2008-02-16,0.5,,0.5,114.1
2008-02-17,,,0.5,204.1
2008-02-18,1.2,0.9,1.5,53.8
2008-02-19,3.1,1.3,3.4,66.9
2008-02-20,4.1,,4.1,92.9
2008-02-21,4.2,,4.5,110.7
2008-02-22,2.6,0.5,2.6,78.8
2008-02-23,2.8,,2.9,103.5
2008-02-24,3.6,,4.3,123.3
2008-02-25,2.4,,2.7,114.1
2008-02-26,1.7,,3.0,145.9
2008-02-27,0.7,,1.7,156.9
2008-02-28,,0.7,0.7,339.1
2008-02-29,2.8,0.5,2.8,79.4
2008-03-01,5.3,,5.4,102.0
2008-03-02,5.0,,5.2,109.3
2008-03-03,3.6,,4.2,121.2
2008-03-04,5.6,,6.4,118.8
2008-03-05,6.0,,7.5,126.2
2008-03-06,4.8,,6.3,130.0
2008-03-07,0.3,,3.2,173.9
2008-03-08,,2.3,2.7,330.9
2008-03-09,0.9,,1.1,124.4
2008-03-10,3.2,3.3,4.6,44.2
2008-03-11,4.6,1.8,4.9,69.1
2008-03-12,6.9,,7.0,100.4
2008-03-13,3.3,,5.0,138.8
2008-03-14,1.5,,2.8,147.2
2008-03-15,,2.6,2.6,348.8
2008-03-16,5.5,2.8,6.2,63.4
2008-03-17,7.8,2.9,8.3,69.9
2008-03-18,4.2,,4.2,98.3
2008-03-19,1.5,,3.4,153.9
2008-03-20,3.3,,4.3,130.7
2008-03-21,4.6,,5.8,127.1
2008-03-22,2.7,,4.7,144.5
2008-03-23,3.1,,4.0,130.5
2008-03-24,5.5,,5.7,105.3
2008-03-25,5.8,,6.5,117.9
2008-03-26,5.8,,6.4,116.4
2008-03-27,4.6,2.0,5.0,66.9
2008-03-28,1.9,4.8,5.2,22.1
2008-03-29,0.8,4.2,4.2,10.9
2008-03-30,0.9,2.6,2.8,18.5
2008-03-31,2.3,1.1,2.6,64.9
2008-04-01,1.1,,1.1,98.8
2008-04-02,0.1,1.2,1.3,7.0
2008-04-03,2.0,0.5,2.0,76.2
2008-04-04,3.2,,3.2,98.1
2008-04-05,1.8,0.1,1.8,87.5
2008-04-06,1.3,1.7,2.1,38.7
2008-04-07,1.2,3.0,3.3,22.5
2008-04-08,0.5,2.6,2.6,10.5
2008-04-09,,2.0,2.0,357.5
2008-04-10,0.9,,0.9,114.1
2008-04-11,1.3,,1.9,136.9
2008-04-12,2.1,,4.2,149.7
2008-04-13,2.1,,4.0,148.4
2008-04-14,3.4,,4.2,124.9
2008-04-15,5.1,,5.2,100.5
2008-04-16,5.8,,6.2,111.7
2008-04-17,7.5,,7.6,102.2
2008-04-18,5.4,,5.9,114.9
2008-04-19,6.3,,6.4,101.5
2008-04-20,7.3,,7.9,112.2
2008-04-21,6.0,,7.0,121.2
2008-04-22,6.3,,6.3,98.1
2008-04-23,9.3,0.0,9.3,89.9
2008-04-24,6.9,1.3,7.1,79.6
2008-04-25,4.6,2.5,5.2,60.9
2008-04-26,1.1,2.8,3.0,20.7
2008-04-27,,2.0,2.0,357.5
2008-04-28,,2.0,2.1,340.8
2008-04-29,,1.8,3.9,298.0
2008-04-30,,2.8,4.9,304.4
2008-05-01,,3.8,4.4,330.9
2008-05-02,,3.3,3.5,338.1
2008-05-03,,4.6,5.2,330.9
2008-05-04,,4.2,4.7,333.1
2008-05-05,,1.9,2.9,309.8
2008-05-06,,3.1,3.5,330.9
2008-05-07,,4.8,5.2,337.7
2008-05-08,,3.3,3.5,338.1
2008-05-09,2.9,2.3,3.7,51.2
2008-05-10,,4.3,4.3,357.5
2008-05-11,,4.8,5.0,344.0
2008-05-12,,4.0,4.4,336.6
2008-05-13,,4.6,5.2,332.9
2008-05-14,,4.4,5.1,329.9
2008-05-15,,2.7,3.5,319.3
2008-05-16,,2.0,3.4,307.7
2008-05-17,,0.9,2.6,290.1
2008-05-18,,2.2,3.9,304.4
2008-05-19,,3.2,4.8,310.9
2008-05-20,,4.3,5.9,316.5
2008-05-21,,3.0,4.6,310.8
2008-05-22,,2.8,4.2,312.5
2008-05-23,,3.0,4.0,318.4
2008-05-24,,1.7,2.7,309.5
2008-05-25,,1.8,3.5,301.2
2008-05-26,,1.7,5.2,289.3
2008-05-27,,1.6,4.1,292.9
2008-05-28,,,1.2,267.5
2008-05-29,,4.0,4.5,334.3
2008-05-30,,2.3,3.2,315.0
2008-05-31,,4.7,6.0,321.8
2008-06-01,0.0,,0.3,177.5
2008-06-02,,1.2,1.3,348.0
2008-06-03,,,2.3,215.4
2008-06-04,0.0,,0.7,177.5
2008-06-05,1.6,2.8,3.3,30.2
2008-06-06,3.2,2.9,4.3,48.0
2008-06-07,,3.4,4.5,319.6
2008-06-08,,3.6,4.8,317.4
2008-06-09,,1.7,2.5,312.5
2008-06-10,,3.9,4.1,340.8
2008-06-11,,5.4,5.7,339.7
2008-06-12,,4.6,4.8,345.7
2008-06-13,,2.8,2.8,353.4
2008-06-14,0.8,3.8,3.9,12.2
2008-06-15,,3.7,3.8,351.5
2008-06-16,,1.5,5.2,287.3
2008-06-17,,0.2,0.4,312.5
2008-06-18,,0.9,2.8,288.5
2008-06-19,,1.1,3.2,289.3
2008-06-20,,1.2,3.4,291.1
2008-06-21,,5.2,5.4,343.0
2008-06-22,,4.5,4.5,350.1
2008-06-23,0.8,3.6,3.7,13.0
2008-06-24,1.0,4.2,4.3,13.4
2008-06-25,,2.5,2.7,340.4
2008-06-26,,1.9,2.8,312.5
2008-06-27,,3.1,5.4,305.2
2008-06-28,,2.1,3.2,310.0
2008-06-29,1.2,0.7,1.4,60.9
2008-06-30,,1.6,1.6,350.4
2008-07-01,,1.1,2.8,292.3
2008-07-02,,2.6,2.6,348.8
2008-07-03,,4.6,5.4,327.2
2008-07-04,,4.1,5.4,319.8
2008-07-05,,5.2,7.2,316.9
2008-07-06,,5.1,5.8,331.8
2008-07-07,,4.3,4.4,347.2
2008-07-08,1.1,2.0,2.3,28.5
2008-07-09,,4.7,5.8,324.9
2008-07-10,,3.7,5.7,311.1
2008-07-11,,,2.4,243.1
2008-07-12,1.6,0.9,1.8,60.9
2008-07-13,1.2,1.1,1.6,47.7
2008-07-14,,2.0,2.2,335.7
2008-07-15,,,2.4,267.5
2008-07-16,0.9,,3.1,162.6
2008-07-17,5.7,2.4,6.2,67.4
2008-07-18,0.1,1.6,1.6,4.6
2008-07-19,5.9,,6.3,109.3
2008-07-20,6.0,0.7,6.0,83.8
2008-07-21,1.6,0.7,1.7,66.9
2008-07-22,4.7,3.9,6.1,50.3
2008-07-23,2.0,4.2,4.6,25.1
2008-07-24,3.0,6.0,6.7,27.0
2008-07-25,0.8,5.1,5.2,8.4
2008-07-26,2.1,5.0,5.4,23.1
2008-07-27,1.6,4.4,4.7,19.8
2008-07-28,,4.8,5.1,341.9
2008-07-29,,2.8,4.6,307.3
2008-07-30,,2.8,4.4,308.9
2008-07-31,,3.2,4.8,310.9
2008-08-01,,3.8,4.6,326.5
2008-08-02,,4.7,4.7,350.4
2008-08-03,,3.6,4.6,321.1
2008-08-04,,4.2,5.0,326.9
2008-08-05,,4.5,4.6,347.6
2008-08-06,,2.4,2.4,352.7
2008-08-07,0.0,3.5,3.5,0.7
2008-08-08,1.3,6.7,6.8,10.7
2008-08-09,,6.2,6.2,357.5
2008-08-10,,4.7,4.7,350.4
2008-08-11,,3.7,4.0,337.3
2008-08-12,,4.0,5.0,322.0
2008-08-13,,1.7,3.1,302.2
2008-08-14,,1.1,2.7,294.1
2008-08-15,,3.2,4.6,314.2
2008-08-16,,4.8,5.5,330.0
2008-08-17,,5.4,5.6,345.4
2008-08-18,,3.4,4.1,326.1
2008-08-19,,1.1,2.0,304.4
2008-08-20,2.6,3.5,4.3,37.0
2008-08-21,1.2,1.3,1.7,42.5
2008-08-22,3.6,1.7,4.0,64.7
2008-08-23,2.1,1.1,2.4,63.1
2008-08-24,2.4,0.5,2.4,78.0
2008-08-25,6.0,1.6,6.2,74.8
2008-08-26,6.5,2.6,7.0,68.1
2008-08-27,3.7,4.1,5.5,42.5
2008-08-28,2.8,6.2,6.8,24.8
2008-08-29,,3.9,3.9,357.5
2008-08-30,,,2.1,226.3
2008-08-31,,,4.7,182.3
2008-09-01,1.0,,4.6,167.6
2008-09-02,1.0,0.9,1.3,48.8
2008-09-03,0.9,,1.5,143.8
2008-09-04,3.5,0.3,3.5,84.3
2008-09-05,,0.8,0.9,330.9
2008-09-06,0.1,2.8,2.8,1.6
2008-09-07,1.9,2.1,2.8,42.5
2008-09-08,,2.5,2.7,340.4
2008-09-09,0.8,1.1,1.3,36.2
2008-09-10,2.7,1.5,3.1,60.9
2008-09-11,0.6,4.5,4.6,7.4
2008-09-12,,3.7,4.0,337.3
2008-09-13,,2.7,3.4,322.0
2008-09-14,0.1,5.5,5.5,1.6
2008-09-15,0.8,3.2,3.3,14.8
2008-09-16,0.6,0.9,1.1,34.4
2008-09-17,1.2,0.7,1.4,60.9
2008-09-18,,2.2,2.3,337.5
2008-09-19,,3.6,4.6,321.1
2008-09-20,,3.3,3.6,335.1
2008-09-21,,3.8,5.0,318.8
2008-09-22,,2.2,3.5,310.2
2008-09-23,,2.9,3.4,329.4
2008-09-24,,3.1,3.3,340.1
2008-09-25,,2.6,2.6,357.5
2008-09-26,,3.3,5.2,309.5
2008-09-27,,3.3,5.2,309.5
2008-09-28,,5.3,5.9,336.1
2008-09-29,0.8,1.3,1.5,31.2
2008-09-30,1.1,1.7,2.0,34.4
2008-10-01,,,0.4,222.5
2008-10-02,0.7,,1.2,146.5
2008-10-03,,1.0,1.2,326.5
2008-10-04,1.7,2.3,2.8,36.8
2008-10-05,1.2,0.9,1.5,53.8
2008-10-06,,4.1,4.1,352.1
2008-10-07,,,1.5,233.8
2008-10-08,2.0,,5.2,157.7
2008-10-09,3.5,,5.4,139.8
2008-10-10,5.7,,6.1,110.0
2008-10-11,5.1,2.8,5.8,61.8
2008-10-12,3.5,4.4,5.7,38.3
2008-10-13,,0.8,0.9,330.9
2008-10-14,,,2.4,243.1
2008-10-15,,1.0,1.4,312.5
2008-10-16,,,1.8,240.9
2008-10-17,2.2,2.9,3.6,38.1
2008-10-18,8.8,5.6,,57.6
2008-10-19,6.1,,9.7,38.5
2008-10-20,4.4,2.7,5.2,58.0
2008-10-21,2.2,3.2,3.9,34.4
2008-10-22,0.9,2.4,2.6,20.1
2008-10-23,0.7,1.6,1.8,24.1
2008-10-24,,,1.6,260.4
2008-10-25,,,3.0,244.3
2008-10-26,,,2.0,261.8
2008-10-27,2.3,2.1,3.1,47.7
2008-10-28,1.7,2.5,3.0,34.4
2008-10-29,0.8,1.5,1.6,27.2
2008-10-30,4.5,1.2,4.6,75.2
2008-10-31,5.7,3.4,6.6,59.4
2008-11-01,5.8,1.8,6.0,72.6
2008-11-02,5.7,0.1,5.7,89.5
2008-11-03,5.3,,5.3,95.9
2008-11-04,3.9,0.0,3.9,90.4
2008-11-05,4.1,1.0,4.2,76.7
2008-11-06,5.6,,6.4,118.8
2008-11-07,6.8,,7.6,116.7
2008-11-08,6.1,,6.5,110.2
2008-11-09,5.8,1.6,6.0,74.4
2008-11-10,3.3,5.0,6.0,33.2
2008-11-11,5.1,4.1,6.5,51.0
2008-11-12,6.4,1.1,6.5,80.6
2008-11-13,6.2,1.4,6.3,76.9
2008-11-14,6.4,1.2,6.5,78.9
2008-11-15,6.9,1.5,7.1,78.0
2008-11-16,5.1,,5.4,106.6
2008-11-17,3.6,,4.0,116.5
2008-11-18,3.6,,3.6,97.0
2008-11-19,2.2,0.3,2.2,82.3
2008-11-20,3.7,0.2,3.7,87.5
2008-11-21,9.4,2.4,9.7,76.0
2008-11-22,8.6,2.1,8.9,76.2
2008-11-23,5.1,0.4,5.1,85.3
2008-11-24,5.2,1.0,5.3,79.1
2008-11-25,5.1,,5.1,91.9
2008-11-26,4.1,0.4,4.1,84.8
2008-11-27,2.9,,4.5,139.6
2008-11-28,4.1,,5.4,131.0
2008-11-29,5.8,,5.8,91.3
2008-11-30,5.8,,6.3,113.3
2008-12-01,4.2,,4.3,105.9
2008-12-02,6.3,3.2,7.0,63.1
2008-12-03,7.7,1.1,7.8,81.8
2008-12-04,7.6,,7.6,93.4
2008-12-05,7.9,0.9,8.0,83.3
2008-12-06,8.9,,8.9,92.5
2008-12-07,5.4,0.8,5.5,81.4
2008-12-08,3.2,,3.9,124.4
2008-12-09,3.4,,3.8,115.4
2008-12-10,5.2,,6.9,130.2
2008-12-11,3.6,,4.3,123.3
2008-12-12,2.1,1.7,2.7,51.5
2008-12-13,4.1,0.4,4.1,84.8
2008-12-14,,,1.6,200.7
2008-12-15,3.3,0.7,3.4,77.5
2008-12-16,2.2,2.9,3.6,38.1
2008-12-17,1.9,1.3,2.3,56.5
2008-12-18,3.2,,3.2,94.6
2008-12-19,3.2,,3.2,94.6
2008-12-20,1.6,0.9,1.8,60.9
2008-12-21,6.2,1.2,6.3,78.6
2008-12-22,6.0,0.7,6.0,83.8
2008-12-23,8.7,0.0,8.7,90.0
2008-12-24,2.1,,4.5,152.0
2008-12-25,,,0.9,222.5
2008-12-26,2.4,0.1,2.4,87.5
2008-12-27,7.7,,8.0,107.2
2008-12-28,4.4,,5.4,125.2
2008-12-29,3.6,,4.5,125.4
2008-12-30,5.3,,5.4,100.0
2008-12-31,3.5,,6.5,147.1
2009-01-01,1.0,,4.4,167.2
2009-01-02,3.1,,4.7,139.2
2009-01-03,3.1,,5.0,142.0
2009-01-04,3.8,,4.8,127.6
2009-01-05,2.5,1.7,3.0,55.9
2009-01-06,1.0,3.8,3.9,15.0
2009-01-07,1.7,2.6,3.1,32.2
2009-01-08,1.1,,1.6,137.7
2009-01-09,,,3.0,181.3
2009-01-10,,,4.9,184.3
2009-01-11,,,5.2,188.4
2009-01-12,,,6.0,192.4
2009-01-13,,,2.9,219.8
2009-07-31,,1.8,3.2,304.1
2009-08-01,,4.1,5.2,321.7
2009-08-02,,2.2,3.2,315.0
2009-08-03,,1.4,2.3,308.6
2009-08-04,1.0,0.5,1.1,62.8
2009-08-05,2.7,2.9,4.0,43.2
2009-08-06,3.8,4.4,5.8,40.4
2009-08-07,0.2,4.7,4.7,2.1
2009-08-08,0.5,4.6,4.6,6.0
2009-08-09,1.4,2.9,3.3,26.0
2009-08-10,2.3,0.6,2.4,76.6
2009-08-11,1.6,0.3,1.6,80.8
2009-08-12,7.6,1.6,7.8,78.3
2009-08-13,6.7,4.3,7.9,57.3
2009-08-14,3.3,0.4,3.4,82.6
2009-08-15,2.8,0.4,2.8,82.2
2009-08-16,3.1,,3.1,98.3
2009-08-17,7.6,0.3,7.6,87.8
2009-08-18,4.4,,4.5,101.7
2009-08-19,0.6,2.5,2.5,13.0
2009-08-20,0.0,3.2,3.2,359.6
2009-08-21,0.4,3.6,3.6,6.8
2009-08-22,,2.6,3.3,321.9
2009-08-23,,3.8,4.6,325.8
2009-08-24,,3.1,4.8,310.6
2009-08-25,,3.5,4.6,318.1
2009-08-26,2.5,1.4,2.9,60.2
2009-08-27,1.1,4.1,4.2,15.7
2009-08-28,0.2,3.3,3.3,2.9
2009-08-29,0.2,3.9,3.9,3.2
2009-08-30,,4.9,4.9,353.3
2009-08-31,,3.6,4.9,317.3
2009-09-01,,5.1,5.5,338.6
2009-09-02,1.5,2.5,2.9,31.2
2009-09-03,2.3,4.5,5.1,27.6
2009-09-04,1.4,5.3,5.5,14.3
2009-09-05,1.9,4.4,4.8,23.4
2009-09-06,0.0,2.8,2.8,0.0
2009-09-07,,1.0,2.1,298.0
2009-09-08,,1.6,2.9,303.5
2009-09-09,,2.1,2.2,336.5
2009-09-10,0.5,1.9,1.9,15.2
2009-09-11,2.5,2.4,3.5,45.3
2009-09-12,3.4,2.1,4.0,57.6
2009-09-13,7.6,3.5,8.4,65.5
2009-09-14,7.1,4.2,8.2,59.5
2009-09-15,6.4,3.4,7.2,61.9
2009-09-16,4.3,4.2,6.0,45.6
2009-09-17,4.9,3.7,6.1,52.9
2009-09-18,4.1,1.7,4.4,67.0
2009-09-19,3.1,,4.3,132.9
2009-09-20,0.8,,2.6,160.6
2009-09-21,1.0,,1.1,99.7
2009-09-22,0.4,,1.2,160.1
2009-09-23,2.5,,3.1,125.8
2009-09-24,4.2,0.5,4.2,83.8
2009-09-25,4.8,2.7,5.4,60.8
2009-09-26,1.3,5.4,5.5,13.9
2009-09-27,,3.0,3.0,352.5
2009-09-28,,4.1,4.1,353.4
2009-09-29,,5.2,5.2,353.0
2009-09-30,0.6,3.9,3.9,8.2
2009-10-01,,3.8,4.0,340.1
2009-10-02,,3.3,4.2,322.9
2009-10-03,,0.4,1.7,283.6
2009-10-04,,2.2,2.4,340.3
2009-10-05,,1.2,1.7,314.4
2009-10-06,1.1,0.4,1.2,69.2
2009-10-07,3.3,2.4,4.0,54.5
2009-10-08,4.5,2.1,5.0,65.2
2009-10-09,5.0,3.5,6.1,55.3
2009-10-10,3.2,4.9,5.9,33.1
2009-10-11,4.5,3.5,5.7,52.3
2009-10-12,5.5,1.7,5.7,73.1
2009-10-13,5.2,,5.2,101.0
2009-10-14,3.3,,3.7,116.8
2009-10-15,1.3,,2.5,150.0
2009-10-16,1.4,,1.4,102.3
2009-10-17,2.2,0.7,2.3,72.2
2009-10-18,,2.8,3.0,341.9
2009-10-19,0.5,1.4,1.5,18.0
2009-10-20,,0.7,0.8,320.9
2009-10-21,,1.4,1.4,351.7
2009-10-22,0.0,,0.4,185.8
2009-10-23,,2.4,2.7,332.7
2009-10-24,,0.8,1.1,313.1
2009-10-25,,1.2,3.5,290.4
2009-10-26,,1.1,2.1,302.4
2009-10-27,,0.2,0.6,287.3
2009-10-28,,,1.4,240.9
2009-10-29,,0.1,1.5,275.7
2009-10-30,,0.9,1.6,302.8
2009-10-31,,2.8,3.2,333.4
2009-11-01,0.2,,1.1,167.6
2009-11-02,,,0.8,197.6
2009-11-03,0.6,1.5,1.6,20.8
2009-11-04,0.7,1.1,1.3,32.7
2009-11-05,,,0.8,253.5
2009-11-06,,,1.5,192.6
2009-11-07,1.4,,2.4,142.5
2009-11-08,2.3,,2.4,107.3
2009-11-09,5.7,2.9,6.4,63.2
2009-11-10,6.8,3.8,7.8,61.3
2009-11-11,4.3,0.3,4.3,85.7
2009-11-12,,4.9,5.2,341.7
2009-11-13,,7.2,7.9,335.8
2009-11-14,,,7.8,346.7
2009-11-15,1.7,3.4,3.8,26.4
2009-11-16,1.5,2.5,3.0,30.6
2009-11-17,1.6,,2.3,136.1
2009-11-18,5.5,,5.7,106.2
2009-11-19,7.4,1.8,7.6,76.1
2009-11-20,6.2,3.3,7.0,62.4
2009-11-21,6.3,0.9,6.4,81.8
2009-11-22,7.3,2.3,7.7,72.7
2009-11-23,7.3,2.8,7.8,68.8
2009-11-24,8.0,1.7,8.2,77.9
2009-11-25,6.7,0.6,6.7,85.0
2009-11-26,4.9,0.1,4.9,89.2
2009-11-27,7.9,1.2,8.0,81.5
2009-11-28,5.3,2.0,5.7,69.2
2009-11-29,5.4,2.0,5.7,69.6
2009-11-30,4.7,1.0,4.8,77.5
2009-12-01,4.3,1.2,4.5,75.0
2009-12-02,4.9,,5.2,109.5
2009-12-03,3.1,,4.4,135.6
2009-12-04,4.8,,4.8,99.9
2009-12-05,4.1,0.9,4.2,77.8
2009-12-06,2.8,4.2,5.1,33.4
2009-12-07,3.2,4.1,5.2,38.3
2009-12-08,3.2,5.8,6.6,29.2
2009-12-09,2.3,3.6,4.3,32.4
2009-12-10,0.0,0.2,0.2,351.9
2009-12-11,,,4.0,184.1
2009-12-12,,,1.6,202.1
2009-12-13,0.4,,0.5,112.5
2009-12-14,,0.0,0.2,258.6
2009-12-15,,,3.0,182.1
2009-12-16,1.4,,2.1,139.6
2009-12-17,2.7,1.6,3.2,59.5
2009-12-18,,,0.7,239.5
2009-12-19,,3.2,3.5,337.3
2009-12-20,,1.1,3.1,289.6
2009-12-21,,,3.3,243.3
2009-12-22,,0.2,2.6,275.1
2009-12-23,,0.1,0.4,284.2
2009-12-24,2.2,1.7,2.8,53.7
2009-12-25,2.7,0.6,2.8,77.2
2009-12-26,4.1,,4.9,122.5
2009-12-27,5.3,,6.8,128.5
2009-12-28,6.0,,6.2,104.6
2009-12-29,8.1,0.3,8.1,87.9
2009-12-30,9.5,,9.8,103.6
2009-12-31,4.7,,6.4,133.5
2010-01-01,3.8,,6.0,140.6
2010-01-02,4.4,0.1,4.4,88.3
2010-01-03,7.8,,8.3,111.4
2010-01-04,6.7,,7.8,121.4
2010-01-05,4.9,,6.3,129.8
2010-01-06,1.1,,1.9,142.8
2010-01-07,,0.8,3.0,284.6
2010-01-08,,0.3,3.4,275.4
2010-01-09,,,3.0,256.0
2010-01-10,0.2,,2.5,175.6
2010-01-11,4.0,,5.9,137.9
2010-01-12,5.2,,6.3,124.9
2010-01-13,4.6,,5.2,116.2
2010-01-14,2.6,,3.6,133.8
2010-01-15,2.8,,3.1,114.4
2010-01-16,3.1,0.2,3.1,85.7
2010-01-17,4.1,0.6,4.2,81.2
2010-01-18,5.5,,5.7,104.1
2010-01-19,4.8,0.2,4.8,87.2
2010-01-20,3.0,,3.5,123.4
2010-01-21,1.2,,4.8,165.2
2010-01-22,,,5.5,189.2
2010-01-23,,,3.8,205.2
2010-01-24,,,1.3,217.4
2010-01-25,0.1,0.1,0.2,36.6
2010-01-26,0.7,,0.7,107.3
2010-01-27,1.2,1.4,1.9,40.6
2010-01-28,,2.7,2.8,350.8
2010-01-29,,3.6,3.6,349.9
2010-01-30,1.2,0.1,1.2,84.7
2010-01-31,1.6,,3.8,154.2
2010-02-01,0.9,,5.2,170.5
2010-02-02,0.4,,2.7,172.1
2010-02-03,,,0.5,225.1
2010-02-04,0.2,1.5,1.5,9.5
2010-02-05,0.5,,0.6,119.8
2010-02-06,,0.0,1.1,272.1
2010-02-07,,1.7,1.7,357.1
2010-02-08,0.8,,0.9,123.5
2010-02-09,3.6,,3.6,93.7
2010-02-10,0.2,,1.5,174.0
2010-02-11,1.5,0.8,1.7,60.7
2010-02-12,1.2,,1.3,108.4
2010-02-13,2.7,2.2,3.5,51.0
2010-02-14,5.4,,5.4,96.5
2010-02-15,,,1.8,266.9
2010-02-16,,1.7,1.7,348.9
2010-02-17,0.6,,1.3,154.4
2010-02-18,3.3,0.2,3.3,86.4
2010-02-19,5.3,1.3,5.4,76.3
2010-02-20,4.8,0.3,4.8,86.7
2010-02-21,,,3.2,188.1
2010-02-22,,,3.4,254.8
2010-02-23,,2.3,2.9,322.1
2010-02-24,0.8,3.7,3.8,12.1
2010-02-25,2.6,0.2,2.6,86.5
2010-02-26,2.0,,4.6,153.5
2010-02-27,,,4.0,189.0
2010-02-28,0.3,,0.9,161.4
2010-03-01,0.8,1.8,2.0,22.3
2010-03-02,2.5,,2.5,97.1
2010-03-03,0.2,,0.4,155.4
2010-03-04,,3.2,3.2,356.0
2010-03-05,3.9,4.0,5.5,44.2
2010-03-06,5.8,,6.5,115.3
2010-03-07,3.2,,4.8,138.4
2010-03-08,1.4,,1.5,111.2
2010-03-09,,0.0,0.8,267.4
2010-03-10,,,3.3,230.0
2010-03-11,,,2.5,251.7
2010-03-12,,0.4,0.8,301.4
2010-03-13,0.6,1.7,1.8,19.6
2010-03-14,1.5,0.9,1.7,57.7
2010-03-15,2.5,1.1,2.7,66.4
2010-03-16,4.0,,4.1,102.4
2010-03-17,3.3,,5.0,138.8
2010-03-18,0.3,,1.2,166.7
2010-03-19,2.1,,2.9,132.8
2010-03-20,2.0,,3.4,142.8
2010-03-21,2.1,,3.0,134.5
2010-03-22,3.8,,4.2,115.8
2010-03-23,,,2.0,193.9
2010-03-24,2.5,0.6,2.6,76.8
2010-03-25,,,1.6,208.0
2010-03-26,,2.3,2.8,327.5
2010-03-27,1.7,1.4,2.2,51.9
2010-03-28,4.0,2.2,4.6,60.7
2010-03-29,2.2,1.1,2.4,62.3
2010-03-30,3.8,1.1,4.0,73.4
2010-03-31,6.3,,6.4,99.1
2010-04-01,6.5,,6.5,95.2
2010-04-02,5.8,,5.8,92.7
2010-04-03,4.3,,4.5,108.0
2010-04-04,5.2,,6.2,121.9
2010-04-05,5.5,,5.8,106.2
2010-04-06,2.7,,2.8,105.3
2010-04-07,,1.5,2.1,314.1
2010-04-08,0.4,4.5,4.5,5.3
2010-04-09,3.1,2.2,3.8,54.0
2010-04-10,3.3,1.9,3.8,60.5
2010-04-11,0.4,4.0,4.0,6.2
2010-04-12,0.8,3.3,3.4,12.9
2010-04-13,0.9,0.0,0.9,91.2
2010-04-14,2.6,,3.0,117.7
2010-04-15,1.7,0.8,1.9,63.6
2010-04-16,1.6,1.6,2.3,45.8
2010-04-17,3.3,,3.4,104.9
2010-04-18,3.1,,3.4,114.5
2010-04-19,4.8,0.0,4.8,89.9
2010-04-20,3.6,1.0,3.8,74.2
2010-04-21,4.8,0.5,4.8,84.2
2010-04-22,5.4,,5.4,93.4
2010-04-23,2.5,0.0,2.5,90.7
2010-04-24,4.5,,5.4,123.5
2010-04-25,4.3,,4.6,111.1
2010-04-26,1.7,,1.9,116.9
2010-04-27,3.4,,4.3,128.2
2010-04-28,0.5,0.7,0.9,31.7
2010-04-29,,3.5,3.7,339.5
2010-04-30,,3.2,3.8,327.8
2010-05-01,,,4.0,267.4
2010-05-02,,,1.2,249.3
2010-05-03,0.7,1.8,1.9,21.7
2010-05-04,,2.7,2.8,345.3
2010-05-05,,0.3,0.6,296.2
2010-05-06,0.5,,1.3,156.4
2010-05-07,0.3,,0.9,156.5
2010-05-08,1.4,,1.5,116.2
2010-05-09,4.8,,5.2,111.8
2010-05-10,5.7,,5.8,102.7
2010-05-11,6.2,3.3,7.0,62.0
2010-05-12,5.8,2.5,6.3,67.1
2010-05-13,8.2,1.9,8.4,77.1
2010-05-14,9.1,,9.2,100.2
2010-05-15,9.4,1.3,9.5,82.2
2010-05-16,6.1,4.4,7.5,54.2
2010-05-17,4.7,3.5,5.9,53.2
2010-05-18,0.3,2.3,2.3,6.3
2010-05-19,,0.8,1.1,318.1
2010-05-20,,1.7,1.8,345.1
2010-05-21,,3.3,3.3,354.6
2010-05-22,,2.5,2.5,353.7
2010-05-23,,0.5,0.8,310.2
2010-05-24,,,1.4,246.3
2010-05-25,0.1,,0.2,163.2
2010-05-26,1.0,0.0,1.0,90.0
2010-05-27,0.1,1.1,1.1,7.0
2010-05-28,,1.5,2.9,301.2
2010-05-29,,1.0,3.5,286.2
2010-05-30,,,2.0,250.0
2010-05-31,0.6,,0.7,105.6
2010-06-01,1.2,,1.4,121.1
2010-06-02,0.5,1.2,1.3,23.5
2010-06-03,2.6,2.1,3.4,50.5
2010-06-04,4.3,3.1,5.3,53.9
2010-06-05,5.2,3.2,6.1,58.5
2010-06-06,6.2,3.7,7.2,59.0
2010-06-07,5.5,4.9,7.3,48.2
2010-06-08,7.2,3.8,8.2,62.1
2010-06-09,5.8,5.0,7.7,49.7
2010-06-10,4.9,2.9,5.7,59.3
2010-06-11,2.1,1.1,2.4,61.7
2010-06-12,,,1.4,209.3
2010-06-13,,,0.8,253.3
2010-06-14,0.3,1.5,1.5,10.4
2010-06-15,0.0,2.8,2.8,0.7
2010-06-16,1.2,4.1,4.3,16.7
2010-06-17,0.5,4.5,4.5,6.0
2010-06-18,1.0,,1.0,98.3
2010-06-19,,,1.6,251.9
2010-06-20,,,1.6,221.7
2010-06-21,8.3,2.8,8.8,71.5
2010-06-22,6.3,5.0,8.0,51.7
2010-06-23,3.4,,3.7,113.8
2010-06-24,,,1.2,221.3
2010-06-25,3.0,,3.1,110.2
2010-06-26,3.3,3.3,4.7,44.4
2010-06-27,5.2,3.5,6.3,56.1
2010-06-28,4.3,4.8,6.4,42.5
2010-06-29,7.1,2.5,7.6,70.9
2010-06-30,8.7,2.9,9.2,71.4
2010-07-01,7.2,1.8,7.4,76.2
2010-07-02,8.4,1.0,8.5,83.3
2010-07-03,5.7,0.0,5.7,89.7
2010-07-04,1.1,,1.4,126.9
2010-07-05,,0.2,1.6,277.6
2010-07-06,,2.6,3.3,322.0
2010-07-07,,4.8,4.8,353.1
2010-07-08,,6.0,6.1,352.6
2010-07-09,,6.5,6.5,359.6
2010-07-10,0.7,4.1,4.2,9.7
2010-07-11,,2.1,3.3,309.1
2010-07-12,,,,
2010-07-13,1.1,,2.9,156.5
2010-07-14,6.5,,6.8,108.1
2010-07-15,7.3,1.3,7.4,79.8
2010-07-16,4.9,2.6,5.5,61.9
2010-07-17,7.1,1.1,7.2,81.2
2010-07-18,6.1,1.5,6.3,76.5
2010-07-19,4.5,2.6,5.2,60.0
2010-07-20,3.0,2.0,3.6,56.5
2010-07-21,1.2,1.3,1.8,42.5
2010-07-22,,4.4,4.6,342.2
2010-07-23,0.1,6.2,6.2,1.2
2010-07-24,1.0,4.9,5.0,11.5
2010-07-25,0.9,0.5,1.0,60.9
2010-07-26,2.6,0.9,2.8,70.4
2010-07-27,4.1,2.2,4.7,62.0
2010-07-28,5.1,2.2,5.6,66.5
2010-07-29,0.8,4.1,4.2,11.5
2010-07-30,0.1,2.1,2.1,3.2
2010-07-31,0.2,1.3,1.3,7.0
2010-08-01,0.7,2.5,2.6,15.9
2010-08-02,2.8,4.1,5.0,34.4
2010-08-03,3.0,3.8,4.8,39.1
2010-08-04,,3.0,3.1,346.2
2010-08-05,,3.1,3.1,353.7
2010-08-06,2.1,2.9,3.6,35.7
2010-08-07,4.8,1.0,4.9,78.0
2010-08-08,4.8,,4.8,92.3
2010-08-09,5.4,1.0,5.5,79.1
2010-08-10,5.4,4.4,7.0,50.6
2010-08-11,5.1,6.0,7.8,40.5
2010-08-12,7.3,5.5,9.1,53.1
2010-08-13,6.0,,9.5,39.1
2010-08-14,6.0,7.0,9.2,40.8
2010-08-15,4.3,5.4,6.9,39.0
2010-08-16,8.2,,8.6,106.3
2010-08-17,7.3,0.5,7.3,86.0
2010-08-18,8.3,0.0,8.3,90.2
2010-08-19,7.5,0.5,7.5,86.0
2010-08-20,5.8,4.6,7.4,51.2
2010-08-21,6.6,3.7,7.5,60.9
2010-08-22,7.2,2.5,7.7,70.9
2010-08-23,7.0,3.9,8.0,60.9
2010-08-24,6.5,6.0,8.8,47.0
2010-08-25,2.1,2.7,3.5,37.7
2010-08-26,1.4,1.1,1.8,52.0
2010-08-27,0.7,3.3,3.4,11.5
2010-08-28,0.4,4.7,4.7,4.9
2010-08-29,,2.4,2.8,330.9
2010-08-30,0.7,,1.6,154.3
2010-08-31,4.3,,4.9,117.2
2010-09-01,5.3,1.8,5.6,71.0
2010-09-02,3.5,5.5,6.6,32.6
2010-09-03,3.9,5.9,7.1,33.4
2010-09-04,5.3,5.6,7.7,43.5
2010-09-05,0.6,5.2,5.3,6.2
2010-09-06,2.2,1.3,2.6,58.9
2010-09-07,2.5,,2.8,114.1
2010-09-08,1.5,,1.7,117.2
2010-09-09,1.2,1.1,1.7,47.7
2010-09-10,2.9,0.5,2.9,79.4
2010-09-11,2.7,,2.8,104.6
2010-09-12,1.6,1.3,2.1,50.6
2010-09-13,4.0,1.2,4.2,73.5
2010-09-14,5.1,2.0,5.5,68.4
2010-09-15,5.0,,5.1,98.8
2010-09-16,5.2,,5.3,96.2
2010-09-17,5.7,,6.6,120.2
2010-09-18,8.6,,8.6,95.4
2010-09-19,6.4,,6.4,91.1
2010-09-20,9.2,2.2,9.4,76.7
2010-09-21,6.1,1.5,6.3,76.5
2010-09-22,6.2,0.5,6.2,85.7
2010-09-23,6.4,3.3,7.2,63.1
2010-09-24,3.9,,4.5,119.8
2010-09-25,5.3,,5.6,110.4
2010-09-26,5.0,1.0,5.1,78.4
2010-09-27,4.4,1.4,4.6,72.2
2010-09-28,5.0,0.2,5.0,87.5
2010-09-29,7.7,0.3,7.7,87.5
2010-09-30,5.8,,5.9,99.2
2010-10-01,7.9,4.3,9.0,61.5
2010-10-02,6.3,2.3,6.7,70.2
2010-10-03,9.1,0.0,9.1,90.0
2010-10-04,9.6,2.2,9.8,77.1
2010-10-05,7.7,0.7,7.7,84.6
2010-10-06,5.3,,5.9,115.8
2010-10-07,2.3,,2.7,120.0
2010-10-08,1.9,0.7,2.0,69.1
2010-10-09,2.4,4.1,4.8,30.5
2010-10-10,3.8,4.8,6.1,38.5
2010-10-11,3.6,4.5,5.8,38.3
2010-10-12,3.9,2.6,4.7,56.5
2010-10-13,4.7,1.8,5.1,69.1
2010-10-14,5.8,,5.8,91.5
2010-10-15,5.1,,5.2,103.1
2010-10-16,4.3,,4.4,103.5
2010-10-17,4.6,0.0,4.6,90.0
2010-10-18,4.7,,4.7,97.4
2010-10-19,5.8,1.1,5.8,79.7
2010-10-20,7.2,,7.2,97.0
2010-10-21,7.2,,7.2,95.4
2010-10-22,8.4,,8.4,95.6
2010-10-23,7.0,,7.2,101.9
2010-10-24,6.9,,7.2,108.4
2010-10-25,6.3,,7.3,120.3
2010-10-26,5.0,,6.2,127.3
2010-10-27,5.7,,6.4,117.2
2010-10-28,6.1,1.3,6.3,78.3
2010-10-29,6.5,1.9,6.8,73.9
2010-10-30,5.2,1.2,5.3,76.6
2010-10-31,6.8,,6.8,94.2
2010-11-01,9.7,,9.8,96.8
2010-11-02,9.4,,9.5,100.7
2010-11-03,9.3,0.0,9.3,89.9
2010-11-04,8.7,3.9,9.6,65.7
2010-11-05,8.8,3.0,9.3,71.4
2010-11-06,5.8,2.9,6.5,64.1
2010-11-07,4.7,2.2,5.2,64.9
2010-11-08,3.1,,3.1,98.8
2010-11-09,4.0,0.6,4.1,81.8
2010-11-10,6.1,1.7,6.3,74.8
2010-11-11,6.6,3.7,7.5,60.9
2010-11-12,5.8,0.2,5.8,87.5
2010-11-13,4.7,2.6,5.4,60.9
2010-11-14,5.0,1.0,5.1,78.4
2010-11-15,6.4,,6.5,98.1
2010-11-16,6.8,,6.8,90.9
2010-11-17,5.8,,6.0,102.9
2010-11-18,6.0,0.7,6.0,83.7
2010-11-19,6.0,,6.0,93.2
2010-11-20,6.3,2.3,6.7,70.2
2010-11-21,8.4,1.6,8.6,79.6
2010-11-22,9.9,3.2,10.4,72.2
2010-11-23,6.6,3.5,7.5,62.3
2010-11-24,6.4,3.1,7.1,64.5
2010-11-25,8.5,,8.6,92.8
2010-11-26,10.4,,,103.6
2010-11-27,10.4,,,109.5
2010-11-28,7.3,,7.7,110.1
2010-11-29,6.7,,7.9,121.2
2010-11-30,4.6,0.4,4.6,85.0
2010-12-01,7.2,,7.2,95.4
2010-12-02,9.3,,9.3,92.4
2010-12-03,7.2,2.5,7.7,70.9
2010-12-04,6.3,1.5,6.5,76.9
2010-12-05,3.8,1.8,4.2,64.7
2010-12-06,2.2,1.3,2.6,58.9
2010-12-07,0.3,,0.8,159.1
2010-12-08,,,1.5,204.1
2010-12-09,,,1.3,187.0
2010-12-10,2.9,,3.0,103.5
2010-12-11,5.0,,5.0,94.3
2010-12-12,6.2,,6.2,94.8
2010-12-13,6.0,0.1,6.0,89.4
2010-12-14,5.6,0.0,5.6,89.5
2010-12-15,5.5,,5.6,102.0
2010-12-16,3.6,1.6,3.9,66.2
2010-12-17,2.3,,2.3,92.7
2010-12-18,1.1,0.1,1.1,87.5
2010-12-19,,3.8,3.9,345.6
2010-12-20,,2.9,2.9,357.5
2010-12-21,0.5,0.5,0.7,42.5
2010-12-22,,1.5,1.7,327.8
2010-12-23,1.7,2.7,3.2,32.2
2010-12-24,8.2,1.6,8.4,79.4
2010-12-25,7.2,,7.4,101.5
2010-12-26,7.5,1.5,7.6,78.5
2010-12-27,7.0,0.3,7.0,87.5
2010-12-28,4.8,,4.9,94.6
2010-12-29,5.0,,5.0,92.1
2010-12-30,6.3,0.7,6.4,83.9
2010-12-31,6.5,,7.3,116.9
2011-01-01,5.3,,5.7,112.3
2011-01-02,5.6,,5.6,93.6
2011-01-03,4.4,3.8,5.8,49.5
2011-01-04,4.8,3.4,5.9,54.9
2011-01-05,3.7,6.1,7.2,31.2
2011-01-06,2.3,6.9,7.2,18.4
2011-01-07,3.6,4.2,5.5,41.0
2011-01-08,2.4,4.9,5.5,25.9
2011-01-09,3.5,3.2,4.7,47.7
2011-01-10,4.9,2.2,5.4,65.7
2011-01-11,5.4,,5.4,93.8
2011-01-12,6.9,0.5,7.0,85.9
2011-01-13,5.5,,5.6,104.0
2011-01-14,1.6,,3.2,150.9
2011-01-15,1.5,,2.5,142.5
2011-01-16,3.3,,3.5,108.1
2011-01-17,2.8,,4.2,138.4
2011-01-18,0.8,,4.3,169.4
2011-01-19,0.5,,1.9,165.0
2011-01-20,,,4.6,192.8
2011-01-21,,,5.0,191.5
2011-01-22,,,0.6,204.1
2011-01-23,1.2,1.3,1.8,42.5
2011-01-24,0.6,1.7,1.8,18.1
2011-01-25,,2.1,2.2,340.8
2011-01-26,0.1,1.9,1.9,3.8
2011-01-27,1.6,2.1,2.6,36.2
2011-01-28,2.9,0.3,2.9,83.4
2011-01-29,2.1,,2.2,109.3
2011-01-30,0.5,2.7,2.8,10.5
2011-01-31,2.7,3.1,4.1,40.5
2011-02-01,8.8,,8.8,97.8
2011-02-02,5.8,,5.9,99.2
2011-02-03,7.7,4.3,8.8,60.9
2011-02-04,4.5,,4.6,102.8
2011-02-05,0.7,,0.8,105.9
2011-02-06,2.3,2.5,3.5,42.5
2011-02-07,3.3,,3.3,94.6
2011-02-08,2.5,0.5,2.5,78.0
2011-02-09,4.2,1.4,4.4,71.5
2011-02-10,5.0,3.2,6.0,57.5
2011-02-11,6.0,3.2,6.8,61.7
2011-02-12,4.6,3.8,6.0,50.6
2011-02-13,4.2,4.2,5.9,45.2
2011-02-14,2.5,3.7,4.5,33.3
2011-02-15,0.7,2.3,2.4,17.5
2011-02-16,0.1,1.5,1.5,5.6
2011-02-17,0.6,1.7,1.8,18.1
2011-02-18,1.9,2.3,3.0,39.8
2011-02-19,2.9,2.4,3.8,51.2
2011-02-20,2.6,0.9,2.8,70.4
2011-02-21,3.2,1.4,3.5,66.9
2011-02-22,3.0,0.8,3.1,76.2
2011-02-23,3.0,0.5,3.1,79.9
2011-02-24,3.0,2.0,3.6,56.5
2011-02-25,7.3,0.1,7.3,89.0
2011-02-26,6.6,,6.7,99.5
2011-02-27,3.5,,3.7,109.9
2011-02-28,2.9,,3.0,107.2
2011-03-01,2.8,1.4,3.1,64.3
2011-03-02,0.2,0.7,0.8,15.9
2011-03-03,0.0,0.7,0.7,357.5
2011-03-04,0.9,0.5,1.0,60.9
2011-03-05,1.9,0.3,1.9,81.2
2011-03-06,2.3,,2.4,107.5
2011-03-07,5.0,0.6,5.0,82.9
2011-03-08,7.1,0.9,7.2,82.7
2011-03-09,6.2,,6.2,93.0
2011-03-10,4.0,0.0,4.0,90.4
2011-03-11,3.2,1.0,3.4,73.5
2011-03-12,3.2,1.6,3.5,63.9
2011-03-13,3.9,,4.3,115.3
2011-03-14,2.1,,2.2,104.2
2011-03-15,1.5,0.1,1.5,87.5
2011-03-16,,1.6,2.1,320.6
2011-03-17,,2.1,2.2,340.8
2011-03-18,,2.2,2.7,325.0
2011-03-19,,2.3,2.3,347.2
2011-03-20,,0.9,1.0,343.5
2011-03-21,1.1,,1.3,118.5
2011-03-22,1.9,,2.3,121.2
2011-03-23,4.0,1.0,4.1,76.2
2011-03-24,6.5,1.9,6.8,73.9
2011-03-25,5.8,4.8,7.5,50.0
2011-03-26,6.2,4.2,7.5,55.5
2011-03-27,7.0,4.1,8.1,59.7
2011-03-28,7.1,5.3,8.8,53.5
2011-03-29,7.6,2.7,8.1,70.4
2011-03-30,7.7,0.1,7.7,89.0
2011-03-31,7.7,0.9,7.8,83.1
2011-04-01,7.5,0.5,7.5,86.0
2011-04-02,7.9,1.5,8.0,79.0
2011-04-03,8.0,,8.0,93.2
2011-04-04,5.1,,5.3,107.3
2011-04-05,2.7,,3.1,119.1
2011-04-06,1.1,,1.4,126.2
2011-04-07,0.7,,1.5,150.9
2011-04-08,1.1,,1.8,142.0
2011-04-09,2.0,1.5,2.5,52.5
2011-04-10,1.7,3.5,3.9,25.4
2011-04-11,1.7,3.7,4.1,24.1
2011-04-12,2.5,3.7,4.5,33.3
2011-04-13,3.1,,3.4,112.5
2011-04-14,5.5,,6.8,125.4
2011-04-15,4.7,,5.6,122.3
2011-04-16,4.3,2.0,4.8,65.2
2011-04-17,4.1,2.4,4.8,59.9
2011-04-18,3.1,2.8,4.2,48.4
2011-04-19,4.3,,4.3,98.3
2011-04-20,3.1,,3.1,98.8
2011-04-21,,,0.7,222.5
2011-04-22,,2.5,2.6,343.5
2011-04-23,0.6,1.9,2.0,15.9
2011-04-24,3.5,,3.7,109.9
2011-04-25,5.0,,5.1,96.6
2011-04-26,2.2,1.3,2.6,58.9
2011-04-27,3.0,2.0,3.6,56.5
2011-04-28,4.2,,4.3,92.9
2011-04-29,5.8,3.8,7.0,56.5
2011-04-30,4.5,3.0,5.4,56.2
2011-05-01,2.9,,3.0,107.2
2011-05-02,6.8,,7.2,106.9
2011-05-03,7.3,1.9,7.5,75.3
2011-05-04,8.0,2.1,8.3,75.1
2011-05-05,5.0,7.0,8.6,36.0
2011-05-06,3.7,6.5,7.5,29.5
2011-05-07,2.7,6.7,7.2,21.9
2011-05-08,1.7,6.1,6.3,15.9
2011-05-09,0.8,5.2,5.3,8.4
2011-05-10,,2.2,2.4,337.5
2011-05-11,,0.0,0.6,267.5
2011-05-12,0.5,,0.6,114.1
2011-05-13,1.5,,1.5,95.6
2011-05-14,3.1,,3.1,95.1
2011-05-15,0.7,,1.0,132.5
2011-05-16,,0.7,3.0,283.4
2011-05-17,,1.9,3.7,301.2
2011-05-18,,2.8,3.3,327.8
2011-05-19,,1.7,1.7,350.4
2011-05-20,,1.8,2.2,328.4
2011-05-21,,0.9,2.5,291.9
2011-05-22,,0.1,2.3,272.7
2011-05-23,,1.4,2.2,308.7
2011-05-24,,,,
2011-05-25,,,,
2011-05-26,1.2,0.1,1.2,85.8
2011-05-27,6.2,,6.5,107.4
2011-05-28,7.6,,7.6,97.4
2011-05-29,6.2,2.7,6.8,66.8
2011-05-30,1.5,4.3,4.5,19.2
2011-05-31,1.3,4.0,4.1,17.7
2011-06-01,1.3,2.6,3.0,26.5
2011-06-02,4.3,2.0,4.7,64.9
2011-06-03,6.3,,6.5,105.8
2011-06-04,6.1,,6.1,90.5
2011-06-05,6.0,1.8,6.3,73.1
2011-06-06,6.0,2.4,6.4,68.4
2011-06-07,4.6,3.2,5.5,55.3
2011-06-08,3.4,4.3,5.5,38.6
2011-06-09,1.2,3.6,3.8,17.8
2011-06-10,1.1,3.3,3.5,18.8
2011-06-11,,3.9,3.9,352.4
2011-06-12,,3.8,3.9,353.1
2011-06-13,,4.3,4.5,341.5
2011-06-14,,4.1,4.1,357.4
2011-06-15,0.1,3.0,3.0,2.6
2011-06-16,1.8,2.1,2.8,40.9
2011-06-17,1.1,0.6,1.2,63.0
2011-06-18,1.8,1.2,2.1,56.3
2011-06-19,1.0,2.3,2.5,23.1
2011-06-20,0.8,2.5,2.6,17.0
2011-06-21,2.0,5.3,5.7,20.4
2011-06-22,4.5,2.4,5.2,61.8
2011-06-23,3.8,2.2,4.3,60.0
2011-06-24,5.9,3.8,7.0,57.2
2011-06-25,8.0,2.2,8.3,74.4
2011-06-26,7.4,2.6,7.8,70.5
2011-06-27,9.4,2.8,9.8,73.3
2011-06-28,6.6,3.2,7.3,64.0
2011-06-29,4.2,2.5,4.9,60.1
2011-06-30,3.5,4.0,5.3,41.1
2011-07-01,4.3,1.4,4.6,72.0
2011-07-02,4.7,2.0,5.1,66.8
2011-07-03,2.3,0.5,2.4,78.3
2011-07-04,,2.0,2.8,315.8
2011-07-05,,1.9,2.8,312.6
2011-07-06,,1.8,2.6,314.7
2011-07-07,,3.2,4.1,320.5
2011-07-08,,3.0,3.1,345.4
2011-07-09,6.6,1.8,6.9,74.5
2011-07-10,8.4,3.2,9.0,69.0
2011-07-11,7.4,3.2,8.1,66.9
2011-07-12,6.5,4.6,8.0,55.1
2011-07-13,3.0,4.2,5.2,35.9
2011-07-14,3.6,3.0,4.6,50.3
2011-07-15,4.3,1.9,4.7,65.8
2011-07-16,,,1.7,259.7
2011-07-17,,,4.1,262.5
2011-07-18,,0.8,4.1,281.4
2011-07-19,,2.0,4.0,300.5
2011-07-20,,4.9,6.3,321.4
2011-07-21,,3.2,4.0,324.2
2011-07-22,,3.2,3.6,332.8
2011-07-23,,4.3,4.4,347.8
2011-07-24,,5.2,5.5,339.7
2011-07-25,0.0,4.1,4.1,359.6
2011-07-26,0.1,2.3,2.3,1.8
2011-07-27,1.7,1.7,2.4,45.8
2011-07-28,,5.2,5.5,340.0
2011-07-29,,4.2,4.7,333.0
2011-07-30,,3.7,4.4,327.9
2011-07-31,,2.8,4.2,311.5
2011-08-01,,4.6,5.1,335.0
2011-08-02,,2.6,2.8,342.2
2011-08-03,,4.2,5.6,318.5
2011-08-04,,1.7,4.0,295.5
2011-08-05,,2.6,4.0,309.7
2011-08-06,,2.6,3.2,324.6
2011-08-07,,4.2,4.3,348.3
2011-08-08,,4.0,4.8,328.6
2011-08-09,,3.0,3.9,318.8
2011-08-10,,3.0,3.8,322.0
2011-08-11,,2.0,2.6,320.3
2011-08-12,4.9,1.8,5.2,69.8
2011-08-13,3.2,2.1,3.8,56.2
2011-08-14,,3.1,3.2,350.6
2011-08-15,,1.4,1.5,347.6
2011-08-16,,3.3,4.8,313.4
2011-08-17,,3.7,5.6,311.9
2011-08-18,1.9,0.2,1.9,83.3
2011-08-19,,3.5,3.6,353.1
2011-08-20,,1.4,3.2,294.9
2011-08-21,,0.9,2.2,292.8
2011-08-22,,3.9,7.0,304.1
2011-08-23,,6.3,7.5,327.1
2011-08-24,,4.2,5.7,317.8
2011-08-25,,3.0,5.7,301.3
2011-08-26,,4.0,5.8,313.6
2011-08-27,,4.6,6.3,317.2
2011-08-28,0.0,4.5,4.5,0.2
2011-08-29,,3.3,4.4,318.8
2011-08-30,,4.2,5.7,317.1
2011-08-31,,3.8,5.7,311.6
2011-09-01,,3.4,4.4,320.4
2011-09-02,,3.6,5.4,311.2
2011-09-03,,2.7,6.6,294.4
2011-09-04,,3.5,6.5,302.5
2011-09-05,,4.1,6.6,307.9
2011-09-06,1.3,0.3,1.3,75.0
2011-09-07,,1.2,4.8,284.7
2011-09-08,,3.1,5.3,305.9
2011-09-09,1.9,2.2,3.0,41.0
2011-09-10,,2.9,4.5,309.9
2011-09-11,,4.5,5.3,328.6
2011-09-12,,5.2,5.5,341.1
2011-09-13,,5.0,5.1,346.8
2011-09-14,,2.9,4.1,315.1
2011-09-15,,3.9,5.3,316.3
2011-09-16,,2.2,3.5,308.3
2011-09-17,,1.7,2.2,322.7
2011-09-18,,3.3,3.7,331.6
2011-09-19,,3.4,5.2,311.0
2011-09-20,,2.8,3.2,332.8
2011-09-21,,1.9,2.9,311.1
2011-09-22,,4.2,5.5,320.4
2011-09-23,,3.1,5.5,304.1
2011-09-24,,3.0,4.8,308.0
2011-09-25,,2.6,3.6,317.3
2011-09-26,3.3,2.0,3.9,58.6
2011-09-27,3.0,3.7,4.8,39.0
2011-09-28,0.7,4.2,4.3,9.2
2011-09-29,,4.1,4.4,338.1
2011-09-30,,4.2,4.3,348.3
2011-10-01,,4.7,5.5,328.3
2011-10-02,,3.4,4.4,321.8
2011-10-03,1.9,3.7,4.2,26.7
2011-10-04,4.5,2.4,5.1,61.8
2011-10-05,0.4,0.1,0.4,70.9
2011-10-06,2.1,,2.8,131.3
2011-10-07,6.2,2.6,6.8,67.4
2011-10-08,3.6,4.0,5.4,41.5
2011-10-09,1.0,3.6,3.7,15.8
2011-10-10,1.2,4.1,4.3,16.1
2011-10-11,0.5,3.1,3.1,9.9
2011-10-12,,2.5,2.6,338.6
2011-10-13,,1.8,2.7,311.7
2011-10-14,,2.5,4.8,301.8
2011-10-15,,2.8,5.2,302.5
2011-10-16,,,1.9,249.4
2011-10-17,,1.2,1.8,315.3
2011-10-18,,,1.9,263.8
2011-10-19,,,2.2,245.1
2011-10-20,1.5,0.3,1.5,79.5
2011-10-21,2.1,3.3,3.9,33.4
2011-10-22,,2.4,2.5,347.6
2011-10-23,,,0.4,199.5
2011-10-24,,1.2,1.2,357.6
2011-10-25,0.6,0.5,0.8,52.0
2011-10-26,0.6,,1.9,163.5
2011-10-27,,0.3,0.7,294.4
2011-10-28,,0.9,1.6,303.4
2011-10-29,,,1.3,197.3
2011-10-30,1.4,,1.6,114.6
2011-10-31,2.8,,3.1,115.3
2011-11-01,8.1,,8.2,94.7
2011-11-02,6.8,,7.4,114.1
2011-11-03,5.6,0.3,5.6,86.5
2011-11-04,4.3,,4.3,100.6
2011-11-05,3.5,1.3,3.7,70.0
2011-11-06,2.7,2.8,3.9,44.6
2011-11-07,0.5,3.5,3.5,8.2
2011-11-08,,4.6,4.8,342.8
2011-11-09,,4.3,4.9,331.3
2011-11-10,,2.6,3.1,328.3
2011-11-11,1.3,,2.3,145.7
2011-11-12,0.3,0.0,0.3,94.5
2011-11-13,0.5,0.2,0.5,63.0
2011-11-14,,,1.2,245.1
2011-11-15,,0.9,1.1,330.9
2011-11-16,,,0.5,236.7
2011-11-17,2.7,,2.9,111.4
2011-11-18,2.8,,2.8,103.8
2011-11-19,0.6,0.7,0.9,42.8
2011-11-20,,1.5,1.5,356.0
2011-11-21,2.0,0.0,2.0,91.1
2011-11-22,1.9,2.1,2.9,43.1
2011-11-23,1.8,2.1,2.8,40.4
2011-11-24,,,2.4,216.3
2011-11-25,1.6,,2.8,143.3
2011-11-26,,,3.2,190.2
2011-11-27,,,3.0,195.7
2011-11-28,6.1,,7.8,128.8
2011-11-29,9.6,,9.7,94.6
2011-11-30,8.5,4.8,9.8,60.5
2011-12-01,6.4,3.4,7.3,62.5
2011-12-02,6.7,1.4,6.8,78.6
2011-12-03,5.7,1.9,6.0,71.2
2011-12-04,4.4,0.1,4.4,89.0
2011-12-05,3.2,,5.3,143.5
2011-12-06,1.2,,3.3,158.0
2011-12-07,,,1.6,196.5
2011-12-08,0.1,,1.2,175.6
2011-12-09,0.9,,3.4,165.1
2011-12-10,2.0,,2.6,129.6
2011-12-11,2.5,0.4,2.5,81.7
2011-12-12,2.1,2.6,3.3,38.7
2011-12-13,4.3,1.3,4.5,73.1
2011-12-14,4.0,1.0,4.1,75.7
2011-12-15,5.2,1.6,5.4,72.7
2011-12-16,5.6,2.5,6.2,66.2
2011-12-17,4.3,0.7,4.3,80.9
2011-12-18,4.1,2.0,4.5,63.8
2011-12-19,1.9,1.3,2.3,57.2
2011-12-20,4.3,,4.3,92.8
2011-12-21,2.1,2.0,3.0,46.2
2011-12-22,8.7,5.8,,56.1
2011-12-23,9.7,4.3,,66.0
2011-12-24,9.5,4.6,,64.0
2011-12-25,7.2,5.1,8.8,55.0
2011-12-26,8.6,5.0,10.0,59.9
2011-12-27,8.3,0.6,8.3,85.8
2011-12-28,5.1,,5.6,115.1
2011-12-29,3.3,,5.6,143.9
2011-12-30,2.0,,4.2,150.9
2011-12-31,3.2,,3.8,122.3
2012-01-01,2.9,,3.1,113.5
2012-01-02,3.7,,4.5,123.7
2012-01-03,3.1,,4.2,132.8
2012-01-04,0.1,0.8,0.8,5.0
2012-01-05,0.9,2.5,2.7,19.4
2012-01-06,3.0,2.9,4.1,45.8
2012-01-07,2.6,,3.9,137.7
2012-01-08,1.9,,5.2,158.3
2012-01-09,0.2,,4.4,177.8
2012-01-10,3.4,,3.5,103.4
2012-01-11,5.2,,5.7,113.6
2012-01-12,5.2,,6.8,131.2
2012-01-13,5.2,,6.3,124.3
2012-01-14,4.6,,5.5,123.2
2012-01-15,3.2,,4.7,137.7
2012-01-16,6.0,,6.2,103.4
2012-01-17,5.1,,5.3,104.8
2012-05-02,,2.4,2.5,343.3
2012-05-03,,2.2,2.2,352.4
2012-05-04,,2.4,2.6,339.1
2012-05-05,0.0,1.1,1.1,1.4
2012-05-06,1.6,1.2,2.0,52.5
2012-05-07,3.0,4.1,5.1,36.7
2012-05-08,1.7,4.5,4.8,20.6
2012-05-09,,2.5,2.6,347.9
2012-05-10,2.4,,2.6,113.6
2012-05-11,5.0,0.3,5.0,86.8
2012-05-12,1.7,2.1,2.7,38.8
2012-05-13,1.4,2.0,2.4,34.4
2012-05-14,,2.2,2.3,343.9
2012-05-15,,1.4,1.6,337.2
2012-05-16,0.9,1.4,1.7,32.3
2012-05-17,,1.9,2.0,346.8
2012-05-18,,1.9,2.1,334.9
2012-05-19,1.1,0.7,1.3,58.1
2012-05-20,3.2,2.0,3.7,58.3
2012-05-21,3.4,5.3,6.3,33.0
2012-05-22,1.1,3.2,3.3,18.8
2012-05-23,2.1,3.0,3.7,35.1
2012-05-24,1.1,3.8,3.9,15.8
2012-05-25,1.1,5.0,5.1,12.1
2012-05-26,4.1,4.8,6.3,40.8
2012-05-27,1.5,5.7,5.9,14.9
2012-05-28,3.7,4.8,6.1,37.8
2012-05-29,3.6,4.1,5.5,41.7
2012-05-30,5.8,2.9,6.5,63.2
2012-05-31,5.2,5.0,7.2,46.2
2012-06-01,3.2,4.8,5.8,33.8
2012-06-02,2.5,4.6,5.2,28.1
2012-06-03,3.4,5.9,6.8,29.8
2012-06-04,3.8,5.4,6.6,35.5
2012-06-05,4.3,6.0,7.3,35.7
2012-06-06,1.2,5.6,5.7,11.7
2012-06-07,4.2,2.7,5.0,57.4
2012-06-08,5.9,4.2,7.3,54.7
2012-06-09,3.1,6.2,6.9,26.8
2012-06-10,2.0,5.2,5.5,20.9
2012-06-11,1.0,5.4,5.5,10.5
2012-06-12,,4.8,4.8,357.1
2012-06-13,,3.4,3.5,352.8
2012-06-14,,2.6,4.0,310.5
2012-06-15,,1.1,2.4,296.7
2012-06-16,0.4,1.6,1.7,13.8
2012-06-17,1.1,3.5,3.7,16.5
2012-06-18,0.2,1.2,1.2,8.2
2012-06-19,2.5,2.2,3.4,48.0
2012-06-20,1.5,4.3,4.6,19.3
2012-06-21,,0.2,1.6,277.4
2012-06-22,,,0.4,244.1
2012-06-23,0.1,1.5,1.5,3.9
2012-06-24,,3.3,3.3,356.0
2012-06-25,,2.1,2.7,320.3
2012-06-26,,3.1,3.3,336.9
2012-06-27,,3.3,3.8,329.2
2012-06-28,,2.8,3.5,321.7
2012-06-29,0.8,3.6,3.7,13.0
2012-06-30,0.8,3.1,3.2,14.1
2012-07-01,1.4,3.2,3.5,24.6
2012-07-02,,3.2,3.3,348.6
2012-07-03,2.4,0.0,2.4,89.7
2012-07-04,0.9,0.9,1.3,42.7
2012-07-05,1.6,2.8,3.2,29.0
2012-07-06,3.5,3.3,4.8,46.8
2012-07-07,3.8,4.2,5.6,42.4
2012-07-08,4.8,5.1,7.0,43.5
2012-07-09,2.2,5.3,5.7,22.5
2012-07-10,4.3,,4.3,95.7
2012-07-11,4.7,0.9,4.8,79.5
2012-07-12,1.0,3.1,3.2,17.6
2012-07-13,,5.8,5.8,355.1
2012-07-14,0.0,4.9,4.9,0.4
2012-07-15,1.4,4.2,4.5,18.4
2012-07-16,,7.2,7.4,348.2
2012-07-17,,4.7,4.7,359.0
2012-07-18,,2.9,2.9,354.9
2012-07-19,1.5,,1.7,118.6
2012-07-20,4.3,2.5,5.0,59.4
2012-07-21,3.2,1.3,3.5,68.5
2012-07-22,2.6,0.9,2.8,71.8
2012-07-23,7.0,2.7,7.5,68.7
2012-07-24,1.2,2.9,3.2,22.1
2012-07-25,,2.8,2.8,358.8
2012-07-26,1.1,3.5,3.7,17.5
2012-07-27,1.4,3.8,4.1,20.5
2012-07-28,,5.5,5.5,357.4
2012-07-29,0.3,4.9,4.9,3.4
2012-07-30,,3.1,3.8,323.9
2012-07-31,,4.3,4.8,333.3
2012-08-01,,5.1,5.7,332.6
2012-08-02,,5.2,5.3,347.0
2012-08-03,,4.8,5.1,342.2
2012-08-04,,4.0,4.3,339.0
2012-08-05,,4.2,4.2,350.5
2012-08-06,,4.5,4.7,344.1
2012-08-07,,1.3,4.2,288.1
2012-08-08,,1.7,4.2,293.9
2012-08-09,,,2.1,233.1
2012-08-10,,2.5,3.3,320.1
2012-08-11,,2.0,4.1,300.0
2012-08-12,,2.5,3.4,318.1
2012-08-13,,4.7,5.7,325.6
2012-08-14,,3.9,5.1,319.6
2012-08-15,,4.7,4.9,344.4
2012-08-16,,2.1,2.1,352.4
2012-08-17,,3.5,3.6,348.4
2012-08-18,,1.6,1.6,352.1
2012-08-19,2.5,2.3,3.4,47.6
2012-08-20,1.0,3.8,4.0,15.2
2012-08-21,,1.7,2.2,320.0
2012-08-22,,5.5,5.6,354.3
2012-08-23,0.4,2.7,2.8,9.1
2012-08-24,,2.9,3.6,323.8
2012-08-25,,3.6,3.8,341.9
2012-08-26,1.1,4.4,4.5,14.3
2012-08-27,0.9,2.4,2.6,20.2
2012-08-28,,4.3,4.7,334.8
2012-08-29,,6.3,7.3,330.4
2012-08-30,,5.0,5.7,330.2
2012-08-31,,2.1,4.8,296.7
2012-09-01,,3.5,6.2,304.2
2012-09-02,,5.4,7.6,315.2
2012-09-03,,6.7,7.0,343.2
2012-09-04,,5.1,5.9,329.3
2012-09-05,,2.7,3.9,313.7
2012-09-06,,3.8,4.8,321.7
2012-09-07,0.1,4.3,4.4,1.2
2012-09-08,,5.0,5.3,341.4
2012-09-09,,3.4,3.4,359.1
2012-09-10,2.1,2.0,2.9,46.3
2012-09-11,0.2,0.7,0.7,18.0
2012-09-12,,2.8,2.8,358.2
2012-09-13,,4.8,6.3,319.1
2012-09-14,,6.0,6.5,338.1
2012-09-15,,5.0,5.0,354.9
2012-09-16,,3.4,4.1,327.6
2012-09-17,,3.0,4.0,318.7
2012-09-18,,2.8,2.9,344.6
2012-09-19,,1.3,1.7,318.6
2012-09-20,,1.5,2.9,300.7
2012-09-21,,2.3,5.2,296.0
2012-09-22,,3.1,4.7,311.0
2012-09-23,,3.3,4.4,318.5
2012-09-24,,4.2,4.2,350.4
2012-09-25,,6.1,6.2,351.0
2012-09-26,2.1,4.1,4.6,27.2
2012-09-27,,5.4,5.4,356.3
2012-09-28,0.3,4.9,5.0,3.7
2012-09-29,,5.0,5.0,356.5
2012-09-30,0.7,3.6,3.7,11.4
2012-10-01,0.3,1.4,1.4,10.5
2012-10-02,,,1.7,267.7
2012-10-03,,,2.8,261.4
2012-10-04,,,1.7,251.9
2012-10-05,,0.0,1.9,271.4
2012-10-06,,1.0,2.3,294.4
2012-10-07,,2.8,3.6,320.0
2012-10-08,,3.5,4.4,323.0
2012-10-09,,3.3,3.9,327.8
2012-10-10,,1.8,3.9,297.0
2012-10-11,,0.8,1.7,297.9
2012-10-12,,2.9,3.1,335.9
2012-10-13,,2.9,3.8,320.1
2012-10-14,,2.2,3.1,315.9
2012-10-15,,1.6,1.7,346.5
2012-10-16,1.8,,2.1,124.6
2012-10-17,4.7,,4.9,107.0
2012-10-18,1.8,3.3,3.8,28.0
2012-10-19,,1.0,1.3,321.2
2012-10-20,,,1.9,212.2
2012-10-21,0.8,,1.3,143.6
2012-10-22,0.8,3.8,3.8,12.2
2012-10-23,,3.4,4.6,317.9
2012-10-24,0.4,,0.4,122.1
2012-10-25,,,1.7,222.2
2012-10-26,,3.9,4.1,340.3
2012-10-27,,2.7,3.2,327.8
2012-10-28,,2.0,2.1,346.8
2012-10-29,,,2.7,185.0
2012-10-30,2.9,1.6,3.3,61.2
2012-10-31,,,3.9,214.1
2012-11-01,0.9,,7.3,172.6
2012-11-02,3.3,,6.6,150.3
2012-11-03,1.9,,3.2,144.1
2012-11-04,1.2,0.8,1.4,56.4
2012-11-05,0.4,2.5,2.5,9.5
2012-11-06,,1.5,1.5,345.7
2012-11-07,4.5,,4.6,101.9
2012-11-08,6.5,,7.0,112.3
2012-11-09,9.0,,9.1,100.7
2012-11-10,10.1,,10.2,97.6
2012-11-11,8.9,,8.9,90.4
2012-11-12,7.7,3.6,8.5,64.8
2012-11-13,2.7,,7.9,19.9
2012-11-14,3.3,,8.2,23.5
2012-11-15,0.7,5.8,5.8,7.1
2012-11-16,5.8,0.7,5.8,82.7
2012-11-17,8.6,0.7,8.6,85.7
2012-11-18,5.8,,5.8,97.2
2012-11-19,3.8,,3.9,99.5
2012-11-20,2.7,,2.9,110.8
2012-11-21,1.1,,1.6,134.8
2012-11-22,0.7,0.7,1.0,42.6
2012-11-23,,1.7,1.8,338.9
2012-11-24,,4.1,4.2,347.4
2012-11-25,,4.2,4.2,355.6
2012-11-26,3.7,1.7,4.1,66.0
2012-11-27,5.5,1.7,5.8,72.6
2012-11-28,6.7,,6.7,90.6
2012-11-29,9.7,1.9,9.9,79.0
2012-11-30,10.1,2.7,,74.9
2012-12-01,8.3,1.2,8.4,81.8
2012-12-02,5.3,,5.4,100.8
2012-12-03,0.6,,3.9,170.6
2012-12-04,,,2.6,217.1
2012-12-05,,1.1,3.3,290.0
2013-05-17,1.3,3.0,3.3,22.5
2013-05-18,2.8,2.9,4.0,44.5
2013-05-19,2.8,2.9,4.0,44.5
2013-05-20,0.2,1.1,1.1,8.8
2013-05-21,0.2,0.9,0.9,11.5
2013-05-22,3.6,0.2,3.6,87.5
2013-05-23,5.2,1.4,5.4,75.0
2013-05-24,3.9,1.9,4.3,63.3
2013-05-25,3.7,1.4,3.9,70.0
2013-05-26,3.6,2.3,4.3,57.4
2013-05-27,2.3,1.5,2.8,57.2
2013-05-28,1.4,0.9,1.6,57.8
2013-05-29,1.3,1.7,2.1,38.7
2013-05-30,,2.7,3.0,334.3
2013-05-31,,2.3,3.5,310.2
2013-06-01,1.8,0.3,1.8,81.2
2013-06-02,5.8,2.4,6.2,67.4
2013-06-03,4.1,3.9,5.7,46.7
2013-06-04,2.0,3.2,3.8,32.0
2013-06-05,1.0,4.6,4.7,12.1
2013-06-06,,3.7,3.8,354.5
2013-06-07,2.2,0.9,2.4,67.5
2013-06-08,4.8,1.8,5.2,69.8
2013-06-09,8.7,1.6,8.8,79.9
2013-06-10,8.3,2.3,8.6,74.4
2013-06-11,7.0,5.2,8.7,53.5
2013-06-12,5.8,5.3,7.9,47.5
2013-06-13,4.7,4.1,6.2,48.8
2013-06-14,4.1,4.1,5.8,45.2
2013-06-15,6.2,4.6,7.7,53.8
2013-06-16,2.5,4.8,5.4,27.8
2013-06-17,3.1,4.8,5.8,32.8
2013-06-18,3.1,6.0,6.7,27.0
2013-06-19,1.3,6.5,6.6,11.1
2013-06-20,1.7,5.8,6.0,16.5
2013-06-21,2.7,5.4,6.0,26.6
2013-06-22,4.7,4.3,6.4,47.5
2013-06-23,4.7,4.1,6.2,48.8
2013-06-24,1.1,3.0,3.2,19.3
2013-06-25,4.0,3.5,5.3,48.5
2013-06-26,2.1,2.5,3.2,40.0
2013-06-27,0.0,3.8,3.8,0.5
2013-06-28,,0.9,0.9,343.5
2013-06-29,,0.0,0.9,267.5
2013-06-30,1.7,,1.9,119.5
2013-07-01,1.6,3.6,4.0,24.1
2013-07-02,1.8,4.2,4.6,23.0
2013-07-03,3.4,2.7,4.4,51.7
2013-07-04,2.2,3.8,4.4,29.8
2013-07-05,1.4,3.8,4.1,20.3
2013-07-06,5.2,2.4,5.7,65.3
2013-07-07,5.2,2.6,5.8,63.5
2013-07-08,1.7,1.9,2.5,42.5
2013-07-09,1.5,,1.5,103.5
2013-07-10,0.1,2.0,2.0,3.2
2013-07-11,0.8,3.8,3.9,12.2
2013-07-12,2.1,5.6,6.0,20.7
2013-07-13,1.2,4.2,4.4,15.9
2013-07-14,1.0,3.8,3.9,15.0
2013-07-15,,5.3,5.3,355.4
2013-07-16,1.0,5.0,5.0,11.0
2013-07-17,1.6,4.2,4.5,20.7
2013-07-18,1.2,3.2,3.5,21.1
2013-07-19,,3.4,3.4,354.1
2013-07-20,,2.6,2.7,344.5
2013-07-21,1.1,2.3,2.5,26.1
2013-07-22,0.2,3.4,3.4,4.2
2013-07-23,1.7,5.4,5.6,17.8
2013-07-24,2.9,1.5,3.3,62.5
2013-07-25,1.6,0.5,1.7,73.5
2013-07-26,,2.3,3.1,317.7
2013-07-27,,3.7,5.7,311.1
2013-07-28,,5.2,5.7,335.3
2013-07-29,2.0,3.4,4.0,30.4
2013-07-30,4.1,5.1,6.5,38.9
2013-07-31,2.1,4.6,5.1,25.1
2013-08-01,1.1,1.9,2.2,31.2
2013-08-02,1.6,0.9,1.8,60.9
2013-08-03,6.3,3.0,7.0,64.5
2013-08-04,4.7,3.5,5.9,53.3
2013-08-05,6.2,1.6,6.4,75.2
2013-08-06,9.1,1.2,9.2,82.6
2013-08-07,7.2,3.8,8.2,62.1
2013-08-08,7.1,3.0,7.7,66.8
2013-08-09,8.1,1.1,8.2,82.1
2013-08-10,9.1,1.4,9.2,81.4
2013-08-11,8.8,2.7,9.2,72.9
2013-08-12,7.5,2.9,8.0,69.1
2013-08-13,4.2,3.1,5.2,53.2
2013-08-14,0.3,3.2,3.2,4.6
2013-08-15,,4.3,4.3,352.3
2013-08-16,0.8,3.4,3.5,13.9
2013-08-17,3.5,4.5,5.7,38.3
2013-08-18,1.6,1.5,2.1,46.3
2013-08-19,,2.5,2.9,332.7
2013-08-20,,,2.5,212.5
2013-08-21,,2.9,3.2,335.7
2013-08-22,,1.6,2.0,320.6
2013-08-23,,1.5,2.3,312.5
2013-08-24,,0.1,2.0,273.2
2013-08-25,,0.1,1.5,275.6
2013-08-26,4.4,3.1,5.4,54.4
2013-08-27,0.0,4.0,4.0,0.4
2013-08-28,0.2,3.6,3.6,3.8
2013-08-29,,2.8,2.9,345.4
2013-08-30,1.1,3.0,3.2,19.3
2013-08-31,0.1,1.6,1.6,4.6
2013-09-01,1.7,,2.7,141.5
2013-09-02,4.0,,4.2,106.8
2013-09-03,0.5,3.2,3.2,8.1
2013-09-04,,0.9,1.9,299.5
2013-09-05,1.0,3.6,3.8,15.9
2013-09-06,1.5,2.1,2.6,36.2
2013-09-07,2.4,3.3,4.1,36.6
2013-09-08,2.0,4.6,5.0,23.1
2013-09-09,4.5,4.1,6.1,47.7
2013-09-10,3.5,1.5,3.8,66.2
2013-09-11,4.5,,4.6,94.9
2013-09-12,4.5,,4.5,92.5
2013-09-13,0.1,1.6,1.6,4.6
2013-09-14,,0.9,0.9,343.5
2013-09-15,2.0,1.1,2.2,60.9
2013-09-16,3.8,2.7,4.7,54.5
2013-09-17,,2.2,2.2,352.3
2013-09-18,0.8,0.5,1.0,60.9
2013-09-19,1.4,3.2,3.5,24.1
2013-09-20,1.4,3.4,3.7,22.7
2013-09-21,2.1,2.7,3.4,37.7
2013-09-22,1.1,2.3,2.5,26.1
2013-09-23,2.7,1.9,3.3,54.8
2013-09-24,0.0,5.1,5.1,359.7
2013-09-25,,3.9,4.0,357.5
2013-09-26,,1.0,1.3,318.8
2013-09-27,1.6,3.4,3.8,25.4
2013-09-28,3.6,3.9,5.3,42.5
2013-09-29,1.6,4.0,4.3,21.7
2013-09-30,1.3,2.1,2.5,32.5
2013-10-01,1.1,3.2,3.4,18.1
2013-10-02,,5.3,5.3,357.5
2013-10-03,,2.4,2.5,343.5
2013-10-04,,1.0,1.5,312.5
2013-10-05,,1.4,1.4,357.5
2013-10-06,2.2,2.9,3.6,38.1
2013-10-07,2.5,4.6,5.3,28.8
2013-10-08,,4.2,4.6,337.5
2013-10-09,,5.6,5.9,342.1
2013-10-10,,4.0,5.0,323.8
2013-10-11,,4.6,5.1,334.9
2013-10-12,,4.4,5.1,329.9
2013-10-13,,2.7,3.6,316.9
2013-10-14,,1.8,1.9,345.0
2013-10-15,,2.6,2.7,344.5
2013-10-16,4.8,2.0,5.2,67.7
2013-10-17,7.1,6.7,9.8,46.5
2013-10-18,3.2,3.9,5.0,39.3
2013-10-19,3.3,1.9,3.8,59.6
2013-10-20,2.6,,2.6,96.2
2013-10-21,1.5,,1.5,103.5
2013-10-22,,,2.0,267.5
2013-10-23,,0.1,2.4,272.3
2013-10-24,,0.5,2.5,281.5
2013-10-25,,0.3,2.4,277.0
2013-10-26,,1.4,1.8,322.0
2013-10-27,,2.2,4.6,298.5
2013-10-28,,0.5,2.7,280.5
2013-10-29,,,3.0,263.7
2013-10-30,,,2.8,237.2
2013-10-31,0.1,,1.3,177.5
2013-11-01,5.1,0.4,5.1,85.3
2013-11-02,4.8,2.8,5.5,60.0
2013-11-03,3.5,0.9,3.6,75.0
2013-11-04,5.5,0.2,5.5,87.5
2013-11-05,3.4,0.5,3.4,80.8
2013-11-06,4.7,0.0,4.7,89.9
2013-11-07,5.9,0.3,5.9,87.5
2013-11-08,6.4,0.5,6.4,85.8
2013-11-09,3.6,2.5,4.4,55.2
2013-11-10,1.3,2.3,2.6,30.0
2013-11-11,2.1,1.3,2.5,58.9
2013-11-12,3.5,0.9,3.6,75.0
2013-11-13,6.8,0.9,6.8,82.6
2013-11-14,5.9,,6.1,102.4
2013-11-15,5.7,0.4,5.7,85.5
2013-11-16,3.8,,3.8,96.5
2013-11-17,4.3,0.8,4.4,79.7
2013-11-18,3.9,1.2,4.1,73.5
2013-11-19,2.2,,2.2,92.7
2013-11-20,1.4,0.5,1.5,71.5
2013-11-21,0.8,1.1,1.3,36.2
2013-11-22,0.6,1.1,1.2,28.5
2013-11-23,2.3,2.3,3.2,45.0
2013-11-24,3.8,,3.8,99.4
2013-11-25,5.2,1.0,5.3,79.1
2013-11-26,7.3,2.3,7.7,72.8
2013-11-27,6.4,1.8,6.6,73.9
2013-11-28,8.1,1.5,8.2,79.4
2013-11-29,8.7,0.2,8.8,88.8
2013-11-30,7.4,,7.5,95.0
2013-12-01,5.7,3.4,6.6,59.4
2013-12-02,4.8,1.8,5.2,69.8
2013-12-03,2.2,0.5,2.2,77.2
2013-12-04,0.3,3.0,3.0,5.1
2013-12-05,1.6,,1.6,94.6
2013-12-06,3.8,,4.1,112.8
2013-12-07,3.4,,3.6,109.9
2013-12-08,6.4,1.1,6.5,80.6
2013-12-09,3.9,1.2,4.1,73.5
2013-12-10,4.4,,4.4,100.3
2013-12-11,5.3,,5.3,93.8
2013-12-12,1.8,,1.8,93.8
2013-12-13,1.8,1.1,2.1,58.5
2013-12-14,,3.1,3.3,340.1
2013-12-15,3.4,3.3,4.7,45.9
2013-12-16,6.3,3.4,7.2,61.6
2013-12-17,7.9,2.7,8.3,71.2
2013-12-18,6.8,1.1,6.9,81.0
2013-12-19,6.4,0.1,6.4,89.2
2013-12-20,4.4,,4.9,116.1
2013-12-21,1.3,,1.3,105.9
2013-12-22,,1.4,1.9,316.9
2013-12-23,,1.7,2.5,312.5
2013-12-24,,0.6,1.1,304.4
2013-12-25,2.6,,2.9,115.8
2013-12-26,4.3,,6.4,137.5
2013-12-27,2.2,0.1,2.2,87.5
2013-12-28,8.0,0.3,8.0,87.5
2013-12-29,2.6,,2.6,96.2
2013-12-30,2.9,2.7,3.9,46.6
2013-12-31,2.8,4.2,5.1,33.0
2014-01-01,1.1,6.9,7.0,8.8
2014-01-02,0.0,4.0,4.0,0.4
2014-01-03,1.4,0.9,1.6,57.8
2014-01-04,3.2,,3.3,101.5
2014-01-05,3.9,,4.6,123.9
2014-01-06,3.8,,4.2,115.3
2014-01-07,3.1,,4.9,140.6
2014-01-08,4.0,,4.3,111.7
2014-01-09,1.7,,3.5,150.9
2014-01-10,,0.3,0.4,312.5
2014-01-11,0.5,2.8,2.9,9.6
2014-01-12,3.0,,3.1,102.4
2014-01-13,4.8,1.4,5.0,74.0
2014-01-14,4.1,0.6,4.2,82.1
2014-01-15,3.8,,4.1,112.8
2014-01-16,2.8,,6.2,153.3
2014-01-17,2.0,,6.7,162.2
2014-01-18,1.9,,4.3,153.3
2014-01-19,1.1,,2.8,156.5
2014-01-20,1.1,,3.5,161.1
2014-01-21,,,2.9,189.6
2014-01-22,1.3,,3.2,155.7
2015-05-07,1.1,0.8,1.4,51.2
2015-05-08,1.5,2.0,2.5,36.1
2015-05-09,0.3,0.9,0.9,21.0
2015-05-10,,,1.3,216.8
2015-05-11,4.7,0.9,4.8,79.1
2015-05-12,8.7,3.4,9.4,68.7
2015-05-13,4.2,1.6,4.5,68.8
2015-05-14,,0.8,0.8,346.9
2015-05-15,2.0,2.0,2.8,44.5
2015-05-16,0.4,3.9,3.9,5.9
2015-05-17,,1.6,2.0,323.8
2015-05-18,,0.4,0.7,306.8
2015-05-19,,1.4,1.4,344.8
2015-05-20,0.6,2.0,2.0,16.9
2015-05-21,,3.6,3.7,347.5
2015-05-22,,1.5,2.4,308.9
2015-05-23,,0.1,0.3,286.5
2015-05-24,0.3,2.8,2.9,6.6
2015-05-25,0.6,3.1,3.1,11.8
2015-05-26,,2.6,3.4,321.8
2015-05-27,,0.1,0.1,327.6
2015-05-28,,0.4,1.9,280.6
2015-05-29,,0.6,3.4,279.9
2015-05-30,,1.9,3.0,309.0
2015-05-31,0.9,0.9,1.3,47.5
2015-06-01,,2.6,2.9,334.8
2015-06-02,,,4.9,257.0
2015-06-03,,,4.1,263.4
2015-06-04,,1.0,2.9,290.0
2015-06-05,1.2,,1.6,130.4
2015-06-06,5.0,1.9,5.4,69.5
2015-06-07,2.7,2.3,3.5,49.7
2015-06-08,,,1.3,219.4
2015-06-09,2.9,,3.2,112.8
2015-06-10,3.0,1.3,3.3,66.5
2015-06-11,0.6,0.9,1.1,33.0
2015-06-12,,,2.1,181.2
2015-06-13,1.7,,2.3,132.8
2015-06-14,3.5,3.7,5.1,43.8
2015-06-15,1.6,4.0,4.3,21.9
2015-06-16,1.6,5.3,5.5,16.9
2015-06-17,,3.8,3.8,348.7
2015-06-18,,3.5,4.6,319.2
2015-06-19,,3.8,4.5,328.8
2015-06-20,,4.2,4.9,328.4
2015-06-21,,4.0,6.0,311.8
2015-06-22,,3.3,5.9,304.4
2015-06-23,,3.7,5.7,310.5
2015-06-24,,2.6,4.9,302.1
2015-06-25,,1.6,3.8,295.6
2015-06-26,,1.6,3.1,302.1
2015-06-27,,0.7,2.2,289.4
2015-06-28,,1.4,5.1,286.2
2015-06-29,,,4.0,267.4
2015-06-30,,0.7,2.0,289.1
2015-07-01,,1.0,3.4,286.4
2015-07-02,,4.2,7.2,305.8
2015-07-03,,3.6,6.3,305.2
2015-07-04,,1.7,3.9,296.0
2015-07-05,,2.6,3.7,315.0
2015-07-06,,5.0,5.2,342.8
2015-07-07,4.7,4.1,6.3,48.9
2015-07-08,1.5,5.7,5.9,14.4
2015-07-09,3.5,4.3,5.6,39.6
2015-07-10,4.9,2.8,5.7,60.8
2015-07-11,,3.6,4.0,335.6
2015-07-12,2.3,1.2,2.6,62.2
2015-07-13,2.1,6.1,6.5,19.4
2015-07-14,1.7,,8.2,12.1
2015-07-15,,5.5,5.7,342.8
2015-07-16,1.1,4.5,4.6,13.7
2015-07-17,,0.6,1.5,294.9
2015-07-18,5.5,,5.6,102.3
2015-07-19,2.5,1.0,2.8,68.0
2015-07-20,2.5,3.6,4.4,35.1
2015-07-21,,3.8,4.3,333.0
2015-07-22,,3.0,4.4,312.9
2015-07-23,,,2.0,258.7
2015-07-24,,,0.3,193.3
2015-07-25,1.6,3.2,3.6,26.5
2015-07-26,,3.0,3.7,325.4
2015-07-27,,2.0,6.0,289.6
2015-07-28,,2.2,5.2,294.5
2015-07-29,0.9,3.4,3.5,14.0
2015-07-30,,1.3,3.0,297.0
2015-07-31,,0.3,2.4,277.4
2015-08-01,,4.1,4.2,348.8
2015-08-02,,4.8,4.8,355.9
2015-08-03,,4.8,4.8,358.6
2015-08-04,,4.6,4.8,344.4
2015-08-05,,3.2,4.1,320.3
2015-08-06,,3.3,3.6,336.2
2015-08-07,,4.8,5.2,336.8
2015-08-08,,5.1,6.7,319.4
2015-08-09,,4.5,5.0,335.9
2015-08-10,,2.3,2.8,326.7
2015-08-11,,1.9,4.4,296.2
2015-08-12,,,1.1,255.8
2015-08-13,0.1,1.9,1.9,3.5
2015-08-14,2.9,3.4,4.5,40.0
2015-08-15,4.9,3.3,5.9,56.4
2015-08-16,3.9,1.7,4.3,66.3
2015-08-17,1.0,2.1,2.4,24.7
2015-08-18,,1.8,2.6,314.2
2015-08-19,,2.8,3.0,339.7
2015-08-20,,4.5,5.3,328.8
2015-08-21,,4.4,6.8,310.0
2015-08-22,,4.2,6.2,312.6
2015-08-23,,3.5,4.5,321.6
2015-08-24,,2.5,3.5,314.4
2015-08-25,,5.7,6.2,336.7
2015-08-26,,5.0,6.0,326.7
2015-08-27,,3.9,5.8,311.8
2015-08-28,,2.1,2.6,323.5
2015-08-29,,0.9,1.6,305.4
2015-08-30,,2.9,4.0,316.1
2016-02-29,1.4,,2.1,136.9
2016-03-01,0.8,1.9,2.0,24.1
2016-03-02,,1.4,1.5,348.0
2016-03-03,,,1.7,259.4
2016-03-04,0.4,,0.7,150.9
2016-03-05,0.3,2.4,2.5,7.8
2016-03-06,,,2.2,243.5
2016-03-07,,1.4,2.5,305.4
2016-03-08,,2.1,2.6,322.5
2016-03-09,1.2,,1.7,132.5
2016-03-10,2.8,,2.8,91.9
2016-03-11,1.6,,1.8,110.7
2016-03-12,1.4,,2.5,146.5
2016-03-13,1.0,,1.9,147.8
2016-03-14,0.7,1.1,1.3,34.4
2016-03-15,1.2,0.8,1.4,56.5
2016-03-16,2.8,,3.8,132.5
2016-03-17,0.4,,4.5,174.9
2016-03-18,,,3.5,194.8
2016-03-19,3.0,,4.2,134.5
2016-03-20,6.9,,7.0,100.7
2016-03-21,4.8,,4.9,104.4
2016-03-22,3.6,,3.9,112.7
2016-03-23,3.0,,5.8,148.2
2016-03-24,2.8,,4.4,140.1
2016-03-25,1.6,,2.2,132.5
2016-03-26,,1.5,2.0,322.0
2016-03-27,,2.5,3.0,327.2
2016-03-28,,1.4,2.5,305.4
2016-03-29,,0.6,2.3,284.2
2016-03-30,,,2.0,261.2
2016-03-31,,0.9,0.9,339.1
2016-04-01,,,1.1,191.5
2016-04-02,0.3,,2.0,171.2
2016-04-03,2.0,,2.9,135.5
2016-04-04,1.2,0.3,1.3,76.2
2016-04-05,2.7,1.0,2.9,70.4
2016-04-06,5.9,,6.5,114.8
2016-04-07,2.4,,2.8,120.0
2016-04-08,2.0,0.8,2.1,69.1
2016-04-09,0.6,2.2,2.3,14.2
2016-04-10,3.3,1.4,3.6,66.9
2016-04-11,2.7,1.2,3.0,66.5
2016-04-12,4.6,2.2,5.1,64.0
2016-04-13,3.3,1.4,3.6,66.9
2016-04-14,0.6,0.6,0.8,42.5
2016-04-15,,0.8,2.2,291.5
2016-04-16,,1.4,1.6,330.9
2016-04-17,,1.6,1.8,334.3
2016-04-18,0.6,1.9,1.9,18.1
2016-04-19,0.3,,1.1,163.5
2016-04-20,0.4,1.3,1.3,19.3
2016-04-21,0.7,0.4,0.7,60.9
2016-04-22,1.2,2.2,2.5,28.5
2016-04-23,3.1,3.2,4.5,44.4
2016-04-24,3.5,1.2,3.7,71.1
2016-04-25,2.0,,2.1,100.0
2016-04-26,1.0,,2.0,150.9
2016-04-27,1.6,,2.3,136.3
2016-04-28,1.5,,1.6,114.1
2016-04-29,,1.6,1.7,341.6
2016-04-30,0.1,2.2,2.2,3.2
2016-05-01,2.4,,2.5,107.5
2016-05-02,1.8,,2.6,135.9
2016-05-03,1.2,,1.4,118.5
2016-05-04,3.3,0.6,3.4,80.4
2016-05-05,1.2,,2.1,145.5
2016-05-06,6.2,0.7,6.2,83.8
2016-05-07,5.3,,5.3,91.9
2016-05-08,2.4,0.8,2.5,72.2
2016-05-09,2.4,2.8,3.7,40.2
2016-05-10,4.8,2.0,5.2,66.9
2016-05-11,4.6,1.8,5.0,68.3
2016-05-12,9.5,0.0,9.5,89.9
2016-05-13,6.9,2.5,7.3,70.0
2016-05-14,10.0,1.2,10.1,83.0
2016-05-15,7.0,,7.0,94.0
2016-05-16,3.8,,3.8,93.8
2016-05-17,2.2,,2.8,126.2
2016-05-18,0.9,,1.0,121.2
2016-05-19,1.6,1.0,1.9,57.8
2016-05-20,4.4,2.2,4.9,63.1
2016-05-21,2.1,4.4,4.8,25.1
2016-05-22,4.3,2.8,5.2,56.9
2016-05-23,3.6,5.2,6.3,34.7
2016-05-24,5.1,2.9,5.9,60.9
2016-05-25,7.2,3.3,7.9,65.4
2016-05-26,3.9,3.6,5.3,47.1
2016-05-27,4.0,3.0,5.0,52.5
2016-05-28,6.9,1.7,7.1,76.2
2016-05-29,7.5,1.5,7.7,78.5
2016-05-30,6.9,2.1,7.2,73.1
2016-05-31,7.2,0.9,7.2,82.7
2016-06-01,8.8,1.6,9.0,79.9
2016-06-02,7.7,1.1,7.8,81.6
2016-06-03,7.2,3.7,8.1,62.8
2016-06-04,4.2,1.8,4.6,66.7
2016-06-05,4.0,,4.1,105.0
2016-06-06,3.2,,3.2,95.1
2016-06-07,2.2,0.1,2.2,87.5
2016-06-08,0.2,1.1,1.1,11.5
2016-06-09,1.8,0.3,1.9,80.4
2016-06-10,2.7,1.8,3.2,55.9
2016-06-11,1.5,3.6,3.9,22.7
2016-06-12,2.8,0.1,2.8,87.5
2016-06-13,2.5,1.8,3.1,53.8
2016-06-14,7.0,,7.0,92.4
2016-06-15,8.6,,8.7,98.0
2016-06-16,8.8,3.0,9.3,71.4
2016-06-17,5.7,3.5,6.6,58.6
2016-06-18,5.7,3.6,6.7,57.1
2016-06-19,5.5,2.5,6.1,66.0
2016-06-20,5.9,2.7,6.5,65.7
2017-03-03,1.6,,1.8,113.1
2017-03-04,2.8,,2.8,97.3
2017-03-05,3.3,,4.2,128.9
2017-03-06,0.9,,0.9,98.0
2017-03-07,0.0,0.6,0.6,3.2
2017-03-08,,1.6,1.6,349.7
2017-03-09,,0.7,0.9,315.2
2017-03-10,2.0,,2.1,109.8
2017-03-11,3.4,,3.4,102.7
2017-03-12,4.5,,5.0,118.4
2017-03-13,4.0,,4.6,119.6
2017-03-14,1.3,,2.2,144.6
2017-03-15,1.1,,2.9,157.0
2017-03-16,4.4,,5.2,121.6
2017-03-17,3.3,,4.3,129.5
2017-03-18,3.0,,3.1,96.1
2017-03-19,4.4,1.2,4.5,74.6
2017-03-20,5.4,0.9,5.5,80.1
2017-03-21,4.3,,5.6,128.9
2017-03-22,3.6,,4.6,128.1
2017-03-23,2.2,0.3,2.2,81.8
2017-03-24,0.8,,2.1,158.6
2017-03-25,0.1,,1.4,175.9
2017-03-26,1.3,,2.7,151.5
2017-03-27,3.0,0.2,3.0,86.1
2017-03-28,4.9,2.4,5.5,64.1
2017-03-29,,1.7,1.7,352.7
2017-03-30,,1.4,1.9,318.6
2017-03-31,,2.3,2.5,341.1
2017-04-01,2.3,2.6,3.5,41.8
2017-04-02,3.0,0.9,3.1,72.3
2017-04-03,3.6,0.8,3.7,77.7
2017-04-04,2.6,1.6,3.1,57.6
2017-04-05,3.6,0.6,3.6,81.1
2017-04-06,5.7,0.6,5.7,84.4
2017-04-07,6.7,1.7,6.9,75.9
2017-04-08,5.5,2.5,6.1,66.2
2017-04-09,5.3,3.2,6.2,59.0
2017-04-10,9.1,0.9,9.1,84.4
2017-04-11,7.1,4.2,8.2,59.7
2017-04-12,2.9,1.8,3.4,58.0
2017-04-13,1.3,2.7,3.0,25.9
2017-04-14,1.5,2.1,2.5,35.6
2017-04-15,2.5,3.2,4.1,37.7
2017-04-16,1.3,4.2,4.4,17.4
2017-04-17,1.7,3.1,3.6,27.9
2017-04-18,2.6,3.1,4.0,40.1
2017-04-19,3.8,1.1,3.9,73.1
2017-04-20,4.2,0.2,4.2,86.8
2017-04-21,1.9,,3.9,150.7
2017-04-22,0.9,,3.0,163.4
2017-04-23,,,1.3,206.3
2017-04-24,0.4,0.3,0.5,50.2
2017-04-25,1.8,0.2,1.8,82.9
2017-04-26,2.4,,2.5,106.9
2017-04-27,3.3,2.3,4.0,54.6
2017-04-28,0.9,2.5,2.6,20.7
2017-04-29,0.2,0.7,0.7,17.7
2017-04-30,0.9,1.9,2.1,24.1
2017-05-01,1.4,1.9,2.4,37.7
2017-05-02,1.5,,1.5,99.4
2017-05-03,4.9,,5.0,100.1
2017-05-04,1.9,2.1,2.8,42.9
2017-05-05,1.6,1.4,2.1,50.3
2017-05-06,,0.1,0.8,275.3
2017-05-07,,,1.5,244.5
2017-05-08,,0.4,0.6,320.3
2017-05-09,1.6,2.9,3.3,29.3
2017-05-10,0.7,2.5,2.6,15.4
2017-05-11,1.7,1.5,2.3,47.2
2017-05-12,1.3,2.1,2.5,30.9
2017-05-13,0.5,2.4,2.4,11.4
2017-05-14,0.6,0.9,1.1,35.6
2017-05-15,1.0,1.4,1.7,37.4
2017-05-16,4.0,2.3,4.6,59.8
2017-05-17,3.2,4.8,5.8,33.8
2017-05-18,2.5,1.2,2.8,64.3
2017-05-19,6.2,1.6,6.4,75.8
2017-05-20,6.5,2.1,6.8,71.9
2017-05-21,5.4,3.6,6.5,55.9
2017-05-22,2.6,3.6,4.4,35.3
2017-05-23,2.7,3.0,4.0,42.1
2017-05-24,4.1,1.6,4.4,67.9
2017-05-25,5.0,2.9,5.8,60.1
2017-05-26,6.1,3.0,6.8,64.0
2017-05-27,4.6,2.8,5.4,58.5
2017-05-28,3.0,1.8,3.5,59.2
2017-05-29,6.2,,6.2,91.4
2017-05-30,7.2,2.9,7.8,68.3
2017-05-31,4.4,1.3,4.6,73.5
2017-06-01,5.0,1.6,5.2,72.2
2017-06-02,1.5,1.8,2.3,39.6
2017-06-03,,,1.2,234.1
2017-06-04,0.4,1.6,1.6,12.8
2017-06-05,2.1,3.2,3.8,33.5
2017-06-06,2.8,3.5,4.4,38.8
2017-06-07,3.0,2.5,3.9,50.5
2017-06-08,4.8,1.3,5.0,75.0
2017-06-09,5.5,2.8,6.1,63.2
2017-06-10,3.3,2.4,4.1,53.9
2017-06-11,1.0,0.6,1.2,57.8
2018-06-01,1.9,0.1,1.9,87.5
2018-06-02,2.9,0.8,3.0,75.4
2018-06-03,3.9,,3.9,96.5
2018-06-04,5.1,1.8,5.5,70.4
2018-06-05,0.8,3.9,4.0,12.2
2018-06-06,1.4,4.1,4.4,19.3
2018-06-07,4.2,4.2,5.9,45.2
2018-06-08,4.2,4.4,6.1,43.8
2018-06-09,4.5,3.0,5.4,56.2
2018-06-10,0.7,2.7,2.8,14.6
2018-06-11,,2.9,4.2,314.5
2018-06-12,,2.9,3.9,318.8
2018-06-13,,3.8,4.0,342.8
2018-06-14,,3.7,3.7,357.5
2018-06-15,,3.4,3.6,341.1
2018-06-16,,4.8,4.8,355.1
2018-06-17,0.4,5.2,5.2,4.1
2018-06-18,,6.6,6.6,355.8
2018-06-19,,4.0,5.5,316.9
2018-06-20,,1.6,2.4,312.5
2018-06-21,,0.0,0.8,267.5
2018-06-22,3.0,1.2,3.2,69.1
2018-06-23,,4.0,4.2,343.5
2018-06-24,0.2,1.2,1.2,8.8
2018-06-25,2.3,0.7,2.4,72.2
2018-06-26,1.1,2.7,3.0,22.3
2018-06-27,2.2,1.4,2.6,58.9
2018-06-28,0.9,,1.9,150.9
2018-06-29,3.3,,3.8,119.5
2018-06-30,0.8,1.6,1.8,27.2
2018-07-01,2.4,2.2,3.2,47.7
2018-07-02,1.6,2.4,2.8,33.5
2018-07-03,0.8,1.9,2.1,21.5
2018-07-04,1.9,3.1,3.7,31.2
2018-07-05,,3.6,3.7,348.0
2018-07-06,,3.7,4.9,319.2
2018-07-07,,1.8,2.4,319.6
2018-07-08,3.8,1.0,4.0,75.6
2018-07-09,4.6,4.4,6.4,46.3
2018-07-10,,4.4,4.6,344.7
2018-07-11,0.9,2.9,3.1,17.1
2018-07-12,,1.9,1.9,357.5
2018-07-13,,2.9,3.0,345.4
2018-07-14,0.5,6.2,6.2,4.8
2018-07-15,,5.1,7.4,313.6
2018-07-16,,3.4,5.5,308.1
2018-07-17,,2.6,3.2,322.8
2018-07-18,3.6,2.0,4.1,60.9
2018-07-19,6.2,1.1,6.2,80.2
2018-07-20,1.0,4.9,5.0,11.5
2018-07-21,0.9,3.3,3.4,14.8
2018-07-22,,3.5,3.5,350.8
2018-07-23,0.5,3.7,3.7,7.0
2018-07-24,2.5,5.7,6.2,24.1
2018-07-25,5.6,4.4,7.1,51.6
2018-07-26,1.5,5.9,6.1,14.7
2018-07-27,3.7,2.4,4.4,57.4
2018-07-28,7.5,4.3,8.7,60.4
2018-07-29,5.4,3.8,6.6,54.8
2018-07-30,0.1,2.7,2.7,1.9
2018-07-31,1.0,4.9,5.0,11.5
2018-08-01,0.4,4.3,4.3,5.6
2018-08-02,,0.8,1.6,301.2
2018-08-03,,0.3,2.4,277.8
2018-08-04,0.1,2.3,2.3,2.7
2018-08-05,2.1,3.0,3.6,35.7
2018-08-06,3.2,4.9,5.9,32.8
2018-08-07,1.4,5.5,5.6,14.0
2018-08-08,1.1,3.7,3.9,15.9
2018-08-09,1.3,3.1,3.4,22.5
2018-08-10,1.7,3.3,3.7,26.9
2018-08-11,4.1,3.0,5.1,53.8
2018-08-12,3.0,4.5,5.5,33.5
2018-08-13,2.6,4.5,5.2,30.0
2018-08-14,,4.8,5.1,339.1
2019-11-20,,1.4,3.2,295.8
2019-11-21,,3.4,3.4,353.9
2019-11-22,,3.3,4.1,323.0
2019-11-23,,2.6,3.9,312.5
2019-11-24,,0.9,3.2,287.1
2019-11-25,,3.3,5.1,310.9
2019-11-26,,3.0,4.7,308.9
2019-11-27,,4.5,5.7,322.7
2019-11-28,,5.4,5.9,335.3
2019-11-29,,4.2,5.3,322.0
2019-11-30,,3.8,4.7,325.2
2019-12-01,,2.4,3.6,312.5
2019-12-02,0.8,2.7,2.8,15.9
2019-12-03,1.0,1.3,1.6,36.2
2019-12-04,,4.2,4.8,332.0
2019-12-05,,4.2,4.2,357.5
2019-12-06,0.8,2.5,2.6,17.5
2019-12-07,,3.4,3.5,346.9
2019-12-08,,1.6,2.2,316.9
2019-12-09,1.0,,1.0,105.9
2019-12-10,0.0,,0.6,177.5
2019-12-11,,0.8,2.3,291.5
2019-12-12,,1.4,3.4,294.1
2019-12-13,,1.4,2.9,300.0
2019-12-14,1.2,1.3,1.8,42.5
2019-12-15,3.6,,5.4,137.1
2019-12-16,3.3,,4.2,128.4
2019-12-17,4.4,0.4,4.4,84.8
2019-12-18,2.3,0.3,2.3,81.8
2019-12-19,,2.5,2.5,347.2
2019-12-20,0.3,2.5,2.5,7.8
2019-12-21,2.0,2.9,3.5,35.1
2019-12-22,,2.6,3.0,327.2
2019-12-23,,0.4,2.0,281.5
2019-12-24,2.5,,2.6,102.8
2019-12-25,3.1,1.8,3.6,59.4
2019-12-26,4.5,1.4,4.7,72.2
2019-12-27,2.1,2.1,3.0,45.5
2019-12-28,,,1.6,187.0
2019-12-29,0.6,,2.2,165.0
2019-12-30,1.8,,1.8,95.6
2019-12-31,0.1,2.3,2.3,3.2
2020-01-01,0.8,1.1,1.4,34.4
2020-01-02,,1.9,1.9,350.4
2020-01-03,,,1.9,244.3
2020-01-04,1.3,,1.9,137.7
2020-01-05,2.5,,3.0,123.5
2020-01-06,1.9,,3.3,145.9
2020-01-07,1.1,,5.6,169.1
2020-01-08,2.7,,3.2,124.4
2020-01-09,3.3,,4.2,128.4
2020-01-10,3.1,1.6,3.5,62.5
2020-01-11,2.6,1.0,2.8,69.1
2020-01-12,0.0,,4.0,180.5
2020-01-13,,,3.2,197.2
2020-01-14,5.7,,5.8,99.6
2020-01-15,4.2,,4.2,96.0
2020-01-16,1.5,,1.7,114.1
2020-01-17,1.3,,2.0,142.0
2020-01-18,0.3,,1.6,168.0
2020-01-19,0.4,1.8,1.8,13.4
2020-01-20,0.1,3.2,3.2,1.3
2020-01-21,1.1,,1.4,124.4
2020-01-22,3.0,0.6,3.1,79.4
2020-01-23,1.4,1.1,1.8,53.8
2020-01-24,,,1.4,214.4
2020-01-25,0.3,,1.4,166.2
2020-01-26,1.2,,3.9,162.0
2020-01-27,5.8,,6.5,117.2
