Date,Year,Month,Day,SWRad,StDev,Max
2006-11-17,2006,11,17,1105.66,2,5
2006-11-18,2006,11,18,1098.94,2,5
2006-11-19,2006,11,19,1077.89,2,5
2006-11-20,2006,11,20,1292.48,2,5
2006-11-21,2006,11,21,622.72,2,5
2006-11-22,2006,11,22,1032.64,2,5
2006-11-23,2006,11,23,1226.18,2,5
2006-11-24,2006,11,24,991.42,2,5
2006-11-25,2006,11,25,1191.23,2,5
2006-11-26,2006,11,26,1102.98,2,5
2006-11-27,2006,11,27,1108.8,2,5
2006-11-28,2006,11,28,990.98,2,5
2006-11-29,2006,11,29,1015.17,2,5
2006-11-30,2006,11,30,1013.82,2,5
2006-12-01,2006,12,1,1110.59,2,5
2006-12-02,2006,12,2,1178.69,2,5
2006-12-03,2006,12,3,1080.58,2,5
2006-12-04,2006,12,4,566.72,2,5
2006-12-05,2006,12,5,1047.42,2,5
2006-12-06,2006,12,6,1048.32,2,5
2006-12-07,2006,12,7,1051.9,2,5
2006-12-08,2006,12,8,995.9,2,5
2006-12-09,2006,12,9,678.72,2,5
2006-12-10,2006,12,10,1337.28,2,5
2006-12-11,2006,12,11,1086.85,2,5
2006-12-12,2006,12,12,1154.5,2,5
2006-12-13,2006,12,13,1046.08,2,5
2006-12-14,2006,12,14,971.26,2,5
2006-12-15,2006,12,15,1199.3,2,5
2006-12-16,2006,12,16,1249.02,2,5
2006-12-17,2006,12,17,973.5,2,5
2006-12-18,2006,12,18,1082.37,2,5
2006-12-19,2006,12,19,1130.3,2,5
2006-12-20,2006,12,20,242.82,2,5
2006-12-21,2006,12,21,1040.7,2,5
2006-12-22,2006,12,22,92.29,2,5
2006-12-23,2006,12,23,1107.46,2,5
2006-12-24,2006,12,24,437.7,2,5
2006-12-25,2006,12,25,515.2,2,5
2006-12-26,2006,12,26,1021.89,2,5
2006-12-27,2006,12,27,1166.59,2,5
2006-12-28,2006,12,28,1118.21,2,5
2006-12-29,2006,12,29,1066.69,2,5
2006-12-30,2006,12,30,997.25,2,5
2006-12-31,2006,12,31,986.5,2,5
2007-01-01,2007,1,1,1044.74,2,5
2007-01-02,2007,1,2,1107.46,2,5
2007-01-03,2007,1,3,1064.45,2,5
2007-01-04,2007,1,4,1130.3,2,5
2007-01-05,2007,1,5,1029.06,2,5
2007-01-06,2007,1,6,1027.26,2,5
2007-01-07,2007,1,7,1045.18,2,5
2007-01-08,2007,1,8,1004.86,2,5
2007-01-09,2007,1,9,761.6,2,5
2007-01-10,2007,1,10,1085.06,2,5
2007-01-11,2007,1,11,1122.69,2,5
2007-01-12,2007,1,12,981.12,2,5
2007-01-13,2007,1,13,1237.38,2,5
2007-01-14,2007,1,14,953.34,2,5
2007-01-15,2007,1,15,1279.04,2,5
2007-01-16,2007,1,16,1041.15,2,5
2007-01-17,2007,1,17,1185.41,2,5
2007-01-18,2007,1,18,1320.26,2,5
2007-01-19,2007,1,19,1089.54,2,5
2007-01-20,2007,1,20,1236.48,2,5
2007-01-21,2007,1,21,407.68,2,5
2007-01-22,2007,1,22,1266.5,2,5
2007-01-23,2007,1,23,512.51,2,5
2007-01-24,2007,1,24,996.35,2,5
2007-01-25,2007,1,25,1208.26,2,5
2007-01-26,2007,1,26,1074.3,2,5
2007-01-27,2007,1,27,623.17,2,5
2007-01-28,2007,1,28,1059.07,2,5
2007-01-29,2007,1,29,982.46,2,5
2007-01-30,2007,1,30,870.02,2,5
2007-01-31,2007,1,31,1094.02,2,5
2007-02-01,2007,2,1,1007.55,2,5
2007-02-02,2007,2,2,976.19,2,5
2007-02-03,2007,2,3,1052.8,2,5
2007-02-04,2007,2,4,1235.58,2,5
2007-02-05,2007,2,5,999.49,2,5
2007-02-06,2007,2,6,1016.51,2,5
2007-02-07,2007,2,7,1049.22,2,5
2007-02-08,2007,2,8,1105.22,2,5
2007-02-09,2007,2,9,1119.1,2,5
2007-02-10,2007,2,10,1192.58,2,5
2007-02-11,2007,2,11,1121.34,2,5
2007-02-12,2007,2,12,1100.29,2,5
2007-02-13,2007,2,13,1168.83,2,5
2007-02-14,2007,2,14,1190.78,2,5
2007-02-15,2007,2,15,1098.5,2,5
2007-02-16,2007,2,16,1113.28,2,5
2007-02-17,2007,2,17,1176.9,2,5
2007-02-18,2007,2,18,1179.58,2,5
2007-02-19,2007,2,19,928.26,2,5
2007-02-20,2007,2,20,1061.76,2,5
2007-02-21,2007,2,21,1186.75,2,5
2007-02-22,2007,2,22,1290.69,2,5
2007-02-23,2007,2,23,1097.15,2,5
2007-02-24,2007,2,24,1245.89,2,5
2007-02-25,2007,2,25,1107.01,2,5
2007-02-26,2007,2,26,1100.74,2,5
2007-02-27,2007,2,27,1107.9,2,5
2007-02-28,2007,2,28,1301.44,2,5
2007-03-01,2007,3,1,1098.94,2,5
2007-03-02,2007,3,2,1112.83,2,5
2007-03-03,2007,3,3,1209.6,2,5
2007-03-04,2007,3,4,1109.7,2,5
2007-03-05,2007,3,5,1158.08,2,5
2007-03-06,2007,3,6,1145.09,2,5
2007-03-07,2007,3,7,1251.26,2,5
2007-03-08,2007,3,8,1065.79,2,5
2007-03-09,2007,3,9,1135.68,2,5
2007-03-10,2007,3,10,1154.94,2,5
2007-03-11,2007,3,11,1174.21,2,5
2007-03-12,2007,3,12,1020.1,2,5
2007-03-13,2007,3,13,1134.78,2,5
2007-03-14,2007,3,14,1218.56,2,5
2007-03-15,2007,3,15,1101.18,2,5
2007-03-16,2007,3,16,1130.75,2,5
2007-03-17,2007,3,17,1200.19,2,5
2007-03-18,2007,3,18,1152.7,2,5
2007-03-19,2007,3,19,1081.92,2,5
2007-03-20,2007,3,20,1168.83,2,5
2007-03-21,2007,3,21,1238.27,2,5
2007-03-22,2007,3,22,1105.66,2,5
2007-03-23,2007,3,23,1079.68,2,5
2007-03-24,2007,3,24,1091.78,2,5
2007-03-25,2007,3,25,1097.15,2,5
2007-03-26,2007,3,26,1179.58,2,5
2007-03-27,2007,3,27,1051.01,2,5
2007-03-28,2007,3,28,1055.49,2,5
2007-03-29,2007,3,29,1068.03,2,5
2007-03-30,2007,3,30,1160.32,2,5
2007-03-31,2007,3,31,1151.81,2,5
2007-04-01,2007,4,1,1309.5,2,5
2007-04-02,2007,4,2,1271.87,2,5
2007-04-03,2007,4,3,1046.53,2,5
2007-04-04,2007,4,4,1215.42,2,5
2007-04-05,2007,4,5,807.3,2,5
2007-04-06,2007,4,6,963.65,2,5
2007-04-07,2007,4,7,866.88,2,5
2007-04-08,2007,4,8,1314.88,2,5
2007-04-09,2007,4,9,1211.39,2,5
2007-04-10,2007,4,10,1169.28,2,5
2007-04-11,2007,4,11,1089.98,2,5
2007-04-12,2007,4,12,1092.67,2,5
2007-04-13,2007,4,13,1184.51,2,5
2007-04-14,2007,4,14,1331.46,2,5
2007-04-15,2007,4,15,1148.22,2,5
2007-04-16,2007,4,16,1097.6,2,5
2007-04-17,2007,4,17,1080.58,2,5
2007-04-18,2007,4,18,1147.78,2,5
2007-04-19,2007,4,19,1040.26,2,5
2007-04-20,2007,4,20,1187.2,2,5
2007-04-21,2007,4,21,1070.27,2,5
2007-04-22,2007,4,22,865.09,2,5
2007-04-23,2007,4,23,1152.26,2,5
2007-04-24,2007,4,24,1197.5,2,5
2007-04-25,2007,4,25,991.87,2,5
2007-04-26,2007,4,26,1170.62,2,5
2007-04-27,2007,4,27,1180.03,2,5
2007-04-28,2007,4,28,1042.94,2,5
2007-04-29,2007,4,29,1245.44,2,5
2007-04-30,2007,4,30,1031.74,2,5
2007-05-01,2007,5,1,1226.62,2,5
2007-05-02,2007,5,2,1308.16,2,5
2007-05-03,2007,5,3,313.6,2,5
2007-05-04,2007,5,4,966.78,2,5
2007-05-05,2007,5,5,582.85,2,5
2007-05-06,2007,5,6,773.25,2,5
2007-05-07,2007,5,7,478.02,2,5
2007-05-08,2007,5,8,1246.78,2,5
2007-05-09,2007,5,9,1062.21,2,5
2007-05-10,2007,5,10,897.79,2,5
2007-05-11,2007,5,11,1027.71,2,5
2007-05-12,2007,5,12,1089.54,2,5
2007-05-13,2007,5,13,1137.92,2,5
2007-05-14,2007,5,14,1056.38,2,5
2007-05-15,2007,5,15,956.03,2,5
2007-05-16,2007,5,16,1021.44,2,5
2007-05-17,2007,5,17,1034.88,2,5
2007-05-18,2007,5,18,899.58,2,5
2007-05-19,2007,5,19,1022.34,2,5
2007-05-20,2007,5,20,1113.28,2,5
2007-05-21,2007,5,21,1169.28,2,5
2007-05-22,2007,5,22,1060.86,2,5
2007-05-23,2007,5,23,996.8,2,5
2007-05-24,2007,5,24,977.09,2,5
2007-05-25,2007,5,25,1054.59,2,5
2007-05-26,2007,5,26,1115.97,2,5
2007-05-27,2007,5,27,1261.12,2,5
2007-05-28,2007,5,28,1172.86,2,5
2007-05-29,2007,5,29,1214.98,2,5
2007-05-30,2007,5,30,1081.92,2,5
2007-05-31,2007,5,31,836.86,2,5
2007-06-01,2007,6,1,1138.82,2,5
2007-06-02,2007,6,2,999.04,2,5
2007-06-03,2007,6,3,528.19,2,5
2007-06-04,2007,6,4,1111.04,2,5
2007-06-05,2007,6,5,1051.01,2,5
2007-06-06,2007,6,6,301.5,2,5
2007-06-07,2007,6,7,1055.49,2,5
2007-06-08,2007,6,8,1229.31,2,5
2007-06-09,2007,6,9,957.82,2,5
2007-06-10,2007,6,10,1072.51,2,5
2007-06-11,2007,6,11,878.53,2,5
2007-06-12,2007,6,12,316.74,2,5
2007-06-13,2007,6,13,1163.01,2,5
2007-06-14,2007,6,14,710.98,2,5
2007-06-15,2007,6,15,944.83,2,5
2007-06-16,2007,6,16,1071.17,2,5
2007-06-17,2007,6,17,1015.62,2,5
2007-06-18,2007,6,18,1147.78,2,5
2007-06-19,2007,6,19,962.3,2,5
2007-06-20,2007,6,20,843.58,2,5
2007-06-21,2007,6,21,997.7,2,5
2007-06-22,2007,6,22,827.9,2,5
2007-06-23,2007,6,23,1064.9,2,5
2007-06-24,2007,6,24,1034.43,2,5
2007-06-25,2007,6,25,1142.4,2,5
2007-06-26,2007,6,26,633.92,2,5
2007-06-27,2007,6,27,723.97,2,5
2007-06-28,2007,6,28,868.22,2,5
2007-06-29,2007,6,29,1082.82,2,5
2007-06-30,2007,6,30,1017.86,2,5
2007-07-01,2007,7,1,929.15,2,5
2007-07-02,2007,7,2,1028.16,2,5
2007-07-03,2007,7,3,1000.83,2,5
2007-07-04,2007,7,4,935.87,2,5
2007-07-05,2007,7,5,1173.31,2,5
2007-07-06,2007,7,6,986.05,2,5
2007-07-07,2007,7,7,1038.02,2,5
2007-07-08,2007,7,8,882.11,2,5
2007-07-09,2007,7,9,1041.6,2,5
2007-07-10,2007,7,10,554.18,2,5
2007-07-11,2007,7,11,1081.02,2,5
2007-07-12,2007,7,12,1097.15,2,5
2007-07-13,2007,7,13,1076.1,2,5
2007-07-14,2007,7,14,1068.48,2,5
2007-07-15,2007,7,15,605.7,2,5
2007-07-16,2007,7,16,1240.51,2,5
2007-07-17,2007,7,17,1156.74,2,5
2007-07-18,2007,7,18,1070.27,2,5
2007-07-19,2007,7,19,1147.33,2,5
2007-07-20,2007,7,20,468.61,2,5
2007-07-21,2007,7,21,711.42,2,5
2007-07-22,2007,7,22,953.79,2,5
2007-07-23,2007,7,23,873.15,2,5
2007-07-24,2007,7,24,243.71,2,5
2007-07-25,2007,7,25,1008.0,2,5
2007-07-26,2007,7,26,1081.02,2,5
2007-07-27,2007,7,27,997.25,2,5
2007-07-28,2007,7,28,999.94,2,5
2007-07-29,2007,7,29,1169.73,2,5
2007-07-30,2007,7,30,660.35,2,5
2007-07-31,2007,7,31,622.72,2,5
2007-08-01,2007,8,1,1040.26,2,5
2007-08-02,2007,8,2,1232.0,2,5
2007-08-03,2007,8,3,1055.94,2,5
2007-08-04,2007,8,4,1072.96,2,5
2007-08-05,2007,8,5,1064.9,2,5
2007-08-06,2007,8,6,1130.3,2,5
2007-08-07,2007,8,7,1042.94,2,5
2007-08-08,2007,8,8,1159.42,2,5
2007-08-09,2007,8,9,952.9,2,5
2007-08-10,2007,8,10,909.89,2,5
2007-08-11,2007,8,11,1123.58,2,5
2007-08-12,2007,8,12,1146.88,2,5
2007-08-13,2007,8,13,600.77,2,5
2007-08-14,2007,8,14,1091.33,2,5
2007-08-15,2007,8,15,657.22,2,5
2007-08-16,2007,8,16,914.37,2,5
2007-08-17,2007,8,17,1048.32,2,5
2007-08-18,2007,8,18,1100.29,2,5
2007-08-19,2007,8,19,518.78,2,5
2007-08-20,2007,8,20,716.35,2,5
2007-08-21,2007,8,21,970.37,2,5
2007-08-22,2007,8,22,950.66,2,5
2007-08-23,2007,8,23,1185.41,2,5
2007-08-24,2007,8,24,1149.57,2,5
2007-08-25,2007,8,25,1122.24,2,5
2007-08-26,2007,8,26,1272.32,2,5
2007-08-27,2007,8,27,1167.94,2,5
2007-08-28,2007,8,28,1213.18,2,5
2007-08-29,2007,8,29,889.28,2,5
2007-08-30,2007,8,30,760.7,2,5
2007-08-31,2007,8,31,720.83,2,5
2007-09-01,2007,9,1,314.5,2,5
2007-09-02,2007,9,2,1319.36,2,5
2007-09-03,2007,9,3,1246.34,2,5
2007-09-04,2007,9,4,1145.54,2,5
2007-09-05,2007,9,5,921.54,2,5
2007-09-06,2007,9,6,1093.12,2,5
2007-09-07,2007,9,7,1121.34,2,5
2007-09-08,2007,9,8,1316.67,2,5
2007-09-09,2007,9,9,1304.13,2,5
2007-09-10,2007,9,10,1256.19,2,5
2007-09-11,2007,9,11,1059.07,2,5
2007-09-12,2007,9,12,1204.22,2,5
2007-09-13,2007,9,13,1107.01,2,5
2007-09-14,2007,9,14,1056.83,2,5
2007-09-15,2007,9,15,941.7,2,5
2007-09-16,2007,9,16,1092.67,2,5
2007-09-17,2007,9,17,1196.16,2,5
2007-09-18,2007,9,18,1049.22,2,5
2007-09-19,2007,9,19,981.12,2,5
2007-09-20,2007,9,20,1184.51,2,5
2007-09-21,2007,9,21,1103.87,2,5
2007-09-22,2007,9,22,1078.78,2,5
2007-09-23,2007,9,23,1346.24,2,5
2007-09-24,2007,9,24,1065.34,2,5
2007-09-25,2007,9,25,1323.84,2,5
2007-09-26,2007,9,26,1115.07,2,5
2007-09-27,2007,9,27,1153.15,2,5
2007-09-28,2007,9,28,1058.62,2,5
2007-09-29,2007,9,29,1087.3,2,5
2007-09-30,2007,9,30,1122.24,2,5
2007-10-01,2007,10,1,976.19,2,5
2007-10-02,2007,10,2,1142.85,2,5
2007-10-03,2007,10,3,1071.62,2,5
2007-10-04,2007,10,4,863.3,2,5
2007-10-05,2007,10,5,454.27,2,5
2007-10-06,2007,10,6,1128.06,2,5
2007-10-07,2007,10,7,,0,0
2007-10-08,2007,10,8,1060.79,2,1
2007-10-09,2007,10,9,1339.77,2,1
2007-10-10,2007,10,10,1126.93,2,1
2007-10-11,2007,10,11,1142.76,2,1
2007-10-12,2007,10,12,1054.27,2,1
2007-10-13,2007,10,13,689.13,2,1
2007-10-14,2007,10,14,487.0,2,1
2007-10-15,2007,10,15,1293.66,2,1
2007-10-16,2007,10,16,,2,1
2007-10-17,2007,10,17,869.37,2,1
2007-10-18,2007,10,18,1092.46,2,1
2007-10-19,2007,10,19,513.08,2,1
2007-10-20,2007,10,20,780.42,2,1
2007-10-21,2007,10,21,773.9,2,1
2007-10-22,2007,10,22,908.96,2,1
2007-10-23,2007,10,23,1345.36,2,1
2007-10-24,2007,10,24,972.77,2,1
2007-10-25,2007,10,25,1254.07,2,1
2007-10-26,2007,10,26,456.26,2,1
2007-10-27,2007,10,27,961.59,2,1
2007-10-28,2007,10,28,1144.16,2,1
2007-10-29,2007,10,29,1157.2,2,1
2007-10-30,2007,10,30,1151.61,2,1
2007-10-31,2007,10,31,1088.27,2,1
2007-11-01,2007,11,1,1238.24,2,1
2007-11-02,2007,11,2,233.64,2,1
2007-11-03,2007,11,3,1174.9,2,1
2007-11-04,2007,11,4,1159.06,2,1
2007-11-05,2007,11,5,1066.85,2,1
2007-11-06,2007,11,6,1193.53,2,1
2007-11-07,2007,11,7,308.16,2,1
2007-11-08,2007,11,8,833.04,2,1
2007-11-09,2007,11,9,434.37,2,1
2007-11-10,2007,11,10,1114.35,2,1
2007-11-11,2007,11,11,1103.64,2,1
2007-11-12,2007,11,12,1115.75,2,1
2007-11-13,2007,11,13,1006.77,2,1
2007-11-14,2007,11,14,1156.27,2,1
2007-11-15,2007,11,15,1173.97,2,1
2007-11-16,2007,11,16,1028.66,2,1
2007-11-17,2007,11,17,1099.91,2,1
2007-11-18,2007,11,18,1247.55,2,1
2007-11-19,2007,11,19,1104.57,2,1
2007-11-20,2007,11,20,,2,1
2007-11-21,2007,11,21,1123.2,2,1
2007-11-22,2007,11,22,1020.27,2,1
2007-11-23,2007,11,23,982.55,2,1
2007-11-24,2007,11,24,977.42,2,1
2007-11-25,2007,11,25,1126.46,2,1
2007-11-26,2007,11,26,1214.95,2,1
2007-11-27,2007,11,27,1105.5,2,1
2007-11-28,2007,11,28,1140.43,2,1
2007-11-29,2007,11,29,995.59,2,1
2007-11-30,2007,11,30,1077.09,2,1
2007-12-01,2007,12,1,1235.91,2,1
2007-12-02,2007,12,2,437.63,2,1
2007-12-03,2007,12,3,471.17,2,1
2007-12-04,2007,12,4,1047.28,2,1
2007-12-05,2007,12,5,1023.07,2,1
2007-12-06,2007,12,6,1078.02,2,1
2007-12-07,2007,12,7,1071.5,2,1
2007-12-08,2007,12,8,1038.44,2,1
2007-12-09,2007,12,9,459.99,2,1
2007-12-10,2007,12,10,584.81,2,1
2007-12-11,2007,12,11,697.05,2,1
2007-12-12,2007,12,12,980.22,2,1
2007-12-13,2007,12,13,1100.38,2,1
2007-12-14,2007,12,14,1109.69,2,1
2007-12-15,2007,12,15,773.9,2,1
2007-12-16,2007,12,16,1021.2,2,1
2007-12-17,2007,12,17,1110.16,2,1
2007-12-18,2007,12,18,1071.04,2,1
2007-12-19,2007,12,19,1051.01,2,1
2007-12-20,2007,12,20,1099.91,2,1
2007-12-21,2007,12,21,1316.48,2,1
2007-12-22,2007,12,22,1184.21,2,1
2007-12-23,2007,12,23,1104.1,2,1
2007-12-24,2007,12,24,775.76,2,1
2007-12-25,2007,12,25,1118.08,2,1
2007-12-26,2007,12,26,929.92,2,1
2007-12-27,2007,12,27,1035.64,2,1
2007-12-28,2007,12,28,1009.56,2,1
2007-12-29,2007,12,29,943.42,2,1
2007-12-30,2007,12,30,973.23,2,1
2007-12-31,2007,12,31,1044.49,2,1
2008-01-01,2008,1,1,1095.72,2,1
2008-01-02,2008,1,2,1001.18,2,1
2008-01-03,2008,1,3,929.45,2,1
2008-01-04,2008,1,4,1153.47,2,1
2008-01-05,2008,1,5,944.36,2,1
2010-07-05,2010,7,5,1002.7,2,5
2010-07-06,2010,7,6,1033.42,2,5
2010-07-07,2010,7,7,1131.11,2,5
2010-07-08,2010,7,8,1202.36,2,5
2010-07-09,2010,7,9,989.9,2,5
2010-07-10,2010,7,10,1043.23,2,5
2010-07-11,2010,7,11,759.96,2,5
2010-07-12,2010,7,12,1034.7,2,5
2010-07-13,2010,7,13,1012.09,2,5
2010-07-14,2010,7,14,102.12,2,5
2010-07-15,2010,7,15,424.22,2,5
2010-07-16,2010,7,16,867.04,2,5
2010-07-17,2010,7,17,1091.87,2,5
2010-07-18,2010,7,18,988.62,2,5
2010-07-19,2010,7,19,978.81,2,5
2010-07-20,2010,7,20,982.65,2,5
2010-07-21,2010,7,21,997.16,2,5
2010-07-22,2010,7,22,1096.56,2,5
2010-07-23,2010,7,23,577.37,2,5
2010-07-24,2010,7,24,919.94,2,5
2010-07-25,2010,7,25,426.78,2,5
2010-07-26,2010,7,26,960.89,2,5
2010-07-27,2010,7,27,989.05,2,5
2011-06-06,2011,6,6,1081.01,1,1
2011-06-07,2011,6,7,1011.02,1,1
2011-06-08,2011,6,8,982.85,1,1
2011-06-09,2011,6,9,925.18,1,1
2011-06-10,2011,6,10,1069.13,1,1
2011-06-11,2011,6,11,1122.39,1,1
2011-06-12,2011,6,12,1044.48,1,1
2011-06-13,2011,6,13,1033.91,1,1
2011-06-14,2011,6,14,550.14,1,1
2011-06-15,2011,6,15,1071.77,1,1
2011-06-16,2011,6,16,1072.21,1,1
2011-06-17,2011,6,17,1029.07,1,1
2011-06-18,2011,6,18,989.01,1,1
2011-06-19,2011,6,19,996.06,1,1
2011-06-20,2011,6,20,1055.92,1,1
2011-06-21,2011,6,21,1051.52,1,1
2011-06-22,2011,6,22,1051.52,1,1
2011-06-23,2011,6,23,1080.57,1,1
2011-06-24,2011,6,24,976.25,1,1
2011-06-25,2011,6,25,1009.26,1,1
2011-06-26,2011,6,26,852.11,1,1
2011-06-27,2011,6,27,911.1,1,1
2011-06-28,2011,6,28,496.0,1,1
2011-06-29,2011,6,29,409.72,1,1
2011-06-30,2011,6,30,1105.66,1,1
2011-07-01,2011,7,1,809.85,1,1
2011-07-02,2011,7,2,1130.31,1,1
2011-07-03,2011,7,3,1021.15,1,1
2011-07-04,2011,7,4,813.82,1,1
2011-07-05,2011,7,5,1001.34,1,1
2011-07-06,2011,7,6,969.2,1,1
2011-07-07,2011,7,7,1091.58,1,1
2011-07-08,2011,7,8,1037.87,1,1
2011-07-09,2011,7,9,1140.88,1,1
2011-07-10,2011,7,10,1037.87,1,1
2011-07-11,2011,7,11,753.51,1,1
2011-07-12,2011,7,12,868.4,1,1
2011-07-13,2011,7,13,523.73,1,1
2011-07-14,2011,7,14,699.37,1,1
2011-07-15,2011,7,15,968.32,1,1
2011-07-16,2011,7,16,1049.76,1,1
2011-07-17,2011,7,17,1006.18,1,1
2011-07-18,2011,7,18,1013.22,1,1
2011-07-19,2011,7,19,936.63,1,1
2011-07-20,2011,7,20,1049.76,1,1
2011-07-21,2011,7,21,894.81,1,1
2011-07-22,2011,7,22,1048.88,1,1
2011-07-23,2011,7,23,1127.67,1,1
2011-07-24,2011,7,24,425.13,1,1
2011-07-25,2011,7,25,1178.73,1,1
2011-07-26,2011,7,26,1306.83,1,1
2011-07-27,2011,7,27,1168.61,1,1
2011-07-28,2011,7,28,1347.33,1,1
2011-07-29,2011,7,29,1205.59,1,1
2011-07-30,2011,7,30,1072.21,1,1
2011-07-31,2011,7,31,1078.37,1,1
2011-08-01,2011,8,1,931.35,1,1
2011-08-02,2011,8,2,1157.17,1,1
2011-08-03,2011,8,3,1049.32,1,1
2011-08-04,2011,8,4,1105.22,1,1
2011-08-05,2011,8,5,1173.45,1,1
2011-08-06,2011,8,6,1051.52,1,1
2011-08-07,2011,8,7,1134.28,1,1
2011-08-08,2011,8,8,1141.32,1,1
2011-08-09,2011,8,9,1131.63,1,1
2011-08-10,2011,8,10,1075.73,1,1
2011-08-11,2011,8,11,1071.33,1,1
2011-08-12,2011,8,12,1176.97,1,1
2011-08-13,2011,8,13,1089.38,1,1
2011-08-14,2011,8,14,1141.76,1,1
2011-08-15,2011,8,15,1195.46,1,1
2011-08-16,2011,8,16,1127.67,1,1
2011-08-17,2011,8,17,1194.58,1,1
2011-08-18,2011,8,18,1114.03,1,1
2011-08-19,2011,8,19,1092.9,1,1
2011-08-20,2011,8,20,1088.94,1,1
2011-08-21,2011,8,21,1148.36,1,1
2011-08-22,2011,8,22,1172.13,1,1
2011-08-23,2011,8,23,777.28,1,1
2011-08-24,2011,8,24,421.6,1,1
2011-08-25,2011,8,25,1395.31,1,1
2011-08-26,2011,8,26,1119.31,1,1
2011-08-27,2011,8,27,1147.48,1,1
2011-08-28,2011,8,28,329.16,1,1
2011-08-29,2011,8,29,1058.56,1,1
2011-08-30,2011,8,30,1126.35,1,1
2011-08-31,2011,8,31,1124.59,1,1
2011-09-01,2011,9,1,1000.9,1,1
2011-09-02,2011,9,2,1079.25,1,1
2011-09-03,2011,9,3,1033.47,1,1
2011-09-04,2011,9,4,188.3,1,1
2011-09-05,2011,9,5,1204.27,1,1
2011-09-06,2011,9,6,1188.42,1,1
2011-09-07,2011,9,7,1123.27,1,1
2011-09-08,2011,9,8,1263.69,1,1
2011-09-09,2011,9,9,1150.56,1,1
2011-09-10,2011,9,10,947.19,1,1
2011-09-11,2011,9,11,899.21,1,1
2011-09-12,2011,9,12,1073.97,1,1
2011-09-13,2011,9,13,1128.55,1,1
2011-09-14,2011,9,14,1106.1,1,1
2011-09-15,2011,9,15,963.92,1,1
2011-09-16,2011,9,16,1256.21,1,1
2011-09-17,2011,9,17,1224.96,1,1
2011-09-18,2011,9,18,1229.36,1,1
2011-09-19,2011,9,19,1162.45,1,1
2011-09-20,2011,9,20,1176.97,1,1
2011-09-21,2011,9,21,1199.86,1,1
2011-09-22,2011,9,22,1164.65,1,1
2011-09-23,2011,9,23,1126.35,1,1
2011-09-24,2011,9,24,1209.55,1,1
2011-09-25,2011,9,25,899.65,1,1
2011-09-26,2011,9,26,1170.81,1,1
2011-09-27,2011,9,27,1147.92,1,1
2011-09-28,2011,9,28,686.16,1,1
2011-09-29,2011,9,29,1125.47,1,1
2011-09-30,2011,9,30,1067.81,1,1
2011-10-01,2011,10,1,1118.43,1,1
2011-10-02,2011,10,2,1002.22,1,1
2011-10-03,2011,10,3,1292.74,1,1
2011-10-04,2011,10,4,1073.09,1,1
2011-10-05,2011,10,5,1000.9,1,1
2011-10-06,2011,10,6,1158.05,1,1
2011-10-07,2011,10,7,1177.41,1,1
2011-10-08,2011,10,8,1147.48,1,1
2011-10-09,2011,10,9,1066.05,1,1
2011-10-10,2011,10,10,594.6,1,1
2011-10-11,2011,10,11,1210.87,1,1
2011-10-12,2011,10,12,1289.66,1,1
2011-10-13,2011,10,13,1121.95,1,1
2011-10-14,2011,10,14,1123.71,1,1
2011-10-15,2011,10,15,1133.4,1,1
2011-10-16,2011,10,16,1155.84,1,1
2011-10-17,2011,10,17,1112.71,1,1
2011-10-18,2011,10,18,1232.0,1,1
2011-10-19,2011,10,19,1283.5,1,1
2011-10-20,2011,10,20,720.93,1,1
2011-10-21,2011,10,21,1186.66,1,1
2011-10-22,2011,10,22,1083.21,1,1
2011-10-23,2011,10,23,309.8,1,1
2011-10-24,2011,10,24,1052.4,1,1
2011-10-25,2011,10,25,1191.5,1,1
2011-10-26,2011,10,26,1165.97,1,1
2011-10-27,2011,10,27,742.94,1,1
2011-10-28,2011,10,28,1391.35,1,1
2011-10-29,2011,10,29,1123.27,1,1
2011-10-30,2011,10,30,1301.99,1,1
2011-10-31,2011,10,31,1372.86,1,1
2011-11-01,2011,11,1,415.88,1,1
2011-11-02,2011,11,2,431.73,1,1
2011-11-03,2011,11,3,1109.62,1,1
2011-11-04,2011,11,4,815.14,1,1
2011-11-05,2011,11,5,1088.94,1,1
2011-11-06,2011,11,6,1180.06,1,1
2011-11-07,2011,11,7,1099.06,1,1
2011-11-08,2011,11,8,1167.73,1,1
2011-11-09,2011,11,9,1093.34,1,1
2011-11-10,2011,11,10,1382.54,1,1
2011-11-11,2011,11,11,420.28,1,1
2011-11-12,2011,11,12,1147.92,1,1
2011-11-13,2011,11,13,1101.26,1,1
2011-11-14,2011,11,14,1025.99,1,1
2011-11-15,2011,11,15,1086.73,1,1
2011-11-16,2011,11,16,1106.54,1,1
2011-11-17,2011,11,17,1135.6,1,1
2011-11-18,2011,11,18,1105.22,1,1
2011-11-19,2011,11,19,1062.08,1,1
2011-11-20,2011,11,20,1078.81,1,1
2011-11-21,2011,11,21,1224.07,1,1
2011-11-22,2011,11,22,1222.31,1,1
2011-11-23,2011,11,23,1209.55,1,1
2011-11-24,2011,11,24,1210.43,1,1
2011-11-25,2011,11,25,1081.45,1,1
2011-11-26,2011,11,26,248.61,1,1
2011-11-27,2011,11,27,945.87,1,1
2011-11-28,2011,11,28,973.17,1,1
2011-11-29,2011,11,29,1176.53,1,1
2011-11-30,2011,11,30,1223.63,1,1
2011-12-01,2011,12,1,350.29,1,1
2011-12-02,2011,12,2,1057.24,1,1
2011-12-03,2011,12,3,1017.18,1,1
2011-12-04,2011,12,4,978.89,1,1
2011-12-05,2011,12,5,1088.06,1,1
2011-12-06,2011,12,6,1052.4,1,1
2011-12-07,2011,12,7,1062.96,1,1
2011-12-08,2011,12,8,1211.31,1,1
2011-12-09,2011,12,9,1120.63,1,1
2011-12-10,2011,12,10,1129.87,1,1
2011-12-11,2011,12,11,965.24,1,1
2011-12-12,2011,12,12,397.39,1,1
2011-12-13,2011,12,13,1087.62,1,1
2011-12-14,2011,12,14,1184.46,1,1
2011-12-15,2011,12,15,1135.6,1,1
2011-12-16,2011,12,16,957.32,1,1
2011-12-17,2011,12,17,1296.27,1,1
2011-12-18,2011,12,18,1147.48,1,1
2011-12-19,2011,12,19,1160.25,1,1
2011-12-20,2011,12,20,647.42,1,1
2011-12-21,2011,12,21,1134.28,1,1
2011-12-22,2011,12,22,675.15,1,1
2011-12-23,2011,12,23,374.06,1,1
2011-12-24,2011,12,24,890.85,1,1
2011-12-25,2011,12,25,1043.6,1,1
2011-12-26,2011,12,26,984.61,1,1
2011-12-27,2011,12,27,1017.18,1,1
2011-12-28,2011,12,28,973.17,1,1
2011-12-29,2011,12,29,1019.83,1,1
2011-12-30,2011,12,30,1022.47,1,1
2011-12-31,2011,12,31,995.17,1,1
2012-01-01,2012,1,1,1032.15,1,1
2012-01-02,2012,1,2,841.99,1,1
2012-01-03,2012,1,3,1021.59,1,1
2012-01-04,2012,1,4,1110.95,1,1
2012-01-05,2012,1,5,1184.9,1,1
2012-01-06,2012,1,6,1086.29,1,1
2012-01-07,2012,1,7,1146.6,1,1
2012-01-08,2012,1,8,1146.16,1,1
2012-01-09,2012,1,9,1026.43,1,1
2012-01-10,2012,1,10,993.41,1,1
2012-01-11,2012,1,11,1017.62,1,1
2012-01-12,2012,1,12,1218.35,1,1
2012-01-13,2012,1,13,999.14,1,1
2012-01-14,2012,1,14,1006.62,1,1
2012-01-15,2012,1,15,1146.6,1,1
2012-01-16,2012,1,16,632.02,1,1
2012-01-17,2012,1,17,1052.4,1,1
2012-01-18,2012,1,18,1209.99,1,1
2012-01-19,2012,1,19,1089.38,1,1
2012-01-20,2012,1,20,1141.32,1,1
2012-01-21,2012,1,21,1025.55,1,1
2012-01-22,2012,1,22,1069.57,1,1
2012-01-23,2012,1,23,1081.45,1,1
2012-01-24,2012,1,24,999.58,1,1
2012-01-25,2012,1,25,1214.39,1,1
2012-01-26,2012,1,26,1157.61,1,1
2012-01-27,2012,1,27,944.11,1,1
2012-01-28,2012,1,28,964.36,1,1
2012-01-29,2012,1,29,1049.76,1,1
2012-01-30,2012,1,30,1112.71,1,1
2012-01-31,2012,1,31,1108.3,1,1
2012-02-01,2012,2,1,1091.58,1,1
2012-02-02,2012,2,2,1109.62,1,1
2012-02-03,2012,2,3,1194.58,1,1
2012-02-04,2012,2,4,1160.69,1,1
2012-02-05,2012,2,5,817.34,1,1
2012-02-06,2012,2,6,1295.39,1,1
2012-02-07,2012,2,7,1373.74,1,1
2012-02-08,2012,2,8,1153.64,1,1
2012-02-09,2012,2,9,1123.71,1,1
2012-02-10,2012,2,10,1335.0,1,1
2012-02-11,2012,2,11,1311.23,1,1
2012-02-12,2012,2,12,1122.83,1,1
2012-02-13,2012,2,13,952.48,1,1
2012-02-14,2012,2,14,765.83,1,1
2012-02-15,2012,2,15,878.96,1,1
2012-02-16,2012,2,16,831.42,1,1
2012-02-17,2012,2,17,1092.46,1,1
2012-02-18,2012,2,18,601.2,1,1
2012-02-19,2012,2,19,,1,1
2012-02-20,2012,2,20,1078.81,1,1
2012-02-21,2012,2,21,1197.66,1,1
2012-02-22,2012,2,22,1003.54,1,1
2012-02-23,2012,2,23,1083.21,1,1
2012-02-24,2012,2,24,183.9,1,1
2012-02-25,2012,2,25,912.42,1,1
2012-02-26,2012,2,26,1272.94,1,1
2012-02-27,2012,2,27,1207.79,1,1
2012-02-28,2012,2,28,1322.68,1,1
2012-02-29,2012,2,29,1343.81,1,1
2012-03-01,2012,3,1,1371.98,1,1
2012-03-02,2012,3,2,1162.45,1,1
2012-03-03,2012,3,3,933.99,1,1
2012-03-04,2012,3,4,322.56,1,1
2012-03-05,2012,3,5,729.3,1,1
2012-03-06,2012,3,6,1269.85,1,1
2012-03-07,2012,3,7,906.7,1,1
2012-03-08,2012,3,8,959.52,1,1
2012-03-09,2012,3,9,1077.49,1,1
2012-03-10,2012,3,10,1248.29,1,1
2012-03-11,2012,3,11,1038.31,1,1
2012-03-12,2012,3,12,1158.93,1,1
2012-03-13,2012,3,13,1204.71,1,1
2012-03-14,2012,3,14,1110.06,1,1
2012-03-15,2012,3,15,1186.66,1,1
2012-03-16,2012,3,16,1134.72,1,1
2012-03-17,2012,3,17,1220.99,1,1
2012-03-18,2012,3,18,1094.22,1,1
2012-03-19,2012,3,19,1183.14,1,1
2012-03-20,2012,3,20,1096.42,1,1
2012-03-21,2012,3,21,1066.49,1,1
2012-03-22,2012,3,22,1054.6,1,1
2012-03-23,2012,3,23,1180.06,1,1
2012-03-24,2012,3,24,1075.29,1,1
2012-03-25,2012,3,25,955.56,1,1
2012-03-26,2012,3,26,893.05,1,1
2012-03-27,2012,3,27,1113.59,1,1
2012-03-28,2012,3,28,1121.95,1,1
2012-03-29,2012,3,29,1220.99,1,1
2012-03-30,2012,3,30,1195.46,1,1
2012-03-31,2012,3,31,687.04,1,1
2012-04-01,2012,4,1,1076.61,1,1
2012-04-02,2012,4,2,1144.84,1,1
2012-04-03,2012,4,3,1191.06,1,1
2012-04-04,2012,4,4,1108.3,1,1
2012-04-05,2012,4,5,1152.32,1,1
2012-04-06,2012,4,6,1266.33,1,1
2012-04-07,2012,4,7,1119.31,1,1
2012-04-08,2012,4,8,418.08,1,1
2012-04-09,2012,4,9,1191.06,1,1
2012-04-10,2012,4,10,841.99,1,1
2012-04-11,2012,4,11,1228.48,1,1
2012-04-12,2012,4,12,1070.45,1,1
2012-04-13,2012,4,13,1125.47,1,1
2012-04-14,2012,4,14,1173.45,1,1
2012-04-15,2012,4,15,1130.31,1,1
2012-04-16,2012,4,16,1097.3,1,1
2012-04-17,2012,4,17,817.78,1,1
2012-04-18,2012,4,18,787.4,1,1
2012-04-19,2012,4,19,1207.79,1,1
2012-04-20,2012,4,20,1029.51,1,1
2012-04-21,2012,4,21,1284.82,1,1
2012-04-22,2012,4,22,1133.4,1,1
2012-04-23,2012,4,23,1176.97,1,1
2012-04-24,2012,4,24,1314.75,1,1
2012-04-25,2012,4,25,1120.19,1,1
2012-04-26,2012,4,26,1032.59,1,1
2012-04-27,2012,4,27,1160.25,1,1
2012-04-28,2012,4,28,195.35,1,1
2012-04-29,2012,4,29,796.21,1,1
2012-04-30,2012,4,30,364.82,1,1
2012-05-01,2012,5,1,930.47,1,1
2012-05-02,2012,5,2,1108.3,1,1
2012-05-03,2012,5,3,1213.07,1,1
2012-05-04,2012,5,4,677.36,1,1
2012-05-05,2012,5,5,1333.24,1,1
2012-05-06,2012,5,6,1107.42,1,1
2012-05-07,2012,5,7,803.25,1,1
2012-05-08,2012,5,8,1035.67,1,1
2012-05-09,2012,5,9,1151.88,1,1
2012-05-10,2012,5,10,1014.98,1,1
2012-05-11,2012,5,11,,0,0
2012-05-12,2012,5,12,1148.16,2,1
2012-05-13,2012,5,13,1096.55,2,1
2012-05-14,2012,5,14,1173.96,2,1
2012-05-15,2012,5,15,1118.6,2,1
2012-05-16,2012,5,16,1057.15,2,1
2012-05-17,2012,5,17,1054.33,2,1
2012-05-18,2012,5,18,1116.26,2,1
2012-05-19,2012,5,19,1080.6,2,1
2012-05-20,2012,5,20,1038.85,2,1
2012-05-21,2012,5,21,1297.81,2,1
2012-05-22,2012,5,22,1046.82,2,1
2012-05-23,2012,5,23,1012.11,2,1
2012-05-24,2012,5,24,280.26,2,1
2012-05-25,2012,5,25,902.8,2,1
2012-05-26,2012,5,26,421.47,2,1
2012-05-27,2012,5,27,968.01,2,1
2012-05-28,2012,5,28,1134.08,2,1
2012-05-29,2012,5,29,1060.9,2,1
2012-05-30,2012,5,30,944.08,2,1
2012-05-31,2012,5,31,973.64,2,1
2012-06-01,2012,6,1,585.2,2,1
2012-06-02,2012,6,2,961.44,2,1
2012-06-03,2012,6,3,1074.03,2,1
2012-06-04,2012,6,4,1118.6,2,1
2012-06-05,2012,6,5,977.86,2,1
2012-06-06,2012,6,6,679.49,2,1
2012-06-07,2012,6,7,1001.79,2,1
2012-06-08,2012,6,8,964.73,2,1
2012-06-09,2012,6,9,1073.57,2,1
2012-06-10,2012,6,10,596.92,2,1
2012-06-11,2012,6,11,1080.13,2,1
2012-06-12,2012,6,12,1070.28,2,1
2012-06-13,2012,6,13,983.49,2,1
2012-06-14,2012,6,14,971.29,2,1
2012-06-15,2012,6,15,1130.8,2,1
2012-06-16,2012,6,16,1060.43,2,1
2012-06-17,2012,6,17,1176.31,2,1
2012-06-18,2012,6,18,1021.02,2,1
2012-06-19,2012,6,19,1171.61,2,1
2012-06-20,2012,6,20,1102.18,2,1
2012-06-21,2012,6,21,1057.61,2,1
2012-06-22,2012,6,22,1019.61,2,1
2012-06-23,2012,6,23,1044.48,2,1
2012-06-24,2012,6,24,1083.89,2,1
2012-06-25,2012,6,25,974.11,2,1
2012-06-26,2012,6,26,1078.73,2,1
2012-06-27,2012,6,27,996.63,2,1
2012-06-28,2012,6,28,1062.78,2,1
2012-06-29,2012,6,29,1160.35,2,1
2012-06-30,2012,6,30,1187.1,2,1
2012-07-01,2012,7,1,968.01,2,1
2012-07-02,2012,7,2,1128.92,2,1
2012-07-03,2012,7,3,1219.47,2,1
2012-07-04,2012,7,4,755.02,2,1
2012-07-05,2012,7,5,872.31,2,1
2012-07-06,2012,7,6,913.12,2,1
2012-07-07,2012,7,7,785.99,2,1
2012-07-08,2012,7,8,254.46,2,1
2012-07-09,2012,7,9,998.03,2,1
2012-07-10,2012,7,10,269.0,2,1
2012-07-11,2012,7,11,1054.33,2,1
2012-07-12,2012,7,12,1130.8,2,1
2012-07-13,2012,7,13,676.68,2,1
2012-07-14,2012,7,14,907.96,2,1
2012-07-15,2012,7,15,1114.38,2,1
2012-07-16,2012,7,16,1048.7,2,1
2012-07-17,2012,7,17,1073.1,2,1
2012-07-18,2012,7,18,992.87,2,1
2012-07-19,2012,7,19,1059.49,2,1
2012-07-20,2012,7,20,1057.15,2,1
2012-07-21,2012,7,21,1108.75,2,1
2012-07-22,2012,7,22,1016.8,2,1
2012-07-23,2012,7,23,1029.47,2,1
2012-07-24,2012,7,24,377.84,2,1
2012-07-25,2012,7,25,1020.08,2,1
2012-07-26,2012,7,26,897.64,2,1
2012-07-27,2012,7,27,1029.0,2,1
2012-07-28,2012,7,28,1139.24,2,1
2012-07-29,2012,7,29,1131.27,2,1
2012-07-30,2012,7,30,1017.74,2,1
2012-07-31,2012,7,31,1062.31,2,1
2012-08-01,2012,8,1,1108.75,2,1
2012-08-02,2012,8,2,1089.05,2,1
2012-08-03,2012,8,3,1127.05,2,1
2012-08-04,2012,8,4,1104.06,2,1
2012-08-05,2012,8,5,1095.61,2,1
2012-08-06,2012,8,6,1082.01,2,1
2012-08-07,2012,8,7,1104.06,2,1
2012-08-08,2012,8,8,1084.82,2,1
2012-08-09,2012,8,9,1151.44,2,1
2012-08-10,2012,8,10,1029.0,2,1
2012-08-11,2012,8,11,1044.95,2,1
2012-08-12,2012,8,12,1039.79,2,1
2012-08-13,2012,8,13,1105.94,2,1
2012-08-14,2012,8,14,1120.01,2,1
2012-08-15,2012,8,15,1115.79,2,1
2012-08-16,2012,8,16,1055.74,2,1
2012-08-17,2012,8,17,1100.31,2,1
2012-08-18,2012,8,18,852.13,2,1
2012-08-19,2012,8,19,241.32,2,1
2012-08-20,2012,8,20,1196.48,2,1
2012-08-21,2012,8,21,1204.92,2,1
2012-08-22,2012,8,22,1168.8,2,1
2012-08-23,2012,8,23,1234.95,2,1
2012-08-24,2012,8,24,1188.5,2,1
2012-08-25,2012,8,25,,2,1
2012-08-26,2012,8,26,1087.64,2,1
2012-08-27,2012,8,27,1057.61,2,1
2012-08-28,2012,8,28,421.0,2,1
2012-08-29,2012,8,29,1085.76,2,1
2012-08-30,2012,8,30,1163.17,2,1
2012-08-31,2012,8,31,1129.86,2,1
2012-09-01,2012,9,1,1178.18,2,1
2012-09-02,2012,9,2,1092.8,2,1
2012-09-03,2012,9,3,1124.23,2,1
2012-09-04,2012,9,4,1061.84,2,1
2012-09-05,2012,9,5,1134.55,2,1
2012-09-06,2012,9,6,749.39,2,1
2012-09-07,2012,9,7,1131.74,2,1
2012-09-08,2012,9,8,1336.75,2,1
2012-09-09,2012,9,9,1159.89,2,1
2012-09-10,2012,9,10,1211.96,2,1
2012-09-11,2012,9,11,806.16,2,1
2012-09-12,2012,9,12,353.44,2,1
2012-09-13,2012,9,13,1245.74,2,1
2012-09-14,2012,9,14,1102.65,2,1
2012-09-15,2012,9,15,666.83,2,1
2012-09-16,2012,9,16,1029.47,2,1
2012-09-17,2012,9,17,1196.95,2,1
2012-09-18,2012,9,18,1297.81,2,1
2012-09-19,2012,9,19,947.37,2,1
2012-09-20,2012,9,20,1204.92,2,1
2012-09-21,2012,9,21,1062.31,2,1
2012-09-22,2012,9,22,1162.23,2,1
2012-09-23,2012,9,23,1174.9,2,1
2012-09-24,2012,9,24,1287.49,2,1
2012-09-25,2012,9,25,1112.5,2,1
2012-09-26,2012,9,26,312.16,2,1
2012-09-27,2012,9,27,1101.24,2,1
2012-09-28,2012,9,28,1021.02,2,1
2012-09-29,2012,9,29,1182.4,2,1
2012-09-30,2012,9,30,1085.76,2,1
2012-10-01,2012,10,1,1143.47,2,1
2012-10-02,2012,10,2,1082.01,2,1
2012-10-03,2012,10,3,1310.01,2,1
2012-10-04,2012,10,4,1076.38,2,1
2012-10-05,2012,10,5,1206.8,2,1
2012-10-06,2012,10,6,1133.15,2,1
2012-10-07,2012,10,7,1085.76,2,1
2012-10-08,2012,10,8,1205.86,2,1
2012-10-09,2012,10,9,1125.64,2,1
2012-10-10,2012,10,10,1106.87,2,1
2012-10-11,2012,10,11,1116.73,2,1
2012-10-12,2012,10,12,1132.68,2,1
2012-10-13,2012,10,13,1151.44,2,1
2012-10-14,2012,10,14,1086.23,2,1
2012-10-15,2012,10,15,1167.39,2,1
2012-10-16,2012,10,16,1147.69,2,1
2012-10-17,2012,10,17,300.43,2,1
2012-10-18,2012,10,18,908.43,2,1
2012-10-19,2012,10,19,1046.82,2,1
2012-10-20,2012,10,20,1059.49,2,1
2012-10-21,2012,10,21,491.37,2,1
2012-10-22,2012,10,22,1181.0,2,1
2012-10-23,2012,10,23,1182.4,2,1
2012-10-24,2012,10,24,1230.73,2,1
2012-10-25,2012,10,25,529.84,2,1
2012-10-26,2012,10,26,1201.64,2,1
2012-10-27,2012,10,27,1157.54,2,1
2012-10-28,2012,10,28,1128.92,2,1
2012-10-29,2012,10,29,1158.95,2,1
2012-10-30,2012,10,30,1191.79,2,1
2012-10-31,2012,10,31,1221.81,2,1
2012-11-01,2012,11,1,1024.78,2,1
2012-11-02,2012,11,2,796.78,2,1
2012-11-03,2012,11,3,435.54,2,1
2012-11-04,2012,11,4,1218.53,2,1
2012-11-05,2012,11,5,1108.75,2,1
2012-11-06,2012,11,6,113.25,2,1
2012-11-07,2012,11,7,1029.94,2,1
2012-11-08,2012,11,8,1056.68,2,1
2012-11-09,2012,11,9,1044.95,2,1
2012-11-10,2012,11,10,534.06,2,1
2012-11-11,2012,11,11,168.14,2,1
2012-11-12,2012,11,12,284.01,2,1
2012-11-13,2012,11,13,1084.36,2,1
2012-11-14,2012,11,14,1239.64,2,1
2012-11-15,2012,11,15,720.31,2,1
2012-11-16,2012,11,16,1277.17,2,1
2012-11-17,2012,11,17,1239.64,2,1
2012-11-18,2012,11,18,1052.45,2,1
2012-11-19,2012,11,19,1098.43,2,1
2012-11-20,2012,11,20,1032.28,2,1
2012-11-21,2012,11,21,1151.44,2,1
2012-11-22,2012,11,22,1066.06,2,1
2012-11-23,2012,11,23,1168.8,2,1
2012-11-24,2012,11,24,983.96,2,1
2012-11-25,2012,11,25,1246.21,2,1
2012-11-26,2012,11,26,1261.69,2,1
2012-11-27,2012,11,27,1255.59,2,1
2012-11-28,2012,11,28,1122.36,2,1
2012-11-29,2012,11,29,831.96,2,1
2012-11-30,2012,11,30,579.1,2,1
2012-12-01,2012,12,1,422.41,2,1
2012-12-02,2012,12,2,1059.96,2,1
2012-12-03,2012,12,3,991.0,2,1
2012-12-04,2012,12,4,1001.79,2,1
2012-12-05,2012,12,5,1087.17,2,1
2012-12-06,2012,12,6,1167.86,2,1
2012-12-07,2012,12,7,1059.02,2,1
2012-12-08,2012,12,8,1155.66,2,1
2012-12-09,2012,12,9,1038.85,2,1
2012-12-10,2012,12,10,1147.69,2,1
2012-12-11,2012,12,11,1075.44,2,1
2012-12-12,2012,12,12,1153.79,2,1
2012-12-13,2012,12,13,1052.92,2,1
2012-12-14,2012,12,14,592.23,2,1
2012-12-15,2012,12,15,644.78,2,1
2012-12-16,2012,12,16,1068.4,2,1
2012-12-17,2012,12,17,1044.48,2,1
2012-12-18,2012,12,18,1176.77,2,1
2012-12-19,2012,12,19,1219.0,2,1
2012-12-20,2012,12,20,1130.33,2,1
2012-12-21,2012,12,21,1141.12,2,1
2012-12-22,2012,12,22,1122.82,2,1
2012-12-23,2012,12,23,381.12,2,1
2012-12-24,2012,12,24,682.31,2,1
2012-12-25,2012,12,25,1092.8,2,1
2012-12-26,2012,12,26,1222.28,2,1
2012-12-27,2012,12,27,992.87,2,1
2012-12-28,2012,12,28,1005.07,2,1
2012-12-29,2012,12,29,1074.5,2,1
2012-12-30,2012,12,30,1036.97,2,1
2012-12-31,2012,12,31,577.22,2,1
2013-01-01,2013,1,1,1084.36,2,1
2013-01-02,2013,1,2,1053.86,2,1
2013-01-03,2013,1,3,1101.71,2,1
2013-01-04,2013,1,4,1239.64,2,1
2013-01-05,2013,1,5,1107.34,2,1
2013-01-06,2013,1,6,1140.65,2,1
2013-01-07,2013,1,7,1071.22,2,1
2013-01-08,2013,1,8,1153.79,2,1
2013-01-09,2013,1,9,1273.42,2,1
2013-01-10,2013,1,10,1161.76,2,1
2013-01-11,2013,1,11,1149.1,2,1
2013-01-12,2013,1,12,1104.53,2,1
2013-01-13,2013,1,13,,2,1
2013-01-14,2013,1,14,1135.49,2,1
2013-01-15,2013,1,15,1302.03,2,1
2013-01-16,2013,1,16,1158.01,2,1
2013-01-17,2013,1,17,252.11,2,1
2013-01-18,2013,1,18,1257.94,2,1
2013-01-19,2013,1,19,1169.74,2,1
2013-01-20,2013,1,20,1079.19,2,1
2013-01-21,2013,1,21,1184.75,2,1
2013-01-22,2013,1,22,1111.56,2,1
2013-01-23,2013,1,23,1113.44,2,1
2013-01-24,2013,1,24,1198.35,2,1
2013-01-25,2013,1,25,1072.16,2,1
2013-01-26,2013,1,26,1170.21,2,1
2013-01-27,2013,1,27,1183.34,2,1
2013-01-28,2013,1,28,1084.36,2,1
2013-01-29,2013,1,29,1168.8,2,1
2013-01-30,2013,1,30,1220.87,2,1
2013-01-31,2013,1,31,1121.42,2,1
2013-02-01,2013,2,1,1309.07,2,1
2013-02-02,2013,2,2,1260.75,2,1
2013-02-03,2013,2,3,694.5,2,1
2013-02-04,2013,2,4,1147.69,2,1
2013-02-05,2013,2,5,944.55,2,1
2013-02-06,2013,2,6,1286.55,2,1
2013-02-07,2013,2,7,618.97,2,1
2013-02-08,2013,2,8,1217.12,2,1
2013-02-09,2013,2,9,1214.77,2,1
2013-02-10,2013,2,10,1290.77,2,1
2013-02-11,2013,2,11,949.24,2,1
2013-02-12,2013,2,12,1082.01,2,1
2013-02-13,2013,2,13,1229.32,2,1
2013-02-14,2013,2,14,1355.98,2,1
2013-02-15,2013,2,15,1109.22,2,1
2013-02-16,2013,2,16,911.71,2,1
2013-02-17,2013,2,17,1234.48,2,1
2013-02-18,2013,2,18,1054.33,2,1
2013-02-19,2013,2,19,1187.1,2,1
2013-02-20,2013,2,20,1095.15,2,1
2013-02-21,2013,2,21,1079.66,2,1
2013-02-22,2013,2,22,1129.39,2,1
2013-02-23,2013,2,23,1021.49,2,1
2013-02-24,2013,2,24,982.08,2,1
2013-02-25,2013,2,25,1116.73,2,1
2013-02-26,2013,2,26,1234.48,2,1
2013-02-27,2013,2,27,1279.52,2,1
2013-02-28,2013,2,28,1072.63,2,1
2013-03-01,2013,3,1,1172.55,2,1
2013-03-02,2013,3,2,1252.77,2,1
2013-03-03,2013,3,3,1073.1,2,1
2013-03-04,2013,3,4,1261.69,2,1
2013-03-05,2013,3,5,1070.75,2,1
2013-03-06,2013,3,6,1095.15,2,1
2013-03-07,2013,3,7,1014.45,2,1
2013-03-08,2013,3,8,1150.97,2,1
2013-03-09,2013,3,9,1083.89,2,1
2013-03-10,2013,3,10,1090.92,2,1
2013-03-11,2013,3,11,1082.95,2,1
2013-03-12,2013,3,12,1133.15,2,1
2013-03-13,2013,3,13,1157.54,2,1
2013-03-14,2013,3,14,1167.39,2,1
2013-03-15,2013,3,15,1110.63,2,1
2013-03-16,2013,3,16,1133.61,2,1
2013-03-17,2013,3,17,1045.42,2,1
2013-03-18,2013,3,18,1241.05,2,1
2013-03-19,2013,3,19,994.28,2,1
2013-03-20,2013,3,20,1022.9,2,1
2013-03-21,2013,3,21,1188.03,2,1
2013-03-22,2013,3,22,1065.12,2,1
2013-03-23,2013,3,23,619.44,2,1
2013-03-24,2013,3,24,1264.97,2,1
2013-03-25,2013,3,25,1033.69,2,1
2013-03-26,2013,3,26,1025.24,2,1
2013-03-27,2013,3,27,1181.94,2,1
2013-03-28,2013,3,28,1216.18,2,1
2013-03-29,2013,3,29,1126.11,2,1
2013-03-30,2013,3,30,1018.21,2,1
2013-03-31,2013,3,31,1063.71,2,1
2013-04-01,2013,4,1,1016.8,2,1
2013-04-02,2013,4,2,384.41,2,1
2013-04-03,2013,4,3,1141.59,2,1
2013-04-04,2013,4,4,1313.76,2,1
2013-04-05,2013,4,5,415.37,2,1
2013-04-06,2013,4,6,426.16,2,1
2013-04-07,2013,4,7,1297.81,2,1
2013-04-08,2013,4,8,1148.16,2,1
2013-04-09,2013,4,9,1157.54,2,1
2013-04-10,2013,4,10,988.65,2,1
2013-04-11,2013,4,11,1067.0,2,1
2013-04-12,2013,4,12,1001.79,2,1
2013-04-13,2013,4,13,1051.05,2,1
2013-04-14,2013,4,14,1093.74,2,1
2013-04-15,2013,4,15,1247.14,2,1
2013-04-16,2013,4,16,231.0,2,1
2013-04-17,2013,4,17,,2,1
2013-04-18,2013,4,18,1011.17,2,1
2013-04-19,2013,4,19,1199.76,2,1
2013-04-20,2013,4,20,1134.55,2,1
2013-04-21,2013,4,21,1181.0,2,1
2013-04-22,2013,4,22,1103.12,2,1
2013-04-23,2013,4,23,1056.21,2,1
2013-04-24,2013,4,24,1055.74,2,1
2013-04-25,2013,4,25,1136.9,2,1
2013-04-26,2013,4,26,1241.05,2,1
2013-04-27,2013,4,27,1113.44,2,1
2013-04-28,2013,4,28,1181.94,2,1
2013-04-29,2013,4,29,1181.0,2,1
2013-04-30,2013,4,30,1020.55,2,1
2013-05-01,2013,5,1,992.4,2,1
2013-05-02,2013,5,2,743.76,2,1
2013-05-03,2013,5,3,1167.86,2,1
2013-05-04,2013,5,4,746.58,2,1
2013-05-05,2013,5,5,363.76,2,1
2013-05-06,2013,5,6,889.2,2,1
2013-05-07,2013,5,7,908.9,2,1
2013-05-08,2013,5,8,1076.38,2,1
2013-05-09,2013,5,9,214.11,2,1
2013-05-10,2013,5,10,242.73,2,1
2013-05-11,2013,5,11,1009.29,2,1
2013-05-12,2013,5,12,1253.71,2,1
2013-05-13,2013,5,13,835.71,2,1
2013-05-14,2013,5,14,1050.58,2,1
2013-05-15,2013,5,15,,2,1
2013-05-16,2013,5,16,1099.84,2,1
2013-05-17,2013,5,17,945.96,2,1
2013-05-18,2013,5,18,1063.24,2,1
2013-05-19,2013,5,19,1062.31,2,1
2013-05-20,2013,5,20,948.78,2,1
2013-05-21,2013,5,21,1052.92,2,1
2013-05-22,2013,5,22,1148.16,2,1
2013-05-23,2013,5,23,1164.11,2,1
2013-05-24,2013,5,24,1144.87,2,1
2013-05-25,2013,5,25,1002.26,2,1
2013-05-26,2013,5,26,477.76,2,1
2013-05-27,2013,5,27,351.1,2,1
2013-05-28,2013,5,28,988.65,2,1
2013-05-29,2013,5,29,1082.48,2,1
2013-05-30,2013,5,30,1103.12,2,1
2013-05-31,2013,5,31,1074.5,2,1
2013-06-01,2013,6,1,1087.64,2,1
2013-06-02,2013,6,2,1109.69,2,1
2013-06-03,2013,6,3,1149.1,2,1
2013-06-04,2013,6,4,548.13,2,1
2013-06-05,2013,6,5,1270.13,2,1
2013-06-06,2013,6,6,512.95,2,1
2013-06-07,2013,6,7,938.45,2,1
2013-06-08,2013,6,8,1190.38,2,1
2013-06-09,2013,6,9,1055.27,2,1
2013-06-10,2013,6,10,1302.5,2,1
2013-06-11,2013,6,11,460.88,2,1
2013-06-12,2013,6,12,553.76,2,1
2013-06-13,2013,6,13,703.89,2,1
2013-06-14,2013,6,14,1005.07,2,1
2013-06-15,2013,6,15,1062.78,2,1
2013-06-16,2013,6,16,1019.15,2,1
2013-06-17,2013,6,17,836.18,2,1
2013-06-18,2013,6,18,801.0,2,1
2013-06-19,2013,6,19,947.37,2,1
2013-06-20,2013,6,20,1027.12,2,1
2013-06-21,2013,6,21,1013.05,2,1
2013-06-22,2013,6,22,1070.75,2,1
2013-06-23,2013,6,23,732.04,2,1
2013-06-24,2013,6,24,1004.6,2,1
2013-06-25,2013,6,25,961.91,2,1
2013-06-26,2013,6,26,941.27,2,1
2013-06-27,2013,6,27,1036.97,2,1
2013-06-28,2013,6,28,1010.23,2,1
2013-06-29,2013,6,29,1058.08,2,1
2013-06-30,2013,6,30,1040.73,2,1
2013-07-01,2013,7,1,1047.76,2,1
2013-07-02,2013,7,2,1082.48,2,1
2013-07-03,2013,7,3,463.22,2,1
2013-07-04,2013,7,4,994.28,2,1
2013-07-05,2013,7,5,1113.91,2,1
2013-07-06,2013,7,6,872.31,2,1
2013-07-07,2013,7,7,932.36,2,1
2013-07-08,2013,7,8,873.71,2,1
2013-07-09,2013,7,9,1011.17,2,1
2013-07-10,2013,7,10,1177.24,2,1
2013-07-11,2013,7,11,1059.49,2,1
2013-07-12,2013,7,12,1183.81,2,1
2013-07-13,2013,7,13,1084.82,2,1
2013-07-14,2013,7,14,1081.07,2,1
2013-07-15,2013,7,15,865.74,2,1
2013-07-16,2013,7,16,1046.82,2,1
2013-07-17,2013,7,17,896.23,2,1
2013-07-18,2013,7,18,972.23,2,1
2013-07-19,2013,7,19,996.63,2,1
2013-07-20,2013,7,20,1044.48,2,1
2013-07-21,2013,7,21,930.48,2,1
2013-07-22,2013,7,22,1010.23,2,1
2013-07-23,2013,7,23,1011.17,2,1
2013-07-24,2013,7,24,1097.96,2,1
2013-07-25,2013,7,25,1056.21,2,1
2013-07-26,2013,7,26,1053.39,2,1
2013-07-27,2013,7,27,972.7,2,1
2013-07-28,2013,7,28,1040.73,2,1
2013-07-29,2013,7,29,944.55,2,1
2013-07-30,2013,7,30,1015.86,2,1
2013-07-31,2013,7,31,1013.52,2,1
2013-08-01,2013,8,1,1218.53,2,1
2013-08-02,2013,8,2,936.11,2,1
2013-08-03,2013,8,3,747.99,2,1
2013-08-04,2013,8,4,575.81,2,1
2013-08-05,2013,8,5,318.26,2,1
2013-08-06,2013,8,6,739.54,2,1
2013-08-07,2013,8,7,1162.23,2,1
2013-08-08,2013,8,8,529.84,2,1
2013-08-09,2013,8,9,707.17,2,1
2013-08-10,2013,8,10,761.12,2,1
2013-08-11,2013,8,11,1058.08,2,1
2013-08-12,2013,8,12,1035.1,2,1
2013-08-13,2013,8,13,487.62,2,1
2013-08-14,2013,8,14,548.6,2,1
2013-08-15,2013,8,15,763.94,2,1
2013-08-16,2013,8,16,1092.8,2,1
2013-08-17,2013,8,17,1060.43,2,1
2013-08-18,2013,8,18,1046.82,2,1
2013-08-19,2013,8,19,1100.31,2,1
2013-08-20,2013,8,20,1282.8,2,1
2013-08-21,2013,8,21,1110.16,2,1
2013-08-22,2013,8,22,1135.49,2,1
2013-08-23,2013,8,23,1074.5,2,1
2013-08-24,2013,8,24,1120.48,2,1
2013-08-25,2013,8,25,1089.98,2,1
2013-08-26,2013,8,26,1058.08,2,1
2013-08-27,2013,8,27,1035.1,2,1
2013-08-28,2013,8,28,1181.94,2,1
2013-08-29,2013,8,29,1068.87,2,1
2013-08-30,2013,8,30,1345.66,2,1
2013-08-31,2013,8,31,1140.18,2,1
2013-09-01,2013,9,1,1256.53,2,1
2013-09-02,2013,9,2,608.65,2,1
2013-09-03,2013,9,3,1125.17,2,1
2013-09-04,2013,9,4,1203.52,2,1
2013-09-05,2013,9,5,983.96,2,1
2013-09-06,2013,9,6,1107.34,2,1
2013-09-07,2013,9,7,1189.44,2,1
2013-09-08,2013,9,8,1127.52,2,1
2013-09-09,2013,9,9,1121.42,2,1
2013-09-10,2013,9,10,438.83,2,1
2013-09-11,2013,9,11,1118.13,2,1
2013-09-12,2013,9,12,1229.32,2,1
2013-09-13,2013,9,13,1048.7,2,1
2013-09-14,2013,9,14,1065.12,2,1
2013-09-15,2013,9,15,1231.19,2,1
2013-09-16,2013,9,16,895.76,2,1
2013-09-17,2013,9,17,1166.45,2,1
2013-09-18,2013,9,18,1101.71,2,1
2013-09-19,2013,9,19,1143.94,2,1
2013-09-20,2013,9,20,1124.23,2,1
2013-09-21,2013,9,21,1047.76,2,1
2013-09-22,2013,9,22,1051.52,2,1
2013-09-23,2013,9,23,1069.81,2,1
2013-09-24,2013,9,24,950.65,2,1
2013-09-25,2013,9,25,1210.55,2,1
2013-09-26,2013,9,26,1080.13,2,1
2013-09-27,2013,9,27,1142.53,2,1
2013-09-28,2013,9,28,1128.45,2,1
2013-09-29,2013,9,29,1122.36,2,1
2013-09-30,2013,9,30,1136.43,2,1
2013-10-01,2013,10,1,1150.5,2,1
2013-10-02,2013,10,2,1232.13,2,1
2013-10-03,2013,10,3,438.36,2,1
2013-10-04,2013,10,4,1111.1,2,1
2013-10-05,2013,10,5,1130.33,2,1
2013-10-06,2013,10,6,1099.84,2,1
2013-10-07,2013,10,7,443.99,2,1
2013-10-08,2013,10,8,1232.6,2,1
2013-10-09,2013,10,9,1188.97,2,1
2013-10-10,2013,10,10,1044.95,2,1
2013-10-11,2013,10,11,1088.58,2,1
2013-10-12,2013,10,12,1134.08,2,1
2013-10-13,2013,10,13,1068.87,2,1
2013-10-14,2013,10,14,1160.82,2,1
2013-10-15,2013,10,15,1140.65,2,1
2013-10-16,2013,10,16,1146.28,2,1
2013-10-17,2013,10,17,132.95,2,1
2013-10-18,2013,10,18,703.89,2,1
2013-10-19,2013,10,19,320.13,2,1
2013-10-20,2013,10,20,205.2,2,1
2013-10-21,2013,10,21,664.95,2,1
2013-10-22,2013,10,22,1183.34,2,1
2013-10-23,2013,10,23,1325.02,2,1
2013-10-24,2013,10,24,1217.59,2,1
2013-10-25,2013,10,25,1095.15,2,1
2013-10-26,2013,10,26,1054.8,2,1
2013-10-27,2013,10,27,1044.48,2,1
2013-10-28,2013,10,28,1131.27,2,1
2013-10-29,2013,10,29,1191.79,2,1
2013-10-30,2013,10,30,1326.43,2,1
2013-10-31,2013,10,31,1139.24,2,1
2013-11-01,2013,11,1,1087.64,2,1
2013-11-02,2013,11,2,1212.9,2,1
2013-11-03,2013,11,3,1157.07,2,1
2013-11-04,2013,11,4,1102.65,2,1
2013-11-05,2013,11,5,1083.89,2,1
2013-11-06,2013,11,6,1083.89,2,1
2013-11-07,2013,11,7,1168.8,2,1
2013-11-08,2013,11,8,1105.0,2,1
2013-11-09,2013,11,9,890.13,2,1
2013-11-10,2013,11,10,1025.71,2,1
2013-11-11,2013,11,11,1183.34,2,1
2013-11-12,2013,11,12,1094.68,2,1
2013-11-13,2013,11,13,1215.24,2,1
2013-11-14,2013,11,14,537.34,2,1
2013-11-15,2013,11,15,894.82,2,1
2013-11-16,2013,11,16,1048.23,2,1
2013-11-17,2013,11,17,1120.48,2,1
2013-11-18,2013,11,18,1003.19,2,1
2013-11-19,2013,11,19,981.61,2,1
2013-11-20,2013,11,20,1143.47,2,1
2013-11-21,2013,11,21,1016.8,2,1
2013-11-22,2013,11,22,1000.85,2,1
2013-11-23,2013,11,23,1061.84,2,1
2013-11-24,2013,11,24,1094.68,2,1
2013-11-25,2013,11,25,1058.55,2,1
2013-11-26,2013,11,26,1279.52,2,1
2013-11-27,2013,11,27,1018.21,2,1
2013-11-28,2013,11,28,1021.02,2,1
2013-11-29,2013,11,29,901.39,2,1
2013-11-30,2013,11,30,1060.43,2,1
2013-12-01,2013,12,1,1012.11,2,1
2013-12-02,2013,12,2,735.32,2,1
2013-12-03,2013,12,3,649.94,2,1
2013-12-04,2013,12,4,969.42,2,1
2013-12-05,2013,12,5,1164.11,2,1
2013-12-06,2013,12,6,1018.68,2,1
2013-12-07,2013,12,7,846.03,2,1
2013-12-08,2013,12,8,1225.56,2,1
2013-12-09,2013,12,9,662.6,2,1
2013-12-10,2013,12,10,869.96,2,1
2013-12-11,2013,12,11,1036.97,2,1
2013-12-12,2013,12,12,998.03,2,1
2013-12-13,2013,12,13,930.48,2,1
2013-12-14,2013,12,14,1131.74,2,1
2013-12-15,2013,12,15,1101.71,2,1
2013-12-16,2013,12,16,1109.69,2,1
2013-12-17,2013,12,17,1025.24,2,1
2013-12-18,2013,12,18,991.0,2,1
2013-12-19,2013,12,19,955.81,2,1
2014-12-01,2014,12,1,1171.09,2,5
2014-12-02,2014,12,2,1012.93,2,5
2014-12-03,2014,12,3,392.89,2,5
2014-12-04,2014,12,4,1165.49,2,5
2014-12-05,2014,12,5,1318.05,2,5
2014-12-06,2014,12,6,1205.14,2,5
2014-12-07,2014,12,7,1087.57,2,5
2014-12-08,2014,12,8,1213.07,2,5
2014-12-09,2014,12,9,1058.18,2,5
2014-12-10,2014,12,10,1114.63,2,5
2014-12-11,2014,12,11,1135.16,2,5
2014-12-12,2014,12,12,581.84,2,5
2014-12-13,2014,12,13,1149.62,2,5
2014-12-14,2014,12,14,1171.55,2,5
2014-12-15,2014,12,15,1218.21,2,5
2014-12-16,2014,12,16,1131.43,2,5
2014-12-17,2014,12,17,1007.33,2,5
2014-12-18,2014,12,18,1043.72,2,5
2014-12-19,2014,12,19,1175.28,2,5
2014-12-20,2014,12,20,582.78,2,5
2014-12-21,2014,12,21,1205.61,2,5
2014-12-22,2014,12,22,1271.39,2,5
2014-12-23,2014,12,23,741.4,2,5
2014-12-24,2014,12,24,368.17,2,5
2014-12-25,2014,12,25,312.65,2,5
2014-12-26,2014,12,26,1124.9,2,5
2014-12-27,2014,12,27,912.62,2,5
2014-12-28,2014,12,28,1065.18,2,5
2014-12-29,2014,12,29,1041.39,2,5
2014-12-30,2014,12,30,1131.9,2,5
2014-12-31,2014,12,31,1115.1,2,5
2015-01-01,2015,1,1,1044.65,2,5
2015-01-02,2015,1,2,1010.13,2,5
2015-01-03,2015,1,3,815.11,2,5
2015-01-04,2015,1,4,1371.23,2,5
2015-01-05,2015,1,5,1053.52,2,5
2015-01-06,2015,1,6,1115.57,2,5
2015-01-07,2015,1,7,1205.14,2,5
2015-01-08,2015,1,8,1064.71,2,5
2015-01-09,2015,1,9,1110.44,2,5
2015-01-10,2015,1,10,1183.68,2,5
2015-01-11,2015,1,11,658.36,2,5
2015-01-12,2015,1,12,1191.15,2,5
2015-01-13,2015,1,13,1317.58,2,5
2015-01-14,2015,1,14,1033.46,2,5
2015-01-15,2015,1,15,1130.03,2,5
2015-01-16,2015,1,16,1047.92,2,5
2015-01-17,2015,1,17,1077.78,2,5
2015-01-18,2015,1,18,1076.84,2,5
2015-01-19,2015,1,19,1060.05,2,5
2015-01-20,2015,1,20,1090.37,2,5
2015-01-21,2015,1,21,1222.87,2,5
2015-01-22,2015,1,22,1091.77,2,5
2015-01-23,2015,1,23,273.92,2,5
2015-05-10,2015,5,10,1088.76,2,5
2015-05-11,2015,5,11,968.18,2,5
2015-05-12,2015,5,12,775.81,2,5
2015-05-13,2015,5,13,1097.67,2,5
2015-05-14,2015,5,14,479.29,2,5
2015-05-15,2015,5,15,1047.94,2,5
2015-05-16,2015,5,16,1060.14,2,5
2015-05-17,2015,5,17,1050.75,2,5
2015-05-18,2015,5,18,1150.69,2,5
2015-05-19,2015,5,19,1283.0,2,5
2015-05-20,2015,5,20,1079.84,2,5
2015-05-21,2015,5,21,1154.91,2,5
2015-05-22,2015,5,22,967.71,2,5
2015-05-23,2015,5,23,901.55,2,5
2015-05-24,2015,5,24,173.38,2,5
2015-05-25,2015,5,25,451.14,2,5
2015-05-26,2015,5,26,736.4,2,5
2015-05-27,2015,5,27,850.41,2,5
2015-05-28,2015,5,28,1086.88,2,5
2015-05-29,2015,5,29,1083.6,2,5
2015-05-30,2015,5,30,1019.79,2,5
2015-05-31,2015,5,31,1080.78,2,5
2015-06-01,2015,6,1,979.44,2,5
2015-06-02,2015,6,2,1126.29,2,5
2015-06-03,2015,6,3,953.63,2,5
2015-06-04,2015,6,4,1011.81,2,5
2015-06-05,2015,6,5,1006.18,2,5
2015-06-06,2015,6,6,937.68,2,5
2015-06-07,2015,6,7,1063.89,2,5
2015-06-08,2015,6,8,978.97,2,5
2015-06-09,2015,6,9,1146.0,2,5
2015-06-10,2015,6,10,968.18,2,5
2015-06-11,2015,6,11,1015.1,2,5
2015-06-12,2015,6,12,754.23,2,5
2015-06-13,2015,6,13,1181.66,2,5
2015-06-14,2015,6,14,1000.08,2,5
2015-06-15,2015,6,15,825.54,2,5
2015-06-16,2015,6,16,301.47,2,5
2015-06-17,2015,6,17,1081.72,2,5
2015-06-18,2015,6,18,986.94,2,5
2015-06-19,2015,6,19,1252.5,2,5
2015-06-20,2015,6,20,1009.93,2,5
2015-06-21,2015,6,21,999.61,2,5
2015-06-22,2015,6,22,979.44,2,5
2015-06-23,2015,6,23,989.29,2,5
2015-06-24,2015,6,24,1063.42,2,5
2015-06-25,2015,6,25,996.33,2,5
2015-06-26,2015,6,26,1019.32,2,5
2015-06-27,2015,6,27,987.88,2,5
2015-06-28,2015,6,28,1001.49,2,5
2015-06-29,2015,6,29,659.45,2,5
2015-06-30,2015,6,30,979.44,2,5
2015-07-01,2015,7,1,1025.42,2,5
2015-07-02,2015,7,2,1047.94,2,5
2015-07-03,2015,7,3,666.02,2,5
2015-07-04,2015,7,4,1260.95,2,5
2015-07-05,2015,7,5,440.81,2,5
2015-07-06,2015,7,6,219.83,2,5
2015-07-07,2015,7,7,1153.04,2,5
2015-07-08,2015,7,8,1113.62,2,5
2015-07-09,2015,7,9,1166.64,2,5
2015-07-10,2015,7,10,1104.71,2,5
2015-07-11,2015,7,11,1149.75,2,5
2015-07-12,2015,7,12,1127.7,2,5
2015-07-13,2015,7,13,994.45,2,5
2015-07-14,2015,7,14,1080.78,2,5
2015-07-15,2015,7,15,732.18,2,5
2015-07-16,2015,7,16,314.13,2,5
2015-07-17,2015,7,17,381.23,2,5
2015-07-18,2015,7,18,786.13,2,5
2015-07-19,2015,7,19,700.74,2,5
2015-07-20,2015,7,20,906.24,2,5
2015-07-21,2015,7,21,838.68,2,5
2015-07-22,2015,7,22,1026.36,2,5
2015-07-23,2015,7,23,1066.71,2,5
2015-07-24,2015,7,24,1056.85,2,5
2015-07-25,2015,7,25,1063.89,2,5
2015-07-26,2015,7,26,1010.87,2,5
2015-07-27,2015,7,27,831.64,2,5
2015-07-28,2015,7,28,1267.99,2,5
2015-07-29,2015,7,29,1204.18,2,5
2015-07-30,2015,7,30,1257.19,2,5
2015-07-31,2015,7,31,1105.65,2,5
2015-08-01,2015,8,1,1159.14,2,5
2015-08-02,2015,8,2,1002.43,2,5
2015-08-03,2015,8,3,1051.69,2,5
2015-08-04,2015,8,4,1119.72,2,5
2015-08-05,2015,8,5,1008.06,2,5
2015-08-06,2015,8,6,1084.07,2,5
2015-08-07,2015,8,7,1189.16,2,5
2015-08-08,2015,8,8,1061.08,2,5
2015-08-09,2015,8,9,1241.71,2,5
2015-08-10,2015,8,10,339.0,2,5
2015-08-11,2015,8,11,1241.24,2,5
2015-08-12,2015,8,12,1220.13,2,5
2015-08-13,2015,8,13,1193.85,2,5
2015-08-14,2015,8,14,1146.94,2,5
2015-08-15,2015,8,15,1295.2,2,5
2015-08-16,2015,8,16,722.32,2,5
2015-08-17,2015,8,17,1197.14,2,5
2015-08-18,2015,8,18,1128.64,2,5
2015-08-19,2015,8,19,1142.24,2,5
2015-08-20,2015,8,20,1083.6,2,5
2015-08-21,2015,8,21,1263.76,2,5
2015-08-22,2015,8,22,846.66,2,5
2015-08-23,2015,8,23,1094.39,2,5
2015-08-24,2015,8,24,1130.51,2,5
2015-08-25,2015,8,25,1174.15,2,5
2015-08-26,2015,8,26,1068.11,2,5
2015-08-27,2015,8,27,1180.25,2,5
2015-08-28,2015,8,28,884.66,2,5
2015-08-29,2015,8,29,1268.92,2,5
2015-08-30,2015,8,30,1189.16,2,5
2015-08-31,2015,8,31,1008.06,2,5
2015-09-01,2015,9,1,1163.36,2,5
2015-09-02,2015,9,2,1153.5,2,5
2015-09-03,2015,9,3,1334.14,2,5
2015-09-04,2015,9,4,1207.93,2,5
2015-09-05,2015,9,5,1127.7,2,5
2015-09-06,2015,9,6,1134.27,2,5
2015-09-07,2015,9,7,1117.85,2,5
2015-09-08,2015,9,8,1097.2,2,5
2015-09-09,2015,9,9,1294.73,2,5
2015-09-10,2015,9,10,1064.83,2,5
2015-09-11,2015,9,11,581.1,2,5
2015-09-12,2015,9,12,1382.47,2,5
2015-09-13,2015,9,13,498.99,2,5
2015-09-14,2015,9,14,1260.01,2,5
2015-09-15,2015,9,15,1137.55,2,5
2015-09-16,2015,9,16,1178.37,2,5
2015-09-17,2015,9,17,1181.66,2,5
2015-09-18,2015,9,18,1158.67,2,5
2015-09-19,2015,9,19,815.22,2,5
2015-09-20,2015,9,20,1110.81,2,5
2015-09-21,2015,9,21,1062.48,2,5
2015-09-22,2015,9,22,937.21,2,5
2015-09-23,2015,9,23,1095.33,2,5
2015-09-24,2015,9,24,1410.62,2,5
2015-09-25,2015,9,25,1250.16,2,5
2015-09-26,2015,9,26,1171.8,2,5
2015-09-27,2015,9,27,1009.47,2,5
2015-09-28,2015,9,28,610.19,2,5
2015-09-29,2015,9,29,1283.94,2,5
2015-09-30,2015,9,30,1026.82,2,5
2015-10-01,2015,10,1,1090.16,2,5
2015-10-02,2015,10,2,1063.89,2,5
2015-10-03,2015,10,3,1111.28,2,5
2015-10-04,2015,10,4,1221.54,2,5
2015-10-05,2015,10,5,1149.75,2,5
2015-10-06,2015,10,6,1167.11,2,5
2015-10-07,2015,10,7,1181.66,2,5
2015-10-08,2015,10,8,1159.6,2,5
2015-10-09,2015,10,9,1143.65,2,5
2015-10-10,2015,10,10,1163.36,2,5
2015-10-11,2015,10,11,1123.48,2,5
2015-10-12,2015,10,12,1100.96,2,5
2015-10-13,2015,10,13,1142.24,2,5
2015-10-14,2015,10,14,399.06,2,5
2015-10-15,2015,10,15,415.48,2,5
2015-10-16,2015,10,16,1210.75,2,5
2015-10-17,2015,10,17,1107.99,2,5
2015-10-18,2015,10,18,1132.39,2,5
2015-10-19,2015,10,19,1171.33,2,5
2015-10-20,2015,10,20,856.98,2,5
2015-10-21,2015,10,21,1272.68,2,5
2015-10-22,2015,10,22,1020.26,2,5
2015-10-23,2015,10,23,218.89,2,5
2015-10-24,2015,10,24,1190.57,2,5
2015-10-25,2015,10,25,1213.56,2,5
2015-10-26,2015,10,26,1285.35,2,5
2015-10-27,2015,10,27,1212.62,2,5
2015-10-28,2015,10,28,1165.23,2,5
2015-10-29,2015,10,29,1149.75,2,5
2015-10-30,2015,10,30,982.25,2,5
2015-10-31,2015,10,31,923.14,2,5
2015-11-01,2015,11,1,886.07,2,5
2015-11-02,2015,11,2,1047.47,2,5
2015-11-03,2015,11,3,1062.48,2,5
2015-11-04,2015,11,4,1258.13,2,5
2015-11-05,2015,11,5,882.79,2,5
2015-11-06,2015,11,6,695.58,2,5
2015-11-07,2015,11,7,818.51,2,5
2015-11-08,2015,11,8,1106.12,2,5
2015-11-09,2015,11,9,1298.48,2,5
2015-11-10,2015,11,10,939.09,2,5
2015-11-11,2015,11,11,1114.56,2,5
2015-11-12,2015,11,12,800.21,2,5
2015-11-13,2015,11,13,1137.55,2,5
2015-11-14,2015,11,14,617.7,2,5
2015-11-15,2015,11,15,863.08,2,5
2015-11-16,2015,11,16,1115.5,2,5
2015-11-17,2015,11,17,1030.11,2,5
2015-11-18,2015,11,18,1031.52,2,5
2015-11-19,2015,11,19,1155.85,2,5
2015-11-20,2015,11,20,439.87,2,5
2015-11-21,2015,11,21,1190.57,2,5
2015-11-22,2015,11,22,1022.13,2,5
2015-11-23,2015,11,23,1000.08,2,5
2015-11-24,2015,11,24,1238.9,2,5
2015-11-25,2015,11,25,1196.67,2,5
2015-11-26,2015,11,26,1319.13,2,5
2015-11-27,2015,11,27,1192.45,2,5
2015-11-28,2015,11,28,1001.02,2,5
2015-11-29,2015,11,29,582.98,2,5
2015-11-30,2015,11,30,729.36,2,5
2016-03-09,2016,3,9,686.22,2,5
2016-03-10,2016,3,10,1219.61,2,5
2016-03-11,2016,3,11,1133.76,2,5
2016-03-12,2016,3,12,1066.68,2,5
2016-03-13,2016,3,13,998.19,2,5
2016-03-14,2016,3,14,944.24,2,5
2016-03-15,2016,3,15,1064.8,2,5
2016-03-16,2016,3,16,1177.86,2,5
2016-03-17,2016,3,17,1133.29,2,5
2016-03-18,2016,3,18,1029.62,2,5
2016-03-19,2016,3,19,1126.73,2,5
2016-03-20,2016,3,20,851.35,2,5
2016-03-21,2016,3,21,1205.07,2,5
2016-03-22,2016,3,22,1271.22,2,5
2016-03-23,2016,3,23,1075.12,2,5
2016-03-24,2016,3,24,1080.28,2,5
2016-03-25,2016,3,25,1009.44,2,5
2016-03-26,2016,3,26,1051.2,2,5
2016-03-27,2016,3,27,1038.53,2,5
2016-03-28,2016,3,28,1147.84,2,5
2016-03-29,2016,3,29,1232.28,2,5
2016-03-30,2016,3,30,1139.86,2,5
2016-03-31,2016,3,31,1087.32,2,5
2016-04-01,2016,4,1,1118.28,2,5
2016-04-02,2016,4,2,1259.96,2,5
2016-04-03,2016,4,3,1063.39,2,5
2016-04-04,2016,4,4,1219.14,2,5
2016-04-05,2016,4,5,1222.9,2,5
2016-04-06,2016,4,6,574.57,2,5
2016-04-07,2016,4,7,1057.76,2,5
2016-04-08,2016,4,8,1035.72,2,5
2016-04-09,2016,4,9,1060.58,2,5
2016-04-10,2016,4,10,1088.26,2,5
2016-04-11,2016,4,11,689.03,2,5
2016-04-12,2016,4,12,1156.28,2,5
2016-04-13,2016,4,13,1085.91,2,5
2016-04-14,2016,4,14,1159.56,2,5
2016-04-15,2016,4,15,1067.15,2,5
2016-04-16,2016,4,16,1227.12,2,5
2016-04-17,2016,4,17,1181.14,2,5
2016-04-18,2016,4,18,1074.18,2,5
2017-03-05,2017,3,5,280.75,2,1
2017-03-06,2017,3,6,1209.12,2,1
2017-03-07,2017,3,7,1273.97,2,1
2017-03-08,2017,3,8,1157.03,2,1
2017-03-09,2017,3,9,,2,1
2017-03-10,2017,3,10,1216.27,2,1
2017-03-11,2017,3,11,1114.65,2,1
2017-03-12,2017,3,12,1133.54,2,1
2017-03-13,2017,3,13,1250.99,2,1
2017-03-14,2017,3,14,1076.35,2,1
2017-03-15,2017,3,15,1076.86,2,1
2017-03-16,2017,3,16,1194.31,2,1
2017-03-17,2017,3,17,1252.02,2,1
2017-03-18,2017,3,18,1188.18,2,1
2017-03-19,2017,3,19,1224.44,2,1
2017-03-20,2017,3,20,1195.84,2,1
2017-03-21,2017,3,21,1157.54,2,1
2017-03-22,2017,3,22,1155.5,2,1
2017-03-23,2017,3,23,1072.78,2,1
2017-03-24,2017,3,24,1078.9,2,1
2017-03-25,2017,3,25,1088.1,2,1
2017-03-26,2017,3,26,1067.16,2,1
2017-03-27,2017,3,27,1090.65,2,1
2017-03-28,2017,3,28,1098.31,2,1
2017-03-29,2017,3,29,1132.01,2,1
2017-03-30,2017,3,30,1082.48,2,1
2017-03-31,2017,3,31,1161.12,2,1
2017-04-01,2017,4,1,1126.91,2,1
2017-04-02,2017,4,2,1235.16,2,1
2017-04-03,2017,4,3,1066.14,2,1
2017-04-04,2017,4,4,1151.93,2,1
2017-04-05,2017,4,5,1173.89,2,1
2017-04-06,2017,4,6,738.81,2,1
2017-04-07,2017,4,7,1146.82,2,1
2017-04-08,2017,4,8,1071.75,2,1
2017-04-09,2017,4,9,1044.69,2,1
2017-04-10,2017,4,10,825.62,2,1
2017-04-11,2017,4,11,388.49,2,1
2017-04-12,2017,4,12,657.1,2,1
2017-04-13,2017,4,13,1311.76,2,1
2017-04-14,2017,4,14,1260.7,2,1
2017-04-15,2017,4,15,1142.74,2,1
2017-04-16,2017,4,16,1154.99,2,1
2017-04-17,2017,4,17,1080.95,2,1
2017-04-18,2017,4,18,1030.39,2,1
2017-04-19,2017,4,19,1061.54,2,1
2017-04-20,2017,4,20,1120.27,2,1
2017-04-21,2017,4,21,1135.08,2,1
2017-04-22,2017,4,22,1024.26,2,1
2017-04-23,2017,4,23,1084.52,2,1
2017-04-24,2017,4,24,1085.54,2,1
2017-04-25,2017,4,25,1093.2,2,1
2017-04-26,2017,4,26,1077.88,2,1
2017-04-27,2017,4,27,1030.9,2,1
2017-04-28,2017,4,28,1003.33,2,1
2017-04-29,2017,4,29,1184.61,2,1
2017-04-30,2017,4,30,1078.39,2,1
2017-05-01,2017,5,1,1298.49,2,1
2017-05-02,2017,5,2,1091.16,2,1
2017-05-03,2017,5,3,1110.56,2,1
2017-05-04,2017,5,4,1018.14,2,1
2017-05-05,2017,5,5,1213.21,2,1
2017-05-06,2017,5,6,1150.4,2,1
2017-05-07,2017,5,7,1049.29,2,1
2017-05-08,2017,5,8,1113.63,2,1
2017-05-09,2017,5,9,624.42,2,1
2017-05-10,2017,5,10,1129.97,2,1
2017-05-11,2017,5,11,285.85,2,1
2017-05-12,2017,5,12,303.73,2,1
2017-05-13,2017,5,13,1193.8,2,1
2017-05-14,2017,5,14,806.21,2,1
2017-05-15,2017,5,15,1339.85,2,1
2017-05-16,2017,5,16,282.28,2,1
2017-05-17,2017,5,17,550.37,2,1
2017-05-18,2017,5,18,770.98,2,1
2017-05-19,2017,5,19,1182.06,2,1
2017-05-20,2017,5,20,320.58,2,1
2017-05-21,2017,5,21,737.78,2,1
2017-05-22,2017,5,22,203.64,2,1
2017-05-23,2017,5,23,261.34,2,1
2017-05-24,2017,5,24,1048.26,2,1
2017-05-25,2017,5,25,1136.61,2,1
2017-05-26,2017,5,26,961.45,2,1
2017-05-27,2017,5,27,1152.95,2,1
2017-05-28,2017,5,28,1038.05,2,1
2017-05-29,2017,5,29,1017.11,2,1
2017-05-30,2017,5,30,1173.89,2,1
2017-05-31,2017,5,31,1166.74,2,1
2017-06-01,2017,6,1,763.83,2,1
2017-06-02,2017,6,2,1047.24,2,1
2017-06-03,2017,6,3,840.94,2,1
2017-06-04,2017,6,4,1071.75,2,1
2017-06-05,2017,6,5,895.07,2,1
2017-06-06,2017,6,6,1098.31,2,1
2017-06-07,2017,6,7,1109.54,2,1
2017-06-08,2017,6,8,1007.92,2,1
2017-06-09,2017,6,9,65.76,0,1
2017-06-10,2017,6,10,1046.73,2,1
2017-06-11,2017,6,11,1014.56,2,1
2017-06-12,2017,6,12,1061.03,2,1
2017-06-13,2017,6,13,979.84,2,1
2017-06-14,2017,6,14,964.52,2,1
2018-06-04,2018,6,4,979.09,2,1
2018-06-05,2018,6,5,994.78,2,1
2018-06-06,2018,6,6,953.22,2,1
2018-06-07,2018,6,7,1022.34,2,1
2018-06-08,2018,6,8,1034.63,2,1
2018-06-09,2018,6,9,1078.73,2,1
2018-06-10,2018,6,10,985.02,2,1
2018-06-11,2018,6,11,1120.71,2,1
2018-06-12,2018,6,12,1032.09,2,1
2018-06-13,2018,6,13,978.24,2,1
2018-06-14,2018,6,14,1049.48,2,1
2018-06-15,2018,6,15,998.17,2,1
2018-06-16,2018,6,16,1040.57,2,1
2018-06-17,2018,6,17,1084.25,2,1
2018-06-18,2018,6,18,700.92,2,1
2018-06-19,2018,6,19,523.25,2,1
2018-06-20,2018,6,20,1011.74,2,1
2018-06-21,2018,6,21,958.73,2,1
2018-06-22,2018,6,22,1086.37,2,1
2018-06-23,2018,6,23,1074.07,2,1
2018-06-24,2018,6,24,1165.24,2,1
2018-06-25,2018,6,25,975.69,2,1
2018-06-26,2018,6,26,1032.94,2,1
2018-06-27,2018,6,27,525.79,2,1
2018-06-28,2018,6,28,736.12,2,1
2018-06-29,2018,6,29,1267.85,2,1
2018-06-30,2018,6,30,1007.07,2,1
2018-07-01,2018,7,1,1091.03,2,1
2018-07-02,2018,7,2,1026.15,2,1
2018-07-03,2018,7,3,1076.61,2,1
2018-07-04,2018,7,4,1136.4,2,1
2018-07-05,2018,7,5,1049.05,2,1
2018-07-06,2018,7,6,1087.21,2,1
2018-07-07,2018,7,7,1085.52,2,1
2018-07-08,2018,7,8,1086.79,2,1
2018-07-09,2018,7,9,851.45,2,1
2018-07-10,2018,7,10,1050.32,2,1
2018-07-11,2018,7,11,831.52,2,1
2018-07-12,2018,7,12,1001.56,2,1
2018-07-13,2018,7,13,722.97,2,1
2018-07-14,2018,7,14,1008.34,2,1
2018-07-15,2018,7,15,981.21,2,1
2018-07-16,2018,7,16,971.45,2,1
2018-07-17,2018,7,17,1069.83,2,1
2018-07-18,2018,7,18,997.32,2,1
2018-07-19,2018,7,19,1096.97,2,1
2018-07-20,2018,7,20,1185.59,2,1
2018-07-21,2018,7,21,1129.19,2,1
2018-07-22,2018,7,22,967.64,2,1
2018-07-23,2018,7,23,960.85,2,1
2018-07-24,2018,7,24,969.76,2,1
2018-07-25,2018,7,25,1029.12,2,1
2018-07-26,2018,7,26,798.45,2,1
2018-07-27,2018,7,27,873.93,2,1
2018-07-28,2018,7,28,1211.46,2,1
2018-07-29,2018,7,29,1019.79,2,1
2018-07-30,2018,7,30,1062.62,2,1
2018-07-31,2018,7,31,984.6,2,1
