Date,Year,Month,Day,Prec,StDev,%Time
2006-11-16,2006,11,16,2.7,1,5
2006-11-17,2006,11,17,0.8,1,5
2006-11-18,2006,11,18,4.4,1,5
2006-11-19,2006,11,19,0.0,1,5
2006-11-20,2006,11,20,12.9,1,5
2006-11-21,2006,11,21,5.1,1,5
2006-11-22,2006,11,22,0.0,1,5
2006-11-23,2006,11,23,9.7,1,5
2006-11-24,2006,11,24,3.5,1,5
2006-11-25,2006,11,25,0.0,1,5
2006-11-26,2006,11,26,4.3,1,5
2006-11-27,2006,11,27,8.1,1,5
2006-11-28,2006,11,28,0.0,1,5
2006-11-29,2006,11,29,1.3,1,5
2006-11-30,2006,11,30,15.4,1,5
2006-12-01,2006,12,1,0.0,1,5
2006-12-02,2006,12,2,4.9,1,5
2006-12-03,2006,12,3,1.4,1,5
2006-12-04,2006,12,4,0.0,1,5
2006-12-05,2006,12,5,0.0,1,5
2006-12-06,2006,12,6,0.0,1,5
2006-12-07,2006,12,7,0.0,1,5
2006-12-08,2006,12,8,0.0,1,5
2006-12-09,2006,12,9,2.9,1,5
2006-12-10,2006,12,10,0.0,1,5
2006-12-11,2006,12,11,0.0,1,5
2006-12-12,2006,12,12,11.3,1,5
2006-12-13,2006,12,13,0.0,1,5
2006-12-14,2006,12,14,2.1,1,5
2006-12-15,2006,12,15,9.0,1,5
2006-12-16,2006,12,16,6.4,1,5
2006-12-17,2006,12,17,0.0,1,5
2006-12-18,2006,12,18,1.4,1,5
2006-12-19,2006,12,19,16.9,1,5
2006-12-20,2006,12,20,9.4,1,5
2006-12-21,2006,12,21,17.5,1,5
2006-12-22,2006,12,22,23.9,1,5
2006-12-23,2006,12,23,0.0,1,5
2006-12-24,2006,12,24,4.4,1,5
2006-12-25,2006,12,25,7.6,1,5
2006-12-26,2006,12,26,0.0,1,5
2006-12-27,2006,12,27,0.0,1,5
2006-12-28,2006,12,28,0.7,1,5
2006-12-29,2006,12,29,0.0,1,5
2006-12-30,2006,12,30,1.4,1,5
2006-12-31,2006,12,31,0.0,1,5
2007-01-01,2007,1,1,1.4,1,5
2007-01-02,2007,1,2,0.0,1,5
2007-01-03,2007,1,3,0.0,1,5
2007-01-04,2007,1,4,0.0,1,5
2007-01-05,2007,1,5,0.0,1,5
2007-01-06,2007,1,6,0.0,1,5
2007-01-07,2007,1,7,0.0,1,5
2007-01-08,2007,1,8,0.0,1,5
2007-01-09,2007,1,9,0.0,1,5
2007-01-10,2007,1,10,0.0,1,5
2007-01-11,2007,1,11,1.4,1,5
2007-01-12,2007,1,12,0.0,1,5
2007-01-13,2007,1,13,0.0,1,5
2007-01-14,2007,1,14,6.5,1,5
2007-01-15,2007,1,15,3.5,1,5
2007-01-16,2007,1,16,0.0,1,5
2007-01-17,2007,1,17,18.1,1,5
2007-01-18,2007,1,18,6.6,1,5
2007-01-19,2007,1,19,7.3,1,5
2007-01-20,2007,1,20,0.0,1,5
2007-01-21,2007,1,21,0.0,1,5
2007-01-22,2007,1,22,21.0,1,5
2007-01-23,2007,1,23,1.4,1,5
2007-01-24,2007,1,24,1.4,1,5
2007-01-25,2007,1,25,0.0,1,5
2007-01-26,2007,1,26,0.0,1,5
2007-01-27,2007,1,27,0.0,1,5
2007-01-28,2007,1,28,0.0,1,5
2007-01-29,2007,1,29,0.0,1,5
2007-01-30,2007,1,30,9.0,1,5
2007-01-31,2007,1,31,0.0,1,5
2007-02-01,2007,2,1,0.0,1,5
2007-02-02,2007,2,2,0.0,1,5
2007-02-03,2007,2,3,0.0,1,5
2007-02-04,2007,2,4,0.0,1,5
2007-02-05,2007,2,5,0.0,1,5
2007-02-06,2007,2,6,0.0,1,5
2007-02-07,2007,2,7,0.0,1,5
2007-02-08,2007,2,8,0.0,1,5
2007-02-09,2007,2,9,0.0,1,5
2007-02-10,2007,2,10,0.0,1,5
2007-02-11,2007,2,11,2.1,1,5
2007-02-12,2007,2,12,0.0,1,5
2007-02-13,2007,2,13,0.0,1,5
2007-02-14,2007,2,14,0.0,1,5
2007-02-15,2007,2,15,0.0,1,5
2007-02-16,2007,2,16,0.0,1,5
2007-02-17,2007,2,17,0.0,1,5
2007-02-18,2007,2,18,0.0,1,5
2007-02-19,2007,2,19,0.0,1,5
2007-02-20,2007,2,20,0.0,1,5
2007-02-21,2007,2,21,0.0,1,5
2007-02-22,2007,2,22,1.4,1,5
2007-02-23,2007,2,23,0.0,1,5
2007-02-24,2007,2,24,2.6,1,5
2007-02-25,2007,2,25,0.0,1,5
2007-02-26,2007,2,26,0.0,1,5
2007-02-27,2007,2,27,3.8,1,5
2007-02-28,2007,2,28,0.0,1,5
2007-03-01,2007,3,1,0.0,1,5
2007-03-02,2007,3,2,0.0,1,5
2007-03-03,2007,3,3,0.0,1,5
2007-03-04,2007,3,4,0.0,1,5
2007-03-05,2007,3,5,0.0,1,5
2007-03-06,2007,3,6,0.0,1,5
2007-03-07,2007,3,7,0.0,1,5
2007-03-08,2007,3,8,4.2,1,5
2007-03-09,2007,3,9,0.0,1,5
2007-03-10,2007,3,10,0.0,1,5
2007-03-11,2007,3,11,2.9,1,5
2007-03-12,2007,3,12,0.7,1,5
2007-03-13,2007,3,13,3.5,1,5
2007-03-14,2007,3,14,2.8,1,5
2007-03-15,2007,3,15,2.9,1,5
2007-03-16,2007,3,16,1.4,1,5
2007-03-17,2007,3,17,0.0,1,5
2007-03-18,2007,3,18,0.0,1,5
2007-03-19,2007,3,19,0.0,1,5
2007-03-20,2007,3,20,0.0,1,5
2007-03-21,2007,3,21,0.0,1,5
2007-03-22,2007,3,22,0.0,1,5
2007-03-23,2007,3,23,0.0,1,5
2007-03-24,2007,3,24,0.0,1,5
2007-03-25,2007,3,25,0.0,1,5
2007-03-26,2007,3,26,0.0,1,5
2007-03-27,2007,3,27,0.0,1,5
2007-03-28,2007,3,28,0.0,1,5
2007-03-29,2007,3,29,0.0,1,5
2007-03-30,2007,3,30,0.0,1,5
2007-03-31,2007,3,31,0.0,1,5
2007-04-01,2007,4,1,0.0,1,5
2007-04-02,2007,4,2,0.0,1,5
2007-04-03,2007,4,3,4.9,1,5
2007-04-04,2007,4,4,10.9,1,5
2007-04-05,2007,4,5,7.5,1,5
2007-04-06,2007,4,6,9.2,1,5
2007-04-07,2007,4,7,6.3,1,5
2007-04-08,2007,4,8,0.0,1,5
2007-04-09,2007,4,9,0.0,1,5
2007-04-10,2007,4,10,0.0,1,5
2007-04-11,2007,4,11,1.4,1,5
2007-04-12,2007,4,12,7.5,1,5
2007-04-13,2007,4,13,2.8,1,5
2007-04-14,2007,4,14,0.0,1,5
2007-04-15,2007,4,15,0.0,1,5
2007-04-16,2007,4,16,0.0,1,5
2007-04-17,2007,4,17,0.7,1,5
2007-04-18,2007,4,18,0.0,1,5
2007-04-19,2007,4,19,7.6,1,5
2007-04-20,2007,4,20,0.0,1,5
2007-04-21,2007,4,21,,5,5
2007-04-22,2007,4,22,3.5,1,5
2007-04-23,2007,4,23,11.2,1,5
2007-04-24,2007,4,24,7.4,1,5
2007-04-25,2007,4,25,0.0,1,5
2007-04-26,2007,4,26,9.7,1,5
2007-04-27,2007,4,27,2.8,1,5
2007-04-28,2007,4,28,17.0,1,5
2007-04-29,2007,4,29,2.8,1,5
2007-04-30,2007,4,30,0.7,1,5
2007-05-01,2007,5,1,4.2,1,5
2007-05-02,2007,5,2,0.0,1,5
2007-05-03,2007,5,3,0.0,1,5
2007-05-04,2007,5,4,2.1,1,5
2007-05-05,2007,5,5,0.7,1,5
2007-05-06,2007,5,6,3.6,1,5
2007-05-07,2007,5,7,3.5,1,5
2007-05-08,2007,5,8,1.4,1,5
2007-05-09,2007,5,9,0.7,1,5
2007-05-10,2007,5,10,2.1,1,5
2007-05-11,2007,5,11,2.8,1,5
2007-05-12,2007,5,12,8.5,1,5
2007-05-13,2007,5,13,2.1,1,5
2007-05-14,2007,5,14,0.0,1,5
2007-05-15,2007,5,15,0.0,1,5
2007-05-16,2007,5,16,0.0,1,5
2007-05-17,2007,5,17,0.0,1,5
2007-05-18,2007,5,18,0.0,1,5
2007-05-19,2007,5,19,2.4,1,5
2007-05-20,2007,5,20,0.0,1,5
2007-05-21,2007,5,21,0.0,1,5
2007-05-22,2007,5,22,0.0,1,5
2007-05-23,2007,5,23,0.0,1,5
2007-05-24,2007,5,24,0.0,1,5
2007-05-25,2007,5,25,0.0,1,5
2007-05-26,2007,5,26,,5,5
2007-05-27,2007,5,27,2.0,1,5
2007-05-28,2007,5,28,2.5,1,5
2007-06-05,2007,6,5,13.8,1,5
2007-06-06,2007,6,6,0.0,1,5
2007-06-07,2007,6,7,4.1,1,5
2007-06-08,2007,6,8,3.0,1,5
2007-06-09,2007,6,9,0.0,1,5
2007-06-10,2007,6,10,0.0,1,5
2007-06-11,2007,6,11,13.9,1,5
2007-06-12,2007,6,12,5.8,1,5
2007-06-13,2007,6,13,0.0,1,5
2007-10-08,2007,10,8,1.0,2,1
2007-10-09,2007,10,9,1.0,2,1
2007-10-10,2007,10,10,0.0,2,1
2007-10-11,2007,10,11,4.0,2,1
2007-10-12,2007,10,12,3.0,2,1
2007-10-13,2007,10,13,13.0,2,1
2007-10-14,2007,10,14,2.0,2,1
2007-10-15,2007,10,15,4.0,2,1
2007-10-16,2007,10,16,3.0,2,1
2007-10-17,2007,10,17,19.0,2,1
2007-10-18,2007,10,18,3.0,2,1
2007-10-19,2007,10,19,42.0,2,1
2007-10-20,2007,10,20,23.0,2,1
2007-10-21,2007,10,21,41.0,2,1
2007-10-22,2007,10,22,9.0,2,1
2007-10-23,2007,10,23,1.0,2,1
2007-10-24,2007,10,24,30.0,2,1
2007-10-25,2007,10,25,16.0,2,1
2007-10-26,2007,10,26,10.0,2,1
2007-10-27,2007,10,27,1.0,2,1
2007-10-28,2007,10,28,0.0,2,1
2007-10-29,2007,10,29,1.0,2,1
2007-10-30,2007,10,30,2.0,2,1
2007-10-31,2007,10,31,4.0,2,1
2007-11-01,2007,11,1,2.0,2,1
2007-11-02,2007,11,2,11.0,2,1
2007-11-03,2007,11,3,0.0,2,1
2007-11-04,2007,11,4,0.0,2,1
2007-11-05,2007,11,5,0.0,2,1
2007-11-06,2007,11,6,2.0,2,1
2007-11-07,2007,11,7,2.0,2,1
2007-11-08,2007,11,8,7.0,2,1
2007-11-09,2007,11,9,5.0,2,1
2007-11-10,2007,11,10,6.0,2,1
2007-11-11,2007,11,11,2.0,2,1
2007-11-12,2007,11,12,3.0,2,1
2007-11-13,2007,11,13,1.0,2,1
2007-11-14,2007,11,14,0.0,2,1
2007-11-15,2007,11,15,0.0,2,1
2007-11-16,2007,11,16,2.0,2,1
2007-11-17,2007,11,17,1.0,2,1
2007-11-18,2007,11,18,1.0,2,1
2007-11-19,2007,11,19,4.0,2,1
2007-11-20,2007,11,20,2.0,2,1
2007-11-21,2007,11,21,3.0,2,1
2007-11-22,2007,11,22,1.0,2,1
2007-11-23,2007,11,23,0.0,2,1
2007-11-24,2007,11,24,0.0,2,1
2007-11-25,2007,11,25,0.0,2,1
2007-11-26,2007,11,26,2.0,2,1
2007-11-27,2007,11,27,2.0,2,1
2007-11-28,2007,11,28,2.0,2,1
2007-11-29,2007,11,29,4.0,2,1
2007-11-30,2007,11,30,0.0,2,1
2007-12-01,2007,12,1,3.0,2,1
2007-12-02,2007,12,2,21.0,2,1
2007-12-03,2007,12,3,1.0,2,1
2007-12-04,2007,12,4,0.0,2,1
2007-12-05,2007,12,5,1.0,2,1
2007-12-06,2007,12,6,0.0,2,1
2007-12-07,2007,12,7,5.0,2,1
2007-12-08,2007,12,8,10.0,2,1
2007-12-09,2007,12,9,10.0,2,1
2007-12-10,2007,12,10,4.0,2,1
2007-12-11,2007,12,11,2.0,2,1
2007-12-12,2007,12,12,3.0,2,1
2007-12-13,2007,12,13,0.0,2,1
2007-12-14,2007,12,14,22.0,2,1
2007-12-15,2007,12,15,0.0,2,1
2007-12-16,2007,12,16,0.0,2,1
2007-12-17,2007,12,17,1.0,2,1
2007-12-18,2007,12,18,0.0,2,1
2007-12-19,2007,12,19,0.0,2,1
2007-12-20,2007,12,20,1.0,2,1
2007-12-21,2007,12,21,0.0,2,1
2007-12-22,2007,12,22,2.0,2,1
2007-12-23,2007,12,23,6.0,2,1
2007-12-24,2007,12,24,8.0,2,1
2007-12-25,2007,12,25,0.0,2,1
2007-12-26,2007,12,26,0.0,2,1
2007-12-27,2007,12,27,0.0,2,1
2007-12-28,2007,12,28,0.0,2,1
2007-12-29,2007,12,29,0.0,2,1
2007-12-30,2007,12,30,0.0,2,1
2007-12-31,2007,12,31,0.0,2,1
2008-01-01,2008,1,1,0.0,2,1
2008-01-02,2008,1,2,2.0,2,1
2008-01-03,2008,1,3,0.0,2,1
2008-01-04,2008,1,4,1.0,2,1
2008-01-05,2008,1,5,0.0,2,1
2010-07-05,2010,7,5,0.0,1,5
2010-07-06,2010,7,6,0.0,1,5
2010-07-07,2010,7,7,0.0,1,5
2010-07-08,2010,7,8,4.2,1,5
2010-07-09,2010,7,9,2.1,1,5
2010-07-10,2010,7,10,0.0,1,5
2010-07-11,2010,7,11,0.0,1,5
2010-07-12,2010,7,12,2.1,1,5
2010-07-13,2010,7,13,7.7,1,5
2010-07-14,2010,7,14,8.3,1,5
2010-07-15,2010,7,15,10.4,1,5
2010-07-16,2010,7,16,6.2,1,5
2010-07-17,2010,7,17,2.8,1,5
2010-07-18,2010,7,18,3.5,1,5
2010-07-19,2010,7,19,0.7,1,5
2010-07-20,2010,7,20,0.7,1,5
2010-07-21,2010,7,21,0.0,1,5
2010-07-22,2010,7,22,0.0,1,5
2010-07-23,2010,7,23,0.0,1,5
2010-07-24,2010,7,24,0.7,1,5
2010-07-25,2010,7,25,0.0,1,5
2010-07-26,2010,7,26,0.0,1,5
2010-07-27,2010,7,27,0.0,1,5
2010-07-28,2010,7,28,10.4,1,5
2010-07-29,2010,7,29,6.9,1,5
2010-07-30,2010,7,30,0.7,1,5
2010-07-31,2010,7,31,1.4,1,5
2010-08-01,2010,8,1,0.0,1,5
2010-08-02,2010,8,2,0.0,1,5
2010-08-03,2010,8,3,0.0,1,5
2010-08-04,2010,8,4,1.4,1,5
2010-08-05,2010,8,5,0.0,1,5
2010-08-06,2010,8,6,0.0,1,5
2010-08-07,2010,8,7,0.0,1,5
2010-08-08,2010,8,8,1.4,1,5
2010-08-09,2010,8,9,1.4,1,5
2010-08-10,2010,8,10,3.5,1,5
2010-08-11,2010,8,11,9.0,1,5
2010-08-12,2010,8,12,9.0,1,5
2010-08-13,2010,8,13,4.2,1,5
2010-08-14,2010,8,14,0.0,1,5
2010-08-15,2010,8,15,16.0,1,5
2010-08-16,2010,8,16,6.2,1,5
2010-08-17,2010,8,17,0.0,1,5
2010-08-18,2010,8,18,18.2,1,5
2010-08-19,2010,8,19,18.8,1,5
2010-08-20,2010,8,20,6.2,1,5
2010-08-21,2010,8,21,1.4,1,5
2010-08-22,2010,8,22,0.0,1,5
2010-08-23,2010,8,23,0.0,1,5
2010-08-24,2010,8,24,1.4,1,5
2010-08-25,2010,8,25,1.4,1,5
2010-08-26,2010,8,26,0.0,1,5
2010-08-27,2010,8,27,1.4,1,5
2010-08-28,2010,8,28,0.0,1,5
2010-08-29,2010,8,29,0.0,1,5
2010-08-30,2010,8,30,0.7,1,5
2010-08-31,2010,8,31,3.5,1,5
2010-09-01,2010,9,1,0.0,1,5
2010-09-02,2010,9,2,2.1,1,5
2010-09-03,2010,9,3,0.0,1,5
2010-09-04,2010,9,4,0.0,1,5
2010-09-05,2010,9,5,2.1,1,5
2010-09-06,2010,9,6,0.0,1,5
2010-09-07,2010,9,7,0.0,1,5
2010-09-08,2010,9,8,0.0,1,5
2010-09-09,2010,9,9,5.6,1,5
2010-09-10,2010,9,10,0.0,1,5
2010-09-11,2010,9,11,0.0,1,5
2010-09-12,2010,9,12,0.0,1,5
2010-09-13,2010,9,13,2.1,1,5
2010-09-14,2010,9,14,2.1,1,5
2010-09-15,2010,9,15,10.4,1,5
2010-09-16,2010,9,16,0.0,1,5
2010-09-17,2010,9,17,2.1,1,5
2010-09-18,2010,9,18,0.0,1,5
2010-09-19,2010,9,19,0.0,1,5
2010-09-20,2010,9,20,5.6,1,5
2010-09-21,2010,9,21,0.0,1,5
2010-09-22,2010,9,22,8.5,1,5
2010-09-23,2010,9,23,5.6,1,5
2010-09-24,2010,9,24,3.5,1,5
2010-09-25,2010,9,25,0.7,1,5
2010-09-26,2010,9,26,5.6,1,5
2010-09-27,2010,9,27,0.0,1,5
2010-09-28,2010,9,28,16.5,1,5
2010-09-29,2010,9,29,1.4,1,5
2010-09-30,2010,9,30,0.0,1,5
2010-10-01,2010,10,1,1.4,1,5
2010-10-02,2010,10,2,5.6,1,5
2010-10-03,2010,10,3,15.3,1,5
2010-10-04,2010,10,4,0.7,1,5
2010-10-05,2010,10,5,5.6,1,5
2010-10-06,2010,10,6,0.0,1,5
2010-10-07,2010,10,7,0.0,1,5
2010-10-08,2010,10,8,0.0,1,5
2010-10-09,2010,10,9,0.0,1,5
2010-10-10,2010,10,10,0.7,1,5
2010-10-11,2010,10,11,0.0,1,5
2010-10-12,2010,10,12,0.0,1,5
2010-10-13,2010,10,13,0.0,1,5
2010-10-14,2010,10,14,0.0,1,5
2010-10-15,2010,10,15,0.0,1,5
2010-10-16,2010,10,16,0.0,1,5
2010-10-17,2010,10,17,0.0,1,5
2010-10-18,2010,10,18,0.7,1,5
2010-10-19,2010,10,19,0.0,1,5
2010-10-20,2010,10,20,0.0,1,5
2010-10-21,2010,10,21,0.0,1,5
2010-10-22,2010,10,22,1.4,1,5
2010-10-23,2010,10,23,0.0,1,5
2010-10-24,2010,10,24,0.0,1,5
2010-10-25,2010,10,25,0.0,1,5
2010-10-26,2010,10,26,1.4,1,5
2010-10-27,2010,10,27,26.9,1,5
2010-10-28,2010,10,28,5.6,1,5
2010-10-29,2010,10,29,9.0,1,5
2010-10-30,2010,10,30,5.6,1,5
2010-10-31,2010,10,31,8.3,1,5
2010-11-01,2010,11,1,13.9,1,5
2010-11-02,2010,11,2,11.1,1,5
2010-11-03,2010,11,3,4.2,1,5
2010-11-04,2010,11,4,3.5,1,5
2010-11-05,2010,11,5,6.2,1,5
2010-11-06,2010,11,6,1.4,1,5
2010-11-07,2010,11,7,4.2,1,5
2010-11-08,2010,11,8,0.0,1,5
2010-11-09,2010,11,9,1.4,1,5
2010-11-10,2010,11,10,31.9,1,5
2010-11-11,2010,11,11,11.8,1,5
2010-11-12,2010,11,12,0.0,1,5
2010-11-13,2010,11,13,0.0,1,5
2010-11-14,2010,11,14,2.1,1,5
2010-11-15,2010,11,15,0.0,1,5
2010-11-16,2010,11,16,0.0,1,5
2010-11-17,2010,11,17,0.0,1,5
2010-11-18,2010,11,18,5.6,1,5
2010-11-19,2010,11,19,5.6,1,5
2010-11-20,2010,11,20,3.5,1,5
2010-11-21,2010,11,21,0.0,1,5
2010-11-22,2010,11,22,16.0,1,5
2010-11-23,2010,11,23,23.6,1,5
2010-11-24,2010,11,24,25.7,1,5
2010-11-25,2010,11,25,7.6,1,5
2010-11-26,2010,11,26,34.0,1,5
2010-11-27,2010,11,27,0.0,1,5
2010-11-28,2010,11,28,0.0,1,5
2010-11-29,2010,11,29,2.8,1,5
2010-11-30,2010,11,30,3.5,1,5
2010-12-01,2010,12,1,8.3,1,5
2010-12-02,2010,12,2,29.2,1,5
2010-12-03,2010,12,3,2.1,1,5
2010-12-04,2010,12,4,14.6,1,5
2010-12-05,2010,12,5,11.1,1,5
2010-12-06,2010,12,6,11.8,1,5
2010-12-07,2010,12,7,0.0,1,5
2010-12-08,2010,12,8,0.0,1,5
2010-12-09,2010,12,9,0.0,1,5
2010-12-10,2010,12,10,0.0,1,5
2010-12-11,2010,12,11,7.9,1,5
2010-12-12,2010,12,12,0.0,1,5
2010-12-13,2010,12,13,2.1,1,5
2010-12-14,2010,12,14,0.0,1,5
2010-12-15,2010,12,15,0.0,1,5
2010-12-16,2010,12,16,0.0,1,5
2010-12-17,2010,12,17,0.0,1,5
2010-12-18,2010,12,18,2.1,1,5
2010-12-19,2010,12,19,4.2,1,5
2010-12-20,2010,12,20,4.2,1,5
2010-12-21,2010,12,21,0.0,1,5
2010-12-22,2010,12,22,0.0,1,5
2010-12-23,2010,12,23,5.6,1,5
2010-12-24,2010,12,24,9.0,1,5
2010-12-25,2010,12,25,5.6,1,5
2010-12-26,2010,12,26,0.0,1,5
2010-12-27,2010,12,27,2.1,1,5
2010-12-28,2010,12,28,0.0,1,5
2010-12-29,2010,12,29,0.0,1,5
2010-12-30,2010,12,30,2.8,1,5
2010-12-31,2010,12,31,0.0,1,5
2011-01-01,2011,1,1,0.0,1,5
2011-01-02,2011,1,2,0.0,1,5
2011-01-03,2011,1,3,20.8,1,5
2011-01-04,2011,1,4,16.7,1,5
2011-01-05,2011,1,5,6.9,1,5
2011-01-06,2011,1,6,15.1,1,5
2011-01-07,2011,1,7,21.4,1,5
2011-01-08,2011,1,8,1.4,1,5
2011-01-09,2011,1,9,4.9,1,5
2011-01-10,2011,1,10,2.8,1,5
2011-01-11,2011,1,11,4.9,1,5
2011-01-12,2011,1,12,2.1,1,5
2011-01-13,2011,1,13,0.0,1,5
2011-01-14,2011,1,14,0.0,1,5
2011-01-15,2011,1,15,0.0,1,5
2011-01-16,2011,1,16,0.0,1,5
2011-01-17,2011,1,17,0.0,1,5
2011-01-18,2011,1,18,0.0,1,5
2011-01-19,2011,1,19,0.0,1,5
2011-01-20,2011,1,20,0.0,1,5
2011-01-21,2011,1,21,0.0,1,5
2011-01-22,2011,1,22,0.0,1,5
2011-01-23,2011,1,23,1.4,1,5
2011-01-24,2011,1,24,1.4,1,5
2011-01-25,2011,1,25,0.7,1,5
2011-01-26,2011,1,26,0.7,1,5
2011-01-27,2011,1,27,0.0,1,5
2011-01-28,2011,1,28,5.6,1,5
2011-01-29,2011,1,29,0.0,1,5
2011-01-30,2011,1,30,0.0,1,5
2011-01-31,2011,1,31,19.0,1,5
2011-02-01,2011,2,1,20.1,1,5
2011-02-02,2011,2,2,3.5,1,5
2011-02-03,2011,2,3,0.0,1,5
2011-02-04,2011,2,4,0.0,1,5
2011-02-05,2011,2,5,0.0,1,5
2011-02-06,2011,2,6,0.0,1,5
2011-02-07,2011,2,7,0.0,1,5
2011-02-08,2011,2,8,0.0,1,5
2011-02-09,2011,2,9,9.2,1,5
2011-02-10,2011,2,10,23.6,1,5
2011-02-11,2011,2,11,0.7,1,5
2011-02-12,2011,2,12,19.0,1,5
2011-02-13,2011,2,13,7.7,1,5
2011-02-14,2011,2,14,27.8,1,5
2011-02-15,2011,2,15,4.9,1,5
2011-02-16,2011,2,16,0.7,1,5
2011-02-17,2011,2,17,0.0,1,5
2011-02-18,2011,2,18,2.1,1,5
2011-02-19,2011,2,19,0.0,1,5
2011-02-20,2011,2,20,0.0,1,5
2011-02-21,2011,2,21,15.9,1,5
2011-02-22,2011,2,22,2.1,1,5
2011-02-23,2011,2,23,5.8,1,5
2011-02-24,2011,2,24,4.9,1,5
2011-02-25,2011,2,25,13.2,1,5
2011-02-26,2011,2,26,16.7,1,5
2011-02-27,2011,2,27,13.2,1,5
2011-02-28,2011,2,28,0.0,1,5
2011-03-01,2011,3,1,0.0,1,5
2011-03-02,2011,3,2,0.0,1,5
2011-03-03,2011,3,3,0.0,1,5
2011-03-04,2011,3,4,0.0,1,5
2011-03-05,2011,3,5,3.5,1,5
2011-03-06,2011,3,6,2.1,1,5
2011-03-07,2011,3,7,2.1,1,5
2011-03-08,2011,3,8,2.1,1,5
2011-03-09,2011,3,9,11.1,1,5
2011-03-10,2011,3,10,0.0,1,5
2011-03-11,2011,3,11,0.0,1,5
2011-03-12,2011,3,12,0.0,1,5
2011-03-13,2011,3,13,0.0,1,5
2011-03-14,2011,3,14,0.0,1,5
2011-03-15,2011,3,15,0.0,1,5
2011-03-16,2011,3,16,0.0,1,5
2011-03-17,2011,3,17,0.0,1,5
2011-03-18,2011,3,18,0.0,1,5
2011-03-19,2011,3,19,0.0,1,5
2011-03-20,2011,3,20,0.0,1,5
2011-03-21,2011,3,21,0.0,1,5
2011-03-22,2011,3,22,0.0,1,5
2011-03-23,2011,3,23,0.0,1,5
2011-03-24,2011,3,24,3.5,1,5
2011-03-25,2011,3,25,11.8,1,5
2011-03-26,2011,3,26,1.4,1,5
2011-03-27,2011,3,27,3.5,1,5
2011-03-28,2011,3,28,1.4,1,5
2011-03-29,2011,3,29,4.2,1,5
2011-03-30,2011,3,30,0.0,1,5
2011-03-31,2011,3,31,0.7,1,5
2011-04-01,2011,4,1,2.8,1,5
2011-04-02,2011,4,2,0.0,1,5
2011-04-03,2011,4,3,0.0,1,5
2011-04-04,2011,4,4,0.0,1,5
2011-04-05,2011,4,5,0.0,1,5
2011-04-06,2011,4,6,0.0,1,5
2011-04-07,2011,4,7,0.0,1,5
2011-04-08,2011,4,8,0.0,1,5
2011-04-09,2011,4,9,0.0,1,5
2011-04-10,2011,4,10,0.0,1,5
2011-04-11,2011,4,11,4.9,1,5
2011-04-12,2011,4,12,9.7,1,5
2011-04-13,2011,4,13,9.0,1,5
2011-04-14,2011,4,14,3.6,1,5
2011-04-15,2011,4,15,0.0,1,5
2011-04-16,2011,4,16,0.0,1,5
2011-04-17,2011,4,17,12.7,1,5
2011-04-18,2011,4,18,6.2,1,5
2011-04-19,2011,4,19,0.0,1,5
2011-04-20,2011,4,20,0.0,1,5
2011-04-21,2011,4,21,0.0,1,5
2011-04-22,2011,4,22,0.0,1,5
2011-04-23,2011,4,23,7.6,1,5
2011-04-24,2011,4,24,6.9,1,5
2011-04-25,2011,4,25,0.7,1,5
2011-04-26,2011,4,26,2.8,1,5
2011-04-27,2011,4,27,2.8,1,5
2011-04-28,2011,4,28,16.7,1,5
2011-04-29,2011,4,29,6.2,1,5
2011-04-30,2011,4,30,1.4,1,5
2011-05-01,2011,5,1,0.0,1,5
2011-05-02,2011,5,2,0.0,1,5
2011-05-03,2011,5,3,2.1,1,5
2011-05-04,2011,5,4,6.9,1,5
2011-05-05,2011,5,5,1.4,1,5
2011-05-06,2011,5,6,42.3,1,5
2011-05-07,2011,5,7,5.1,1,5
2011-05-08,2011,5,8,0.7,1,5
2011-05-09,2011,5,9,3.5,1,5
2011-05-10,2011,5,10,0.7,1,5
2011-05-11,2011,5,11,0.7,1,5
2011-05-12,2011,5,12,0.0,1,5
2011-05-13,2011,5,13,0.0,1,5
2011-05-14,2011,5,14,2.1,1,5
2011-05-15,2011,5,15,3.5,1,5
2011-05-16,2011,5,16,0.0,1,5
2011-05-17,2011,5,17,0.0,1,5
2011-05-18,2011,5,18,0.0,1,5
2011-05-19,2011,5,19,0.0,1,5
2011-05-20,2011,5,20,0.0,1,5
2011-05-21,2011,5,21,0.0,1,5
2011-05-22,2011,5,22,0.0,1,5
2011-05-23,2011,5,23,0.0,1,5
2011-05-24,2011,5,24,0.0,1,5
2011-05-25,2011,5,25,0.0,1,5
2011-05-26,2011,5,26,0.0,1,5
2011-05-27,2011,5,27,8.5,1,5
2011-05-28,2011,5,28,34.0,1,5
2011-05-29,2011,5,29,2.1,1,5
2011-05-30,2011,5,30,6.9,1,5
2011-05-31,2011,5,31,1.4,1,5
2011-06-01,2011,6,1,2.8,1,5
2011-06-02,2011,6,2,0.7,1,5
2011-06-03,2011,6,3,0.7,1,5
2011-06-04,2011,6,4,0.0,1,5
2011-06-05,2011,6,5,,0,0
2011-06-06,2011,6,6,0.0,1,1
2011-06-07,2011,6,7,0.0,1,1
2011-06-08,2011,6,8,3.0,0,1
2011-06-09,2011,6,9,2.0,1,1
2011-06-10,2011,6,10,1.0,1,1
2011-06-11,2011,6,11,2.0,1,1
2011-06-12,2011,6,12,0.0,1,1
2011-06-13,2011,6,13,2.0,1,1
2011-06-14,2011,6,14,3.0,1,1
2011-06-15,2011,6,15,0.0,1,1
2011-06-16,2011,6,16,0.0,1,1
2011-06-17,2011,6,17,0.0,1,1
2011-06-18,2011,6,18,0.0,1,1
2011-06-19,2011,6,19,1.0,1,1
2011-06-20,2011,6,20,1.0,1,1
2011-06-21,2011,6,21,1.0,1,1
2011-06-22,2011,6,22,1.0,1,1
2011-06-23,2011,6,23,1.0,1,1
2011-06-24,2011,6,24,1.0,1,1
2011-06-25,2011,6,25,4.0,1,1
2011-06-26,2011,6,26,5.0,1,1
2011-06-27,2011,6,27,1.0,1,1
2011-06-28,2011,6,28,1.0,1,1
2011-06-29,2011,6,29,6.0,1,1
2011-06-30,2011,6,30,1.0,1,1
2011-07-01,2011,7,1,2.0,1,1
2011-07-02,2011,7,2,7.0,1,1
2011-07-03,2011,7,3,4.0,1,1
2011-07-04,2011,7,4,2.0,0,1
2011-07-05,2011,7,5,1.0,1,1
2011-07-06,2011,7,6,0.0,1,1
2011-07-07,2011,7,7,0.0,1,1
2011-07-08,2011,7,8,0.0,1,1
2011-07-09,2011,7,9,4.0,1,1
2011-07-10,2011,7,10,7.0,1,1
2011-07-11,2011,7,11,0.0,1,1
2011-07-12,2011,7,12,3.0,1,1
2011-07-13,2011,7,13,5.0,1,1
2011-07-14,2011,7,14,3.0,1,1
2011-07-15,2011,7,15,1.0,1,1
2011-07-16,2011,7,16,1.0,1,1
2011-07-17,2011,7,17,0.0,1,1
2011-07-18,2011,7,18,0.0,1,1
2011-07-19,2011,7,19,0.0,1,1
2011-07-20,2011,7,20,1.0,1,1
2011-07-21,2011,7,21,2.0,1,1
2011-07-22,2011,7,22,0.0,1,1
2011-07-23,2011,7,23,0.0,1,1
2011-07-24,2011,7,24,19.0,1,1
2011-07-25,2011,7,25,4.0,1,1
2011-07-26,2011,7,26,8.0,1,1
2011-07-27,2011,7,27,2.0,1,1
2011-07-28,2011,7,28,1.0,1,1
2011-07-29,2011,7,29,0.0,1,1
2011-07-30,2011,7,30,0.0,1,1
2011-07-31,2011,7,31,0.0,1,1
2011-08-01,2011,8,1,3.0,1,1
2011-08-02,2011,8,2,2.0,1,1
2011-08-03,2011,8,3,0.0,1,1
2011-08-04,2011,8,4,0.0,1,1
2011-08-05,2011,8,5,1.0,1,1
2011-08-06,2011,8,6,1.0,1,1
2011-08-07,2011,8,7,2.0,1,1
2011-08-08,2011,8,8,0.0,1,1
2011-08-09,2011,8,9,0.0,1,1
2011-08-10,2011,8,10,0.0,1,1
2011-08-11,2011,8,11,0.0,1,1
2011-08-12,2011,8,12,9.0,1,1
2011-08-13,2011,8,13,1.0,1,1
2011-08-14,2011,8,14,5.0,1,1
2011-08-15,2011,8,15,2.0,1,1
2011-08-16,2011,8,16,0.0,1,1
2011-08-17,2011,8,17,0.0,1,1
2011-08-18,2011,8,18,0.0,1,1
2011-08-19,2011,8,19,5.0,1,1
2011-08-20,2011,8,20,13.0,1,1
2011-08-21,2011,8,21,1.0,0,1
2011-08-22,2011,8,22,0.0,1,1
2011-08-23,2011,8,23,29.0,1,1
2011-08-24,2011,8,24,4.0,1,1
2011-08-25,2011,8,25,0.0,1,1
2011-08-26,2011,8,26,0.0,1,1
2011-08-27,2011,8,27,12.0,1,1
2011-08-28,2011,8,28,9.0,1,1
2011-08-29,2011,8,29,10.0,1,1
2011-08-30,2011,8,30,13.0,1,1
2011-08-31,2011,8,31,10.0,1,1
2011-09-01,2011,9,1,10.0,1,1
2011-09-02,2011,9,2,14.0,0,1
2011-09-03,2011,9,3,3.0,1,1
2011-09-04,2011,9,4,6.0,1,1
2011-09-05,2011,9,5,3.0,1,1
2011-09-06,2011,9,6,1.0,1,1
2011-09-07,2011,9,7,0.0,1,1
2011-09-08,2011,9,8,1.0,1,1
2011-09-09,2011,9,9,3.0,1,1
2011-09-10,2011,9,10,20.0,1,1
2011-09-11,2011,9,11,6.0,1,1
2011-09-12,2011,9,12,0.0,1,1
2011-09-13,2011,9,13,2.0,1,1
2011-09-14,2011,9,14,1.0,1,1
2011-09-15,2011,9,15,3.0,1,1
2011-09-16,2011,9,16,0.0,1,1
2011-09-17,2011,9,17,0.0,1,1
2011-09-18,2011,9,18,10.0,1,1
2011-09-19,2011,9,19,0.0,1,1
2011-09-20,2011,9,20,2.0,1,1
2011-09-21,2011,9,21,0.0,1,1
2011-09-22,2011,9,22,0.0,1,1
2011-09-23,2011,9,23,0.0,1,1
2011-09-24,2011,9,24,0.0,1,1
2011-09-25,2011,9,25,0.0,1,1
2011-09-26,2011,9,26,2.0,1,1
2011-09-27,2011,9,27,0.0,1,1
2011-09-28,2011,9,28,1.0,1,1
2011-09-29,2011,9,29,1.0,1,1
2011-09-30,2011,9,30,3.0,1,1
2011-10-01,2011,10,1,4.0,1,1
2011-10-02,2011,10,2,2.0,1,1
2011-10-03,2011,10,3,0.0,1,1
2011-10-04,2011,10,4,10.0,1,1
2011-10-05,2011,10,5,1.0,1,1
2011-10-06,2011,10,6,0.0,1,1
2011-10-07,2011,10,7,2.0,1,1
2011-10-08,2011,10,8,4.0,1,1
2011-10-09,2011,10,9,11.0,0,1
2011-10-10,2011,10,10,36.0,1,1
2011-10-11,2011,10,11,3.0,1,1
2011-10-12,2011,10,12,2.0,1,1
2011-10-13,2011,10,13,0.0,1,1
2011-10-14,2011,10,14,0.0,1,1
2011-10-15,2011,10,15,0.0,1,1
2011-10-16,2011,10,16,0.0,1,1
2011-10-17,2011,10,17,0.0,1,1
2011-10-18,2011,10,18,1.0,1,1
2011-10-19,2011,10,19,6.0,1,1
2011-10-20,2011,10,20,17.0,1,1
2011-10-21,2011,10,21,0.0,1,1
2011-10-22,2011,10,22,2.0,1,1
2011-10-23,2011,10,23,8.0,1,1
2011-10-24,2011,10,24,0.0,1,1
2011-10-25,2011,10,25,3.0,1,1
2011-10-26,2011,10,26,15.0,1,1
2011-10-27,2011,10,27,1.0,1,1
2011-10-28,2011,10,28,0.0,1,1
2011-10-29,2011,10,29,3.0,1,1
2011-10-30,2011,10,30,1.0,1,1
2011-10-31,2011,10,31,5.0,1,1
2011-11-01,2011,11,1,13.0,1,1
2011-11-02,2011,11,2,26.0,1,1
2011-11-03,2011,11,3,1.0,1,1
2011-11-04,2011,11,4,0.0,1,1
2011-11-05,2011,11,5,1.0,1,1
2011-11-06,2011,11,6,0.0,1,1
2011-11-07,2011,11,7,1.0,1,1
2011-11-08,2011,11,8,0.0,1,1
2011-11-09,2011,11,9,0.0,1,1
2011-11-10,2011,11,10,10.0,1,1
2011-11-11,2011,11,11,8.0,1,1
2011-11-12,2011,11,12,1.0,1,1
2011-11-13,2011,11,13,0.0,1,1
2011-11-14,2011,11,14,0.0,1,1
2011-11-15,2011,11,15,0.0,1,1
2011-11-16,2011,11,16,0.0,1,1
2011-11-17,2011,11,17,0.0,1,1
2011-11-18,2011,11,18,0.0,1,1
2011-11-19,2011,11,19,0.0,1,1
2011-11-20,2011,11,20,5.0,1,1
2011-11-21,2011,11,21,2.0,1,1
2011-11-22,2011,11,22,1.0,1,1
2011-11-23,2011,11,23,22.0,1,1
2011-11-24,2011,11,24,4.0,1,1
2011-11-25,2011,11,25,9.0,1,1
2011-11-26,2011,11,26,15.0,1,1
2011-11-27,2011,11,27,0.0,1,1
2011-11-28,2011,11,28,1.0,1,1
2011-11-29,2011,11,29,8.0,0,1
2011-11-30,2011,11,30,18.0,1,1
2011-12-01,2011,12,1,2.0,1,1
2011-12-02,2011,12,2,0.0,1,1
2011-12-03,2011,12,3,0.0,1,1
2011-12-04,2011,12,4,0.0,1,1
2011-12-05,2011,12,5,0.0,1,1
2011-12-06,2011,12,6,0.0,1,1
2011-12-07,2011,12,7,0.0,1,1
2011-12-08,2011,12,8,2.0,1,1
2011-12-09,2011,12,9,0.0,1,1
2011-12-10,2011,12,10,0.0,1,1
2011-12-11,2011,12,11,3.0,1,1
2011-12-12,2011,12,12,5.0,1,1
2011-12-13,2011,12,13,0.0,1,1
2011-12-14,2011,12,14,0.0,1,1
2011-12-15,2011,12,15,8.0,1,1
2011-12-16,2011,12,16,2.0,1,1
2011-12-17,2011,12,17,8.0,1,1
2011-12-18,2011,12,18,3.0,1,1
2011-12-19,2011,12,19,4.0,1,1
2011-12-20,2011,12,20,10.0,1,1
2011-12-21,2011,12,21,0.0,1,1
2011-12-22,2011,12,22,14.0,1,1
2011-12-23,2011,12,23,12.0,1,1
2011-12-24,2011,12,24,2.0,1,1
2011-12-25,2011,12,25,3.0,1,1
2011-12-26,2011,12,26,0.0,1,1
2011-12-27,2011,12,27,0.0,1,1
2011-12-28,2011,12,28,0.0,1,1
2011-12-29,2011,12,29,0.0,1,1
2011-12-30,2011,12,30,0.0,1,1
2011-12-31,2011,12,31,0.0,1,1
2012-01-01,2012,1,1,0.0,1,1
2012-01-02,2012,1,2,0.0,1,1
2012-01-03,2012,1,3,0.0,1,1
2012-01-04,2012,1,4,1.0,1,1
2012-01-05,2012,1,5,1.0,1,1
2012-01-06,2012,1,6,10.0,1,1
2012-01-07,2012,1,7,15.0,1,1
2012-01-08,2012,1,8,4.0,1,1
2012-01-09,2012,1,9,9.0,1,1
2012-01-10,2012,1,10,2.0,0,1
2012-01-11,2012,1,11,6.0,1,1
2012-01-12,2012,1,12,0.0,1,1
2012-01-13,2012,1,13,0.0,1,1
2012-01-14,2012,1,14,1.0,1,1
2012-01-15,2012,1,15,0.0,1,1
2012-01-16,2012,1,16,5.0,1,1
2012-01-17,2012,1,17,0.0,1,1
2012-01-18,2012,1,18,0.0,1,1
2012-01-19,2012,1,19,0.0,1,1
2012-01-20,2012,1,20,0.0,1,1
2012-01-21,2012,1,21,0.0,1,1
2012-01-22,2012,1,22,0.0,1,1
2012-01-23,2012,1,23,0.0,1,1
2012-01-24,2012,1,24,0.0,1,1
2012-01-25,2012,1,25,0.0,1,1
2012-01-26,2012,1,26,2.0,1,1
2012-01-27,2012,1,27,0.0,1,1
2012-01-28,2012,1,28,0.0,1,1
2012-01-29,2012,1,29,0.0,1,1
2012-01-30,2012,1,30,0.0,1,1
2012-01-31,2012,1,31,0.0,1,1
2012-02-01,2012,2,1,0.0,1,1
2012-02-02,2012,2,2,0.0,1,1
2012-02-03,2012,2,3,0.0,1,1
2012-02-04,2012,2,4,0.0,1,1
2012-02-05,2012,2,5,2.0,1,1
2012-02-06,2012,2,6,2.0,1,1
2012-02-07,2012,2,7,0.0,1,1
2012-02-08,2012,2,8,0.0,1,1
2012-02-09,2012,2,9,0.0,1,1
2012-02-10,2012,2,10,6.0,1,1
2012-02-11,2012,2,11,2.0,1,1
2012-02-12,2012,2,12,4.0,1,1
2012-02-13,2012,2,13,1.0,1,1
2012-02-14,2012,2,14,2.0,1,1
2012-02-15,2012,2,15,6.0,1,1
2012-02-16,2012,2,16,0.0,1,1
2012-02-17,2012,2,17,0.0,1,1
2012-02-18,2012,2,18,0.0,1,1
2012-02-19,2012,2,19,0.0,1,1
2012-02-20,2012,2,20,0.0,1,1
2012-02-21,2012,2,21,2.0,1,1
2012-02-22,2012,2,22,11.0,1,1
2012-02-23,2012,2,23,4.0,1,1
2012-02-24,2012,2,24,20.0,1,1
2012-02-25,2012,2,25,0.0,1,1
2012-02-26,2012,2,26,1.0,1,1
2012-02-27,2012,2,27,8.0,1,1
2012-02-28,2012,2,28,9.0,1,1
2012-02-29,2012,2,29,10.0,1,1
2012-03-01,2012,3,1,10.0,1,1
2012-03-02,2012,3,2,6.0,1,1
2012-03-03,2012,3,3,5.0,1,1
2012-03-04,2012,3,4,11.0,1,1
2012-03-05,2012,3,5,0.0,1,1
2012-03-06,2012,3,6,0.0,1,1
2012-03-07,2012,3,7,0.0,1,1
2012-03-08,2012,3,8,0.0,1,1
2012-03-09,2012,3,9,0.0,1,1
2012-03-10,2012,3,10,0.0,1,1
2012-03-11,2012,3,11,0.0,1,1
2012-03-12,2012,3,12,0.0,1,1
2012-03-13,2012,3,13,0.0,1,1
2012-03-14,2012,3,14,0.0,1,1
2012-03-15,2012,3,15,0.0,1,1
2012-03-16,2012,3,16,0.0,1,1
2012-03-17,2012,3,17,0.0,1,1
2012-03-18,2012,3,18,0.0,1,1
2012-03-19,2012,3,19,0.0,1,1
2012-03-20,2012,3,20,0.0,1,1
2012-03-21,2012,3,21,0.0,1,1
2012-03-22,2012,3,22,0.0,1,1
2012-03-23,2012,3,23,0.0,1,1
2012-03-24,2012,3,24,5.0,1,1
2012-03-25,2012,3,25,30.0,1,1
2012-03-26,2012,3,26,4.0,1,1
2012-03-27,2012,3,27,3.0,1,1
2012-03-28,2012,3,28,1.0,1,1
2012-03-29,2012,3,29,2.0,1,1
2012-03-30,2012,3,30,3.0,1,1
2012-03-31,2012,3,31,5.0,1,1
2012-04-01,2012,4,1,0.0,1,1
2012-04-02,2012,4,2,0.0,1,1
2012-04-03,2012,4,3,0.0,1,1
2012-04-04,2012,4,4,0.0,1,1
2012-04-05,2012,4,5,10.0,1,1
2012-04-06,2012,4,6,2.0,1,1
2012-04-07,2012,4,7,1.0,1,1
2012-04-08,2012,4,8,1.0,1,1
2012-04-09,2012,4,9,2.0,1,1
2012-04-10,2012,4,10,0.0,1,1
2012-04-11,2012,4,11,0.0,1,1
2012-04-12,2012,4,12,0.0,1,1
2012-04-13,2012,4,13,4.0,1,1
2012-04-14,2012,4,14,1.0,1,1
2012-04-15,2012,4,15,5.0,1,1
2012-04-16,2012,4,16,2.0,1,1
2012-04-17,2012,4,17,14.0,1,1
2012-04-18,2012,4,18,5.0,1,1
2012-04-19,2012,4,19,8.0,1,1
2012-04-20,2012,4,20,0.0,1,1
2012-04-21,2012,4,21,1.0,1,1
2012-04-22,2012,4,22,2.0,1,1
2012-04-23,2012,4,23,4.0,1,1
2012-04-24,2012,4,24,0.0,1,1
2012-04-25,2012,4,25,0.0,1,1
2012-04-26,2012,4,26,0.0,1,1
2012-04-27,2012,4,27,5.0,1,1
2012-04-28,2012,4,28,38.0,1,1
2012-04-29,2012,4,29,1.0,1,1
2012-04-30,2012,4,30,10.0,1,1
2012-05-01,2012,5,1,1.0,1,1
2012-05-02,2012,5,2,1.0,1,1
2012-05-03,2012,5,3,0.0,1,1
2012-05-04,2012,5,4,1.0,1,1
2012-05-05,2012,5,5,0.0,1,1
2012-05-06,2012,5,6,0.0,1,1
2012-05-07,2012,5,7,0.0,1,1
2012-05-08,2012,5,8,0.0,1,1
2012-05-09,2012,5,9,0.0,1,1
2012-05-10,2012,5,10,0.0,1,1
2012-05-11,2012,5,11,,0,0
2012-05-12,2012,5,12,1.0,2,1
2012-05-13,2012,5,13,2.0,2,1
2012-05-14,2012,5,14,2.0,2,1
2012-05-15,2012,5,15,1.0,2,1
2012-05-16,2012,5,16,1.0,2,1
2012-05-17,2012,5,17,4.0,2,1
2012-05-18,2012,5,18,0.0,2,1
2012-05-19,2012,5,19,0.0,2,1
2012-05-20,2012,5,20,2.0,2,1
2012-05-21,2012,5,21,1.0,2,1
2012-05-22,2012,5,22,1.0,2,1
2012-05-23,2012,5,23,7.0,2,1
2012-05-24,2012,5,24,3.0,2,1
2012-05-25,2012,5,25,1.0,2,1
2012-05-26,2012,5,26,3.0,2,1
2012-05-27,2012,5,27,1.0,2,1
2012-05-28,2012,5,28,2.0,2,1
2012-05-29,2012,5,29,3.0,2,1
2012-05-30,2012,5,30,11.0,2,1
2012-05-31,2012,5,31,8.0,2,1
2012-06-01,2012,6,1,1.0,2,1
2012-06-02,2012,6,2,0.0,2,1
2012-06-03,2012,6,3,2.0,2,1
2012-06-04,2012,6,4,0.0,2,1
2012-06-05,2012,6,5,2.0,2,1
2012-06-06,2012,6,6,2.0,2,1
2012-06-07,2012,6,7,1.0,2,1
2012-06-08,2012,6,8,2.0,2,1
2012-06-09,2012,6,9,2.0,2,1
2012-06-10,2012,6,10,0.0,2,1
2012-06-11,2012,6,11,0.0,2,1
2012-06-12,2012,6,12,1.0,2,1
2012-06-13,2012,6,13,0.0,2,1
2012-06-14,2012,6,14,0.0,2,1
2012-06-15,2012,6,15,1.0,2,1
2012-06-16,2012,6,16,3.0,2,1
2012-06-17,2012,6,17,2.0,2,1
2012-06-18,2012,6,18,1.0,2,1
2012-06-19,2012,6,19,1.0,2,1
2012-06-20,2012,6,20,1.0,2,1
2012-06-21,2012,6,21,0.0,2,1
2012-06-22,2012,6,22,1.0,2,1
2012-06-23,2012,6,23,0.0,2,1
2012-06-24,2012,6,24,1.0,2,1
2012-06-25,2012,6,25,0.0,2,1
2012-06-26,2012,6,26,0.0,2,1
2012-06-27,2012,6,27,0.0,2,1
2012-06-28,2012,6,28,0.0,2,1
2012-06-29,2012,6,29,2.0,2,1
2012-06-30,2012,6,30,5.0,2,1
2012-07-01,2012,7,1,2.0,2,1
2012-07-02,2012,7,2,2.0,2,1
2012-07-03,2012,7,3,2.0,2,1
2012-07-04,2012,7,4,1.0,2,1
2012-07-05,2012,7,5,0.0,2,1
2012-07-06,2012,7,6,3.0,2,1
2012-07-07,2012,7,7,4.0,2,1
2012-07-08,2012,7,8,0.0,2,1
2012-07-09,2012,7,9,3.0,2,1
2012-07-10,2012,7,10,0.0,2,1
2012-07-11,2012,7,11,0.0,2,1
2012-07-12,2012,7,12,2.0,2,1
2012-07-13,2012,7,13,3.0,2,1
2012-07-14,2012,7,14,0.0,2,1
2012-07-15,2012,7,15,2.0,2,1
2012-07-16,2012,7,16,0.0,2,1
2012-07-17,2012,7,17,0.0,2,1
2012-07-18,2012,7,18,3.0,2,1
2012-07-19,2012,7,19,0.0,2,1
2012-07-20,2012,7,20,0.0,2,1
2012-07-21,2012,7,21,0.0,2,1
2012-07-22,2012,7,22,0.0,2,1
2012-07-23,2012,7,23,1.0,2,1
2012-07-24,2012,7,24,0.0,2,1
2012-07-25,2012,7,25,1.0,2,1
2012-07-26,2012,7,26,1.0,2,1
2012-07-27,2012,7,27,0.0,2,1
2012-07-28,2012,7,28,0.0,2,1
2012-07-29,2012,7,29,0.0,2,1
2012-07-30,2012,7,30,0.0,2,1
2012-07-31,2012,7,31,0.0,2,1
2012-08-01,2012,8,1,0.0,2,1
2012-08-02,2012,8,2,0.0,2,1
2012-08-03,2012,8,3,0.0,2,1
2012-08-04,2012,8,4,0.0,2,1
2012-08-05,2012,8,5,0.0,2,1
2012-08-06,2012,8,6,0.0,0,1
2012-08-07,2012,8,7,0.0,2,1
2012-08-08,2012,8,8,0.0,2,1
2012-08-09,2012,8,9,0.0,2,1
2012-08-10,2012,8,10,3.0,2,1
2012-08-11,2012,8,11,0.0,2,1
2012-08-12,2012,8,12,0.0,2,1
2012-08-13,2012,8,13,0.0,2,1
2012-08-14,2012,8,14,0.0,2,1
2012-08-15,2012,8,15,11.0,2,1
2012-08-16,2012,8,16,0.0,2,1
2012-08-17,2012,8,17,2.0,2,1
2012-08-18,2012,8,18,8.0,2,1
2012-08-19,2012,8,19,2.0,2,1
2012-08-20,2012,8,20,4.0,2,1
2012-08-21,2012,8,21,6.0,2,1
2012-08-22,2012,8,22,0.0,2,1
2012-08-23,2012,8,23,0.0,2,1
2012-08-24,2012,8,24,0.0,2,1
2012-08-25,2012,8,25,4.0,2,1
2012-08-26,2012,8,26,17.0,2,1
2012-08-27,2012,8,27,0.0,2,1
2012-08-28,2012,8,28,4.0,2,1
2012-08-29,2012,8,29,2.0,2,1
2012-08-30,2012,8,30,3.0,2,1
2012-08-31,2012,8,31,3.0,2,1
2012-09-01,2012,9,1,3.0,2,1
2012-09-02,2012,9,2,4.0,2,1
2012-09-03,2012,9,3,5.0,2,1
2012-09-04,2012,9,4,3.0,2,1
2012-09-05,2012,9,5,0.0,2,1
2012-09-06,2012,9,6,0.0,2,1
2012-09-07,2012,9,7,0.0,2,1
2012-09-08,2012,9,8,6.0,2,1
2012-09-09,2012,9,9,11.0,2,1
2012-09-10,2012,9,10,5.0,2,1
2012-09-11,2012,9,11,9.0,2,1
2012-09-12,2012,9,12,8.0,2,1
2012-09-13,2012,9,13,0.0,2,1
2012-09-14,2012,9,14,2.0,2,1
2012-09-15,2012,9,15,4.0,2,1
2012-09-16,2012,9,16,1.0,0,1
2012-09-17,2012,9,17,1.0,2,1
2012-09-18,2012,9,18,5.0,2,1
2012-09-19,2012,9,19,6.0,2,1
2012-09-20,2012,9,20,2.0,2,1
2012-09-21,2012,9,21,0.0,2,1
2012-09-22,2012,9,22,0.0,2,1
2012-09-23,2012,9,23,0.0,2,1
2012-09-24,2012,9,24,1.0,2,1
2012-09-25,2012,9,25,0.0,2,1
2012-09-26,2012,9,26,9.0,2,1
2012-09-27,2012,9,27,3.0,2,1
2012-09-28,2012,9,28,0.0,2,1
2012-09-29,2012,9,29,1.0,2,1
2012-09-30,2012,9,30,0.0,2,1
2012-10-01,2012,10,1,0.0,2,1
2012-10-02,2012,10,2,0.0,2,1
2012-10-03,2012,10,3,0.0,2,1
2012-10-04,2012,10,4,0.0,2,1
2012-10-05,2012,10,5,0.0,2,1
2012-10-06,2012,10,6,0.0,2,1
2012-10-07,2012,10,7,0.0,2,1
2012-10-08,2012,10,8,0.0,2,1
2012-10-09,2012,10,9,0.0,2,1
2012-10-10,2012,10,10,0.0,2,1
2012-10-11,2012,10,11,0.0,2,1
2012-10-12,2012,10,12,0.0,2,1
2012-10-13,2012,10,13,2.0,2,1
2012-10-14,2012,10,14,2.0,2,1
2012-10-15,2012,10,15,3.0,0,1
2012-10-16,2012,10,16,20.0,2,1
2012-10-17,2012,10,17,3.0,2,1
2012-10-18,2012,10,18,5.0,2,1
2012-10-19,2012,10,19,0.0,2,1
2012-10-20,2012,10,20,10.0,2,1
2012-10-21,2012,10,21,9.0,0,1
2012-10-22,2012,10,22,2.0,2,1
2012-10-23,2012,10,23,1.0,2,1
2012-10-24,2012,10,24,3.0,2,1
2012-10-25,2012,10,25,4.0,2,1
2012-10-26,2012,10,26,1.0,2,1
2012-10-27,2012,10,27,8.0,2,1
2012-10-28,2012,10,28,3.0,2,1
2012-10-29,2012,10,29,1.0,2,1
2012-10-30,2012,10,30,8.0,2,1
2012-10-31,2012,10,31,10.0,2,1
2012-11-01,2012,11,1,24.0,2,1
2012-11-02,2012,11,2,4.0,2,1
2012-11-03,2012,11,3,15.0,2,1
2012-11-04,2012,11,4,0.0,2,1
2012-11-05,2012,11,5,0.0,2,1
2012-11-06,2012,11,6,20.0,2,1
2012-11-07,2012,11,7,7.0,2,1
2012-11-08,2012,11,8,4.0,2,1
2012-11-09,2012,11,9,22.0,2,1
2012-11-10,2012,11,10,4.0,2,1
2012-11-11,2012,11,11,24.0,2,1
2012-11-12,2012,11,12,6.0,2,1
2012-11-13,2012,11,13,2.0,2,1
2012-11-14,2012,11,14,3.0,2,1
2012-11-15,2012,11,15,1.0,2,1
2012-11-16,2012,11,16,1.0,2,1
2012-11-17,2012,11,17,0.0,2,1
2012-11-18,2012,11,18,1.0,2,1
2012-11-19,2012,11,19,0.0,2,1
2012-11-20,2012,11,20,1.0,2,1
2012-11-21,2012,11,21,4.0,2,1
2012-11-22,2012,11,22,0.0,2,1
2012-11-23,2012,11,23,0.0,2,1
2012-11-24,2012,11,24,1.0,2,1
2012-11-25,2012,11,25,25.0,2,1
2012-11-26,2012,11,26,0.0,2,1
2012-11-27,2012,11,27,1.0,2,1
2012-11-28,2012,11,28,0.0,2,1
2012-11-29,2012,11,29,0.0,2,1
2012-11-30,2012,11,30,35.0,2,1
2012-12-01,2012,12,1,0.0,2,1
2012-12-02,2012,12,2,0.0,2,1
2012-12-03,2012,12,3,0.0,2,1
2012-12-04,2012,12,4,0.0,2,1
2012-12-05,2012,12,5,0.0,2,1
2012-12-06,2012,12,6,2.0,2,1
2012-12-07,2012,12,7,0.0,2,1
2012-12-08,2012,12,8,3.0,2,1
2012-12-09,2012,12,9,13.0,2,1
2012-12-10,2012,12,10,2.0,2,1
2012-12-11,2012,12,11,3.0,2,1
2012-12-12,2012,12,12,6.0,2,1
2012-12-13,2012,12,13,11.0,2,1
2012-12-14,2012,12,14,23.0,2,1
2012-12-15,2012,12,15,13.0,2,1
2012-12-16,2012,12,16,5.0,2,1
2012-12-17,2012,12,17,12.0,2,1
2012-12-18,2012,12,18,7.0,2,1
2012-12-19,2012,12,19,11.0,2,1
2012-12-20,2012,12,20,7.0,2,1
2012-12-21,2012,12,21,1.0,2,1
2012-12-22,2012,12,22,5.0,2,1
2012-12-23,2012,12,23,9.0,2,1
2012-12-24,2012,12,24,0.0,2,1
2012-12-25,2012,12,25,1.0,2,1
2012-12-26,2012,12,26,7.0,2,1
2012-12-27,2012,12,27,4.0,2,1
2012-12-28,2012,12,28,1.0,2,1
2012-12-29,2012,12,29,1.0,2,1
2012-12-30,2012,12,30,15.0,2,1
2012-12-31,2012,12,31,1.0,2,1
2013-01-01,2013,1,1,5.0,2,1
2013-01-02,2013,1,2,4.0,2,1
2013-01-03,2013,1,3,2.0,2,1
2013-01-04,2013,1,4,1.0,2,1
2013-01-05,2013,1,5,4.0,2,1
2013-01-06,2013,1,6,8.0,2,1
2013-01-07,2013,1,7,2.0,2,1
2013-01-08,2013,1,8,5.0,2,1
2013-01-09,2013,1,9,5.0,2,1
2013-01-10,2013,1,10,0.0,2,1
2013-01-11,2013,1,11,1.0,2,1
2013-01-12,2013,1,12,3.0,2,1
2013-01-13,2013,1,13,1.0,2,1
2013-01-14,2013,1,14,0.0,2,1
2013-01-15,2013,1,15,4.0,2,1
2013-01-16,2013,1,16,16.0,2,1
2013-01-17,2013,1,17,18.0,2,1
2013-01-18,2013,1,18,0.0,2,1
2013-01-19,2013,1,19,0.0,2,1
2013-01-20,2013,1,20,3.0,0,1
2013-01-21,2013,1,21,5.0,2,1
2013-01-22,2013,1,22,3.0,2,1
2013-01-23,2013,1,23,0.0,2,1
2013-01-24,2013,1,24,4.0,2,1
2013-01-25,2013,1,25,0.0,2,1
2013-01-26,2013,1,26,6.0,2,1
2013-01-27,2013,1,27,0.0,2,1
2013-01-28,2013,1,28,0.0,2,1
2013-01-29,2013,1,29,2.0,2,1
2013-01-30,2013,1,30,0.0,2,1
2013-01-31,2013,1,31,1.0,2,1
2013-02-01,2013,2,1,3.0,2,1
2013-02-02,2013,2,2,17.0,2,1
2013-02-03,2013,2,3,10.0,2,1
2013-02-04,2013,2,4,0.0,2,1
2013-02-05,2013,2,5,1.0,2,1
2013-02-06,2013,2,6,11.0,2,1
2013-02-07,2013,2,7,7.0,2,1
2013-02-08,2013,2,8,1.0,2,1
2013-02-09,2013,2,9,0.0,2,1
2013-02-10,2013,2,10,14.0,2,1
2013-02-11,2013,2,11,12.0,2,1
2013-02-12,2013,2,12,0.0,2,1
2013-02-13,2013,2,13,0.0,2,1
2013-02-14,2013,2,14,1.0,2,1
2013-02-15,2013,2,15,2.0,2,1
2013-02-16,2013,2,16,6.0,2,1
2013-02-17,2013,2,17,2.0,2,1
2013-02-18,2013,2,18,0.0,2,1
2013-02-19,2013,2,19,0.0,2,1
2013-02-20,2013,2,20,0.0,2,1
2013-02-21,2013,2,21,0.0,2,1
2013-02-22,2013,2,22,0.0,2,1
2013-02-23,2013,2,23,0.0,2,1
2013-02-24,2013,2,24,0.0,0,1
2013-02-25,2013,2,25,0.0,2,1
2013-02-26,2013,2,26,0.0,2,1
2013-02-27,2013,2,27,0.0,2,1
2013-02-28,2013,2,28,3.0,0,1
2013-03-01,2013,3,1,5.0,2,1
2013-03-02,2013,3,2,5.0,2,1
2013-03-03,2013,3,3,0.0,2,1
2013-03-04,2013,3,4,4.0,2,1
2013-03-05,2013,3,5,0.0,2,1
2013-03-06,2013,3,6,0.0,2,1
2013-03-07,2013,3,7,0.0,2,1
2013-03-08,2013,3,8,3.0,2,1
2013-03-09,2013,3,9,1.0,2,1
2013-03-10,2013,3,10,0.0,2,1
2013-03-11,2013,3,11,1.0,2,1
2013-03-12,2013,3,12,0.0,2,1
2013-03-13,2013,3,13,0.0,2,1
2013-03-14,2013,3,14,0.0,2,1
2013-03-15,2013,3,15,0.0,2,1
2013-03-16,2013,3,16,0.0,2,1
2013-03-17,2013,3,17,1.0,2,1
2013-03-18,2013,3,18,4.0,2,1
2013-03-19,2013,3,19,3.0,2,1
2013-03-20,2013,3,20,1.0,2,1
2013-03-21,2013,3,21,0.0,2,1
2013-03-22,2013,3,22,0.0,2,1
2013-03-23,2013,3,23,2.0,2,1
2013-03-24,2013,3,24,1.0,2,1
2013-03-25,2013,3,25,2.0,2,1
2013-03-26,2013,3,26,0.0,2,1
2013-03-27,2013,3,27,0.0,2,1
2013-03-28,2013,3,28,0.0,2,1
2013-03-29,2013,3,29,0.0,2,1
2013-03-30,2013,3,30,0.0,0,1
2013-03-31,2013,3,31,0.0,2,1
2013-04-01,2013,4,1,0.0,2,1
2013-04-02,2013,4,2,16.0,2,1
2013-04-03,2013,4,3,6.0,2,1
2013-04-04,2013,4,4,4.0,2,1
2013-04-05,2013,4,5,6.0,2,1
2013-04-06,2013,4,6,3.0,2,1
2013-04-07,2013,4,7,0.0,2,1
2013-04-08,2013,4,8,0.0,2,1
2013-04-09,2013,4,9,1.0,2,1
2013-04-10,2013,4,10,1.0,0,1
2013-04-11,2013,4,11,0.0,2,1
2013-04-12,2013,4,12,0.0,2,1
2013-04-13,2013,4,13,1.0,2,1
2013-04-14,2013,4,14,0.0,2,1
2013-04-15,2013,4,15,3.0,2,1
2013-04-16,2013,4,16,4.0,2,1
2013-04-17,2013,4,17,1.0,2,1
2013-04-18,2013,4,18,2.0,2,1
2013-04-19,2013,4,19,0.0,2,1
2013-04-20,2013,4,20,0.0,2,1
2013-04-21,2013,4,21,0.0,2,1
2013-04-22,2013,4,22,2.0,2,1
2013-04-23,2013,4,23,0.0,2,1
2013-04-24,2013,4,24,3.0,2,1
2013-04-25,2013,4,25,2.0,2,1
2013-04-26,2013,4,26,3.0,2,1
2013-04-27,2013,4,27,1.0,2,1
2013-04-28,2013,4,28,9.0,2,1
2013-04-29,2013,4,29,2.0,2,1
2013-04-30,2013,4,30,0.0,2,1
2013-05-01,2013,5,1,1.0,2,1
2013-05-02,2013,5,2,5.0,2,1
2013-05-03,2013,5,3,3.0,2,1
2013-05-04,2013,5,4,9.0,2,1
2013-05-05,2013,5,5,22.0,2,1
2013-05-06,2013,5,6,0.0,2,1
2013-05-07,2013,5,7,2.0,2,1
2013-05-08,2013,5,8,14.0,2,1
2013-05-09,2013,5,9,34.0,2,1
2013-05-10,2013,5,10,1.0,2,1
2013-05-11,2013,5,11,4.0,2,1
2013-05-12,2013,5,12,3.0,2,1
2013-05-13,2013,5,13,1.0,2,1
2013-05-14,2013,5,14,0.0,0,1
2013-05-15,2013,5,15,1.0,2,1
2013-05-16,2013,5,16,1.0,2,1
2013-05-17,2013,5,17,0.0,2,1
2013-05-18,2013,5,18,1.0,0,1
2013-05-19,2013,5,19,0.0,0,1
2013-05-20,2013,5,20,0.0,0,1
2013-05-21,2013,5,21,0.0,0,1
2013-05-22,2013,5,22,0.0,2,1
2013-05-23,2013,5,23,0.0,2,1
2013-05-24,2013,5,24,0.0,0,1
2013-05-25,2013,5,25,0.0,0,1
2013-05-26,2013,5,26,0.0,2,1
2013-05-27,2013,5,27,0.0,2,1
2013-05-28,2013,5,28,0.0,2,1
2013-05-29,2013,5,29,0.0,2,1
2013-05-30,2013,5,30,0.0,2,1
2013-05-31,2013,5,31,0.0,2,1
2013-06-01,2013,6,1,1.0,2,1
2013-06-02,2013,6,2,2.0,2,1
2013-06-03,2013,6,3,6.0,2,1
2013-06-04,2013,6,4,13.0,2,1
2013-06-05,2013,6,5,0.0,2,1
2013-06-06,2013,6,6,13.0,2,1
2013-06-07,2013,6,7,4.0,2,1
2013-06-08,2013,6,8,24.0,2,1
2013-06-09,2013,6,9,1.0,2,1
2013-06-10,2013,6,10,0.0,2,1
2013-06-11,2013,6,11,0.0,2,1
2013-06-12,2013,6,12,2.0,2,1
2013-06-13,2013,6,13,0.0,2,1
2013-06-14,2013,6,14,0.0,2,1
2013-06-15,2013,6,15,0.0,2,1
2013-06-16,2013,6,16,0.0,2,1
2013-06-17,2013,6,17,3.0,2,1
2013-06-18,2013,6,18,1.0,2,1
2013-06-19,2013,6,19,0.0,2,1
2013-06-20,2013,6,20,1.0,2,1
2013-06-21,2013,6,21,0.0,2,1
2013-06-22,2013,6,22,3.0,2,1
2013-06-23,2013,6,23,2.0,2,1
2013-06-24,2013,6,24,0.0,2,1
2013-06-25,2013,6,25,1.0,2,1
2013-06-26,2013,6,26,0.0,2,1
2013-06-27,2013,6,27,0.0,2,1
2013-06-28,2013,6,28,0.0,2,1
2013-06-29,2013,6,29,0.0,2,1
2013-06-30,2013,6,30,0.0,2,1
2013-07-01,2013,7,1,6.0,2,1
2013-07-02,2013,7,2,32.0,0,1
2013-07-03,2013,7,3,17.0,2,1
2013-07-04,2013,7,4,11.0,2,1
2013-07-05,2013,7,5,13.0,2,1
2013-07-06,2013,7,6,3.0,2,1
2013-07-07,2013,7,7,0.0,2,1
2013-07-08,2013,7,8,1.0,2,1
2013-07-09,2013,7,9,2.0,2,1
2013-07-10,2013,7,10,0.0,2,1
2013-07-11,2013,7,11,0.0,2,1
2013-07-12,2013,7,12,0.0,2,1
2013-07-13,2013,7,13,1.0,2,1
2013-07-14,2013,7,14,0.0,2,1
2013-07-15,2013,7,15,0.0,2,1
2013-07-16,2013,7,16,0.0,2,1
2013-07-17,2013,7,17,0.0,2,1
2013-07-18,2013,7,18,0.0,2,1
2013-07-19,2013,7,19,1.0,2,1
2013-07-20,2013,7,20,1.0,2,1
2013-07-21,2013,7,21,0.0,2,1
2013-07-22,2013,7,22,0.0,2,1
2013-07-23,2013,7,23,0.0,2,1
2013-07-24,2013,7,24,0.0,2,1
2013-07-25,2013,7,25,0.0,2,1
2013-07-26,2013,7,26,0.0,2,1
2013-07-27,2013,7,27,0.0,2,1
2013-07-28,2013,7,28,0.0,2,1
2013-07-29,2013,7,29,0.0,2,1
2013-07-30,2013,7,30,0.0,2,1
2013-07-31,2013,7,31,0.0,2,1
2013-08-01,2013,8,1,0.0,2,1
2013-08-02,2013,8,2,0.0,2,1
2013-08-03,2013,8,3,1.0,2,1
2013-08-04,2013,8,4,15.0,2,1
2013-08-05,2013,8,5,8.0,2,1
2013-08-06,2013,8,6,9.0,2,1
2013-08-07,2013,8,7,17.0,2,1
2013-08-08,2013,8,8,34.0,2,1
2013-08-09,2013,8,9,27.0,0,1
2013-08-10,2013,8,10,8.0,2,1
2013-08-11,2013,8,11,1.0,2,1
2013-08-12,2013,8,12,4.0,2,1
2013-08-13,2013,8,13,2.0,2,1
2013-08-14,2013,8,14,5.0,2,1
2013-08-15,2013,8,15,0.0,2,1
2013-08-16,2013,8,16,0.0,2,1
2013-08-17,2013,8,17,0.0,2,1
2013-08-18,2013,8,18,0.0,2,1
2013-08-19,2013,8,19,2.0,2,1
2013-08-20,2013,8,20,0.0,2,1
2013-08-21,2013,8,21,0.0,2,1
2013-08-22,2013,8,22,0.0,2,1
2013-08-23,2013,8,23,0.0,2,1
2013-08-24,2013,8,24,2.0,2,1
2013-08-25,2013,8,25,1.0,2,1
2013-08-26,2013,8,26,2.0,2,1
2013-08-27,2013,8,27,0.0,0,1
2013-08-28,2013,8,28,0.0,0,1
2013-08-29,2013,8,29,9.0,2,1
2013-08-30,2013,8,30,9.0,2,1
2013-08-31,2013,8,31,3.0,2,1
2013-09-01,2013,9,1,3.0,2,1
2013-09-02,2013,9,2,18.0,2,1
2013-09-03,2013,9,3,3.0,2,1
2013-09-04,2013,9,4,0.0,2,1
2013-09-05,2013,9,5,1.0,2,1
2013-09-06,2013,9,6,0.0,2,1
2013-09-07,2013,9,7,4.0,2,1
2013-09-08,2013,9,8,8.0,2,1
2013-09-09,2013,9,9,4.0,2,1
2013-09-10,2013,9,10,5.0,2,1
2013-09-11,2013,9,11,1.0,2,1
2013-09-12,2013,9,12,0.0,2,1
2013-09-13,2013,9,13,0.0,2,1
2013-09-14,2013,9,14,0.0,2,1
2013-09-15,2013,9,15,0.0,2,1
2013-09-16,2013,9,16,0.0,2,1
2013-09-17,2013,9,17,0.0,2,1
2013-09-18,2013,9,18,0.0,2,1
2013-09-19,2013,9,19,0.0,2,1
2013-09-20,2013,9,20,0.0,2,1
2013-09-21,2013,9,21,0.0,2,1
2013-09-22,2013,9,22,0.0,2,1
2013-09-23,2013,9,23,0.0,2,1
2013-09-24,2013,9,24,0.0,2,1
2013-09-25,2013,9,25,0.0,2,1
2013-09-26,2013,9,26,1.0,2,1
2013-09-27,2013,9,27,0.0,2,1
2013-09-28,2013,9,28,0.0,2,1
2013-09-29,2013,9,29,1.0,2,1
2013-09-30,2013,9,30,1.0,2,1
2013-10-01,2013,10,1,0.0,2,1
2013-10-02,2013,10,2,4.0,2,1
2013-10-03,2013,10,3,10.0,2,1
2013-10-04,2013,10,4,0.0,2,1
2013-10-05,2013,10,5,0.0,2,1
2013-10-06,2013,10,6,1.0,2,1
2013-10-07,2013,10,7,1.0,2,1
2013-10-08,2013,10,8,11.0,2,1
2013-10-09,2013,10,9,14.0,2,1
2013-10-10,2013,10,10,0.0,2,1
2013-10-11,2013,10,11,1.0,2,1
2013-10-12,2013,10,12,0.0,2,1
2013-10-13,2013,10,13,0.0,2,1
2013-10-14,2013,10,14,0.0,2,1
2013-10-15,2013,10,15,2.0,2,1
2013-10-16,2013,10,16,4.0,2,1
2013-10-17,2013,10,17,34.0,2,1
2013-10-18,2013,10,18,5.0,2,1
2013-10-19,2013,10,19,13.0,2,1
2013-10-20,2013,10,20,2.0,2,1
2013-10-21,2013,10,21,0.0,2,1
2013-10-22,2013,10,22,4.0,2,1
2013-10-23,2013,10,23,0.0,2,1
2013-10-24,2013,10,24,0.0,2,1
2013-10-25,2013,10,25,0.0,2,1
2013-10-26,2013,10,26,0.0,2,1
2013-10-27,2013,10,27,1.0,2,1
2013-10-28,2013,10,28,0.0,2,1
2013-10-29,2013,10,29,0.0,2,1
2013-10-30,2013,10,30,1.0,2,1
2013-10-31,2013,10,31,1.0,2,1
2013-11-01,2013,11,1,2.0,2,1
2013-11-02,2013,11,2,0.0,2,1
2013-11-03,2013,11,3,1.0,2,1
2013-11-04,2013,11,4,0.0,2,1
2013-11-05,2013,11,5,1.0,2,1
2013-11-06,2013,11,6,10.0,2,1
2013-11-07,2013,11,7,13.0,2,1
2013-11-08,2013,11,8,3.0,2,1
2013-11-09,2013,11,9,3.0,2,1
2013-11-10,2013,11,10,2.0,2,1
2013-11-11,2013,11,11,0.0,2,1
2013-11-12,2013,11,12,1.0,2,1
2013-11-13,2013,11,13,0.0,2,1
2013-11-14,2013,11,14,14.0,2,1
2013-11-15,2013,11,15,4.0,2,1
2013-11-16,2013,11,16,3.0,2,1
2013-11-17,2013,11,17,0.0,2,1
2013-11-18,2013,11,18,2.0,2,1
2013-11-19,2013,11,19,4.0,2,1
2013-11-20,2013,11,20,0.0,2,1
2013-11-21,2013,11,21,0.0,2,1
2013-11-22,2013,11,22,0.0,2,1
2013-11-23,2013,11,23,1.0,2,1
2013-11-24,2013,11,24,0.0,2,1
2013-11-25,2013,11,25,0.0,2,1
2013-11-26,2013,11,26,2.0,2,1
2013-11-27,2013,11,27,0.0,2,1
2013-11-28,2013,11,28,0.0,2,1
2013-11-29,2013,11,29,0.0,2,1
2013-11-30,2013,11,30,9.0,2,1
2013-12-01,2013,12,1,20.0,2,1
2013-12-02,2013,12,2,6.0,2,1
2013-12-03,2013,12,3,0.0,2,1
2013-12-04,2013,12,4,4.0,2,1
2013-12-05,2013,12,5,3.0,2,1
2013-12-06,2013,12,6,6.0,2,1
2013-12-07,2013,12,7,8.0,2,1
2013-12-08,2013,12,8,2.0,2,1
2013-12-09,2013,12,9,2.0,2,1
2013-12-10,2013,12,10,1.0,2,1
2013-12-11,2013,12,11,0.0,2,1
2013-12-12,2013,12,12,0.0,2,1
2013-12-13,2013,12,13,0.0,2,1
2013-12-14,2013,12,14,1.0,2,1
2013-12-15,2013,12,15,6.0,2,1
2013-12-16,2013,12,16,0.0,2,1
2013-12-17,2013,12,17,4.0,2,1
2013-12-18,2013,12,18,0.0,2,1
2013-12-19,2013,12,19,0.0,2,1
2014-12-01,2014,12,1,0.0,2,5
2014-12-02,2014,12,2,2.1,2,5
2014-12-03,2014,12,3,0.0,2,5
2014-12-04,2014,12,4,6.9,2,5
2014-12-05,2014,12,5,2.8,2,5
2014-12-06,2014,12,6,2.1,2,5
2014-12-07,2014,12,7,0.0,2,5
2014-12-08,2014,12,8,1.4,2,5
2014-12-09,2014,12,9,2.1,2,5
2014-12-10,2014,12,10,1.4,2,5
2014-12-11,2014,12,11,0.7,2,5
2014-12-12,2014,12,12,2.1,2,5
2014-12-13,2014,12,13,0.0,2,5
2014-12-14,2014,12,14,0.0,2,5
2014-12-15,2014,12,15,0.0,2,5
2014-12-16,2014,12,16,3.5,2,5
2014-12-17,2014,12,17,1.4,2,5
2014-12-18,2014,12,18,8.3,2,5
2014-12-19,2014,12,19,0.0,2,5
2014-12-20,2014,12,20,9.0,2,5
2014-12-21,2014,12,21,5.6,2,5
2014-12-22,2014,12,22,2.8,2,5
2014-12-23,2014,12,23,0.0,2,5
2014-12-24,2014,12,24,13.9,2,5
2014-12-25,2014,12,25,6.9,2,5
2014-12-26,2014,12,26,4.9,2,5
2014-12-27,2014,12,27,0.0,2,5
2014-12-28,2014,12,28,0.0,2,5
2014-12-29,2014,12,29,0.0,2,5
2014-12-30,2014,12,30,2.8,2,5
2014-12-31,2014,12,31,0.0,2,5
2015-01-01,2015,1,1,0.0,2,5
2015-01-02,2015,1,2,0.0,2,5
2015-01-03,2015,1,3,3.5,2,5
2015-01-04,2015,1,4,0.7,2,5
2015-01-05,2015,1,5,0.0,2,5
2015-01-06,2015,1,6,4.9,2,5
2015-01-07,2015,1,7,0.7,2,5
2015-01-08,2015,1,8,0.0,2,5
2015-01-09,2015,1,9,0.0,2,5
2015-01-10,2015,1,10,1.4,2,5
2015-01-11,2015,1,11,13.9,2,5
2015-01-12,2015,1,12,0.0,2,5
2015-01-13,2015,1,13,0.0,2,5
2015-01-14,2015,1,14,0.0,2,5
2015-01-15,2015,1,15,0.0,2,5
2015-01-16,2015,1,16,0.0,2,5
2015-01-17,2015,1,17,0.0,2,5
2015-01-18,2015,1,18,2.8,2,5
2015-01-19,2015,1,19,0.0,2,5
2015-01-20,2015,1,20,0.0,2,5
2015-01-21,2015,1,21,1.4,2,5
2015-01-22,2015,1,22,0.0,2,5
2015-01-23,2015,1,23,12.5,2,5
2015-01-24,2015,1,24,0.0,2,5
2015-01-25,2015,1,25,0.0,2,5
2015-01-26,2015,1,26,4.9,2,5
2015-01-27,2015,1,27,0.0,2,5
2015-01-28,2015,1,28,0.0,2,5
2015-01-29,2015,1,29,0.0,2,5
2015-05-10,2015,5,10,0.7,2,5
2015-05-11,2015,5,11,4.2,2,5
2015-05-12,2015,5,12,2.1,2,5
2015-05-13,2015,5,13,1.4,2,5
2015-05-14,2015,5,14,2.1,2,5
2015-05-15,2015,5,15,0.0,2,5
2015-05-16,2015,5,16,0.0,2,5
2015-05-17,2015,5,17,0.0,2,5
2015-05-18,2015,5,18,0.0,2,5
2015-05-19,2015,5,19,0.0,2,5
2015-05-20,2015,5,20,0.0,2,5
2015-05-21,2015,5,21,0.0,2,5
2015-05-22,2015,5,22,0.0,2,5
2015-05-23,2015,5,23,0.0,2,5
2015-05-24,2015,5,24,7.8,2,5
2015-05-25,2015,5,25,0.0,2,5
2015-05-26,2015,5,26,0.0,2,5
2015-05-27,2015,5,27,0.0,2,5
2015-05-28,2015,5,28,0.0,2,5
2015-05-29,2015,5,29,1.4,2,5
2015-05-30,2015,5,30,1.4,2,5
2015-05-31,2015,5,31,4.2,2,5
2015-06-01,2015,6,1,0.0,2,5
2015-06-02,2015,6,2,0.0,2,5
2015-06-03,2015,6,3,2.1,2,5
2015-06-04,2015,6,4,0.0,2,5
2015-06-05,2015,6,5,0.7,2,5
2015-06-06,2015,6,6,2.1,2,5
2015-06-07,2015,6,7,0.7,2,5
2015-06-08,2015,6,8,0.0,2,5
2015-06-09,2015,6,9,2.1,2,5
2015-06-10,2015,6,10,0.0,2,5
2015-06-11,2015,6,11,1.4,2,5
2015-06-12,2015,6,12,12.3,2,5
2015-06-13,2015,6,13,3.5,2,5
2015-06-14,2015,6,14,1.4,2,5
2015-06-15,2015,6,15,0.0,2,5
2015-06-16,2015,6,16,11.1,2,5
2015-06-17,2015,6,17,5.8,2,5
2015-06-18,2015,6,18,0.7,2,5
2015-06-19,2015,6,19,0.0,2,5
2015-06-20,2015,6,20,0.7,2,5
2015-06-21,2015,6,21,0.0,2,5
2015-06-22,2015,6,22,0.0,2,5
2015-06-23,2015,6,23,0.0,2,5
2015-06-24,2015,6,24,0.0,2,5
2015-06-25,2015,6,25,0.0,2,5
2015-06-26,2015,6,26,0.0,2,5
2015-06-27,2015,6,27,0.0,2,5
2015-06-28,2015,6,28,0.7,2,5
2015-06-29,2015,6,29,2.8,2,5
2015-06-30,2015,6,30,0.0,2,5
2015-07-01,2015,7,1,0.0,2,5
2015-07-02,2015,7,2,10.6,2,5
2015-07-03,2015,7,3,0.0,2,5
2015-07-04,2015,7,4,14.3,2,5
2015-07-05,2015,7,5,28.2,2,5
2015-07-06,2015,7,6,32.6,2,5
2015-07-07,2015,7,7,6.2,2,5
2015-07-08,2015,7,8,2.8,2,5
2015-07-09,2015,7,9,6.2,2,5
2015-07-10,2015,7,10,2.8,2,5
2015-07-11,2015,7,11,0.0,2,5
2015-07-12,2015,7,12,3.5,2,5
2015-07-13,2015,7,13,4.2,2,5
2015-07-14,2015,7,14,2.1,2,5
2015-07-15,2015,7,15,8.3,2,5
2015-07-16,2015,7,16,6.2,2,5
2015-07-17,2015,7,17,2.1,2,5
2015-07-18,2015,7,18,3.5,2,5
2015-07-19,2015,7,19,0.0,2,5
2015-07-20,2015,7,20,0.0,2,5
2015-07-21,2015,7,21,0.0,2,5
2015-07-22,2015,7,22,0.0,2,5
2015-07-23,2015,7,23,0.0,2,5
2015-07-24,2015,7,24,0.0,2,5
2015-07-25,2015,7,25,0.0,2,5
2015-07-26,2015,7,26,0.0,2,5
2015-07-27,2015,7,27,0.0,2,5
2015-07-28,2015,7,28,0.0,2,5
2015-07-29,2015,7,29,0.0,2,5
2015-07-30,2015,7,30,0.0,2,5
2015-07-31,2015,7,31,0.0,2,5
2015-08-01,2015,8,1,0.0,2,5
2015-08-02,2015,8,2,1.4,2,5
2015-08-03,2015,8,3,0.7,2,5
2015-08-04,2015,8,4,0.0,2,5
2015-08-05,2015,8,5,0.0,2,5
2015-08-06,2015,8,6,1.4,2,5
2015-08-07,2015,8,7,0.0,2,5
2015-08-08,2015,8,8,1.4,2,5
2015-08-09,2015,8,9,21.5,2,5
2015-08-10,2015,8,10,8.3,2,5
2015-08-11,2015,8,11,0.0,2,5
2015-08-12,2015,8,12,2.1,2,5
2015-08-13,2015,8,13,0.0,2,5
2015-08-14,2015,8,14,0.0,2,5
2015-08-15,2015,8,15,11.8,2,5
2015-08-16,2015,8,16,1.5,2,5
2015-08-17,2015,8,17,0.0,2,5
2015-08-18,2015,8,18,0.0,2,5
2015-08-19,2015,8,19,0.0,2,5
2015-08-20,2015,8,20,0.0,2,5
2015-08-21,2015,8,21,0.0,2,5
2015-08-22,2015,8,22,0.0,2,5
2015-08-23,2015,8,23,0.0,2,5
2015-08-24,2015,8,24,1.4,2,5
2015-08-25,2015,8,25,0.0,2,5
2015-08-26,2015,8,26,0.0,2,5
2015-08-27,2015,8,27,13.9,2,5
2015-08-28,2015,8,28,13.5,2,5
2015-08-29,2015,8,29,0.0,2,5
2015-08-30,2015,8,30,0.0,2,5
2015-08-31,2015,8,31,0.0,2,5
2015-09-01,2015,9,1,0.0,2,5
2015-09-02,2015,9,2,0.0,2,5
2015-09-03,2015,9,3,10.4,2,5
2015-09-04,2015,9,4,0.0,2,5
2015-09-05,2015,9,5,2.1,2,5
2015-09-06,2015,9,6,0.0,2,5
2015-09-07,2015,9,7,1.4,2,5
2015-09-08,2015,9,8,0.0,2,5
2015-09-09,2015,9,9,0.0,2,5
2015-09-10,2015,9,10,0.0,2,5
2015-09-11,2015,9,11,0.7,2,5
2015-09-12,2015,9,12,0.0,2,5
2015-09-13,2015,9,13,3.6,2,5
2015-09-14,2015,9,14,0.0,2,5
2015-09-15,2015,9,15,0.0,2,5
2015-09-16,2015,9,16,8.3,2,5
2015-09-17,2015,9,17,1.4,2,5
2015-09-18,2015,9,18,0.0,2,5
2015-09-19,2015,9,19,0.0,2,5
2015-09-20,2015,9,20,0.0,2,5
2015-09-21,2015,9,21,1.4,2,5
2015-09-22,2015,9,22,0.7,2,5
2015-09-23,2015,9,23,7.7,2,5
2015-09-24,2015,9,24,1.4,2,5
2015-09-25,2015,9,25,12.5,2,5
2015-09-26,2015,9,26,9.0,2,5
2015-09-27,2015,9,27,1.4,2,5
2015-09-28,2015,9,28,8.3,2,5
2015-09-29,2015,9,29,0.0,2,5
2015-09-30,2015,9,30,0.0,2,5
2015-10-01,2015,10,1,0.0,2,5
2015-10-02,2015,10,2,0.0,2,5
2015-10-03,2015,10,3,0.0,2,5
2015-10-04,2015,10,4,0.0,2,5
2015-10-05,2015,10,5,1.4,2,5
2015-10-06,2015,10,6,4.2,2,5
2015-10-07,2015,10,7,4.2,2,5
2015-10-08,2015,10,8,3.5,2,5
2015-10-09,2015,10,9,0.0,2,5
2015-10-10,2015,10,10,0.0,2,5
2015-10-11,2015,10,11,0.0,2,5
2015-10-12,2015,10,12,0.0,2,5
2015-10-13,2015,10,13,0.0,2,5
2015-10-14,2015,10,14,12.0,2,5
2015-10-15,2015,10,15,15.3,2,5
2015-10-16,2015,10,16,0.0,2,5
2015-10-17,2015,10,17,0.0,2,5
2015-10-18,2015,10,18,0.0,2,5
2015-10-19,2015,10,19,1.4,2,5
2015-10-20,2015,10,20,6.9,2,5
2015-10-21,2015,10,21,6.2,2,5
2015-10-22,2015,10,22,9.0,2,5
2015-10-23,2015,10,23,20.1,2,5
2015-10-24,2015,10,24,1.4,2,5
2015-10-25,2015,10,25,20.8,2,5
2015-10-26,2015,10,26,2.8,2,5
2015-10-27,2015,10,27,20.8,2,5
2015-10-28,2015,10,28,15.3,2,5
2015-10-29,2015,10,29,0.0,2,5
2015-10-30,2015,10,30,0.0,2,5
2015-10-31,2015,10,31,0.0,2,5
2015-11-01,2015,11,1,0.0,2,5
2015-11-02,2015,11,2,3.5,2,5
2015-11-03,2015,11,3,2.8,2,5
2015-11-04,2015,11,4,11.1,2,5
2015-11-05,2015,11,5,9.7,2,5
2015-11-06,2015,11,6,32.6,2,5
2015-11-07,2015,11,7,4.9,2,5
2015-11-08,2015,11,8,0.0,2,5
2015-11-09,2015,11,9,3.5,2,5
2015-11-10,2015,11,10,9.7,2,5
2015-11-11,2015,11,11,3.5,2,5
2015-11-12,2015,11,12,16.0,2,5
2015-11-13,2015,11,13,2.8,2,5
2015-11-14,2015,11,14,6.9,2,5
2015-11-15,2015,11,15,2.1,2,5
2015-11-16,2015,11,16,3.5,2,5
2015-11-17,2015,11,17,0.0,2,5
2015-11-18,2015,11,18,4.3,2,5
2015-11-19,2015,11,19,13.9,2,5
2015-11-20,2015,11,20,3.5,2,5
2015-11-21,2015,11,21,0.0,2,5
2015-11-22,2015,11,22,0.0,2,5
2015-11-23,2015,11,23,0.0,2,5
2015-11-24,2015,11,24,1.4,2,5
2015-11-25,2015,11,25,0.0,2,5
2015-11-26,2015,11,26,6.5,2,5
2015-11-27,2015,11,27,0.0,2,5
2015-11-28,2015,11,28,2.8,2,5
2015-11-29,2015,11,29,16.0,2,5
2015-11-30,2015,11,30,6.2,2,5
2015-12-01,2015,12,1,4.0,2,1
2016-03-09,2016,3,9,13.2,3,5
2016-03-26,2016,3,26,6.6,2,5
2016-03-27,2016,3,27,0.0,2,5
2016-03-28,2016,3,28,0.7,2,5
2016-03-29,2016,3,29,0.0,2,5
2016-03-30,2016,3,30,2.8,2,5
2016-03-31,2016,3,31,0.0,2,5
2016-04-01,2016,4,1,0.0,2,5
2016-04-02,2016,4,2,2.8,2,5
2016-04-03,2016,4,3,1.4,2,5
2016-04-04,2016,4,4,0.7,2,5
2016-04-05,2016,4,5,0.0,2,5
2016-04-06,2016,4,6,13.9,2,5
2016-04-07,2016,4,7,2.1,2,5
2016-04-08,2016,4,8,0.0,2,5
2016-04-09,2016,4,9,9.0,2,5
2016-04-10,2016,4,10,4.9,2,5
2016-04-11,2016,4,11,11.1,2,5
2016-04-12,2016,4,12,0.0,2,5
2016-04-13,2016,4,13,0.0,2,5
2016-04-14,2016,4,14,2.8,2,5
2016-04-15,2016,4,15,0.0,2,5
2016-04-16,2016,4,16,1.4,2,5
2016-04-17,2016,4,17,0.7,2,5
2016-04-18,2016,4,18,0.0,2,5
2016-04-19,2016,4,19,0.0,2,5
2016-04-20,2016,4,20,0.7,2,5
2018-06-04,2018,6,4,2.0,0,1
2018-06-05,2018,6,5,1.0,2,1
2018-06-06,2018,6,6,2.0,0,1
2018-06-07,2018,6,7,1.0,2,1
2018-06-08,2018,6,8,1.0,2,1
2018-06-09,2018,6,9,6.0,2,1
2018-06-10,2018,6,10,2.0,2,1
2018-06-11,2018,6,11,0.0,2,1
2018-06-12,2018,6,12,2.0,2,1
2018-06-13,2018,6,13,1.0,0,1
2018-06-14,2018,6,14,1.0,2,1
2018-06-15,2018,6,15,1.0,0,1
2018-06-16,2018,6,16,0.0,2,1
2018-06-17,2018,6,17,3.0,2,1
2018-06-18,2018,6,18,3.0,2,1
2018-06-19,2018,6,19,2.0,2,1
2018-06-20,2018,6,20,2.0,2,1
2018-06-21,2018,6,21,0.0,2,1
2018-06-22,2018,6,22,0.0,2,1
2018-06-23,2018,6,23,0.0,2,1
2018-06-24,2018,6,24,2.0,2,1
2018-06-25,2018,6,25,1.0,2,1
2018-06-26,2018,6,26,1.0,2,1
2018-06-27,2018,6,27,4.0,2,1
2018-06-28,2018,6,28,1.0,2,1
2018-06-29,2018,6,29,7.0,2,1
2018-06-30,2018,6,30,3.0,2,1
2018-07-01,2018,7,1,9.0,2,1
2018-07-02,2018,7,2,1.0,2,1
2018-07-03,2018,7,3,3.0,2,1
2018-07-04,2018,7,4,0.0,2,1
2018-07-05,2018,7,5,0.0,2,1
2018-07-06,2018,7,6,2.0,2,1
2018-07-07,2018,7,7,1.0,2,1
2018-07-08,2018,7,8,1.0,2,1
2018-07-09,2018,7,9,3.0,2,1
2018-07-10,2018,7,10,3.0,2,1
2018-07-11,2018,7,11,0.0,2,1
2018-07-12,2018,7,12,1.0,0,1
2018-07-13,2018,7,13,11.0,2,1
2018-07-14,2018,7,14,13.0,2,1
2018-07-15,2018,7,15,17.0,2,1
2018-07-16,2018,7,16,19.0,2,1
2018-07-17,2018,7,17,20.0,2,1
2018-07-18,2018,7,18,5.0,0,1
2018-07-19,2018,7,19,11.0,2,1
2018-07-20,2018,7,20,7.0,0,1
2018-07-21,2018,7,21,8.0,2,1
2018-07-22,2018,7,22,13.0,0,1
2018-07-23,2018,7,23,18.0,0,1
2018-07-24,2018,7,24,12.0,2,1
2018-07-25,2018,7,25,9.0,2,1
2018-07-26,2018,7,26,13.0,2,1
2018-07-27,2018,7,27,3.0,2,1
2018-07-28,2018,7,28,1.0,2,1
2018-07-29,2018,7,29,7.0,2,1
2018-07-30,2018,7,30,0.0,2,1
2018-07-31,2018,7,31,0.0,2,1
