RH,Q,S,Timestamp
91.5,2,5,2005-01-01 12:00:00
90.5,2,5,2005-01-02 12:00:00
84.8,2,5,2005-01-03 12:00:00
83.8,2,5,2005-01-04 12:00:00
91.7,2,5,2005-01-05 12:00:00
85.8,2,5,2005-01-06 12:00:00
84.1,2,5,2005-01-07 12:00:00
84.2,2,5,2005-01-08 12:00:00
82.5,2,5,2005-01-09 12:00:00
83.9,2,5,2005-01-10 12:00:00
85.5,2,5,2005-01-11 12:00:00
83.8,2,5,2005-01-12 12:00:00
85.1,2,5,2005-01-13 12:00:00
84.0,2,5,2005-01-14 12:00:00
83.8,2,5,2005-01-15 12:00:00
87.7,2,5,2005-01-16 12:00:00
83.1,2,5,2005-01-17 12:00:00
83.3,2,5,2005-01-18 12:00:00
90.1,2,5,2005-01-19 12:00:00
86.7,2,5,2005-01-20 12:00:00
80.9,2,5,2005-01-21 12:00:00
82.0,2,5,2005-01-22 12:00:00
84.8,2,5,2005-01-23 12:00:00
86.2,2,5,2005-01-24 12:00:00
90.9,2,5,2005-01-25 12:00:00
92.7,2,5,2005-01-26 12:00:00
87.5,2,5,2005-01-27 12:00:00
89.2,2,5,2005-01-28 12:00:00
87.8,2,5,2005-01-29 12:00:00
86.2,2,5,2005-01-30 12:00:00
87.6,2,5,2005-01-31 12:00:00
89.8,2,5,2005-02-01 12:00:00
87.8,2,5,2005-02-02 12:00:00
85.0,2,5,2005-02-03 12:00:00
90.3,2,5,2005-02-04 12:00:00
90.8,2,5,2005-02-05 12:00:00
90.5,2,5,2005-02-06 12:00:00
90.7,2,5,2005-02-07 12:00:00
92.6,2,5,2005-02-08 12:00:00
91.9,2,5,2005-02-09 12:00:00
90.0,2,5,2005-02-10 12:00:00
88.8,2,5,2005-02-11 12:00:00
88.5,2,5,2005-02-12 12:00:00
86.3,2,5,2005-02-13 12:00:00
88.9,2,5,2005-02-14 12:00:00
86.5,2,5,2005-02-15 12:00:00
87.7,2,5,2005-02-16 12:00:00
88.2,2,5,2005-02-17 12:00:00
92.7,2,5,2005-02-18 12:00:00
89.1,2,5,2005-02-19 12:00:00
90.6,2,5,2005-02-20 12:00:00
93.4,2,5,2005-02-21 12:00:00
88.1,2,5,2005-02-22 12:00:00
88.7,2,5,2005-02-23 12:00:00
88.0,2,5,2005-02-24 12:00:00
87.4,2,5,2005-02-25 12:00:00
93.6,2,5,2005-02-26 12:00:00
89.8,2,5,2005-02-27 12:00:00
91.7,2,5,2005-02-28 12:00:00
85.3,2,5,2005-03-01 12:00:00
92.1,2,5,2005-03-02 12:00:00
90.2,2,5,2005-03-03 12:00:00
87.2,2,5,2005-03-04 12:00:00
88.6,2,5,2005-03-05 12:00:00
89.6,2,5,2005-03-06 12:00:00
90.2,2,5,2005-03-07 12:00:00
92.2,2,5,2005-03-08 12:00:00
92.2,2,5,2005-03-09 12:00:00
85.7,2,5,2005-03-10 12:00:00
85.9,2,5,2005-03-11 12:00:00
84.7,2,5,2005-03-12 12:00:00
85.8,2,5,2005-03-13 12:00:00
87.7,2,5,2005-03-14 12:00:00
87.1,2,5,2005-03-15 12:00:00
86.6,2,5,2005-03-16 12:00:00
88.2,2,5,2005-03-17 12:00:00
87.6,2,5,2005-03-18 12:00:00
89.1,2,5,2005-03-19 12:00:00
90.3,2,5,2005-03-20 12:00:00
80.1,2,1,2006-09-12 12:00:00
88.0,2,1,2006-09-13 12:00:00
82.6,2,1,2006-09-14 12:00:00
81.8,2,1,2006-09-15 12:00:00
82.2,2,1,2006-09-16 12:00:00
83.0,2,1,2006-09-17 12:00:00
82.6,2,1,2006-09-18 12:00:00
80.9,2,1,2006-09-19 12:00:00
81.4,2,1,2006-09-20 12:00:00
80.5,2,1,2006-09-21 12:00:00
80.9,2,1,2006-09-22 12:00:00
80.5,2,1,2006-09-23 12:00:00
79.7,2,1,2006-09-24 12:00:00
78.0,2,1,2006-09-25 12:00:00
79.7,2,1,2006-09-26 12:00:00
79.3,2,1,2006-09-27 12:00:00
82.6,2,1,2006-09-28 12:00:00
77.2,2,1,2006-09-29 12:00:00
77.2,2,1,2006-09-30 12:00:00
78.5,2,1,2006-10-01 12:00:00
82.2,2,1,2006-10-02 12:00:00
78.9,2,1,2006-10-03 12:00:00
77.6,2,1,2006-10-04 12:00:00
76.0,2,1,2006-10-05 12:00:00
75.6,2,1,2006-10-06 12:00:00
78.9,2,1,2006-10-07 12:00:00
81.4,2,1,2006-10-08 12:00:00
83.0,2,1,2006-10-09 12:00:00
81.4,2,1,2006-10-10 12:00:00
82.6,2,1,2006-10-11 12:00:00
80.1,2,1,2006-10-12 12:00:00
80.9,2,1,2006-10-13 12:00:00
81.8,2,1,2006-10-14 12:00:00
90.0,2,1,2006-10-15 12:00:00
88.0,2,1,2006-10-16 12:00:00
84.2,2,1,2006-10-17 12:00:00
83.0,2,1,2006-10-18 12:00:00
88.8,2,1,2006-10-19 12:00:00
87.5,2,1,2006-10-20 12:00:00
84.7,2,1,2006-10-21 12:00:00
89.6,2,1,2006-10-22 12:00:00
87.5,2,1,2006-10-23 12:00:00
93.7,2,1,2006-10-24 12:00:00
87.1,2,1,2006-10-25 12:00:00
84.7,2,1,2006-10-26 12:00:00
84.2,2,1,2006-10-27 12:00:00
87.5,2,1,2006-10-28 12:00:00
81.8,2,1,2006-10-29 12:00:00
83.8,2,1,2006-10-30 12:00:00
82.6,2,1,2006-10-31 12:00:00
82.0,2,1,2007-09-29 12:00:00
80.8,2,1,2007-09-30 12:00:00
77.0,2,1,2007-10-01 12:00:00
79.3,2,1,2007-10-02 12:00:00
79.7,2,1,2007-10-03 12:00:00
80.1,2,1,2007-10-04 12:00:00
80.8,2,1,2007-10-05 12:00:00
82.0,2,1,2007-10-06 12:00:00
80.8,2,1,2007-10-07 12:00:00
80.5,2,1,2007-10-08 12:00:00
83.9,2,1,2007-10-09 12:00:00
81.2,2,1,2007-10-10 12:00:00
80.8,2,1,2007-10-11 12:00:00
83.5,2,1,2007-10-12 12:00:00
85.4,2,1,2007-10-13 12:00:00
79.3,2,1,2007-10-14 12:00:00
82.0,2,1,2007-10-15 12:00:00
86.5,2,1,2007-10-16 12:00:00
84.3,2,1,2007-10-17 12:00:00
80.1,2,1,2007-10-18 12:00:00
84.3,2,1,2007-10-19 12:00:00
83.9,2,1,2007-10-20 12:00:00
81.6,2,1,2007-10-21 12:00:00
81.6,2,1,2007-10-22 12:00:00
83.5,2,1,2007-10-23 12:00:00
76.3,2,1,2007-10-24 12:00:00
78.6,2,1,2007-10-25 12:00:00
77.8,2,1,2007-10-26 12:00:00
81.2,2,1,2007-10-27 12:00:00
80.1,2,1,2007-10-28 12:00:00
83.5,2,1,2007-10-29 12:00:00
81.6,2,1,2007-10-30 12:00:00
78.2,2,1,2007-10-31 12:00:00
82.4,2,1,2007-11-01 12:00:00
80.5,2,1,2007-11-02 12:00:00
80.8,2,1,2007-11-03 12:00:00
80.5,2,1,2007-11-04 12:00:00
86.5,2,1,2007-11-05 12:00:00
82.0,2,1,2007-11-06 12:00:00
84.3,2,1,2007-11-07 12:00:00
83.5,2,1,2007-11-08 12:00:00
82.0,2,1,2007-11-09 12:00:00
84.3,2,1,2007-11-10 12:00:00
83.5,2,1,2007-11-11 12:00:00
83.9,2,1,2007-11-12 12:00:00
80.8,2,1,2007-11-13 12:00:00
86.5,2,1,2007-11-14 12:00:00
82.4,2,1,2007-11-15 12:00:00
81.6,2,1,2007-11-16 12:00:00
82.0,2,1,2007-11-17 12:00:00
77.8,2,1,2007-11-18 12:00:00
80.8,2,1,2007-11-19 12:00:00
78.6,2,1,2007-11-20 12:00:00
79.7,2,1,2007-11-21 12:00:00
76.7,2,1,2007-11-22 12:00:00
78.2,2,1,2007-11-23 12:00:00
79.3,2,1,2007-11-24 12:00:00
80.1,2,1,2007-11-25 12:00:00
81.2,2,1,2007-11-26 12:00:00
83.1,2,1,2007-11-27 12:00:00
84.3,2,1,2007-11-28 12:00:00
86.9,2,1,2007-11-29 12:00:00
85.8,2,1,2007-11-30 12:00:00
82.4,2,1,2007-12-01 12:00:00
84.6,2,1,2007-12-02 12:00:00
86.5,2,1,2007-12-03 12:00:00
89.2,2,1,2007-12-04 12:00:00
85.0,2,1,2007-12-05 12:00:00
80.5,2,1,2007-12-06 12:00:00
80.8,2,1,2007-12-07 12:00:00
88.1,2,1,2007-12-08 12:00:00
91.1,2,1,2007-12-09 12:00:00
81.6,2,1,2007-12-10 12:00:00
88.1,2,1,2007-12-11 12:00:00
83.9,2,1,2007-12-12 12:00:00
85.0,2,1,2007-12-13 12:00:00
86.5,2,1,2007-12-14 12:00:00
82.0,2,1,2007-12-15 12:00:00
80.8,2,1,2007-12-16 12:00:00
79.7,2,1,2007-12-17 12:00:00
79.7,2,1,2007-12-18 12:00:00
79.3,2,1,2007-12-19 12:00:00
78.9,2,1,2007-12-20 12:00:00
83.5,2,1,2007-12-21 12:00:00
88.4,2,1,2007-12-22 12:00:00
88.8,2,1,2007-12-23 12:00:00
82.4,2,1,2007-12-24 12:00:00
83.1,2,1,2007-12-25 12:00:00
84.3,2,1,2007-12-26 12:00:00
83.9,2,1,2007-12-27 12:00:00
82.0,2,1,2007-12-28 12:00:00
78.6,2,1,2007-12-29 12:00:00
82.4,2,1,2007-12-30 12:00:00
79.7,2,1,2007-12-31 12:00:00
74.4,2,1,2008-01-01 12:00:00
73.6,2,1,2008-01-02 12:00:00
74.4,2,1,2008-01-03 12:00:00
77.4,2,1,2008-01-04 12:00:00
78.9,2,1,2008-01-05 12:00:00
76.7,2,1,2008-01-06 12:00:00
75.1,2,1,2008-01-07 12:00:00
74.4,2,1,2008-01-08 12:00:00
77.8,2,1,2008-01-09 12:00:00
75.9,2,1,2008-01-10 12:00:00
75.1,2,1,2008-01-11 12:00:00
68.3,2,1,2008-01-12 12:00:00
69.1,2,1,2008-01-13 12:00:00
74.4,2,1,2008-01-14 12:00:00
80.1,2,1,2008-01-15 12:00:00
74.0,2,1,2008-01-16 12:00:00
73.2,2,1,2008-01-17 12:00:00
74.8,2,1,2008-01-18 12:00:00
78.2,2,1,2008-01-19 12:00:00
78.6,2,1,2008-01-20 12:00:00
82.4,2,1,2008-01-21 12:00:00
83.1,2,1,2008-01-22 12:00:00
81.2,2,1,2008-01-23 12:00:00
82.0,2,1,2008-01-24 12:00:00
85.8,2,1,2008-01-25 12:00:00
85.8,2,1,2008-01-26 12:00:00
90.7,2,1,2008-01-27 12:00:00
78.6,2,1,2008-01-28 12:00:00
83.5,2,1,2008-01-29 12:00:00
82.0,2,1,2008-01-30 12:00:00
78.2,2,1,2008-01-31 12:00:00
80.8,2,1,2008-02-01 12:00:00
80.1,2,1,2008-02-02 12:00:00
77.4,2,1,2008-02-03 12:00:00
74.0,2,1,2008-02-04 12:00:00
75.5,2,1,2008-02-05 12:00:00
75.1,2,1,2008-02-06 12:00:00
82.4,2,1,2008-02-07 12:00:00
78.6,2,1,2008-02-08 12:00:00
79.7,2,1,2008-02-09 12:00:00
75.5,2,1,2008-02-10 12:00:00
79.3,2,1,2008-02-11 12:00:00
78.2,2,1,2008-02-12 12:00:00
75.1,2,1,2008-02-13 12:00:00
78.2,2,1,2008-02-14 12:00:00
77.8,2,1,2008-02-15 12:00:00
72.5,2,1,2008-02-16 12:00:00
73.2,2,1,2008-02-17 12:00:00
74.8,2,1,2008-02-18 12:00:00
79.3,2,1,2008-02-19 12:00:00
80.5,2,1,2008-02-20 12:00:00
83.9,2,1,2008-02-21 12:00:00
85.0,2,1,2008-02-22 12:00:00
78.6,2,1,2008-02-23 12:00:00
79.7,2,1,2008-02-24 12:00:00
81.2,2,1,2008-02-25 12:00:00
73.2,2,1,2008-02-26 12:00:00
72.1,2,1,2008-02-27 12:00:00
70.6,2,1,2008-02-28 12:00:00
75.9,2,1,2008-02-29 12:00:00
80.8,2,1,2008-03-01 12:00:00
78.9,2,1,2008-03-02 12:00:00
80.5,2,1,2008-03-03 12:00:00
81.6,2,1,2008-03-04 12:00:00
79.3,2,1,2008-03-05 12:00:00
83.9,2,1,2008-03-06 12:00:00
81.6,2,1,2008-03-07 12:00:00
83.5,2,1,2008-03-08 12:00:00
89.6,2,1,2008-03-09 12:00:00
83.1,2,1,2008-03-10 12:00:00
81.6,2,1,2008-03-11 12:00:00
86.5,2,1,2008-03-12 12:00:00
81.6,2,1,2008-03-13 12:00:00
83.9,2,1,2008-03-14 12:00:00
83.1,2,1,2008-03-15 12:00:00
87.3,2,1,2008-03-16 12:00:00
85.8,2,1,2008-03-17 12:00:00
74.8,2,1,2008-03-18 12:00:00
78.9,2,1,2008-03-19 12:00:00
77.0,2,1,2008-03-20 12:00:00
75.5,2,1,2008-03-21 12:00:00
75.1,2,1,2008-03-22 12:00:00
75.1,2,1,2008-03-23 12:00:00
75.1,2,1,2008-03-24 12:00:00
79.7,2,1,2008-03-25 12:00:00
82.7,2,1,2008-03-26 12:00:00
82.4,2,1,2008-03-27 12:00:00
78.6,2,1,2008-03-28 12:00:00
77.0,2,1,2008-03-29 12:00:00
77.4,2,1,2008-03-30 12:00:00
75.9,2,1,2008-03-31 12:00:00
73.6,2,1,2008-04-01 12:00:00
76.3,2,1,2008-04-02 12:00:00
75.1,2,1,2008-04-03 12:00:00
71.7,2,1,2008-04-04 12:00:00
71.3,2,1,2008-04-05 12:00:00
72.5,2,1,2008-04-06 12:00:00
74.4,2,1,2008-04-07 12:00:00
74.4,2,1,2008-04-08 12:00:00
73.6,2,1,2008-04-09 12:00:00
74.8,2,1,2008-04-10 12:00:00
80.8,2,1,2008-04-11 12:00:00
82.4,2,1,2008-04-12 12:00:00
83.1,2,1,2008-04-13 12:00:00
86.5,2,1,2008-04-14 12:00:00
88.1,2,1,2008-04-15 12:00:00
87.3,2,1,2008-04-16 12:00:00
83.1,2,1,2008-04-17 12:00:00
88.1,2,1,2008-04-18 12:00:00
88.1,2,1,2008-04-19 12:00:00
84.6,2,1,2008-04-20 12:00:00
87.3,2,1,2008-04-21 12:00:00
83.9,2,1,2008-04-22 12:00:00
85.8,2,1,2008-04-23 12:00:00
88.1,2,1,2008-04-24 12:00:00
83.1,2,1,2008-04-25 12:00:00
78.2,2,1,2008-04-26 12:00:00
75.9,2,1,2008-04-27 12:00:00
73.6,2,1,2008-04-28 12:00:00
75.1,2,1,2008-04-29 12:00:00
79.3,2,1,2008-04-30 12:00:00
80.8,2,1,2008-05-01 12:00:00
81.2,2,1,2008-05-02 12:00:00
81.6,2,1,2008-05-03 12:00:00
83.1,2,1,2008-05-04 12:00:00
80.8,2,1,2008-05-05 12:00:00
79.3,2,1,2008-05-06 12:00:00
80.5,2,1,2008-05-07 12:00:00
79.3,2,1,2008-05-08 12:00:00
86.2,2,1,2008-05-09 12:00:00
80.5,2,1,2008-05-10 12:00:00
80.8,2,1,2008-05-11 12:00:00
80.1,2,1,2008-05-12 12:00:00
78.6,2,1,2008-05-13 12:00:00
79.3,2,1,2008-05-14 12:00:00
77.8,2,1,2008-05-15 12:00:00
77.8,2,1,2008-05-16 12:00:00
75.1,2,1,2008-05-17 12:00:00
77.8,2,1,2008-05-18 12:00:00
80.5,2,1,2008-05-19 12:00:00
79.3,2,1,2008-05-20 12:00:00
77.4,2,1,2008-05-21 12:00:00
80.5,2,1,2008-05-22 12:00:00
83.5,2,1,2008-05-23 12:00:00
81.6,2,1,2008-05-24 12:00:00
83.1,2,1,2008-05-25 12:00:00
82.0,2,1,2008-05-26 12:00:00
83.5,2,1,2008-05-27 12:00:00
81.6,2,1,2008-05-28 12:00:00
82.4,2,1,2008-05-29 12:00:00
77.8,2,1,2008-05-30 12:00:00
81.6,2,1,2008-05-31 12:00:00
81.6,2,1,2008-06-01 12:00:00
83.9,2,1,2008-06-02 12:00:00
83.9,2,1,2008-06-03 12:00:00
80.1,2,1,2008-06-04 12:00:00
85.8,2,1,2008-06-05 12:00:00
82.7,2,1,2008-06-06 12:00:00
80.5,2,1,2008-06-07 12:00:00
82.0,2,1,2008-06-08 12:00:00
78.6,2,1,2008-06-09 12:00:00
79.3,2,1,2008-06-10 12:00:00
79.7,2,1,2008-06-11 12:00:00
78.6,2,1,2008-06-12 12:00:00
78.6,2,1,2008-06-13 12:00:00
77.4,2,1,2008-06-14 12:00:00
78.9,2,1,2008-06-15 12:00:00
78.2,2,1,2008-06-16 12:00:00
90.0,2,1,2008-06-17 12:00:00
80.5,2,1,2008-06-18 12:00:00
81.2,2,1,2008-06-19 12:00:00
83.1,2,1,2008-06-20 12:00:00
82.0,2,1,2008-06-21 12:00:00
80.1,2,1,2008-06-22 12:00:00
76.7,2,1,2008-06-23 12:00:00
81.2,2,1,2008-06-24 12:00:00
75.9,2,1,2008-06-25 12:00:00
78.6,2,1,2008-06-26 12:00:00
82.0,2,1,2008-06-27 12:00:00
83.5,2,1,2008-06-28 12:00:00
83.1,2,1,2008-06-29 12:00:00
74.4,2,1,2008-06-30 12:00:00
76.7,2,1,2008-07-01 12:00:00
75.5,2,1,2008-07-02 12:00:00
80.5,2,1,2008-07-03 12:00:00
82.4,2,1,2008-07-04 12:00:00
79.7,2,1,2008-07-05 12:00:00
77.8,2,1,2008-07-06 12:00:00
78.6,2,1,2008-07-07 12:00:00
79.7,2,1,2008-07-08 12:00:00
82.7,2,1,2008-07-09 12:00:00
83.5,2,1,2008-07-10 12:00:00
83.9,2,1,2008-07-11 12:00:00
82.4,2,1,2008-07-12 12:00:00
80.5,2,1,2008-07-13 12:00:00
79.7,2,1,2008-07-14 12:00:00
79.3,2,1,2008-07-15 12:00:00
84.3,2,1,2008-07-16 12:00:00
86.5,2,1,2008-07-17 12:00:00
80.5,2,1,2008-07-18 12:00:00
82.7,2,1,2008-07-19 12:00:00
81.2,2,1,2008-07-20 12:00:00
78.6,2,1,2008-07-21 12:00:00
80.5,2,1,2008-07-22 12:00:00
83.5,2,1,2008-07-23 12:00:00
83.9,2,1,2008-07-24 12:00:00
74.0,2,1,2008-07-25 12:00:00
75.1,2,1,2008-07-26 12:00:00
75.9,2,1,2008-07-27 12:00:00
80.1,2,1,2008-07-28 12:00:00
80.8,2,1,2008-07-29 12:00:00
78.6,2,1,2008-07-30 12:00:00
82.0,2,1,2008-07-31 12:00:00
82.7,2,1,2008-08-01 12:00:00
80.8,2,1,2008-08-02 12:00:00
80.1,2,1,2008-08-03 12:00:00
82.7,2,1,2008-08-04 12:00:00
84.6,2,1,2008-08-05 12:00:00
86.5,2,1,2008-08-06 12:00:00
84.3,2,1,2008-08-07 12:00:00
80.1,2,1,2008-08-08 12:00:00
83.5,2,1,2008-08-09 12:00:00
83.9,2,1,2008-08-10 12:00:00
83.5,2,1,2008-08-11 12:00:00
81.2,2,1,2008-08-12 12:00:00
79.7,2,1,2008-08-13 12:00:00
77.0,2,1,2008-08-14 12:00:00
80.5,2,1,2008-08-15 12:00:00
82.0,2,1,2008-08-16 12:00:00
81.6,2,1,2008-08-17 12:00:00
82.0,2,1,2008-08-18 12:00:00
80.5,2,1,2008-08-19 12:00:00
83.9,2,1,2008-08-20 12:00:00
84.6,2,1,2008-08-21 12:00:00
82.7,2,1,2008-08-22 12:00:00
78.6,2,1,2008-08-23 12:00:00
82.4,2,1,2008-08-24 12:00:00
85.8,2,1,2008-08-25 12:00:00
84.3,2,1,2008-08-26 12:00:00
83.1,2,1,2008-08-27 12:00:00
85.4,2,1,2008-08-28 12:00:00
88.8,2,1,2008-08-29 12:00:00
83.5,2,1,2008-08-30 12:00:00
86.2,2,1,2008-08-31 12:00:00
82.7,2,1,2008-09-01 12:00:00
85.0,2,1,2008-09-02 12:00:00
82.0,2,1,2008-09-03 12:00:00
75.9,2,1,2008-09-04 12:00:00
72.1,2,1,2008-09-05 12:00:00
77.8,2,1,2008-09-06 12:00:00
79.3,2,1,2008-09-07 12:00:00
80.8,2,1,2008-09-08 12:00:00
78.6,2,1,2008-09-09 12:00:00
83.9,2,1,2008-09-10 12:00:00
81.6,2,1,2008-09-11 12:00:00
83.5,2,1,2008-09-12 12:00:00
86.2,2,1,2008-09-13 12:00:00
85.8,2,1,2008-09-14 12:00:00
82.7,2,1,2008-09-15 12:00:00
80.1,2,1,2008-09-16 12:00:00
77.4,2,1,2008-09-17 12:00:00
75.9,2,1,2008-09-18 12:00:00
80.5,2,1,2008-09-19 12:00:00
81.2,2,1,2008-09-20 12:00:00
82.0,2,1,2008-09-21 12:00:00
80.8,2,1,2008-09-22 12:00:00
78.6,2,1,2008-09-23 12:00:00
79.7,2,1,2008-09-24 12:00:00
85.0,2,1,2008-09-25 12:00:00
81.6,2,1,2008-09-26 12:00:00
86.2,2,1,2008-09-27 12:00:00
80.8,2,1,2008-09-28 12:00:00
77.8,2,1,2008-09-29 12:00:00
79.7,2,1,2008-09-30 12:00:00
74.4,2,1,2008-10-01 12:00:00
75.5,2,1,2008-10-02 12:00:00
74.4,2,1,2008-10-03 12:00:00
84.3,2,1,2008-10-04 12:00:00
81.6,2,1,2008-10-05 12:00:00
79.3,2,1,2008-10-06 12:00:00
85.0,2,1,2008-10-07 12:00:00
84.3,2,1,2008-10-08 12:00:00
91.5,2,1,2008-10-09 12:00:00
90.3,2,1,2008-10-10 12:00:00
86.9,2,1,2008-10-11 12:00:00
82.4,2,1,2008-10-12 12:00:00
85.4,2,1,2008-10-13 12:00:00
84.3,2,1,2008-10-14 12:00:00
84.6,2,1,2008-10-15 12:00:00
84.3,2,1,2008-10-16 12:00:00
82.7,2,1,2008-10-17 12:00:00
87.7,2,1,2008-10-18 12:00:00
80.8,2,1,2008-10-19 12:00:00
84.3,2,1,2008-10-20 12:00:00
83.9,2,1,2008-10-21 12:00:00
81.6,2,1,2008-10-22 12:00:00
77.4,2,1,2008-10-23 12:00:00
77.8,2,1,2008-10-24 12:00:00
80.5,2,1,2008-10-25 12:00:00
79.7,2,1,2008-10-26 12:00:00
82.7,2,1,2008-10-27 12:00:00
78.2,2,1,2008-10-28 12:00:00
79.7,2,1,2008-10-29 12:00:00
82.7,2,1,2008-10-30 12:00:00
87.7,2,1,2008-10-31 12:00:00
88.8,2,1,2008-11-01 12:00:00
84.3,2,1,2008-11-02 12:00:00
81.6,2,1,2008-11-03 12:00:00
79.3,2,1,2008-11-04 12:00:00
83.5,2,1,2008-11-05 12:00:00
86.2,2,1,2008-11-06 12:00:00
90.7,2,1,2008-11-07 12:00:00
82.7,2,1,2008-11-08 12:00:00
85.0,2,1,2008-11-09 12:00:00
84.6,2,1,2008-11-10 12:00:00
85.0,2,1,2008-11-11 12:00:00
87.3,2,1,2008-11-12 12:00:00
87.7,2,1,2008-11-13 12:00:00
87.7,2,1,2008-11-14 12:00:00
85.4,2,1,2008-11-15 12:00:00
85.4,2,1,2008-11-16 12:00:00
86.2,2,1,2008-11-17 12:00:00
85.0,2,1,2008-11-18 12:00:00
80.8,2,1,2008-11-19 12:00:00
90.0,2,1,2008-11-20 12:00:00
86.5,2,1,2008-11-21 12:00:00
83.9,2,1,2008-11-22 12:00:00
86.2,2,1,2008-11-23 12:00:00
85.4,2,1,2008-11-24 12:00:00
86.2,2,1,2008-11-25 12:00:00
83.5,2,1,2008-11-26 12:00:00
82.7,2,1,2008-11-27 12:00:00
78.6,2,1,2008-11-28 12:00:00
80.5,2,1,2008-11-29 12:00:00
86.2,2,1,2008-11-30 12:00:00
91.5,2,1,2008-12-01 12:00:00
92.2,2,1,2008-12-02 12:00:00
90.0,2,1,2008-12-03 12:00:00
88.1,2,1,2008-12-04 12:00:00
90.7,2,1,2008-12-05 12:00:00
87.3,2,1,2008-12-06 12:00:00
82.4,2,1,2008-12-07 12:00:00
85.4,2,1,2008-12-08 12:00:00
84.3,2,1,2008-12-09 12:00:00
85.8,2,1,2008-12-10 12:00:00
85.8,2,1,2008-12-11 12:00:00
86.9,2,1,2008-12-12 12:00:00
86.9,2,1,2008-12-13 12:00:00
88.8,2,1,2008-12-14 12:00:00
85.0,2,1,2008-12-15 12:00:00
86.9,2,1,2008-12-16 12:00:00
80.5,2,1,2008-12-17 12:00:00
78.9,2,1,2008-12-18 12:00:00
81.2,2,1,2008-12-19 12:00:00
86.5,2,1,2008-12-20 12:00:00
86.5,2,1,2008-12-21 12:00:00
87.7,2,1,2008-12-22 12:00:00
92.2,2,1,2008-12-23 12:00:00
82.7,2,1,2008-12-24 12:00:00
78.2,2,1,2008-12-25 12:00:00
76.7,2,1,2008-12-26 12:00:00
87.3,2,1,2008-12-27 12:00:00
82.7,2,1,2008-12-28 12:00:00
81.2,2,1,2008-12-29 12:00:00
83.5,2,1,2008-12-30 12:00:00
85.0,2,1,2008-12-31 12:00:00
83.9,2,1,2009-01-01 12:00:00
81.6,2,1,2009-01-02 12:00:00
79.3,2,1,2009-01-03 12:00:00
77.8,2,1,2009-01-04 12:00:00
73.2,2,1,2009-01-05 12:00:00
78.2,2,1,2009-01-06 12:00:00
77.4,2,1,2009-01-07 12:00:00
75.9,2,1,2009-01-08 12:00:00
80.1,2,1,2009-01-09 12:00:00
81.6,2,1,2009-01-10 12:00:00
82.0,2,1,2009-01-11 12:00:00
78.2,2,1,2009-01-12 12:00:00
83.5,2,1,2009-01-13 12:00:00
79.7,2,1,2009-01-14 12:00:00
80.8,2,1,2009-01-15 12:00:00
85.0,2,1,2009-01-16 12:00:00
82.4,2,1,2009-01-17 12:00:00
82.4,2,1,2009-01-18 12:00:00
82.7,2,1,2009-01-19 12:00:00
85.4,2,1,2009-01-20 12:00:00
88.1,2,1,2009-01-21 12:00:00
87.3,2,1,2009-01-22 12:00:00
79.3,2,1,2009-01-23 12:00:00
76.7,2,1,2009-01-24 12:00:00
78.6,2,1,2009-01-25 12:00:00
80.8,2,1,2009-01-26 12:00:00
85.8,2,1,2009-01-27 12:00:00
86.5,2,1,2009-01-28 12:00:00
82.7,2,1,2009-01-29 12:00:00
83.9,2,1,2009-01-30 12:00:00
88.4,2,1,2009-01-31 12:00:00
83.1,2,1,2009-02-01 12:00:00
85.0,2,1,2009-02-02 12:00:00
90.7,2,1,2009-02-03 12:00:00
81.2,2,1,2009-02-04 12:00:00
77.4,2,1,2009-02-05 12:00:00
78.2,2,1,2009-02-06 12:00:00
75.5,2,1,2009-02-07 12:00:00
73.6,2,1,2009-02-08 12:00:00
73.6,2,1,2009-02-09 12:00:00
75.5,2,1,2009-02-10 12:00:00
79.7,2,1,2009-02-11 12:00:00
77.4,2,1,2009-02-12 12:00:00
75.1,2,1,2009-02-13 12:00:00
76.3,2,1,2009-02-14 12:00:00
75.5,2,1,2009-02-15 12:00:00
74.0,2,1,2009-02-16 12:00:00
74.8,2,1,2009-02-17 12:00:00
74.0,2,1,2009-02-18 12:00:00
79.0,1,5,2009-07-31 12:00:00
77.8,1,5,2009-08-01 12:00:00
76.1,1,5,2009-08-02 12:00:00
77.7,1,5,2009-08-03 12:00:00
87.4,1,5,2009-08-04 12:00:00
90.5,1,5,2009-08-05 12:00:00
81.0,1,5,2009-08-06 12:00:00
81.7,1,5,2009-08-07 12:00:00
80.8,1,5,2009-08-08 12:00:00
83.9,1,5,2009-08-09 12:00:00
84.8,1,5,2009-08-10 12:00:00
89.2,1,5,2009-08-11 12:00:00
96.6,1,5,2009-08-12 12:00:00
85.7,1,5,2009-08-13 12:00:00
88.4,1,5,2009-08-14 12:00:00
82.6,1,5,2009-08-15 12:00:00
85.4,1,5,2009-08-16 12:00:00
83.0,1,5,2009-08-17 12:00:00
80.9,1,5,2009-08-18 12:00:00
79.8,1,5,2009-08-19 12:00:00
76.8,1,5,2009-08-20 12:00:00
84.8,1,5,2009-08-21 12:00:00
85.5,1,5,2009-08-22 12:00:00
85.8,1,5,2009-08-23 12:00:00
86.7,1,5,2009-08-24 12:00:00
88.3,1,5,2009-08-25 12:00:00
84.2,1,5,2009-08-26 12:00:00
82.4,1,5,2009-08-27 12:00:00
81.0,1,5,2009-08-28 12:00:00
82.2,1,5,2009-08-29 12:00:00
86.0,1,5,2009-08-30 12:00:00
85.0,1,5,2009-08-31 12:00:00
79.0,1,5,2009-09-01 12:00:00
80.0,1,5,2009-09-02 12:00:00
82.6,1,5,2009-09-03 12:00:00
79.6,1,5,2009-09-04 12:00:00
81.2,1,5,2009-09-05 12:00:00
83.2,1,5,2009-09-06 12:00:00
83.6,1,5,2009-09-07 12:00:00
85.9,1,5,2009-09-08 12:00:00
83.0,1,5,2009-09-09 12:00:00
79.5,1,5,2009-09-10 12:00:00
80.6,1,5,2009-09-11 12:00:00
90.4,1,5,2009-09-12 12:00:00
90.2,1,5,2009-09-13 12:00:00
89.0,1,5,2009-09-14 12:00:00
83.2,1,5,2009-09-15 12:00:00
85.9,1,5,2009-09-16 12:00:00
84.7,1,5,2009-09-17 12:00:00
86.1,1,5,2009-09-18 12:00:00
83.2,1,5,2009-09-19 12:00:00
80.5,1,5,2009-09-20 12:00:00
75.5,1,5,2009-09-21 12:00:00
72.8,1,5,2009-09-22 12:00:00
74.4,1,5,2009-09-23 12:00:00
80.5,1,5,2009-09-24 12:00:00
83.7,1,5,2009-09-25 12:00:00
86.1,1,5,2009-09-26 12:00:00
86.9,1,5,2009-09-27 12:00:00
81.2,1,5,2009-09-28 12:00:00
85.7,1,5,2009-09-29 12:00:00
77.8,1,5,2009-09-30 12:00:00
85.1,1,5,2009-10-01 12:00:00
81.6,1,5,2009-10-02 12:00:00
82.9,1,5,2009-10-03 12:00:00
86.3,1,5,2009-10-04 12:00:00
81.0,1,5,2009-10-05 12:00:00
75.3,1,5,2009-10-06 12:00:00
78.0,1,5,2009-10-07 12:00:00
76.8,1,5,2009-10-08 12:00:00
79.2,1,5,2009-10-09 12:00:00
78.8,1,5,2009-10-10 12:00:00
79.8,1,5,2009-10-11 12:00:00
79.2,1,5,2009-10-12 12:00:00
81.4,1,5,2009-10-13 12:00:00
82.5,1,5,2009-10-14 12:00:00
81.9,1,5,2009-10-15 12:00:00
78.9,1,5,2009-10-16 12:00:00
84.1,1,5,2009-10-17 12:00:00
82.6,1,5,2009-10-18 12:00:00
85.5,1,5,2009-10-19 12:00:00
88.1,1,5,2009-10-20 12:00:00
74.8,1,5,2009-10-21 12:00:00
78.1,1,5,2009-10-22 12:00:00
86.7,1,5,2009-10-23 12:00:00
76.0,1,5,2009-10-24 12:00:00
80.3,1,5,2009-10-25 12:00:00
81.3,1,5,2009-10-26 12:00:00
84.6,1,5,2009-10-27 12:00:00
78.4,1,5,2009-10-28 12:00:00
75.5,1,5,2009-10-29 12:00:00
74.5,1,5,2009-10-30 12:00:00
77.8,1,5,2009-10-31 12:00:00
86.7,1,5,2009-11-01 12:00:00
77.6,1,5,2009-11-02 12:00:00
77.4,1,5,2009-11-03 12:00:00
87.1,1,5,2009-11-04 12:00:00
84.1,1,5,2009-11-05 12:00:00
81.5,1,5,2009-11-06 12:00:00
86.6,1,5,2009-11-07 12:00:00
85.5,1,5,2009-11-08 12:00:00
89.3,1,5,2009-11-09 12:00:00
94.7,1,5,2009-11-10 12:00:00
82.2,1,5,2009-11-11 12:00:00
82.0,1,5,2009-11-12 12:00:00
83.1,1,5,2009-11-13 12:00:00
78.3,1,5,2009-11-14 12:00:00
79.4,1,5,2009-11-15 12:00:00
75.0,1,5,2009-11-16 12:00:00
73.1,1,5,2009-11-17 12:00:00
77.3,1,5,2009-11-18 12:00:00
74.5,1,5,2009-11-19 12:00:00
81.1,1,5,2009-11-20 12:00:00
79.1,1,5,2009-11-21 12:00:00
76.7,1,5,2009-11-22 12:00:00
74.8,1,5,2009-11-23 12:00:00
75.5,1,5,2009-11-24 12:00:00
90.1,1,5,2009-11-25 12:00:00
86.4,1,5,2009-11-26 12:00:00
87.0,1,5,2009-11-27 12:00:00
89.3,1,5,2009-11-28 12:00:00
82.6,1,5,2009-11-29 12:00:00
83.0,1,5,2009-11-30 12:00:00
83.1,1,5,2009-12-01 12:00:00
90.0,1,5,2009-12-02 12:00:00
81.5,1,5,2009-12-03 12:00:00
81.1,1,5,2009-12-04 12:00:00
83.2,1,5,2009-12-05 12:00:00
84.9,1,5,2009-12-06 12:00:00
86.6,1,5,2009-12-07 12:00:00
85.0,1,5,2009-12-08 12:00:00
82.5,1,5,2009-12-09 12:00:00
83.7,1,5,2009-12-10 12:00:00
79.9,1,5,2009-12-11 12:00:00
78.1,1,5,2009-12-12 12:00:00
75.7,1,5,2009-12-13 12:00:00
76.6,1,5,2009-12-14 12:00:00
81.0,1,5,2009-12-15 12:00:00
77.7,1,5,2009-12-16 12:00:00
87.3,1,5,2009-12-17 12:00:00
78.1,1,5,2009-12-18 12:00:00
79.4,1,5,2009-12-19 12:00:00
80.8,1,5,2009-12-20 12:00:00
81.1,1,5,2009-12-21 12:00:00
78.2,1,5,2009-12-22 12:00:00
80.5,1,5,2009-12-23 12:00:00
82.2,1,5,2009-12-24 12:00:00
80.5,1,5,2009-12-25 12:00:00
88.0,1,5,2009-12-26 12:00:00
86.3,1,5,2009-12-27 12:00:00
85.4,1,5,2009-12-28 12:00:00
84.2,1,5,2009-12-29 12:00:00
84.8,1,5,2009-12-30 12:00:00
90.3,1,5,2009-12-31 12:00:00
82.1,1,5,2010-01-01 12:00:00
87.2,1,5,2010-01-02 12:00:00
80.8,1,5,2010-01-03 12:00:00
78.5,1,5,2010-01-04 12:00:00
80.5,1,5,2010-01-05 12:00:00
81.0,1,5,2010-01-06 12:00:00
80.7,1,5,2010-01-07 12:00:00
81.3,1,5,2010-01-08 12:00:00
80.5,1,5,2010-01-09 12:00:00
77.2,1,5,2010-01-10 12:00:00
80.6,1,5,2010-01-11 12:00:00
79.2,1,5,2010-01-12 12:00:00
82.4,1,5,2010-01-13 12:00:00
77.6,1,5,2010-01-14 12:00:00
78.7,1,5,2010-01-15 12:00:00
82.7,1,5,2010-01-16 12:00:00
84.4,1,5,2010-01-17 12:00:00
82.4,1,5,2010-01-18 12:00:00
85.8,1,5,2010-01-19 12:00:00
83.0,1,5,2010-01-20 12:00:00
81.4,1,5,2010-01-21 12:00:00
77.0,1,5,2010-01-22 12:00:00
77.7,1,5,2010-01-23 12:00:00
74.0,1,5,2010-01-24 12:00:00
70.6,1,5,2010-01-25 12:00:00
72.2,1,5,2010-01-26 12:00:00
72.4,1,5,2010-01-27 12:00:00
79.5,1,5,2010-01-28 12:00:00
83.4,1,5,2010-01-29 12:00:00
74.6,1,5,2010-01-30 12:00:00
80.5,1,5,2010-01-31 12:00:00
79.9,1,5,2010-02-01 12:00:00
78.8,1,5,2010-02-02 12:00:00
73.6,1,5,2010-02-03 12:00:00
77.0,1,5,2010-02-04 12:00:00
75.5,1,5,2010-02-05 12:00:00
78.3,1,5,2010-02-06 12:00:00
77.8,1,5,2010-02-07 12:00:00
82.4,1,5,2010-02-08 12:00:00
84.3,1,5,2010-02-09 12:00:00
83.5,1,5,2010-02-10 12:00:00
84.5,1,5,2010-02-11 12:00:00
79.6,1,5,2010-02-12 12:00:00
78.4,1,5,2010-02-13 12:00:00
90.8,1,5,2010-02-14 12:00:00
81.8,1,5,2010-02-15 12:00:00
76.7,1,5,2010-02-16 12:00:00
75.9,1,5,2010-02-17 12:00:00
81.8,1,5,2010-02-18 12:00:00
92.2,1,5,2010-02-19 12:00:00
84.9,1,5,2010-02-20 12:00:00
82.7,1,5,2010-02-21 12:00:00
80.8,1,5,2010-02-22 12:00:00
80.0,1,5,2010-02-23 12:00:00
81.5,1,5,2010-02-24 12:00:00
80.8,1,5,2010-02-25 12:00:00
82.4,1,5,2010-02-26 12:00:00
85.8,1,5,2010-02-27 12:00:00
89.5,1,5,2010-02-28 12:00:00
85.8,1,5,2010-03-01 12:00:00
86.3,1,5,2010-03-02 12:00:00
83.5,1,5,2010-03-03 12:00:00
85.5,1,5,2010-03-04 12:00:00
88.3,1,5,2010-03-05 12:00:00
91.2,1,5,2010-03-06 12:00:00
79.2,1,5,2010-03-07 12:00:00
77.5,1,5,2010-03-08 12:00:00
82.0,1,5,2010-03-09 12:00:00
78.3,1,5,2010-03-10 12:00:00
77.2,1,5,2010-03-11 12:00:00
74.5,1,5,2010-03-12 12:00:00
79.3,1,5,2010-03-13 12:00:00
82.2,1,5,2010-03-14 12:00:00
82.1,1,5,2010-03-15 12:00:00
87.7,1,5,2010-03-16 12:00:00
82.5,1,5,2010-03-17 12:00:00
85.9,1,5,2010-03-18 12:00:00
80.2,1,5,2010-03-19 12:00:00
76.8,1,5,2010-03-20 12:00:00
79.2,1,5,2010-03-21 12:00:00
79.1,1,5,2010-03-22 12:00:00
82.2,1,5,2010-03-23 12:00:00
85.1,1,5,2010-03-24 12:00:00
79.1,1,5,2010-03-25 12:00:00
81.7,1,5,2010-03-26 12:00:00
85.1,1,5,2010-03-27 12:00:00
85.7,1,5,2010-03-28 12:00:00
77.4,1,5,2010-03-29 12:00:00
77.0,1,5,2010-03-30 12:00:00
81.1,1,5,2010-03-31 12:00:00
89.0,1,5,2010-04-01 12:00:00
83.1,1,5,2010-04-02 12:00:00
89.9,1,5,2010-04-03 12:00:00
84.1,1,5,2010-04-04 12:00:00
82.9,1,5,2010-04-05 12:00:00
84.7,1,5,2010-04-06 12:00:00
81.0,1,5,2010-04-07 12:00:00
83.9,1,5,2010-04-08 12:00:00
88.9,1,5,2010-04-09 12:00:00
88.6,1,5,2010-04-10 12:00:00
81.5,1,5,2010-04-11 12:00:00
76.5,1,5,2010-04-12 12:00:00
73.8,1,5,2010-04-13 12:00:00
75.3,1,5,2010-04-14 12:00:00
88.4,1,5,2010-04-15 12:00:00
86.3,1,5,2010-04-16 12:00:00
85.0,1,5,2010-04-17 12:00:00
82.8,1,5,2010-04-18 12:00:00
85.7,1,5,2010-04-19 12:00:00
83.2,1,5,2010-04-20 12:00:00
83.8,1,5,2010-04-21 12:00:00
87.5,1,5,2010-04-22 12:00:00
80.8,1,5,2010-04-23 12:00:00
81.8,1,5,2010-04-24 12:00:00
86.8,1,5,2010-04-25 12:00:00
86.4,1,5,2010-04-26 12:00:00
80.9,1,5,2010-04-27 12:00:00
75.5,1,5,2010-04-28 12:00:00
80.3,1,5,2010-04-29 12:00:00
82.4,1,5,2010-04-30 12:00:00
83.9,1,5,2010-05-01 12:00:00
81.4,1,5,2010-05-02 12:00:00
85.2,1,5,2010-05-03 12:00:00
79.0,1,5,2010-05-04 12:00:00
74.7,1,5,2010-05-05 12:00:00
73.7,1,5,2010-05-06 12:00:00
74.4,1,5,2010-05-07 12:00:00
76.9,1,5,2010-05-08 12:00:00
83.5,1,5,2010-05-09 12:00:00
81.9,1,5,2010-05-10 12:00:00
91.7,1,5,2010-05-11 12:00:00
88.0,1,5,2010-05-12 12:00:00
91.8,1,5,2010-05-13 12:00:00
87.5,1,5,2010-05-14 12:00:00
82.7,1,5,2010-05-15 12:00:00
82.7,1,5,2010-05-16 12:00:00
78.9,1,5,2010-05-17 12:00:00
86.1,1,5,2010-05-18 12:00:00
83.0,1,5,2010-05-19 12:00:00
82.7,1,5,2010-05-20 12:00:00
81.8,1,5,2010-05-21 12:00:00
75.5,1,5,2010-05-22 12:00:00
70.6,1,5,2010-05-23 12:00:00
69.7,1,5,2010-05-24 12:00:00
71.4,1,5,2010-05-25 12:00:00
74.2,1,5,2010-05-26 12:00:00
80.9,1,5,2010-05-27 12:00:00
82.5,1,5,2010-05-28 12:00:00
76.9,1,5,2010-05-29 12:00:00
76.0,1,5,2010-05-30 12:00:00
71.5,1,5,2010-05-31 12:00:00
78.6,1,5,2010-06-01 12:00:00
79.5,1,5,2010-06-02 12:00:00
87.4,1,5,2010-06-03 12:00:00
87.0,1,5,2010-06-04 12:00:00
87.0,1,5,2010-06-05 12:00:00
84.5,1,5,2010-06-06 12:00:00
81.5,1,5,2010-06-07 12:00:00
76.7,1,5,2010-06-08 12:00:00
76.0,1,5,2010-06-09 12:00:00
74.3,1,5,2010-06-10 12:00:00
74.1,1,5,2010-06-11 12:00:00
75.0,1,5,2010-06-12 12:00:00
76.5,1,5,2010-06-13 12:00:00
75.2,1,5,2010-06-14 12:00:00
74.4,1,5,2010-06-15 12:00:00
73.7,1,5,2010-06-16 12:00:00
75.8,1,5,2010-06-17 12:00:00
77.8,1,5,2010-06-18 12:00:00
75.8,1,5,2010-06-19 12:00:00
78.7,1,5,2010-06-20 12:00:00
90.9,1,5,2010-06-21 12:00:00
75.4,1,5,2010-06-22 12:00:00
78.0,1,5,2010-06-23 12:00:00
79.2,1,5,2010-06-24 12:00:00
79.9,1,5,2010-06-25 12:00:00
79.3,1,5,2010-06-26 12:00:00
85.5,1,5,2010-06-27 12:00:00
80.0,1,5,2010-06-28 12:00:00
83.6,1,5,2010-06-29 12:00:00
86.7,1,5,2010-06-30 12:00:00
83.1,1,5,2010-07-01 12:00:00
81.2,1,5,2010-07-02 12:00:00
77.6,1,5,2010-07-03 12:00:00
74.3,1,5,2010-07-04 12:00:00
73.9,1,5,2010-07-05 12:00:00
76.1,1,5,2010-07-06 12:00:00
79.1,1,5,2010-07-07 12:00:00
80.5,1,5,2010-07-08 12:00:00
80.9,1,5,2010-07-09 12:00:00
87.7,1,5,2010-07-10 12:00:00
81.8,1,5,2010-07-11 12:00:00
,0,0,2010-07-12 12:00:00
77.5,1,1,2010-07-13 12:00:00
83.3,1,1,2010-07-14 12:00:00
78.4,1,1,2010-07-15 12:00:00
80.8,1,1,2010-07-16 12:00:00
80.4,1,1,2010-07-17 12:00:00
84.1,1,1,2010-07-18 12:00:00
80.4,1,1,2010-07-19 12:00:00
79.2,1,1,2010-07-20 12:00:00
75.1,1,1,2010-07-21 12:00:00
79.2,1,1,2010-07-22 12:00:00
78.4,1,1,2010-07-23 12:00:00
80.8,1,1,2010-07-24 12:00:00
84.1,1,1,2010-07-25 12:00:00
78.4,1,1,2010-07-26 12:00:00
80.0,1,1,2010-07-27 12:00:00
82.1,1,1,2010-07-28 12:00:00
80.8,1,1,2010-07-29 12:00:00
77.1,1,1,2010-07-30 12:00:00
75.9,1,1,2010-07-31 12:00:00
75.9,1,1,2010-08-01 12:00:00
77.1,1,1,2010-08-02 12:00:00
77.5,1,1,2010-08-03 12:00:00
77.5,1,1,2010-08-04 12:00:00
78.8,1,1,2010-08-05 12:00:00
77.9,1,1,2010-08-06 12:00:00
77.1,1,1,2010-08-07 12:00:00
77.5,1,1,2010-08-08 12:00:00
80.4,1,1,2010-08-09 12:00:00
78.8,1,1,2010-08-10 12:00:00
84.9,1,1,2010-08-11 12:00:00
82.1,1,1,2010-08-12 12:00:00
77.5,1,1,2010-08-13 12:00:00
75.5,1,1,2010-08-14 12:00:00
76.7,1,1,2010-08-15 12:00:00
80.4,1,1,2010-08-16 12:00:00
83.7,1,1,2010-08-17 12:00:00
80.8,1,1,2010-08-18 12:00:00
82.1,1,1,2010-08-19 12:00:00
80.4,1,1,2010-08-20 12:00:00
79.6,1,1,2010-08-21 12:00:00
80.0,1,1,2010-08-22 12:00:00
78.8,1,1,2010-08-23 12:00:00
82.1,1,1,2010-08-24 12:00:00
79.2,1,1,2010-08-25 12:00:00
76.7,1,1,2010-08-26 12:00:00
79.2,1,1,2010-08-27 12:00:00
79.6,1,1,2010-08-28 12:00:00
80.4,1,1,2010-08-29 12:00:00
80.4,1,1,2010-08-30 12:00:00
83.3,1,1,2010-08-31 12:00:00
80.0,1,1,2010-09-01 12:00:00
82.1,1,1,2010-09-02 12:00:00
80.0,1,1,2010-09-03 12:00:00
81.2,1,1,2010-09-04 12:00:00
81.2,1,1,2010-09-05 12:00:00
80.0,1,1,2010-09-06 12:00:00
77.9,1,1,2010-09-07 12:00:00
77.1,1,1,2010-09-08 12:00:00
74.7,1,1,2010-09-09 12:00:00
74.7,1,1,2010-09-10 12:00:00
72.6,1,1,2010-09-11 12:00:00
75.9,1,1,2010-09-12 12:00:00
77.1,1,1,2010-09-13 12:00:00
80.0,1,1,2010-09-14 12:00:00
77.9,1,1,2010-09-15 12:00:00
77.9,1,1,2010-09-16 12:00:00
83.7,1,1,2010-09-17 12:00:00
82.9,1,1,2010-09-18 12:00:00
82.9,1,1,2010-09-19 12:00:00
80.4,1,1,2010-09-20 12:00:00
82.1,1,1,2010-09-21 12:00:00
82.1,1,1,2010-09-22 12:00:00
80.8,1,1,2010-09-23 12:00:00
83.3,1,1,2010-09-24 12:00:00
79.2,1,1,2010-09-25 12:00:00
82.9,1,1,2010-09-26 12:00:00
80.8,1,1,2010-09-27 12:00:00
87.0,1,1,2010-09-28 12:00:00
81.2,1,1,2010-09-29 12:00:00
84.9,1,1,2010-09-30 12:00:00
80.8,1,1,2010-10-01 12:00:00
83.7,1,1,2010-10-02 12:00:00
84.9,1,1,2010-10-03 12:00:00
84.9,1,1,2010-10-04 12:00:00
80.8,1,1,2010-10-05 12:00:00
80.4,1,1,2010-10-06 12:00:00
81.6,1,1,2010-10-07 12:00:00
78.8,1,1,2010-10-08 12:00:00
78.4,1,1,2010-10-09 12:00:00
79.2,1,1,2010-10-10 12:00:00
82.5,1,1,2010-10-11 12:00:00
80.4,1,1,2010-10-12 12:00:00
80.4,1,1,2010-10-13 12:00:00
77.9,1,1,2010-10-14 12:00:00
77.1,1,1,2010-10-15 12:00:00
79.2,1,1,2010-10-16 12:00:00
77.5,1,1,2010-10-17 12:00:00
78.4,1,1,2010-10-18 12:00:00
75.1,1,1,2010-10-19 12:00:00
73.4,1,1,2010-10-20 12:00:00
78.8,1,1,2010-10-21 12:00:00
84.5,1,1,2010-10-22 12:00:00
83.3,1,1,2010-10-23 12:00:00
82.1,1,1,2010-10-24 12:00:00
80.0,1,1,2010-10-25 12:00:00
80.4,1,1,2010-10-26 12:00:00
79.6,1,1,2010-10-27 12:00:00
80.8,1,1,2010-10-28 12:00:00
80.8,1,1,2010-10-29 12:00:00
81.6,1,1,2010-10-30 12:00:00
81.2,1,1,2010-10-31 12:00:00
82.9,1,1,2010-11-01 12:00:00
85.8,1,1,2010-11-02 12:00:00
82.5,1,1,2010-11-03 12:00:00
80.8,1,1,2010-11-04 12:00:00
83.7,1,1,2010-11-05 12:00:00
82.9,1,1,2010-11-06 12:00:00
82.9,1,1,2010-11-07 12:00:00
81.6,1,1,2010-11-08 12:00:00
83.7,1,1,2010-11-09 12:00:00
81.2,1,1,2010-11-10 12:00:00
78.4,1,1,2010-11-11 12:00:00
82.9,1,1,2010-11-12 12:00:00
82.5,1,1,2010-11-13 12:00:00
80.0,1,1,2010-11-14 12:00:00
79.2,1,1,2010-11-15 12:00:00
82.5,1,1,2010-11-16 12:00:00
84.9,1,1,2010-11-17 12:00:00
87.4,1,1,2010-11-18 12:00:00
84.1,1,1,2010-11-19 12:00:00
83.7,1,1,2010-11-20 12:00:00
86.2,1,1,2010-11-21 12:00:00
86.2,1,1,2010-11-22 12:00:00
84.1,1,1,2010-11-23 12:00:00
84.1,1,1,2010-11-24 12:00:00
83.7,1,1,2010-11-25 12:00:00
83.7,1,1,2010-11-26 12:00:00
83.7,1,1,2010-11-27 12:00:00
83.3,1,1,2010-11-28 12:00:00
84.1,1,1,2010-11-29 12:00:00
85.8,1,1,2010-11-30 12:00:00
89.0,1,1,2010-12-01 12:00:00
87.0,1,1,2010-12-02 12:00:00
82.9,1,1,2010-12-03 12:00:00
84.5,1,1,2010-12-04 12:00:00
84.1,1,1,2010-12-05 12:00:00
79.6,1,1,2010-12-06 12:00:00
74.7,1,1,2010-12-07 12:00:00
77.1,1,1,2010-12-08 12:00:00
76.7,1,1,2010-12-09 12:00:00
75.1,1,1,2010-12-10 12:00:00
77.1,1,1,2010-12-11 12:00:00
79.2,1,1,2010-12-12 12:00:00
80.0,1,1,2010-12-13 12:00:00
80.4,1,1,2010-12-14 12:00:00
78.4,1,1,2010-12-15 12:00:00
75.1,1,1,2010-12-16 12:00:00
75.5,1,1,2010-12-17 12:00:00
73.0,1,1,2010-12-18 12:00:00
76.3,1,1,2010-12-19 12:00:00
75.5,1,1,2010-12-20 12:00:00
75.5,1,1,2010-12-21 12:00:00
73.4,1,1,2010-12-22 12:00:00
82.9,1,1,2010-12-23 12:00:00
80.0,1,1,2010-12-24 12:00:00
80.8,1,1,2010-12-25 12:00:00
84.1,1,1,2010-12-26 12:00:00
82.5,1,1,2010-12-27 12:00:00
82.5,1,1,2010-12-28 12:00:00
78.4,1,1,2010-12-29 12:00:00
78.8,1,1,2010-12-30 12:00:00
80.0,1,1,2010-12-31 12:00:00
81.2,1,1,2011-01-01 12:00:00
82.1,1,1,2011-01-02 12:00:00
82.1,1,1,2011-01-03 12:00:00
89.5,1,1,2011-01-04 12:00:00
82.5,1,1,2011-01-05 12:00:00
80.0,1,1,2011-01-06 12:00:00
82.1,1,1,2011-01-07 12:00:00
82.1,1,1,2011-01-08 12:00:00
80.4,1,1,2011-01-09 12:00:00
80.0,1,1,2011-01-10 12:00:00
82.5,1,1,2011-01-11 12:00:00
77.1,1,1,2011-01-12 12:00:00
80.8,1,1,2011-01-13 12:00:00
80.0,1,1,2011-01-14 12:00:00
76.3,1,1,2011-01-15 12:00:00
75.5,1,1,2011-01-16 12:00:00
77.1,1,1,2011-01-17 12:00:00
75.5,1,1,2011-01-18 12:00:00
77.1,1,1,2011-01-19 12:00:00
76.3,1,1,2011-01-20 12:00:00
73.4,1,1,2011-01-21 12:00:00
73.8,1,1,2011-01-22 12:00:00
75.1,1,1,2011-01-23 12:00:00
75.5,1,1,2011-01-24 12:00:00
72.6,1,1,2011-01-25 12:00:00
76.7,1,1,2011-01-26 12:00:00
75.9,1,1,2011-01-27 12:00:00
77.9,1,1,2011-01-28 12:00:00
80.8,1,1,2011-01-29 12:00:00
78.4,1,1,2011-01-30 12:00:00
81.2,1,1,2011-01-31 12:00:00
80.8,1,1,2011-02-01 12:00:00
86.2,1,1,2011-02-02 12:00:00
80.8,1,1,2011-02-03 12:00:00
80.8,1,1,2011-02-04 12:00:00
76.7,1,1,2011-02-05 12:00:00
75.1,1,1,2011-02-06 12:00:00
71.0,1,1,2011-02-07 12:00:00
74.2,1,1,2011-02-08 12:00:00
77.5,1,1,2011-02-09 12:00:00
75.9,1,1,2011-02-10 12:00:00
77.9,1,1,2011-02-11 12:00:00
77.1,1,1,2011-02-12 12:00:00
77.9,1,1,2011-02-13 12:00:00
76.7,1,1,2011-02-14 12:00:00
73.0,1,1,2011-02-15 12:00:00
73.4,1,1,2011-02-16 12:00:00
74.2,1,1,2011-02-17 12:00:00
74.2,1,1,2011-02-18 12:00:00
76.7,1,1,2011-02-19 12:00:00
77.1,1,1,2011-02-20 12:00:00
75.9,1,1,2011-02-21 12:00:00
79.2,1,1,2011-02-22 12:00:00
79.6,1,1,2011-02-23 12:00:00
83.3,1,1,2011-02-24 12:00:00
80.8,1,1,2011-02-25 12:00:00
82.5,1,1,2011-02-26 12:00:00
78.8,1,1,2011-02-27 12:00:00
78.4,1,1,2011-02-28 12:00:00
77.5,1,1,2011-03-01 12:00:00
72.2,1,1,2011-03-02 12:00:00
75.1,1,1,2011-03-03 12:00:00
72.2,1,1,2011-03-04 12:00:00
72.6,1,1,2011-03-05 12:00:00
75.5,1,1,2011-03-06 12:00:00
77.9,1,1,2011-03-07 12:00:00
81.6,1,1,2011-03-08 12:00:00
81.6,1,1,2011-03-09 12:00:00
80.0,1,1,2011-03-10 12:00:00
81.2,1,1,2011-03-11 12:00:00
82.1,1,1,2011-03-12 12:00:00
77.9,1,1,2011-03-13 12:00:00
81.6,1,1,2011-03-14 12:00:00
74.7,1,1,2011-03-15 12:00:00
77.5,1,1,2011-03-16 12:00:00
76.7,1,1,2011-03-17 12:00:00
78.4,1,1,2011-03-18 12:00:00
75.9,1,1,2011-03-19 12:00:00
75.1,1,1,2011-03-20 12:00:00
71.8,1,1,2011-03-21 12:00:00
73.4,1,1,2011-03-22 12:00:00
77.9,1,1,2011-03-23 12:00:00
75.9,1,1,2011-03-24 12:00:00
77.9,1,1,2011-03-25 12:00:00
75.5,1,1,2011-03-26 12:00:00
76.3,1,1,2011-03-27 12:00:00
75.9,1,1,2011-03-28 12:00:00
77.5,1,1,2011-03-29 12:00:00
81.2,1,1,2011-03-30 12:00:00
77.5,1,1,2011-03-31 12:00:00
77.9,1,1,2011-04-01 12:00:00
79.2,1,1,2011-04-02 12:00:00
77.5,1,1,2011-04-03 12:00:00
73.8,1,1,2011-04-04 12:00:00
72.2,1,1,2011-04-05 12:00:00
71.0,1,1,2011-04-06 12:00:00
71.4,1,1,2011-04-07 12:00:00
71.0,1,1,2011-04-08 12:00:00
73.4,1,1,2011-04-09 12:00:00
74.2,1,1,2011-04-10 12:00:00
75.1,1,1,2011-04-11 12:00:00
75.5,1,1,2011-04-12 12:00:00
80.0,1,1,2011-04-13 12:00:00
80.0,1,1,2011-04-14 12:00:00
82.1,1,1,2011-04-15 12:00:00
82.1,1,1,2011-04-16 12:00:00
79.6,1,1,2011-04-17 12:00:00
79.2,1,1,2011-04-18 12:00:00
77.5,1,1,2011-04-19 12:00:00
74.7,1,1,2011-04-20 12:00:00
74.7,1,1,2011-04-21 12:00:00
76.7,1,1,2011-04-22 12:00:00
78.4,1,1,2011-04-23 12:00:00
84.9,1,1,2011-04-24 12:00:00
80.0,1,1,2011-04-25 12:00:00
77.5,1,1,2011-04-26 12:00:00
82.1,1,1,2011-04-27 12:00:00
82.9,1,1,2011-04-28 12:00:00
84.5,1,1,2011-04-29 12:00:00
78.8,1,1,2011-04-30 12:00:00
79.2,1,1,2011-05-01 12:00:00
84.5,1,1,2011-05-02 12:00:00
84.1,1,1,2011-05-03 12:00:00
81.6,1,1,2011-05-04 12:00:00
80.4,1,1,2011-05-05 12:00:00
79.6,1,1,2011-05-06 12:00:00
77.5,1,1,2011-05-07 12:00:00
78.8,1,1,2011-05-08 12:00:00
80.0,1,1,2011-05-09 12:00:00
76.7,1,1,2011-05-10 12:00:00
73.0,1,1,2011-05-11 12:00:00
73.8,1,1,2011-05-12 12:00:00
71.8,1,1,2011-05-13 12:00:00
71.0,1,1,2011-05-14 12:00:00
71.8,1,1,2011-05-15 12:00:00
73.0,1,1,2011-05-16 12:00:00
72.6,1,1,2011-05-17 12:00:00
73.4,1,1,2011-05-18 12:00:00
71.4,1,1,2011-05-19 12:00:00
71.0,1,1,2011-05-20 12:00:00
70.5,1,1,2011-05-21 12:00:00
65.6,1,1,2011-05-22 12:00:00
70.1,1,1,2011-05-23 12:00:00
,0,0,2011-05-24 12:00:00
,0,0,2011-05-25 12:00:00
73.7,1,5,2011-05-26 12:00:00
82.8,1,5,2011-05-27 12:00:00
85.0,1,5,2011-05-28 12:00:00
82.4,1,5,2011-05-29 12:00:00
82.6,1,5,2011-05-30 12:00:00
83.7,1,5,2011-05-31 12:00:00
82.1,1,5,2011-06-01 12:00:00
84.2,1,5,2011-06-02 12:00:00
86.5,1,5,2011-06-03 12:00:00
83.0,1,5,2011-06-04 12:00:00
79.8,1,5,2011-06-05 12:00:00
76.9,1,5,2011-06-06 12:00:00
77.5,1,5,2011-06-07 12:00:00
75.6,1,5,2011-06-08 12:00:00
75.6,1,5,2011-06-09 12:00:00
76.8,1,5,2011-06-10 12:00:00
79.7,1,5,2011-06-11 12:00:00
79.8,1,5,2011-06-12 12:00:00
80.5,1,5,2011-06-13 12:00:00
79.5,1,5,2011-06-14 12:00:00
78.2,1,5,2011-06-15 12:00:00
75.6,1,5,2011-06-16 12:00:00
75.0,1,5,2011-06-17 12:00:00
75.4,1,5,2011-06-18 12:00:00
77.5,1,5,2011-06-19 12:00:00
80.0,1,5,2011-06-20 12:00:00
81.3,1,5,2011-06-21 12:00:00
77.2,1,5,2011-06-22 12:00:00
79.0,1,5,2011-06-23 12:00:00
79.3,1,5,2011-06-24 12:00:00
88.2,1,5,2011-06-25 12:00:00
83.3,1,5,2011-06-26 12:00:00
80.0,1,5,2011-06-27 12:00:00
76.9,1,5,2011-06-28 12:00:00
80.3,1,5,2011-06-29 12:00:00
78.8,1,5,2011-06-30 12:00:00
77.4,1,5,2011-07-01 12:00:00
78.7,1,5,2011-07-02 12:00:00
78.5,1,5,2011-07-03 12:00:00
77.6,1,5,2011-07-04 12:00:00
77.1,1,5,2011-07-05 12:00:00
77.9,1,5,2011-07-06 12:00:00
77.0,1,5,2011-07-07 12:00:00
75.1,1,5,2011-07-08 12:00:00
79.3,1,5,2011-07-09 12:00:00
79.2,1,5,2011-07-10 12:00:00
84.6,1,5,2011-07-11 12:00:00
87.1,1,5,2011-07-12 12:00:00
78.7,1,5,2011-07-13 12:00:00
77.5,1,5,2011-07-14 12:00:00
78.9,1,5,2011-07-15 12:00:00
78.6,1,5,2011-07-16 12:00:00
77.8,1,5,2011-07-17 12:00:00
79.3,1,5,2011-07-18 12:00:00
80.6,1,5,2011-07-19 12:00:00
78.8,1,5,2011-07-20 12:00:00
78.3,1,5,2011-07-21 12:00:00
79.7,1,5,2011-07-22 12:00:00
79.5,1,5,2011-07-23 12:00:00
79.8,1,5,2011-07-24 12:00:00
80.8,1,5,2011-07-25 12:00:00
81.4,1,5,2011-07-26 12:00:00
79.7,1,5,2011-07-27 12:00:00
76.4,1,5,2011-07-28 12:00:00
78.6,1,5,2011-07-29 12:00:00
83.0,1,5,2011-07-30 12:00:00
86.1,1,5,2011-07-31 12:00:00
81.0,1,5,2011-08-01 12:00:00
86.1,1,5,2011-08-02 12:00:00
81.7,1,5,2011-08-03 12:00:00
79.5,1,5,2011-08-04 12:00:00
81.2,1,5,2011-08-05 12:00:00
81.8,1,5,2011-08-06 12:00:00
80.5,1,5,2011-08-07 12:00:00
78.4,1,5,2011-08-08 12:00:00
76.6,1,5,2011-08-09 12:00:00
78.6,1,5,2011-08-10 12:00:00
80.0,1,5,2011-08-11 12:00:00
88.2,1,5,2011-08-12 12:00:00
76.7,1,5,2011-08-13 12:00:00
77.8,1,5,2011-08-14 12:00:00
78.1,1,5,2011-08-15 12:00:00
79.4,1,5,2011-08-16 12:00:00
77.5,1,5,2011-08-17 12:00:00
76.4,1,5,2011-08-18 12:00:00
79.7,1,5,2011-08-19 12:00:00
76.0,1,5,2011-08-20 12:00:00
75.0,1,5,2011-08-21 12:00:00
77.5,1,5,2011-08-22 12:00:00
75.6,1,5,2011-08-23 12:00:00
75.2,1,5,2011-08-24 12:00:00
77.9,1,5,2011-08-25 12:00:00
78.3,1,5,2011-08-26 12:00:00
79.3,1,5,2011-08-27 12:00:00
83.7,1,5,2011-08-28 12:00:00
77.7,1,5,2011-08-29 12:00:00
80.3,1,5,2011-08-30 12:00:00
81.3,1,5,2011-08-31 12:00:00
80.5,1,5,2011-09-01 12:00:00
79.1,1,5,2011-09-02 12:00:00
79.7,1,5,2011-09-03 12:00:00
80.5,1,5,2011-09-04 12:00:00
81.7,1,5,2011-09-05 12:00:00
83.2,1,5,2011-09-06 12:00:00
77.9,1,5,2011-09-07 12:00:00
80.8,1,5,2011-09-08 12:00:00
82.0,1,5,2011-09-09 12:00:00
81.8,1,5,2011-09-10 12:00:00
83.5,1,5,2011-09-11 12:00:00
78.5,1,5,2011-09-12 12:00:00
82.1,1,5,2011-09-13 12:00:00
81.7,1,5,2011-09-14 12:00:00
81.3,1,5,2011-09-15 12:00:00
84.3,1,5,2011-09-16 12:00:00
82.3,1,5,2011-09-17 12:00:00
80.1,1,5,2011-09-18 12:00:00
79.7,1,5,2011-09-19 12:00:00
87.3,1,5,2011-09-20 12:00:00
82.2,1,5,2011-09-21 12:00:00
79.3,1,5,2011-09-22 12:00:00
81.5,1,5,2011-09-23 12:00:00
80.5,1,5,2011-09-24 12:00:00
80.2,1,5,2011-09-25 12:00:00
79.7,1,5,2011-09-26 12:00:00
79.5,1,5,2011-09-27 12:00:00
79.2,1,5,2011-09-28 12:00:00
80.6,1,5,2011-09-29 12:00:00
79.0,1,5,2011-09-30 12:00:00
74.7,1,5,2011-10-01 12:00:00
76.6,1,5,2011-10-02 12:00:00
84.4,1,5,2011-10-03 12:00:00
81.7,1,5,2011-10-04 12:00:00
75.5,1,5,2011-10-05 12:00:00
77.1,1,5,2011-10-06 12:00:00
80.4,1,5,2011-10-07 12:00:00
76.2,1,5,2011-10-08 12:00:00
75.8,1,5,2011-10-09 12:00:00
74.4,1,5,2011-10-10 12:00:00
73.5,1,5,2011-10-11 12:00:00
75.9,1,5,2011-10-12 12:00:00
75.7,1,5,2011-10-13 12:00:00
81.5,1,5,2011-10-14 12:00:00
80.7,1,5,2011-10-15 12:00:00
84.2,1,5,2011-10-16 12:00:00
85.2,1,5,2011-10-17 12:00:00
81.8,1,5,2011-10-18 12:00:00
80.6,1,5,2011-10-19 12:00:00
80.4,1,5,2011-10-20 12:00:00
82.6,1,5,2011-10-21 12:00:00
77.5,1,5,2011-10-22 12:00:00
78.8,1,5,2011-10-23 12:00:00
78.2,1,5,2011-10-24 12:00:00
77.7,1,5,2011-10-25 12:00:00
81.7,1,5,2011-10-26 12:00:00
78.4,1,5,2011-10-27 12:00:00
80.3,1,5,2011-10-28 12:00:00
80.5,1,5,2011-10-29 12:00:00
81.4,1,5,2011-10-30 12:00:00
89.3,1,5,2011-10-31 12:00:00
84.9,1,5,2011-11-01 12:00:00
82.5,1,5,2011-11-02 12:00:00
81.4,1,5,2011-11-03 12:00:00
83.2,1,5,2011-11-04 12:00:00
79.7,1,5,2011-11-05 12:00:00
77.9,1,5,2011-11-06 12:00:00
79.4,1,5,2011-11-07 12:00:00
77.7,1,5,2011-11-08 12:00:00
76.8,1,5,2011-11-09 12:00:00
74.3,1,5,2011-11-10 12:00:00
73.9,1,5,2011-11-11 12:00:00
73.1,1,5,2011-11-12 12:00:00
73.6,1,5,2011-11-13 12:00:00
75.7,1,5,2011-11-14 12:00:00
74.0,1,5,2011-11-15 12:00:00
70.7,1,5,2011-11-16 12:00:00
73.2,1,5,2011-11-17 12:00:00
74.4,1,5,2011-11-18 12:00:00
73.9,1,5,2011-11-19 12:00:00
75.8,1,5,2011-11-20 12:00:00
75.0,1,5,2011-11-21 12:00:00
78.9,1,5,2011-11-22 12:00:00
80.7,1,5,2011-11-23 12:00:00
76.1,1,5,2011-11-24 12:00:00
82.1,1,5,2011-11-25 12:00:00
82.4,1,5,2011-11-26 12:00:00
83.9,1,5,2011-11-27 12:00:00
82.0,1,5,2011-11-28 12:00:00
86.9,1,5,2011-11-29 12:00:00
82.3,1,5,2011-11-30 12:00:00
83.3,1,5,2011-12-01 12:00:00
81.9,1,5,2011-12-02 12:00:00
79.6,1,5,2011-12-03 12:00:00
79.0,1,5,2011-12-04 12:00:00
78.4,1,5,2011-12-05 12:00:00
77.9,1,5,2011-12-06 12:00:00
77.2,1,5,2011-12-07 12:00:00
73.7,1,5,2011-12-08 12:00:00
77.0,1,5,2011-12-09 12:00:00
78.4,1,5,2011-12-10 12:00:00
79.5,1,5,2011-12-11 12:00:00
81.0,1,5,2011-12-12 12:00:00
84.5,1,5,2011-12-13 12:00:00
78.9,1,5,2011-12-14 12:00:00
80.3,1,5,2011-12-15 12:00:00
78.8,1,5,2011-12-16 12:00:00
83.5,1,5,2011-12-17 12:00:00
83.7,1,5,2011-12-18 12:00:00
82.4,1,5,2011-12-19 12:00:00
80.4,1,5,2011-12-20 12:00:00
80.5,1,5,2011-12-21 12:00:00
84.6,1,5,2011-12-22 12:00:00
83.7,1,5,2011-12-23 12:00:00
83.3,1,5,2011-12-24 12:00:00
82.8,1,5,2011-12-25 12:00:00
86.5,1,5,2011-12-26 12:00:00
81.5,1,5,2011-12-27 12:00:00
77.6,1,5,2011-12-28 12:00:00
76.3,1,5,2011-12-29 12:00:00
76.3,1,5,2011-12-30 12:00:00
75.0,1,5,2011-12-31 12:00:00
75.0,1,5,2012-01-01 12:00:00
75.2,1,5,2012-01-02 12:00:00
74.3,1,5,2012-01-03 12:00:00
72.9,1,5,2012-01-04 12:00:00
72.4,1,5,2012-01-05 12:00:00
75.4,1,5,2012-01-06 12:00:00
73.9,1,5,2012-01-07 12:00:00
77.8,1,5,2012-01-08 12:00:00
80.7,1,5,2012-01-09 12:00:00
80.3,1,5,2012-01-10 12:00:00
80.9,1,5,2012-01-11 12:00:00
79.6,1,5,2012-01-12 12:00:00
79.6,1,5,2012-01-13 12:00:00
81.0,1,5,2012-01-14 12:00:00
80.1,1,5,2012-01-15 12:00:00
77.3,1,5,2012-01-16 12:00:00
74.4,1,5,2012-01-17 12:00:00
76.5,1,5,2012-01-18 12:00:00
75.1,1,5,2012-01-19 12:00:00
75.5,1,5,2012-01-20 12:00:00
73.3,1,5,2012-01-21 12:00:00
74.9,1,5,2012-01-22 12:00:00
74.7,1,5,2012-01-23 12:00:00
73.8,1,5,2012-01-24 12:00:00
76.2,1,5,2012-01-25 12:00:00
77.2,1,5,2012-01-26 12:00:00
78.3,1,5,2012-01-27 12:00:00
78.7,1,5,2012-01-28 12:00:00
78.6,1,5,2012-01-29 12:00:00
78.3,1,5,2012-01-30 12:00:00
77.5,1,5,2012-01-31 12:00:00
76.9,1,5,2012-02-01 12:00:00
77.1,1,5,2012-02-02 12:00:00
72.2,1,5,2012-02-03 12:00:00
77.0,1,5,2012-02-04 12:00:00
78.4,1,5,2012-02-05 12:00:00
79.3,1,5,2012-02-06 12:00:00
82.1,1,5,2012-02-07 12:00:00
74.8,1,5,2012-02-08 12:00:00
73.4,1,5,2012-02-09 12:00:00
77.2,1,5,2012-02-10 12:00:00
77.2,1,5,2012-02-11 12:00:00
78.6,1,5,2012-02-12 12:00:00
79.5,1,5,2012-02-13 12:00:00
79.5,1,5,2012-02-14 12:00:00
83.0,1,5,2012-02-15 12:00:00
75.9,1,5,2012-02-16 12:00:00
80.6,1,5,2012-02-17 12:00:00
76.3,1,5,2012-02-18 12:00:00
77.8,1,5,2012-02-19 12:00:00
82.0,1,5,2012-02-20 12:00:00
79.7,1,5,2012-02-21 12:00:00
82.5,1,5,2012-02-22 12:00:00
82.7,1,5,2012-02-23 12:00:00
82.8,1,5,2012-02-24 12:00:00
77.5,1,5,2012-02-25 12:00:00
78.6,1,5,2012-02-26 12:00:00
77.2,1,5,2012-02-27 12:00:00
77.6,1,5,2012-02-28 12:00:00
77.9,1,5,2012-02-29 12:00:00
79.3,1,5,2012-03-01 12:00:00
79.1,1,5,2012-03-02 12:00:00
78.4,1,5,2012-03-03 12:00:00
77.2,1,5,2012-03-04 12:00:00
78.2,1,5,2012-03-05 12:00:00
82.9,1,5,2012-03-06 12:00:00
77.8,1,5,2012-03-07 12:00:00
74.7,1,5,2012-03-08 12:00:00
79.9,1,5,2012-03-09 12:00:00
79.6,1,5,2012-03-10 12:00:00
77.5,1,5,2012-03-11 12:00:00
77.5,1,5,2012-03-12 12:00:00
76.8,1,5,2012-03-13 12:00:00
72.8,1,5,2012-03-14 12:00:00
68.5,1,5,2012-03-15 12:00:00
71.3,1,5,2012-03-16 12:00:00
74.8,1,5,2012-03-17 12:00:00
74.4,1,5,2012-03-18 12:00:00
77.5,1,5,2012-03-19 12:00:00
75.5,1,5,2012-03-20 12:00:00
74.2,1,5,2012-03-21 12:00:00
73.9,1,5,2012-03-22 12:00:00
71.1,1,5,2012-03-23 12:00:00
74.5,1,5,2012-03-24 12:00:00
80.4,1,5,2012-03-25 12:00:00
76.7,1,5,2012-03-26 12:00:00
72.6,1,5,2012-03-27 12:00:00
71.9,1,5,2012-03-28 12:00:00
78.7,1,5,2012-03-29 12:00:00
82.3,1,5,2012-03-30 12:00:00
78.0,1,5,2012-03-31 12:00:00
78.3,1,5,2012-04-01 12:00:00
73.2,1,5,2012-04-02 12:00:00
74.7,1,5,2012-04-03 12:00:00
74.5,1,5,2012-04-04 12:00:00
72.3,1,5,2012-04-05 12:00:00
69.1,1,5,2012-04-06 12:00:00
68.0,1,5,2012-04-07 12:00:00
71.1,1,5,2012-04-08 12:00:00
75.4,1,5,2012-04-09 12:00:00
78.3,1,5,2012-04-10 12:00:00
72.5,1,5,2012-04-11 12:00:00
75.9,1,5,2012-04-12 12:00:00
75.6,1,5,2012-04-13 12:00:00
75.8,1,5,2012-04-14 12:00:00
74.3,1,5,2012-04-15 12:00:00
79.7,1,5,2012-04-16 12:00:00
83.5,1,5,2012-04-17 12:00:00
78.5,1,5,2012-04-18 12:00:00
80.5,1,5,2012-04-19 12:00:00
75.9,1,5,2012-04-20 12:00:00
75.5,1,5,2012-04-21 12:00:00
78.0,1,5,2012-04-22 12:00:00
77.0,1,5,2012-04-23 12:00:00
72.9,1,5,2012-04-24 12:00:00
77.3,1,5,2012-04-25 12:00:00
77.5,1,5,2012-04-26 12:00:00
82.0,1,5,2012-04-27 12:00:00
81.9,1,5,2012-04-28 12:00:00
75.7,1,5,2012-04-29 12:00:00
74.6,1,5,2012-04-30 12:00:00
75.5,1,5,2012-05-01 12:00:00
73.1,1,5,2012-05-02 12:00:00
72.4,1,5,2012-05-03 12:00:00
73.7,1,5,2012-05-04 12:00:00
71.7,1,5,2012-05-05 12:00:00
73.2,1,5,2012-05-06 12:00:00
77.2,1,5,2012-05-07 12:00:00
77.1,1,5,2012-05-08 12:00:00
75.9,1,5,2012-05-09 12:00:00
75.0,1,5,2012-05-10 12:00:00
75.2,1,5,2012-05-11 12:00:00
75.4,1,5,2012-05-12 12:00:00
73.0,1,5,2012-05-13 12:00:00
73.0,1,5,2012-05-14 12:00:00
75.9,1,5,2012-05-15 12:00:00
75.5,1,5,2012-05-16 12:00:00
74.9,1,5,2012-05-17 12:00:00
76.1,1,5,2012-05-18 12:00:00
79.2,1,5,2012-05-19 12:00:00
81.5,1,5,2012-05-20 12:00:00
82.0,1,5,2012-05-21 12:00:00
79.3,1,5,2012-05-22 12:00:00
76.0,1,5,2012-05-23 12:00:00
79.0,1,5,2012-05-24 12:00:00
79.9,1,5,2012-05-25 12:00:00
78.4,1,5,2012-05-26 12:00:00
80.3,1,5,2012-05-27 12:00:00
80.4,1,5,2012-05-28 12:00:00
78.4,1,5,2012-05-29 12:00:00
80.4,1,5,2012-05-30 12:00:00
77.8,1,5,2012-05-31 12:00:00
80.6,1,5,2012-06-01 12:00:00
79.2,1,5,2012-06-02 12:00:00
79.1,1,5,2012-06-03 12:00:00
77.9,1,5,2012-06-04 12:00:00
77.3,1,5,2012-06-05 12:00:00
79.6,1,5,2012-06-06 12:00:00
77.1,1,5,2012-06-07 12:00:00
79.4,1,5,2012-06-08 12:00:00
79.0,1,5,2012-06-09 12:00:00
79.8,1,5,2012-06-10 12:00:00
76.1,1,5,2012-06-11 12:00:00
74.7,1,5,2012-06-12 12:00:00
74.3,1,5,2012-06-13 12:00:00
76.3,1,5,2012-06-14 12:00:00
74.1,1,5,2012-06-15 12:00:00
71.2,1,5,2012-06-16 12:00:00
77.1,1,5,2012-06-17 12:00:00
77.8,1,5,2012-06-18 12:00:00
79.6,1,5,2012-06-19 12:00:00
80.6,1,5,2012-06-20 12:00:00
77.4,1,5,2012-06-21 12:00:00
73.2,1,5,2012-06-22 12:00:00
70.8,1,5,2012-06-23 12:00:00
72.2,1,5,2012-06-24 12:00:00
76.5,1,5,2012-06-25 12:00:00
77.2,1,5,2012-06-26 12:00:00
78.7,1,5,2012-06-27 12:00:00
71.9,1,5,2012-06-28 12:00:00
76.1,1,5,2012-06-29 12:00:00
76.7,1,5,2012-06-30 12:00:00
79.2,1,5,2012-07-01 12:00:00
77.2,1,5,2012-07-02 12:00:00
77.1,1,5,2012-07-03 12:00:00
80.9,1,5,2012-07-04 12:00:00
76.8,1,5,2012-07-05 12:00:00
79.4,1,5,2012-07-06 12:00:00
78.6,1,5,2012-07-07 12:00:00
77.1,1,5,2012-07-08 12:00:00
76.3,1,5,2012-07-09 12:00:00
78.7,1,5,2012-07-10 12:00:00
78.5,1,5,2012-07-11 12:00:00
77.3,1,5,2012-07-12 12:00:00
77.6,1,5,2012-07-13 12:00:00
76.7,1,5,2012-07-14 12:00:00
77.2,1,5,2012-07-15 12:00:00
77.0,1,5,2012-07-16 12:00:00
75.1,1,5,2012-07-17 12:00:00
77.5,1,5,2012-07-18 12:00:00
75.4,1,5,2012-07-19 12:00:00
82.9,1,5,2012-07-20 12:00:00
78.5,1,5,2012-07-21 12:00:00
82.5,1,5,2012-07-22 12:00:00
76.5,1,5,2012-07-23 12:00:00
78.8,1,5,2012-07-24 12:00:00
75.0,1,5,2012-07-25 12:00:00
73.4,1,5,2012-07-26 12:00:00
72.5,1,5,2012-07-27 12:00:00
75.4,1,5,2012-07-28 12:00:00
76.3,1,5,2012-07-29 12:00:00
76.6,1,5,2012-07-30 12:00:00
77.7,1,5,2012-07-31 12:00:00
75.7,1,5,2012-08-01 12:00:00
74.8,1,5,2012-08-02 12:00:00
72.8,1,5,2012-08-03 12:00:00
72.3,1,5,2012-08-04 12:00:00
70.6,1,5,2012-08-05 12:00:00
72.0,1,5,2012-08-06 12:00:00
75.2,1,5,2012-08-07 12:00:00
80.9,1,5,2012-08-08 12:00:00
82.5,1,5,2012-08-09 12:00:00
77.9,1,5,2012-08-10 12:00:00
78.2,1,5,2012-08-11 12:00:00
79.2,1,5,2012-08-12 12:00:00
80.7,1,5,2012-08-13 12:00:00
78.7,1,5,2012-08-14 12:00:00
80.2,1,5,2012-08-15 12:00:00
80.2,1,5,2012-08-16 12:00:00
78.6,1,5,2012-08-17 12:00:00
82.9,1,5,2012-08-18 12:00:00
80.9,1,5,2012-08-19 12:00:00
79.0,1,5,2012-08-20 12:00:00
78.4,1,5,2012-08-21 12:00:00
81.8,1,5,2012-08-22 12:00:00
78.9,1,5,2012-08-23 12:00:00
75.6,1,5,2012-08-24 12:00:00
78.5,1,5,2012-08-25 12:00:00
79.3,1,5,2012-08-26 12:00:00
80.2,1,5,2012-08-27 12:00:00
76.7,1,5,2012-08-28 12:00:00
76.5,1,5,2012-08-29 12:00:00
75.8,1,5,2012-08-30 12:00:00
76.4,1,5,2012-08-31 12:00:00
79.4,1,5,2012-09-01 12:00:00
81.3,1,5,2012-09-02 12:00:00
80.9,1,5,2012-09-03 12:00:00
78.7,1,5,2012-09-04 12:00:00
81.5,1,5,2012-09-05 12:00:00
81.0,1,5,2012-09-06 12:00:00
83.1,1,5,2012-09-07 12:00:00
78.6,1,5,2012-09-08 12:00:00
74.0,1,5,2012-09-09 12:00:00
71.6,1,5,2012-09-10 12:00:00
80.8,1,5,2012-09-11 12:00:00
80.5,1,5,2012-09-12 12:00:00
78.8,1,5,2012-09-13 12:00:00
71.3,1,5,2012-09-14 12:00:00
67.6,1,5,2012-09-15 12:00:00
70.8,1,5,2012-09-16 12:00:00
73.1,1,5,2012-09-17 12:00:00
74.8,1,5,2012-09-18 12:00:00
71.4,1,5,2012-09-19 12:00:00
73.8,1,5,2012-09-20 12:00:00
77.7,1,5,2012-09-21 12:00:00
82.3,1,5,2012-09-22 12:00:00
79.3,1,5,2012-09-23 12:00:00
75.8,1,5,2012-09-24 12:00:00
76.2,1,5,2012-09-25 12:00:00
76.0,1,5,2012-09-26 12:00:00
73.5,1,5,2012-09-27 12:00:00
74.0,1,5,2012-09-28 12:00:00
76.2,1,5,2012-09-29 12:00:00
72.1,1,5,2012-09-30 12:00:00
67.1,1,5,2012-10-01 12:00:00
69.2,1,5,2012-10-02 12:00:00
70.3,1,5,2012-10-03 12:00:00
70.2,1,5,2012-10-04 12:00:00
70.2,1,5,2012-10-05 12:00:00
72.6,1,5,2012-10-06 12:00:00
77.2,1,5,2012-10-07 12:00:00
73.5,1,5,2012-10-08 12:00:00
73.1,1,5,2012-10-09 12:00:00
76.4,1,5,2012-10-10 12:00:00
78.4,1,5,2012-10-11 12:00:00
75.0,1,5,2012-10-12 12:00:00
76.6,1,5,2012-10-13 12:00:00
80.3,1,5,2012-10-14 12:00:00
81.3,1,5,2012-10-15 12:00:00
80.6,1,5,2012-10-16 12:00:00
82.4,1,5,2012-10-17 12:00:00
78.7,1,5,2012-10-18 12:00:00
75.8,1,5,2012-10-19 12:00:00
75.9,1,5,2012-10-20 12:00:00
81.2,1,5,2012-10-21 12:00:00
83.3,1,5,2012-10-22 12:00:00
81.2,1,5,2012-10-23 12:00:00
82.6,1,5,2012-10-24 12:00:00
85.6,1,5,2012-10-25 12:00:00
80.6,1,5,2012-10-26 12:00:00
79.3,1,5,2012-10-27 12:00:00
80.3,1,5,2012-10-28 12:00:00
76.3,1,5,2012-10-29 12:00:00
81.1,1,5,2012-10-30 12:00:00
78.8,1,5,2012-10-31 12:00:00
85.8,1,5,2012-11-01 12:00:00
84.0,1,5,2012-11-02 12:00:00
83.0,1,5,2012-11-03 12:00:00
79.8,1,5,2012-11-04 12:00:00
83.2,1,5,2012-11-05 12:00:00
78.0,1,5,2012-11-06 12:00:00
79.5,1,5,2012-11-07 12:00:00
89.3,1,5,2012-11-08 12:00:00
82.2,1,5,2012-11-09 12:00:00
80.3,1,5,2012-11-10 12:00:00
80.9,1,5,2012-11-11 12:00:00
80.8,1,5,2012-11-12 12:00:00
83.1,1,5,2012-11-13 12:00:00
82.3,1,5,2012-11-14 12:00:00
79.2,1,5,2012-11-15 12:00:00
84.3,1,5,2012-11-16 12:00:00
84.2,1,5,2012-11-17 12:00:00
81.3,1,5,2012-11-18 12:00:00
80.1,1,5,2012-11-19 12:00:00
80.3,1,5,2012-11-20 12:00:00
80.7,1,5,2012-11-21 12:00:00
82.1,1,5,2012-11-22 12:00:00
74.7,1,5,2012-11-23 12:00:00
77.0,1,5,2012-11-24 12:00:00
82.5,1,5,2012-11-25 12:00:00
86.4,1,5,2012-11-26 12:00:00
84.0,1,5,2012-11-27 12:00:00
85.8,1,5,2012-11-28 12:00:00
81.5,1,5,2012-11-29 12:00:00
82.4,1,5,2012-11-30 12:00:00
82.6,1,5,2012-12-01 12:00:00
81.8,1,5,2012-12-02 12:00:00
78.0,1,5,2012-12-03 12:00:00
77.2,1,5,2012-12-04 12:00:00
78.2,1,5,2012-12-05 12:00:00
76.2,1,5,2012-12-06 12:00:00
72.1,1,5,2012-12-07 12:00:00
76.0,1,5,2012-12-08 12:00:00
75.2,1,5,2012-12-09 12:00:00
78.2,1,5,2012-12-10 12:00:00
78.2,1,5,2012-12-11 12:00:00
75.9,1,5,2012-12-12 12:00:00
76.7,1,5,2012-12-13 12:00:00
84.2,1,5,2012-12-14 12:00:00
78.9,1,5,2012-12-15 12:00:00
80.0,1,5,2012-12-16 12:00:00
75.5,1,5,2012-12-17 12:00:00
78.6,1,5,2012-12-18 12:00:00
80.8,1,5,2012-12-19 12:00:00
79.4,1,5,2012-12-20 12:00:00
79.1,1,5,2012-12-21 12:00:00
79.8,1,5,2012-12-22 12:00:00
83.2,1,5,2012-12-23 12:00:00
82.4,1,5,2012-12-24 12:00:00
83.3,1,5,2012-12-25 12:00:00
88.0,1,5,2012-12-26 12:00:00
84.6,1,5,2012-12-27 12:00:00
79.9,1,5,2012-12-28 12:00:00
84.8,1,5,2012-12-29 12:00:00
84.6,1,5,2012-12-30 12:00:00
81.5,1,5,2012-12-31 12:00:00
79.1,1,5,2013-01-01 12:00:00
81.3,1,5,2013-01-02 12:00:00
79.9,1,5,2013-01-03 12:00:00
77.9,1,5,2013-01-04 12:00:00
79.8,1,5,2013-01-05 12:00:00
79.0,1,5,2013-01-06 12:00:00
77.2,1,5,2013-01-07 12:00:00
77.8,1,5,2013-01-08 12:00:00
78.8,1,5,2013-01-09 12:00:00
77.3,1,5,2013-01-10 12:00:00
76.2,1,5,2013-01-11 12:00:00
79.5,1,5,2013-01-12 12:00:00
80.0,1,5,2013-01-13 12:00:00
79.7,1,5,2013-01-14 12:00:00
79.0,1,5,2013-01-15 12:00:00
83.2,1,5,2013-01-16 12:00:00
80.6,1,5,2013-01-17 12:00:00
77.3,1,5,2013-01-18 12:00:00
77.5,1,5,2013-01-19 12:00:00
81.8,1,5,2013-01-20 12:00:00
78.6,1,5,2013-01-21 12:00:00
77.5,1,5,2013-01-22 12:00:00
80.2,1,5,2013-01-23 12:00:00
82.0,1,5,2013-01-24 12:00:00
80.2,1,5,2013-01-25 12:00:00
80.2,1,5,2013-01-26 12:00:00
80.2,1,5,2013-01-27 12:00:00
82.1,1,5,2013-01-28 12:00:00
80.8,1,5,2013-01-29 12:00:00
81.5,1,5,2013-01-30 12:00:00
79.2,1,5,2013-01-31 12:00:00
79.7,1,5,2013-02-01 12:00:00
80.7,1,5,2013-02-02 12:00:00
83.3,1,5,2013-02-03 12:00:00
80.0,1,5,2013-02-04 12:00:00
81.9,1,5,2013-02-05 12:00:00
81.0,1,5,2013-02-06 12:00:00
84.7,1,5,2013-02-07 12:00:00
82.2,1,5,2013-02-08 12:00:00
78.1,1,5,2013-02-09 12:00:00
79.0,1,5,2013-02-10 12:00:00
79.2,1,5,2013-02-11 12:00:00
79.3,1,5,2013-02-12 12:00:00
77.7,1,5,2013-02-13 12:00:00
80.8,1,5,2013-02-14 12:00:00
81.2,1,5,2013-02-15 12:00:00
78.2,1,5,2013-02-16 12:00:00
77.3,1,5,2013-02-17 12:00:00
78.3,1,5,2013-02-18 12:00:00
81.0,1,5,2013-02-19 12:00:00
79.9,1,5,2013-02-20 12:00:00
75.0,1,5,2013-02-21 12:00:00
78.0,1,5,2013-02-22 12:00:00
80.1,1,5,2013-02-23 12:00:00
79.2,1,5,2013-02-24 12:00:00
80.1,1,5,2013-02-25 12:00:00
78.6,1,5,2013-02-26 12:00:00
79.6,1,5,2013-02-27 12:00:00
77.7,1,5,2013-02-28 12:00:00
73.7,1,5,2013-03-01 12:00:00
71.7,1,5,2013-03-02 12:00:00
73.8,1,5,2013-03-03 12:00:00
74.3,1,5,2013-03-04 12:00:00
72.5,1,5,2013-03-05 12:00:00
71.8,1,5,2013-03-06 12:00:00
71.8,1,5,2013-03-07 12:00:00
71.5,1,5,2013-03-08 12:00:00
71.8,1,5,2013-03-09 12:00:00
71.4,1,5,2013-03-10 12:00:00
74.8,1,5,2013-03-11 12:00:00
72.2,1,5,2013-03-12 12:00:00
72.9,1,5,2013-03-13 12:00:00
70.3,1,5,2013-03-14 12:00:00
68.2,1,5,2013-03-15 12:00:00
71.6,1,5,2013-03-16 12:00:00
74.0,1,5,2013-03-17 12:00:00
72.5,1,5,2013-03-18 12:00:00
71.8,1,5,2013-03-19 12:00:00
71.8,1,5,2013-03-20 12:00:00
70.3,1,5,2013-03-21 12:00:00
72.6,1,5,2013-03-22 12:00:00
75.4,1,5,2013-03-23 12:00:00
76.7,1,5,2013-03-24 12:00:00
73.2,1,5,2013-03-25 12:00:00
73.5,1,5,2013-03-26 12:00:00
78.3,1,5,2013-03-27 12:00:00
82.4,1,5,2013-03-28 12:00:00
79.4,1,5,2013-03-29 12:00:00
80.3,1,5,2013-03-30 12:00:00
79.5,1,5,2013-03-31 12:00:00
83.3,1,5,2013-04-01 12:00:00
82.9,1,5,2013-04-02 12:00:00
76.8,1,5,2013-04-03 12:00:00
80.0,1,5,2013-04-04 12:00:00
76.2,1,5,2013-04-05 12:00:00
77.6,1,5,2013-04-06 12:00:00
76.8,1,5,2013-04-07 12:00:00
77.0,1,5,2013-04-08 12:00:00
76.8,1,5,2013-04-09 12:00:00
77.9,1,5,2013-04-10 12:00:00
77.6,1,5,2013-04-11 12:00:00
77.3,1,5,2013-04-12 12:00:00
76.6,1,5,2013-04-13 12:00:00
77.0,1,5,2013-04-14 12:00:00
81.7,1,5,2013-04-15 12:00:00
81.6,1,5,2013-04-16 12:00:00
75.3,1,5,2013-04-17 12:00:00
75.1,1,5,2013-04-18 12:00:00
71.1,1,5,2013-04-19 12:00:00
76.1,1,5,2013-04-20 12:00:00
72.7,1,5,2013-04-21 12:00:00
72.9,1,5,2013-04-22 12:00:00
76.5,1,5,2013-04-23 12:00:00
77.2,1,5,2013-04-24 12:00:00
75.2,1,5,2013-04-25 12:00:00
73.1,1,5,2013-04-26 12:00:00
76.0,1,5,2013-04-27 12:00:00
70.6,1,5,2013-04-28 12:00:00
77.5,1,5,2013-04-29 12:00:00
79.8,1,5,2013-04-30 12:00:00
76.1,1,5,2013-05-01 12:00:00
80.0,1,5,2013-05-02 12:00:00
77.4,1,5,2013-05-03 12:00:00
82.5,1,5,2013-05-04 12:00:00
80.7,1,5,2013-05-05 12:00:00
78.0,1,5,2013-05-06 12:00:00
78.1,1,1,2013-05-07 12:00:00
84.7,2,1,2013-05-08 12:00:00
84.3,2,1,2013-05-09 12:00:00
89.8,2,1,2013-05-10 12:00:00
83.5,2,1,2013-05-11 12:00:00
83.1,2,1,2013-05-12 12:00:00
80.7,2,1,2013-05-13 12:00:00
78.3,2,1,2013-05-14 12:00:00
76.8,2,1,2013-05-15 12:00:00
,0,0,2013-05-16 12:00:00
80.3,2,1,2013-05-17 12:00:00
77.5,2,1,2013-05-18 12:00:00
78.7,2,1,2013-05-19 12:00:00
81.5,2,1,2013-05-20 12:00:00
74.4,2,1,2013-05-21 12:00:00
79.5,2,1,2013-05-22 12:00:00
82.7,2,1,2013-05-23 12:00:00
80.3,2,1,2013-05-24 12:00:00
78.3,2,1,2013-05-25 12:00:00
76.4,2,1,2013-05-26 12:00:00
75.6,2,1,2013-05-27 12:00:00
75.6,2,1,2013-05-28 12:00:00
73.2,2,1,2013-05-29 12:00:00
74.0,2,1,2013-05-30 12:00:00
76.4,2,1,2013-05-31 12:00:00
77.9,2,1,2013-06-01 12:00:00
78.7,2,1,2013-06-02 12:00:00
78.3,2,1,2013-06-03 12:00:00
77.1,2,1,2013-06-04 12:00:00
79.1,2,1,2013-06-05 12:00:00
77.1,2,1,2013-06-06 12:00:00
74.4,2,1,2013-06-07 12:00:00
80.3,2,1,2013-06-08 12:00:00
79.9,2,1,2013-06-09 12:00:00
77.1,2,1,2013-06-10 12:00:00
77.9,2,1,2013-06-11 12:00:00
76.4,2,1,2013-06-12 12:00:00
76.4,2,1,2013-06-13 12:00:00
77.1,2,1,2013-06-14 12:00:00
79.5,2,1,2013-06-15 12:00:00
77.1,2,1,2013-06-16 12:00:00
76.0,2,1,2013-06-17 12:00:00
75.6,2,1,2013-06-18 12:00:00
72.0,2,1,2013-06-19 12:00:00
72.0,2,1,2013-06-20 12:00:00
72.8,2,1,2013-06-21 12:00:00
72.8,2,1,2013-06-22 12:00:00
74.4,2,1,2013-06-23 12:00:00
74.8,2,1,2013-06-24 12:00:00
77.5,2,1,2013-06-25 12:00:00
72.4,2,1,2013-06-26 12:00:00
76.4,2,1,2013-06-27 12:00:00
74.4,2,1,2013-06-28 12:00:00
72.8,2,1,2013-06-29 12:00:00
76.8,2,1,2013-06-30 12:00:00
76.8,2,1,2013-07-01 12:00:00
83.1,2,1,2013-07-02 12:00:00
76.0,2,1,2013-07-03 12:00:00
74.0,2,1,2013-07-04 12:00:00
74.0,2,1,2013-07-05 12:00:00
77.1,2,1,2013-07-06 12:00:00
74.8,2,1,2013-07-07 12:00:00
77.9,2,1,2013-07-08 12:00:00
78.3,2,1,2013-07-09 12:00:00
75.6,2,1,2013-07-10 12:00:00
70.8,2,1,2013-07-11 12:00:00
74.4,2,1,2013-07-12 12:00:00
76.0,2,1,2013-07-13 12:00:00
76.4,2,1,2013-07-14 12:00:00
77.5,2,1,2013-07-15 12:00:00
75.2,2,1,2013-07-16 12:00:00
75.6,2,1,2013-07-17 12:00:00
71.6,2,1,2013-07-18 12:00:00
72.0,2,1,2013-07-19 12:00:00
72.0,2,1,2013-07-20 12:00:00
72.0,2,1,2013-07-21 12:00:00
76.0,2,1,2013-07-22 12:00:00
76.8,2,1,2013-07-23 12:00:00
72.4,2,1,2013-07-24 12:00:00
72.8,2,1,2013-07-25 12:00:00
73.2,2,1,2013-07-26 12:00:00
78.3,2,1,2013-07-27 12:00:00
78.7,2,1,2013-07-28 12:00:00
77.1,2,1,2013-07-29 12:00:00
78.7,2,1,2013-07-30 12:00:00
75.2,2,1,2013-07-31 12:00:00
75.2,2,1,2013-08-01 12:00:00
78.7,2,1,2013-08-02 12:00:00
77.9,2,1,2013-08-03 12:00:00
77.9,2,1,2013-08-04 12:00:00
81.9,2,1,2013-08-05 12:00:00
77.5,2,1,2013-08-06 12:00:00
76.0,2,1,2013-08-07 12:00:00
77.9,2,1,2013-08-08 12:00:00
76.8,2,1,2013-08-09 12:00:00
76.8,2,1,2013-08-10 12:00:00
74.0,2,1,2013-08-11 12:00:00
74.4,2,1,2013-08-12 12:00:00
72.8,2,1,2013-08-13 12:00:00
74.8,2,1,2013-08-14 12:00:00
75.2,2,1,2013-08-15 12:00:00
74.0,2,1,2013-08-16 12:00:00
78.7,2,1,2013-08-17 12:00:00
78.3,2,1,2013-08-18 12:00:00
78.7,2,1,2013-08-19 12:00:00
79.1,2,1,2013-08-20 12:00:00
78.7,2,1,2013-08-21 12:00:00
76.4,2,1,2013-08-22 12:00:00
77.9,2,1,2013-08-23 12:00:00
77.5,2,1,2013-08-24 12:00:00
75.2,2,1,2013-08-25 12:00:00
78.7,2,1,2013-08-26 12:00:00
75.6,2,1,2013-08-27 12:00:00
78.3,2,1,2013-08-28 12:00:00
77.1,2,1,2013-08-29 12:00:00
78.3,2,1,2013-08-30 12:00:00
78.7,2,1,2013-08-31 12:00:00
80.7,2,1,2013-09-01 12:00:00
84.7,2,1,2013-09-02 12:00:00
82.3,2,1,2013-09-03 12:00:00
74.4,2,1,2013-09-04 12:00:00
79.1,2,1,2013-09-05 12:00:00
76.4,2,1,2013-09-06 12:00:00
75.2,2,1,2013-09-07 12:00:00
77.1,2,1,2013-09-08 12:00:00
75.6,2,1,2013-09-09 12:00:00
77.1,2,1,2013-09-10 12:00:00
78.3,2,1,2013-09-11 12:00:00
81.1,2,1,2013-09-12 12:00:00
78.7,2,1,2013-09-13 12:00:00
74.0,2,1,2013-09-14 12:00:00
70.8,2,1,2013-09-15 12:00:00
74.4,2,1,2013-09-16 12:00:00
76.8,2,1,2013-09-17 12:00:00
74.8,2,1,2013-09-18 12:00:00
74.0,2,1,2013-09-19 12:00:00
76.0,2,1,2013-09-20 12:00:00
76.4,2,1,2013-09-21 12:00:00
76.0,2,1,2013-09-22 12:00:00
76.4,2,1,2013-09-23 12:00:00
78.7,2,1,2013-09-24 12:00:00
76.4,2,1,2013-09-25 12:00:00
73.6,2,1,2013-09-26 12:00:00
76.8,2,1,2013-09-27 12:00:00
76.0,2,1,2013-09-28 12:00:00
76.8,2,1,2013-09-29 12:00:00
74.4,2,1,2013-09-30 12:00:00
76.4,2,1,2013-10-01 12:00:00
77.5,2,1,2013-10-02 12:00:00
73.6,2,1,2013-10-03 12:00:00
73.6,2,1,2013-10-04 12:00:00
72.0,2,1,2013-10-05 12:00:00
71.2,2,1,2013-10-06 12:00:00
76.8,2,1,2013-10-07 12:00:00
72.0,2,1,2013-10-08 12:00:00
76.8,2,1,2013-10-09 12:00:00
76.8,2,1,2013-10-10 12:00:00
79.5,2,1,2013-10-11 12:00:00
76.0,2,1,2013-10-12 12:00:00
77.1,2,1,2013-10-13 12:00:00
77.1,2,1,2013-10-14 12:00:00
77.5,2,1,2013-10-15 12:00:00
79.5,2,1,2013-10-16 12:00:00
84.3,2,1,2013-10-17 12:00:00
77.5,2,1,2013-10-18 12:00:00
78.3,2,1,2013-10-19 12:00:00
75.6,2,1,2013-10-20 12:00:00
75.2,2,1,2013-10-21 12:00:00
73.6,2,1,2013-10-22 12:00:00
76.0,2,1,2013-10-23 12:00:00
76.0,2,1,2013-10-24 12:00:00
74.8,2,1,2013-10-25 12:00:00
79.5,2,1,2013-10-26 12:00:00
76.8,2,1,2013-10-27 12:00:00
74.0,2,1,2013-10-28 12:00:00
75.6,2,1,2013-10-29 12:00:00
77.1,2,1,2013-10-30 12:00:00
80.7,2,1,2013-10-31 12:00:00
83.9,2,1,2013-11-01 12:00:00
81.5,2,1,2013-11-02 12:00:00
80.3,2,1,2013-11-03 12:00:00
83.1,2,1,2013-11-04 12:00:00
80.7,2,1,2013-11-05 12:00:00
81.5,2,1,2013-11-06 12:00:00
79.9,2,1,2013-11-07 12:00:00
84.3,2,1,2013-11-08 12:00:00
81.9,2,1,2013-11-09 12:00:00
81.1,2,1,2013-11-10 12:00:00
78.3,2,1,2013-11-11 12:00:00
79.5,2,1,2013-11-12 12:00:00
77.5,2,1,2013-11-13 12:00:00
79.5,2,1,2013-11-14 12:00:00
81.9,2,1,2013-11-15 12:00:00
79.1,2,1,2013-11-16 12:00:00
79.9,2,1,2013-11-17 12:00:00
78.7,2,1,2013-11-18 12:00:00
75.2,2,1,2013-11-19 12:00:00
73.2,2,1,2013-11-20 12:00:00
70.8,2,1,2013-11-21 12:00:00
69.2,2,1,2013-11-22 12:00:00
74.4,2,1,2013-11-23 12:00:00
76.4,2,1,2013-11-24 12:00:00
77.9,2,1,2013-11-25 12:00:00
77.1,2,1,2013-11-26 12:00:00
78.7,2,1,2013-11-27 12:00:00
81.5,2,1,2013-11-28 12:00:00
77.1,2,1,2013-11-29 12:00:00
87.1,2,1,2013-11-30 12:00:00
78.7,2,1,2013-12-01 12:00:00
79.1,2,1,2013-12-02 12:00:00
79.5,2,1,2013-12-03 12:00:00
76.0,2,1,2013-12-04 12:00:00
68.4,2,1,2013-12-05 12:00:00
70.8,2,1,2013-12-06 12:00:00
76.4,2,1,2013-12-07 12:00:00
81.1,2,1,2013-12-08 12:00:00
85.5,2,1,2013-12-09 12:00:00
81.5,2,1,2013-12-10 12:00:00
80.3,2,1,2013-12-11 12:00:00
77.9,2,1,2013-12-12 12:00:00
77.1,2,1,2013-12-13 12:00:00
72.8,2,1,2013-12-14 12:00:00
70.8,2,1,2013-12-15 12:00:00
74.8,2,1,2013-12-16 12:00:00
75.2,2,1,2013-12-17 12:00:00
77.9,2,1,2013-12-18 12:00:00
77.1,2,1,2013-12-19 12:00:00
76.4,2,1,2013-12-20 12:00:00
73.2,2,1,2013-12-21 12:00:00
76.0,2,1,2013-12-22 12:00:00
78.3,2,1,2013-12-23 12:00:00
78.3,2,1,2013-12-24 12:00:00
74.4,2,1,2013-12-25 12:00:00
83.5,2,1,2013-12-26 12:00:00
81.1,2,1,2013-12-27 12:00:00
78.3,2,1,2013-12-28 12:00:00
81.5,2,1,2013-12-29 12:00:00
77.5,2,1,2013-12-30 12:00:00
81.5,2,1,2013-12-31 12:00:00
80.3,2,1,2014-01-01 12:00:00
80.7,2,1,2014-01-02 12:00:00
76.8,2,1,2014-01-03 12:00:00
79.1,2,1,2014-01-04 12:00:00
79.9,2,1,2014-01-05 12:00:00
79.9,2,1,2014-01-06 12:00:00
81.5,2,1,2014-01-07 12:00:00
79.9,2,1,2014-01-08 12:00:00
78.3,2,1,2014-01-09 12:00:00
76.0,2,1,2014-01-10 12:00:00
78.3,2,1,2014-01-11 12:00:00
80.7,2,1,2014-01-12 12:00:00
81.9,2,1,2014-01-13 12:00:00
77.1,2,1,2014-01-14 12:00:00
76.4,2,1,2014-01-15 12:00:00
74.4,2,1,2014-01-16 12:00:00
72.0,2,1,2014-01-17 12:00:00
77.9,2,1,2014-01-18 12:00:00
78.3,2,1,2014-01-19 12:00:00
76.0,2,1,2014-01-20 12:00:00
76.8,2,1,2014-01-21 12:00:00
77.9,2,1,2014-01-22 12:00:00
74.8,2,1,2014-01-23 12:00:00
73.2,2,1,2014-01-24 12:00:00
75.2,2,1,2014-01-25 12:00:00
72.8,2,1,2014-01-26 12:00:00
74.8,2,1,2014-01-27 12:00:00
77.9,2,1,2014-01-28 12:00:00
80.3,2,1,2014-01-29 12:00:00
74.8,2,1,2014-01-30 12:00:00
71.7,1,5,2015-05-07 12:00:00
74.4,1,5,2015-05-08 12:00:00
82.8,1,5,2015-05-09 12:00:00
85.8,1,5,2015-05-10 12:00:00
85.5,1,5,2015-05-11 12:00:00
88.1,1,5,2015-05-12 12:00:00
78.2,1,5,2015-05-13 12:00:00
82.7,1,5,2015-05-14 12:00:00
76.5,1,5,2015-05-15 12:00:00
79.0,1,5,2015-05-16 12:00:00
77.2,1,5,2015-05-17 12:00:00
75.6,1,5,2015-05-18 12:00:00
76.4,1,5,2015-05-19 12:00:00
79.3,1,5,2015-05-20 12:00:00
79.7,1,5,2015-05-21 12:00:00
79.9,1,5,2015-05-22 12:00:00
76.7,1,5,2015-05-23 12:00:00
82.0,1,5,2015-05-24 12:00:00
76.6,1,5,2015-05-25 12:00:00
78.4,1,5,2015-05-26 12:00:00
78.7,1,5,2015-05-27 12:00:00
76.0,1,5,2015-05-28 12:00:00
76.4,1,5,2015-05-29 12:00:00
79.1,1,5,2015-05-30 12:00:00
70.9,1,5,2015-05-31 12:00:00
75.5,1,5,2015-06-01 12:00:00
77.6,1,5,2015-06-02 12:00:00
75.0,1,5,2015-06-03 12:00:00
77.8,1,5,2015-06-04 12:00:00
81.7,1,5,2015-06-05 12:00:00
80.7,1,5,2015-06-06 12:00:00
80.7,1,5,2015-06-07 12:00:00
76.8,1,5,2015-06-08 12:00:00
83.1,1,5,2015-06-09 12:00:00
77.2,1,5,2015-06-10 12:00:00
79.4,1,5,2015-06-11 12:00:00
77.4,1,5,2015-06-12 12:00:00
82.7,1,5,2015-06-13 12:00:00
77.1,1,5,2015-06-14 12:00:00
78.1,1,5,2015-06-15 12:00:00
77.2,1,5,2015-06-16 12:00:00
77.3,1,5,2015-06-17 12:00:00
76.5,1,5,2015-06-18 12:00:00
79.3,1,5,2015-06-19 12:00:00
76.8,1,5,2015-06-20 12:00:00
78.4,1,5,2015-06-21 12:00:00
80.9,1,5,2015-06-22 12:00:00
80.4,1,5,2015-06-23 12:00:00
79.5,1,5,2015-06-24 12:00:00
78.1,1,5,2015-06-25 12:00:00
76.5,1,5,2015-06-26 12:00:00
72.5,1,5,2015-06-27 12:00:00
77.6,1,5,2015-06-28 12:00:00
79.9,1,5,2015-06-29 12:00:00
79.2,1,5,2015-06-30 12:00:00
78.6,1,5,2015-07-01 12:00:00
77.7,1,5,2015-07-02 12:00:00
76.0,1,5,2015-07-03 12:00:00
75.6,1,5,2015-07-04 12:00:00
86.2,1,5,2015-07-05 12:00:00
78.5,1,5,2015-07-06 12:00:00
82.3,1,5,2015-07-07 12:00:00
78.4,1,5,2015-07-08 12:00:00
74.7,1,5,2015-07-09 12:00:00
78.0,1,5,2015-07-10 12:00:00
80.9,1,5,2015-07-11 12:00:00
84.8,1,5,2015-07-12 12:00:00
83.9,1,5,2015-07-13 12:00:00
74.8,1,5,2015-07-14 12:00:00
77.8,1,5,2015-07-15 12:00:00
82.4,1,5,2015-07-16 12:00:00
78.1,1,5,2015-07-17 12:00:00
79.8,1,5,2015-07-18 12:00:00
77.8,1,5,2015-07-19 12:00:00
76.3,1,5,2015-07-20 12:00:00
78.8,1,5,2015-07-21 12:00:00
78.7,1,5,2015-07-22 12:00:00
79.8,1,5,2015-07-23 12:00:00
80.9,1,5,2015-07-24 12:00:00
81.0,1,5,2015-07-25 12:00:00
77.8,1,5,2015-07-26 12:00:00
79.2,1,5,2015-07-27 12:00:00
79.8,1,5,2015-07-28 12:00:00
81.4,1,5,2015-07-29 12:00:00
79.1,1,5,2015-07-30 12:00:00
79.5,1,5,2015-07-31 12:00:00
80.2,1,5,2015-08-01 12:00:00
76.7,1,5,2015-08-02 12:00:00
78.8,1,5,2015-08-03 12:00:00
78.9,1,5,2015-08-04 12:00:00
85.2,1,5,2015-08-05 12:00:00
81.9,1,5,2015-08-06 12:00:00
82.8,1,5,2015-08-07 12:00:00
76.7,1,5,2015-08-08 12:00:00
76.8,1,5,2015-08-09 12:00:00
74.0,1,5,2015-08-10 12:00:00
75.8,1,5,2015-08-11 12:00:00
87.2,1,5,2015-08-12 12:00:00
87.9,1,5,2015-08-13 12:00:00
83.0,1,5,2015-08-14 12:00:00
80.8,1,5,2015-08-15 12:00:00
81.5,1,5,2015-08-16 12:00:00
77.7,1,5,2015-08-17 12:00:00
76.3,1,5,2015-08-18 12:00:00
76.7,1,5,2015-08-19 12:00:00
80.5,1,5,2015-08-20 12:00:00
78.4,1,5,2015-08-21 12:00:00
76.1,1,5,2015-08-22 12:00:00
76.8,1,5,2015-08-23 12:00:00
75.0,1,5,2015-08-24 12:00:00
76.8,1,5,2015-08-25 12:00:00
76.2,1,5,2015-08-26 12:00:00
81.1,1,5,2015-08-27 12:00:00
83.4,1,5,2015-08-28 12:00:00
81.1,1,5,2015-08-29 12:00:00
78.5,1,5,2015-08-30 12:00:00
82.8,1,5,2015-08-31 12:00:00
87.6,1,5,2015-09-01 12:00:00
81.7,1,5,2015-09-02 12:00:00
85.0,1,5,2015-09-03 12:00:00
81.0,1,5,2015-09-04 12:00:00
78.6,1,5,2015-09-05 12:00:00
78.7,1,5,2015-09-06 12:00:00
82.2,1,5,2015-09-07 12:00:00
76.4,1,5,2015-09-08 12:00:00
79.2,1,5,2015-09-09 12:00:00
77.3,1,5,2015-09-10 12:00:00
76.8,1,5,2015-09-11 12:00:00
77.0,1,5,2015-09-12 12:00:00
79.8,1,5,2015-09-13 12:00:00
79.9,1,5,2015-09-14 12:00:00
75.9,1,5,2015-09-15 12:00:00
75.2,1,5,2015-09-16 12:00:00
75.9,1,5,2015-09-17 12:00:00
76.0,1,5,2015-09-18 12:00:00
77.6,1,5,2015-09-19 12:00:00
80.7,1,5,2015-09-20 12:00:00
83.9,1,5,2015-09-21 12:00:00
88.4,1,5,2015-09-22 12:00:00
80.6,1,5,2015-09-23 12:00:00
76.3,1,5,2015-09-24 12:00:00
81.2,1,5,2015-09-25 12:00:00
73.9,1,5,2015-09-26 12:00:00
71.4,1,5,2015-09-27 12:00:00
73.2,1,5,2015-09-28 12:00:00
73.3,1,5,2015-09-29 12:00:00
74.9,1,5,2015-09-30 12:00:00
79.8,1,5,2015-10-01 12:00:00
81.7,1,5,2015-10-02 12:00:00
79.6,1,5,2015-10-03 12:00:00
76.8,1,5,2015-10-04 12:00:00
77.7,1,5,2015-10-05 12:00:00
80.7,1,5,2015-10-06 12:00:00
81.5,1,5,2015-10-07 12:00:00
86.5,1,5,2015-10-08 12:00:00
86.5,1,5,2015-10-09 12:00:00
81.5,1,5,2015-10-10 12:00:00
79.6,1,5,2015-10-11 12:00:00
81.7,1,5,2015-10-12 12:00:00
85.2,1,5,2015-10-13 12:00:00
85.1,1,5,2015-10-14 12:00:00
78.3,1,5,2015-10-15 12:00:00
80.3,1,5,2015-10-16 12:00:00
84.9,1,5,2015-10-17 12:00:00
81.7,1,5,2015-10-18 12:00:00
83.4,1,5,2015-10-19 12:00:00
87.7,1,5,2015-10-20 12:00:00
84.1,1,5,2015-10-21 12:00:00
81.0,1,5,2015-10-22 12:00:00
80.1,1,5,2015-10-23 12:00:00
84.9,1,5,2015-10-24 12:00:00
88.9,1,5,2015-10-25 12:00:00
85.1,1,5,2015-10-26 12:00:00
78.4,1,5,2015-10-27 12:00:00
83.5,1,5,2015-10-28 12:00:00
79.2,1,5,2015-10-29 12:00:00
80.3,1,5,2015-10-30 12:00:00
81.8,1,5,2015-10-31 12:00:00
79.6,1,5,2015-11-01 12:00:00
82.6,1,5,2015-11-02 12:00:00
85.7,1,5,2015-11-03 12:00:00
84.5,1,5,2015-11-04 12:00:00
79.4,1,5,2015-11-05 12:00:00
78.4,1,5,2015-11-06 12:00:00
79.2,1,5,2015-11-07 12:00:00
81.0,1,5,2015-11-08 12:00:00
80.7,1,5,2015-11-09 12:00:00
81.7,1,5,2015-11-10 12:00:00
82.3,1,5,2015-11-11 12:00:00
85.4,1,5,2015-11-12 12:00:00
87.6,1,5,2015-11-13 12:00:00
84.8,1,5,2015-11-14 12:00:00
85.3,1,5,2015-11-15 12:00:00
82.6,1,5,2015-11-16 12:00:00
81.8,1,5,2015-11-17 12:00:00
79.8,1,5,2015-11-18 12:00:00
83.0,1,5,2015-11-19 12:00:00
84.7,1,5,2015-11-20 12:00:00
78.9,1,5,2015-11-21 12:00:00
78.1,1,5,2015-11-22 12:00:00
81.4,1,5,2015-11-23 12:00:00
82.0,1,5,2015-11-24 12:00:00
83.4,1,5,2015-11-25 12:00:00
82.4,1,5,2015-11-26 12:00:00
83.7,1,5,2015-11-27 12:00:00
86.2,1,5,2015-11-28 12:00:00
81.5,1,5,2015-11-29 12:00:00
83.6,1,5,2015-11-30 12:00:00
83.4,1,5,2015-12-01 12:00:00
84.8,1,5,2015-12-02 12:00:00
87.0,1,5,2015-12-03 12:00:00
86.0,1,5,2015-12-04 12:00:00
90.5,1,5,2015-12-05 12:00:00
87.1,1,5,2015-12-06 12:00:00
80.8,1,5,2015-12-07 12:00:00
81.8,1,5,2015-12-08 12:00:00
82.5,1,5,2015-12-09 12:00:00
88.1,1,5,2015-12-10 12:00:00
84.8,1,5,2015-12-11 12:00:00
82.5,1,5,2015-12-12 12:00:00
82.2,1,5,2015-12-13 12:00:00
80.1,1,5,2015-12-14 12:00:00
78.7,1,5,2015-12-15 12:00:00
75.8,1,5,2015-12-16 12:00:00
74.7,1,5,2015-12-17 12:00:00
74.8,1,5,2015-12-18 12:00:00
75.3,1,5,2015-12-19 12:00:00
75.7,1,5,2015-12-20 12:00:00
74.3,1,5,2015-12-21 12:00:00
74.1,1,5,2015-12-22 12:00:00
76.1,1,5,2015-12-23 12:00:00
77.6,1,5,2015-12-24 12:00:00
79.7,1,5,2015-12-25 12:00:00
77.9,1,5,2015-12-26 12:00:00
78.2,1,5,2015-12-27 12:00:00
77.3,1,5,2015-12-28 12:00:00
78.6,1,5,2015-12-29 12:00:00
77.7,1,5,2015-12-30 12:00:00
74.6,1,5,2015-12-31 12:00:00
74.2,1,5,2016-01-01 12:00:00
71.7,1,5,2016-01-02 12:00:00
75.7,1,5,2016-01-03 12:00:00
77.2,1,5,2016-01-04 12:00:00
77.1,1,5,2016-01-05 12:00:00
76.0,1,5,2016-01-06 12:00:00
75.0,1,5,2016-01-07 12:00:00
80.8,1,5,2016-01-08 12:00:00
79.5,1,5,2016-01-09 12:00:00
79.0,1,5,2016-01-10 12:00:00
79.2,1,5,2016-01-11 12:00:00
78.7,1,5,2016-01-12 12:00:00
83.5,1,5,2016-01-13 12:00:00
81.5,1,5,2016-01-14 12:00:00
78.9,1,5,2016-01-15 12:00:00
80.2,1,5,2016-01-16 12:00:00
82.4,1,5,2016-01-17 12:00:00
78.9,1,5,2016-01-18 12:00:00
79.4,1,5,2016-01-19 12:00:00
78.8,1,5,2016-01-20 12:00:00
77.2,1,5,2016-01-21 12:00:00
78.1,1,5,2016-01-22 12:00:00
74.7,1,5,2016-01-23 12:00:00
75.8,1,5,2016-01-24 12:00:00
77.8,1,5,2016-01-25 12:00:00
75.6,1,5,2016-01-26 12:00:00
75.0,1,5,2016-01-27 12:00:00
77.7,1,5,2016-01-28 12:00:00
87.0,1,5,2016-01-29 12:00:00
78.6,1,5,2016-01-30 12:00:00
75.9,1,5,2016-01-31 12:00:00
79.5,1,5,2016-02-01 12:00:00
78.5,1,5,2016-02-02 12:00:00
79.6,1,5,2016-02-03 12:00:00
78.6,1,5,2016-02-04 12:00:00
83.0,1,5,2016-02-05 12:00:00
81.8,1,5,2016-02-06 12:00:00
83.1,1,5,2016-02-07 12:00:00
88.4,1,5,2016-02-08 12:00:00
78.5,1,5,2016-02-09 12:00:00
74.7,1,5,2016-02-10 12:00:00
77.1,1,5,2016-02-11 12:00:00
77.7,1,5,2016-02-12 12:00:00
77.1,1,5,2016-02-13 12:00:00
79.5,1,5,2016-02-14 12:00:00
79.6,1,5,2016-02-15 12:00:00
75.7,1,5,2016-02-16 12:00:00
77.5,1,5,2016-02-17 12:00:00
78.7,1,5,2016-02-18 12:00:00
78.1,1,5,2016-02-19 12:00:00
80.6,1,5,2016-02-20 12:00:00
81.5,1,5,2016-02-21 12:00:00
77.7,1,5,2016-02-22 12:00:00
81.8,1,5,2016-02-23 12:00:00
78.5,1,5,2016-02-24 12:00:00
78.4,1,5,2016-02-25 12:00:00
78.0,1,5,2016-02-26 12:00:00
81.0,1,5,2016-02-27 12:00:00
,0,0,2016-02-28 12:00:00
79.1,2,1,2016-02-29 12:00:00
77.1,2,1,2016-03-01 12:00:00
75.5,2,1,2016-03-02 12:00:00
76.7,2,1,2016-03-03 12:00:00
75.9,2,1,2016-03-04 12:00:00
79.5,2,1,2016-03-05 12:00:00
79.5,2,1,2016-03-06 12:00:00
81.5,2,1,2016-03-07 12:00:00
76.7,2,1,2016-03-08 12:00:00
80.7,2,1,2016-03-09 12:00:00
81.9,2,1,2016-03-10 12:00:00
75.9,2,1,2016-03-11 12:00:00
79.5,2,1,2016-03-12 12:00:00
74.7,2,1,2016-03-13 12:00:00
77.5,2,1,2016-03-14 12:00:00
77.5,2,1,2016-03-15 12:00:00
84.3,2,1,2016-03-16 12:00:00
78.7,2,1,2016-03-17 12:00:00
79.9,2,1,2016-03-18 12:00:00
86.3,2,1,2016-03-19 12:00:00
85.1,2,1,2016-03-20 12:00:00
79.9,2,1,2016-03-21 12:00:00
83.5,2,1,2016-03-22 12:00:00
79.1,2,1,2016-03-23 12:00:00
79.9,2,1,2016-03-24 12:00:00
79.9,2,1,2016-03-25 12:00:00
75.1,2,1,2016-03-26 12:00:00
76.3,2,1,2016-03-27 12:00:00
75.1,2,1,2016-03-28 12:00:00
75.5,2,1,2016-03-29 12:00:00
77.5,2,1,2016-03-30 12:00:00
75.5,2,1,2016-03-31 12:00:00
76.3,2,1,2016-04-01 12:00:00
77.9,2,1,2016-04-02 12:00:00
78.3,2,1,2016-04-03 12:00:00
79.5,2,1,2016-04-04 12:00:00
81.1,2,1,2016-04-05 12:00:00
82.3,2,1,2016-04-06 12:00:00
79.1,2,1,2016-04-07 12:00:00
74.3,2,1,2016-04-08 12:00:00
75.9,2,1,2016-04-09 12:00:00
76.3,2,1,2016-04-10 12:00:00
85.1,2,1,2016-04-11 12:00:00
77.1,2,1,2016-04-12 12:00:00
77.1,2,1,2016-04-13 12:00:00
74.3,2,1,2016-04-14 12:00:00
75.5,2,1,2016-04-15 12:00:00
73.5,2,1,2016-04-16 12:00:00
73.5,2,1,2016-04-17 12:00:00
76.7,2,1,2016-04-18 12:00:00
77.1,2,1,2016-04-19 12:00:00
72.8,2,1,2016-04-20 12:00:00
70.4,2,1,2016-04-21 12:00:00
79.1,2,1,2016-04-22 12:00:00
81.5,2,1,2016-04-23 12:00:00
79.5,2,1,2016-04-24 12:00:00
75.5,2,1,2016-04-25 12:00:00
72.8,2,1,2016-04-26 12:00:00
80.3,2,1,2016-04-27 12:00:00
76.7,2,1,2016-04-28 12:00:00
78.3,2,1,2016-04-29 12:00:00
78.3,2,1,2016-04-30 12:00:00
83.1,2,1,2016-05-01 12:00:00
77.5,2,1,2016-05-02 12:00:00
77.1,2,1,2016-05-03 12:00:00
77.1,2,1,2016-05-04 12:00:00
80.3,2,1,2016-05-05 12:00:00
80.7,2,1,2016-05-06 12:00:00
79.9,2,1,2016-05-07 12:00:00
78.3,2,1,2016-05-08 12:00:00
81.9,2,1,2016-05-09 12:00:00
81.5,2,1,2016-05-10 12:00:00
84.7,2,1,2016-05-11 12:00:00
81.5,2,1,2016-05-12 12:00:00
83.5,2,1,2016-05-13 12:00:00
79.5,2,1,2016-05-14 12:00:00
79.1,2,1,2016-05-15 12:00:00
81.5,2,1,2016-05-16 12:00:00
79.1,2,1,2016-05-17 12:00:00
74.3,2,1,2016-05-18 12:00:00
77.9,2,1,2016-05-19 12:00:00
79.9,2,1,2016-05-20 12:00:00
81.1,2,1,2016-05-21 12:00:00
79.5,2,1,2016-05-22 12:00:00
80.3,2,1,2016-05-23 12:00:00
80.3,2,1,2016-05-24 12:00:00
80.3,2,1,2016-05-25 12:00:00
80.7,2,1,2016-05-26 12:00:00
80.7,2,1,2016-05-27 12:00:00
81.5,2,1,2016-05-28 12:00:00
77.5,2,1,2016-05-29 12:00:00
79.1,2,1,2016-05-30 12:00:00
77.1,2,1,2016-05-31 12:00:00
77.5,2,1,2016-06-01 12:00:00
79.9,2,1,2016-06-02 12:00:00
76.3,2,1,2016-06-03 12:00:00
75.9,2,1,2016-06-04 12:00:00
75.5,2,1,2016-06-05 12:00:00
73.1,2,1,2016-06-06 12:00:00
70.4,2,1,2016-06-07 12:00:00
73.9,2,1,2016-06-08 12:00:00
73.1,2,1,2016-06-09 12:00:00
74.7,2,1,2016-06-10 12:00:00
75.5,2,1,2016-06-11 12:00:00
77.5,2,1,2016-06-12 12:00:00
79.1,2,1,2016-06-13 12:00:00
79.9,2,1,2016-06-14 12:00:00
82.7,2,1,2016-06-15 12:00:00
76.7,2,1,2016-06-16 12:00:00
76.3,2,1,2016-06-17 12:00:00
75.9,2,1,2016-06-18 12:00:00
77.1,2,1,2016-06-19 12:00:00
80.7,2,1,2016-06-20 12:00:00
79.8,2,5,2017-03-03 12:00:00
78.2,2,5,2017-03-04 12:00:00
80.6,2,5,2017-03-05 12:00:00
75.5,2,5,2017-03-06 12:00:00
71.7,2,5,2017-03-07 12:00:00
72.1,2,5,2017-03-08 12:00:00
75.4,2,5,2017-03-09 12:00:00
78.3,2,5,2017-03-10 12:00:00
80.2,2,5,2017-03-11 12:00:00
76.7,2,5,2017-03-12 12:00:00
77.3,2,5,2017-03-13 12:00:00
76.1,2,5,2017-03-14 12:00:00
72.8,2,5,2017-03-15 12:00:00
73.1,2,5,2017-03-16 12:00:00
73.4,2,5,2017-03-17 12:00:00
76.7,2,5,2017-03-18 12:00:00
74.5,2,5,2017-03-19 12:00:00
75.8,2,5,2017-03-20 12:00:00
76.7,2,5,2017-03-21 12:00:00
70.9,2,5,2017-03-22 12:00:00
73.3,2,5,2017-03-23 12:00:00
73.0,2,5,2017-03-24 12:00:00
76.2,2,5,2017-03-25 12:00:00
73.8,2,5,2017-03-26 12:00:00
79.8,2,5,2017-03-27 12:00:00
79.9,2,5,2017-03-28 12:00:00
77.0,2,5,2017-03-29 12:00:00
71.7,2,5,2017-03-30 12:00:00
74.2,2,5,2017-03-31 12:00:00
73.9,2,5,2017-04-01 12:00:00
75.7,2,5,2017-04-02 12:00:00
75.9,2,5,2017-04-03 12:00:00
78.4,2,5,2017-04-04 12:00:00
78.4,2,5,2017-04-05 12:00:00
80.0,2,5,2017-04-06 12:00:00
77.2,2,5,2017-04-07 12:00:00
79.0,2,5,2017-04-08 12:00:00
78.3,2,5,2017-04-09 12:00:00
81.0,2,5,2017-04-10 12:00:00
80.8,2,5,2017-04-11 12:00:00
84.9,2,5,2017-04-12 12:00:00
81.7,2,5,2017-04-13 12:00:00
80.2,2,5,2017-04-14 12:00:00
81.6,2,5,2017-04-15 12:00:00
82.0,2,5,2017-04-16 12:00:00
80.0,2,5,2017-04-17 12:00:00
79.2,2,5,2017-04-18 12:00:00
79.4,2,5,2017-04-19 12:00:00
79.1,2,5,2017-04-20 12:00:00
80.4,2,5,2017-04-21 12:00:00
82.1,2,5,2017-04-22 12:00:00
79.1,2,5,2017-04-23 12:00:00
75.1,2,5,2017-04-24 12:00:00
73.8,2,5,2017-04-25 12:00:00
75.7,2,5,2017-04-26 12:00:00
80.2,2,5,2017-04-27 12:00:00
78.1,2,5,2017-04-28 12:00:00
74.9,2,5,2017-04-29 12:00:00
79.8,2,5,2017-04-30 12:00:00
77.7,2,5,2017-05-01 12:00:00
77.9,2,5,2017-05-02 12:00:00
79.3,2,5,2017-05-03 12:00:00
82.0,2,5,2017-05-04 12:00:00
85.1,2,5,2017-05-05 12:00:00
74.2,2,5,2017-05-06 12:00:00
72.7,2,5,2017-05-07 12:00:00
73.3,2,5,2017-05-08 12:00:00
76.4,2,5,2017-05-09 12:00:00
81.0,2,5,2017-05-10 12:00:00
77.8,2,5,2017-05-11 12:00:00
76.7,2,5,2017-05-12 12:00:00
74.0,2,5,2017-05-13 12:00:00
78.1,2,5,2017-05-14 12:00:00
78.0,2,5,2017-05-15 12:00:00
82.6,2,5,2017-05-16 12:00:00
79.2,2,5,2017-05-17 12:00:00
78.1,2,5,2017-05-18 12:00:00
81.6,2,5,2017-05-19 12:00:00
79.3,2,5,2017-05-20 12:00:00
81.8,2,5,2017-05-21 12:00:00
78.3,2,5,2017-05-22 12:00:00
80.0,2,5,2017-05-23 12:00:00
81.3,2,5,2017-05-24 12:00:00
84.6,2,5,2017-05-25 12:00:00
85.3,2,5,2017-05-26 12:00:00
81.2,2,5,2017-05-27 12:00:00
82.3,2,5,2017-05-28 12:00:00
81.9,2,5,2017-05-29 12:00:00
76.2,2,5,2017-05-30 12:00:00
78.7,2,5,2017-05-31 12:00:00
79.1,2,5,2017-06-01 12:00:00
78.2,2,5,2017-06-02 12:00:00
76.2,2,5,2017-06-03 12:00:00
72.4,2,5,2017-06-04 12:00:00
74.2,2,5,2017-06-05 12:00:00
78.4,2,5,2017-06-06 12:00:00
83.2,2,5,2017-06-07 12:00:00
82.8,2,5,2017-06-08 12:00:00
80.1,2,5,2017-06-09 12:00:00
79.3,2,5,2017-06-10 12:00:00
82.0,2,5,2017-06-11 12:00:00
80.1,2,5,2017-06-12 12:00:00
78.2,2,5,2017-06-13 12:00:00
78.0,2,5,2017-06-14 12:00:00
77.9,2,5,2017-06-15 12:00:00
76.8,2,5,2017-06-16 12:00:00
72.9,2,5,2017-06-17 12:00:00
73.2,2,5,2017-06-18 12:00:00
72.2,2,5,2017-06-19 12:00:00
72.4,2,5,2017-06-20 12:00:00
72.7,2,5,2017-06-21 12:00:00
73.9,2,5,2017-06-22 12:00:00
76.2,2,5,2017-06-23 12:00:00
79.0,2,5,2017-06-24 12:00:00
78.0,2,5,2017-06-25 12:00:00
72.6,2,5,2017-06-26 12:00:00
77.9,2,5,2017-06-27 12:00:00
74.3,2,5,2017-06-28 12:00:00
74.0,2,5,2017-06-29 12:00:00
72.7,2,5,2017-06-30 12:00:00
72.2,2,5,2017-07-01 12:00:00
77.8,2,5,2017-07-02 12:00:00
80.7,2,5,2017-07-03 12:00:00
77.1,2,5,2017-07-04 12:00:00
81.7,2,5,2017-07-05 12:00:00
77.3,2,5,2017-07-06 12:00:00
78.5,2,5,2017-07-07 12:00:00
78.0,2,5,2017-07-08 12:00:00
73.9,2,5,2017-07-09 12:00:00
72.5,2,5,2017-07-10 12:00:00
76.5,2,5,2017-07-11 12:00:00
75.9,2,5,2017-07-12 12:00:00
77.5,2,5,2017-07-13 12:00:00
76.8,2,5,2017-07-14 12:00:00
77.3,2,5,2017-07-15 12:00:00
75.6,2,5,2017-07-16 12:00:00
76.8,2,5,2017-07-17 12:00:00
78.0,2,5,2017-07-18 12:00:00
77.2,2,5,2017-07-19 12:00:00
76.2,2,5,2017-07-20 12:00:00
77.1,2,5,2017-07-21 12:00:00
76.0,2,5,2017-07-22 12:00:00
75.5,2,5,2017-07-23 12:00:00
73.4,2,5,2017-07-24 12:00:00
73.2,2,5,2017-07-25 12:00:00
76.9,2,5,2017-07-26 12:00:00
77.2,2,5,2017-07-27 12:00:00
79.1,2,5,2017-07-28 12:00:00
81.6,2,5,2017-07-29 12:00:00
80.0,2,5,2017-07-30 12:00:00
81.8,2,5,2017-07-31 12:00:00
77.3,2,5,2017-08-01 12:00:00
81.9,2,5,2017-08-02 12:00:00
81.2,2,5,2017-08-03 12:00:00
80.2,2,5,2017-08-04 12:00:00
78.2,2,5,2017-08-05 12:00:00
78.4,2,5,2017-08-06 12:00:00
78.1,2,5,2017-08-07 12:00:00
77.3,2,5,2017-08-08 12:00:00
74.9,2,5,2017-08-09 12:00:00
74.9,2,5,2017-08-10 12:00:00
80.8,2,5,2017-08-11 12:00:00
81.4,2,5,2017-08-12 12:00:00
80.7,2,5,2017-08-13 12:00:00
75.7,2,5,2017-08-14 12:00:00
76.7,2,5,2017-08-15 12:00:00
77.2,2,5,2017-08-16 12:00:00
76.3,2,5,2017-08-17 12:00:00
75.2,2,5,2017-08-18 12:00:00
82.6,2,5,2017-08-19 12:00:00
77.0,2,5,2017-08-20 12:00:00
79.1,2,5,2017-08-21 12:00:00
78.5,2,5,2017-08-22 12:00:00
78.6,2,5,2017-08-23 12:00:00
79.3,2,5,2017-08-24 12:00:00
78.6,2,5,2017-08-25 12:00:00
84.4,2,5,2017-08-26 12:00:00
79.2,2,5,2017-08-27 12:00:00
78.0,2,5,2017-08-28 12:00:00
80.1,2,5,2017-08-29 12:00:00
76.6,2,5,2017-08-30 12:00:00
78.2,2,5,2017-08-31 12:00:00
80.2,2,5,2017-09-01 12:00:00
78.7,2,5,2017-09-02 12:00:00
81.0,2,5,2017-09-03 12:00:00
80.9,2,5,2017-09-04 12:00:00
80.4,2,5,2017-09-05 12:00:00
82.3,2,5,2017-09-06 12:00:00
83.6,2,5,2017-09-07 12:00:00
81.4,2,5,2017-09-08 12:00:00
82.4,2,5,2017-09-09 12:00:00
78.7,2,5,2017-09-10 12:00:00
77.2,2,5,2017-09-11 12:00:00
77.5,2,5,2017-09-12 12:00:00
76.8,2,5,2017-09-13 12:00:00
81.0,2,5,2017-09-14 12:00:00
81.2,2,5,2017-09-15 12:00:00
76.6,2,5,2017-09-16 12:00:00
80.6,2,5,2017-09-17 12:00:00
80.4,2,5,2017-09-18 12:00:00
80.2,2,5,2017-09-19 12:00:00
77.4,2,5,2017-09-20 12:00:00
77.1,2,5,2017-09-21 12:00:00
75.5,2,5,2017-09-22 12:00:00
79.6,2,5,2017-09-23 12:00:00
75.4,2,5,2017-09-24 12:00:00
77.5,2,5,2017-09-25 12:00:00
76.3,2,5,2017-09-26 12:00:00
72.3,2,5,2017-09-27 12:00:00
79.2,2,5,2017-09-28 12:00:00
80.7,2,5,2017-09-29 12:00:00
77.1,2,5,2017-09-30 12:00:00
77.1,2,5,2017-10-01 12:00:00
74.2,2,5,2017-10-02 12:00:00
74.9,2,5,2017-10-03 12:00:00
81.8,2,5,2017-10-04 12:00:00
82.1,2,5,2017-10-05 12:00:00
79.6,2,5,2017-10-06 12:00:00
82.5,2,5,2017-10-07 12:00:00
78.2,2,5,2017-10-08 12:00:00
81.5,2,5,2017-10-09 12:00:00
79.3,2,5,2017-10-10 12:00:00
77.5,2,5,2017-10-11 12:00:00
77.0,2,5,2017-10-12 12:00:00
79.0,2,5,2017-10-13 12:00:00
77.9,2,5,2017-10-14 12:00:00
76.8,2,5,2017-10-15 12:00:00
76.3,2,5,2017-10-16 12:00:00
76.9,2,5,2017-10-17 12:00:00
77.9,2,5,2017-10-18 12:00:00
78.5,2,5,2017-10-19 12:00:00
76.1,2,5,2017-10-20 12:00:00
75.1,2,5,2017-10-21 12:00:00
76.8,2,5,2017-10-22 12:00:00
77.0,2,5,2017-10-23 12:00:00
73.6,2,5,2017-10-24 12:00:00
71.3,2,5,2017-10-25 12:00:00
73.7,2,5,2017-10-26 12:00:00
74.8,2,5,2017-10-27 12:00:00
72.0,2,5,2017-10-28 12:00:00
74.9,2,5,2017-10-29 12:00:00
75.8,2,5,2017-10-30 12:00:00
77.7,2,5,2017-10-31 12:00:00
84.0,2,5,2017-11-01 12:00:00
84.8,2,5,2017-11-02 12:00:00
81.7,2,5,2017-11-03 12:00:00
81.4,2,5,2017-11-04 12:00:00
83.2,2,5,2017-11-05 12:00:00
80.2,2,5,2017-11-06 12:00:00
83.8,2,5,2017-11-07 12:00:00
80.6,2,5,2017-11-08 12:00:00
83.1,2,5,2017-11-09 12:00:00
81.8,2,5,2017-11-10 12:00:00
81.6,2,5,2017-11-11 12:00:00
77.2,2,5,2017-11-12 12:00:00
74.0,2,5,2017-11-13 12:00:00
77.2,2,5,2017-11-14 12:00:00
77.4,2,5,2017-11-15 12:00:00
78.2,2,5,2017-11-16 12:00:00
86.2,2,5,2017-11-17 12:00:00
82.0,2,5,2017-11-18 12:00:00
83.1,2,5,2017-11-19 12:00:00
84.9,2,5,2017-11-20 12:00:00
84.1,2,5,2017-11-21 12:00:00
84.9,2,5,2017-11-22 12:00:00
81.8,2,5,2017-11-23 12:00:00
81.5,2,5,2017-11-24 12:00:00
80.8,2,5,2017-11-25 12:00:00
82.7,2,5,2017-11-26 12:00:00
83.3,2,5,2017-11-27 12:00:00
78.6,2,5,2017-11-28 12:00:00
75.1,2,5,2017-11-29 12:00:00
80.1,2,5,2017-11-30 12:00:00
84.6,2,5,2017-12-01 12:00:00
81.3,2,5,2017-12-02 12:00:00
83.5,2,5,2017-12-03 12:00:00
80.5,2,5,2017-12-04 12:00:00
80.7,2,5,2017-12-05 12:00:00
76.3,2,5,2017-12-06 12:00:00
78.7,2,5,2017-12-07 12:00:00
76.7,2,5,2017-12-08 12:00:00
76.0,2,5,2017-12-09 12:00:00
70.1,2,5,2017-12-10 12:00:00
73.2,2,5,2017-12-11 12:00:00
76.0,2,5,2017-12-12 12:00:00
73.8,2,5,2017-12-13 12:00:00
73.5,2,5,2017-12-14 12:00:00
72.9,2,5,2017-12-15 12:00:00
68.2,2,5,2017-12-16 12:00:00
72.7,2,5,2017-12-17 12:00:00
75.3,2,5,2017-12-18 12:00:00
77.9,2,5,2017-12-19 12:00:00
77.5,2,5,2017-12-20 12:00:00
82.8,2,5,2017-12-21 12:00:00
81.1,2,5,2017-12-22 12:00:00
81.6,2,5,2017-12-23 12:00:00
83.1,2,5,2017-12-24 12:00:00
82.2,2,5,2017-12-25 12:00:00
83.2,2,5,2017-12-26 12:00:00
78.0,2,5,2017-12-27 12:00:00
76.4,2,5,2017-12-28 12:00:00
82.9,2,5,2017-12-29 12:00:00
84.1,2,5,2017-12-30 12:00:00
82.3,2,5,2017-12-31 12:00:00
82.9,2,5,2018-01-01 12:00:00
82.5,2,5,2018-01-02 12:00:00
79.4,2,5,2018-01-03 12:00:00
79.5,2,5,2018-01-04 12:00:00
74.6,2,5,2018-01-05 12:00:00
76.4,2,5,2018-01-06 12:00:00
69.7,2,5,2018-01-07 12:00:00
64.7,2,5,2018-01-08 12:00:00
65.2,2,5,2018-01-09 12:00:00
69.1,2,5,2018-01-10 12:00:00
71.3,2,5,2018-01-11 12:00:00
75.3,2,5,2018-01-12 12:00:00
74.1,2,5,2018-01-13 12:00:00
75.9,2,5,2018-01-14 12:00:00
74.8,2,5,2018-01-15 12:00:00
74.1,2,5,2018-01-16 12:00:00
76.6,2,5,2018-01-17 12:00:00
75.9,2,5,2018-01-18 12:00:00
77.2,2,5,2018-01-19 12:00:00
78.5,2,5,2018-01-20 12:00:00
78.8,2,5,2018-01-21 12:00:00
79.4,2,5,2018-01-22 12:00:00
79.6,2,5,2018-01-23 12:00:00
76.9,2,5,2018-01-24 12:00:00
74.5,2,5,2018-01-25 12:00:00
72.3,2,5,2018-01-26 12:00:00
74.3,2,5,2018-01-27 12:00:00
78.1,2,5,2018-01-28 12:00:00
74.8,2,5,2018-01-29 12:00:00
74.2,2,5,2018-01-30 12:00:00
74.0,2,5,2018-01-31 12:00:00
72.6,2,5,2018-02-01 12:00:00
71.5,2,5,2018-02-02 12:00:00
69.5,2,5,2018-02-03 12:00:00
66.6,2,5,2018-02-04 12:00:00
68.4,2,5,2018-02-05 12:00:00
71.3,2,5,2018-02-06 12:00:00
73.2,2,5,2018-02-07 12:00:00
77.0,2,5,2018-02-08 12:00:00
73.7,2,5,2018-02-09 12:00:00
73.7,2,5,2018-02-10 12:00:00
72.7,2,5,2018-02-11 12:00:00
75.4,2,5,2018-02-12 12:00:00
77.2,2,5,2018-02-13 12:00:00
78.4,2,5,2018-02-14 12:00:00
73.5,2,5,2018-02-15 12:00:00
74.2,2,5,2018-02-16 12:00:00
74.0,2,5,2018-02-17 12:00:00
77.6,2,5,2018-02-18 12:00:00
74.6,2,5,2018-02-19 12:00:00
73.5,2,5,2018-02-20 12:00:00
74.7,2,5,2018-02-21 12:00:00
77.8,2,5,2018-02-22 12:00:00
78.2,2,5,2018-02-23 12:00:00
78.8,2,5,2018-02-24 12:00:00
75.2,2,5,2018-02-25 12:00:00
68.8,2,5,2018-02-26 12:00:00
69.6,2,5,2018-02-27 12:00:00
70.9,2,5,2018-02-28 12:00:00
71.5,2,5,2018-03-01 12:00:00
74.0,2,5,2018-03-02 12:00:00
74.9,2,5,2018-03-03 12:00:00
80.3,2,5,2018-03-04 12:00:00
76.7,2,5,2018-03-05 12:00:00
74.0,2,5,2018-03-06 12:00:00
72.9,2,5,2018-03-07 12:00:00
72.8,2,5,2018-03-08 12:00:00
82.2,2,5,2018-03-09 12:00:00
76.7,2,5,2018-03-10 12:00:00
77.5,2,5,2018-03-11 12:00:00
74.4,2,5,2018-03-12 12:00:00
77.0,2,5,2018-03-13 12:00:00
75.9,2,5,2018-03-14 12:00:00
74.5,2,5,2018-03-15 12:00:00
73.3,2,5,2018-03-16 12:00:00
73.0,2,5,2018-03-17 12:00:00
73.7,2,5,2018-03-18 12:00:00
70.7,2,5,2018-03-19 12:00:00
75.2,2,5,2018-03-20 12:00:00
75.1,2,5,2018-03-21 12:00:00
78.6,2,5,2018-03-22 12:00:00
74.5,2,5,2018-03-23 12:00:00
75.3,2,5,2018-03-24 12:00:00
74.8,2,5,2018-03-25 12:00:00
76.5,2,5,2018-03-26 12:00:00
75.3,2,5,2018-03-27 12:00:00
79.0,2,5,2018-03-28 12:00:00
74.3,2,5,2018-03-29 12:00:00
80.3,2,5,2018-03-30 12:00:00
80.0,2,5,2018-03-31 12:00:00
76.5,2,5,2018-04-01 12:00:00
74.9,2,5,2018-04-02 12:00:00
75.2,2,5,2018-04-03 12:00:00
72.5,2,5,2018-04-04 12:00:00
75.1,2,5,2018-04-05 12:00:00
77.3,2,5,2018-04-06 12:00:00
78.6,2,5,2018-04-07 12:00:00
78.2,2,5,2018-04-08 12:00:00
77.4,2,5,2018-04-09 12:00:00
80.4,2,5,2018-04-10 12:00:00
71.6,2,5,2018-04-11 12:00:00
73.8,2,5,2018-04-12 12:00:00
80.5,2,5,2018-04-13 12:00:00
83.2,2,5,2018-04-14 12:00:00
74.4,2,5,2018-04-15 12:00:00
79.4,2,5,2018-04-16 12:00:00
74.1,2,5,2018-04-17 12:00:00
75.9,2,5,2018-04-18 12:00:00
76.2,2,5,2018-04-19 12:00:00
83.8,2,5,2018-04-20 12:00:00
80.8,2,5,2018-04-21 12:00:00
82.0,2,5,2018-04-22 12:00:00
76.6,2,5,2018-04-23 12:00:00
76.5,2,5,2018-04-24 12:00:00
84.4,2,5,2018-04-25 12:00:00
79.7,2,5,2018-04-26 12:00:00
76.6,2,5,2018-04-27 12:00:00
76.5,2,5,2018-04-28 12:00:00
76.3,2,5,2018-04-29 12:00:00
80.1,2,5,2018-04-30 12:00:00
74.4,2,5,2018-05-01 12:00:00
77.6,2,5,2018-05-02 12:00:00
71.5,2,5,2018-05-03 12:00:00
74.2,2,5,2018-05-04 12:00:00
75.5,2,5,2018-05-05 12:00:00
79.4,2,5,2018-05-06 12:00:00
78.3,2,5,2018-05-07 12:00:00
79.2,2,5,2018-05-08 12:00:00
78.9,2,5,2018-05-09 12:00:00
78.1,2,5,2018-05-10 12:00:00
76.4,2,5,2018-05-11 12:00:00
78.0,2,5,2018-05-12 12:00:00
73.9,2,5,2018-05-13 12:00:00
77.5,2,5,2018-05-14 12:00:00
80.8,2,5,2018-05-15 12:00:00
79.6,2,5,2018-05-16 12:00:00
80.8,2,5,2018-05-17 12:00:00
73.8,2,5,2018-05-18 12:00:00
76.8,2,5,2018-05-19 12:00:00
76.1,2,5,2018-05-20 12:00:00
75.5,2,5,2018-05-21 12:00:00
77.0,2,5,2018-05-22 12:00:00
81.2,2,5,2018-05-23 12:00:00
75.0,2,5,2018-05-24 12:00:00
78.8,2,5,2018-05-25 12:00:00
75.9,2,5,2018-05-26 12:00:00
76.1,2,5,2018-05-27 12:00:00
77.5,2,5,2018-05-28 12:00:00
74.2,2,5,2018-05-29 12:00:00
74.1,2,5,2018-05-30 12:00:00
,0,0,2018-05-31 12:00:00
77.3,2,1,2018-06-01 12:00:00
74.4,2,1,2018-06-02 12:00:00
78.9,2,1,2018-06-03 12:00:00
77.3,2,1,2018-06-04 12:00:00
80.2,2,1,2018-06-05 12:00:00
78.1,2,1,2018-06-06 12:00:00
74.0,2,1,2018-06-07 12:00:00
76.9,2,1,2018-06-08 12:00:00
75.6,2,1,2018-06-09 12:00:00
76.1,2,1,2018-06-10 12:00:00
77.3,2,1,2018-06-11 12:00:00
77.7,2,1,2018-06-12 12:00:00
80.2,2,1,2018-06-13 12:00:00
77.7,2,1,2018-06-14 12:00:00
77.3,2,1,2018-06-15 12:00:00
78.9,2,1,2018-06-16 12:00:00
80.6,2,1,2018-06-17 12:00:00
81.0,2,1,2018-06-18 12:00:00
83.9,2,1,2018-06-19 12:00:00
80.6,2,1,2018-06-20 12:00:00
78.5,2,1,2018-06-21 12:00:00
78.9,2,1,2018-06-22 12:00:00
79.8,2,1,2018-06-23 12:00:00
79.8,2,1,2018-06-24 12:00:00
76.5,2,1,2018-06-25 12:00:00
78.9,2,1,2018-06-26 12:00:00
78.1,2,1,2018-06-27 12:00:00
75.2,2,1,2018-06-28 12:00:00
73.2,2,1,2018-06-29 12:00:00
72.3,2,1,2018-06-30 12:00:00
71.5,2,1,2018-07-01 12:00:00
70.3,2,1,2018-07-02 12:00:00
71.5,2,1,2018-07-03 12:00:00
71.9,2,1,2018-07-04 12:00:00
79.8,2,1,2018-07-05 12:00:00
79.4,2,1,2018-07-06 12:00:00
71.5,2,1,2018-07-07 12:00:00
82.3,2,1,2018-07-08 12:00:00
76.5,2,1,2018-07-09 12:00:00
74.0,2,1,2018-07-10 12:00:00
74.0,2,1,2018-07-11 12:00:00
73.2,2,1,2018-07-12 12:00:00
72.7,2,1,2018-07-13 12:00:00
78.5,2,1,2018-07-14 12:00:00
77.3,2,1,2018-07-15 12:00:00
75.2,2,1,2018-07-16 12:00:00
78.5,2,1,2018-07-17 12:00:00
80.6,2,1,2018-07-18 12:00:00
83.1,2,1,2018-07-19 12:00:00
76.1,2,1,2018-07-20 12:00:00
77.7,2,1,2018-07-21 12:00:00
76.1,2,1,2018-07-22 12:00:00
75.2,2,1,2018-07-23 12:00:00
77.3,2,1,2018-07-24 12:00:00
82.3,2,1,2018-07-25 12:00:00
80.6,2,1,2018-07-26 12:00:00
84.3,2,1,2018-07-27 12:00:00
82.7,2,1,2018-07-28 12:00:00
82.7,2,1,2018-07-29 12:00:00
76.9,2,1,2018-07-30 12:00:00
79.4,2,1,2018-07-31 12:00:00
76.9,2,1,2018-08-01 12:00:00
79.4,2,1,2018-08-02 12:00:00
83.9,2,1,2018-08-03 12:00:00
80.6,2,1,2018-08-04 12:00:00
76.9,2,1,2018-08-05 12:00:00
81.4,2,1,2018-08-06 12:00:00
75.6,2,1,2018-08-07 12:00:00
71.1,2,1,2018-08-08 12:00:00
72.7,2,1,2018-08-09 12:00:00
72.3,2,1,2018-08-10 12:00:00
75.2,2,1,2018-08-11 12:00:00
77.7,2,1,2018-08-12 12:00:00
78.5,2,1,2018-08-13 12:00:00
79.4,2,1,2018-08-14 12:00:00
83.1,2,1,2018-08-15 12:00:00
84.7,2,1,2018-08-16 12:00:00
83.5,2,1,2018-08-17 12:00:00
80.6,2,1,2018-08-18 12:00:00
82.7,2,1,2018-08-19 12:00:00
85.6,2,1,2018-08-20 12:00:00
83.5,2,1,2018-08-21 12:00:00
79.4,2,1,2018-08-22 12:00:00
78.1,2,1,2018-08-23 12:00:00
78.9,2,1,2018-08-24 12:00:00
78.5,2,1,2018-08-25 12:00:00
79.4,2,1,2018-08-26 12:00:00
78.9,2,1,2018-08-27 12:00:00
79.8,2,1,2018-08-28 12:00:00
79.4,2,1,2018-08-29 12:00:00
78.9,2,1,2018-08-30 12:00:00
78.1,2,1,2018-08-31 12:00:00
76.9,2,1,2018-09-01 12:00:00
75.6,2,1,2018-09-02 12:00:00
75.2,2,1,2018-09-03 12:00:00
78.1,2,1,2018-09-04 12:00:00
82.6,2,1,2019-11-20 12:00:00
81.9,2,1,2019-11-21 12:00:00
84.5,2,1,2019-11-22 12:00:00
83.0,2,1,2019-11-23 12:00:00
84.5,2,1,2019-11-24 12:00:00
81.5,2,1,2019-11-25 12:00:00
84.1,2,1,2019-11-26 12:00:00
83.0,2,1,2019-11-27 12:00:00
84.5,2,1,2019-11-28 12:00:00
85.3,2,1,2019-11-29 12:00:00
86.0,2,1,2019-11-30 12:00:00
86.4,2,1,2019-12-01 12:00:00
85.3,2,1,2019-12-02 12:00:00
86.4,2,1,2019-12-03 12:00:00
84.9,2,1,2019-12-04 12:00:00
81.9,2,1,2019-12-05 12:00:00
83.4,2,1,2019-12-06 12:00:00
83.4,2,1,2019-12-07 12:00:00
81.5,2,1,2019-12-08 12:00:00
79.6,2,1,2019-12-09 12:00:00
81.5,2,1,2019-12-10 12:00:00
77.3,2,1,2019-12-11 12:00:00
81.5,2,1,2019-12-12 12:00:00
81.1,2,1,2019-12-13 12:00:00
84.5,2,1,2019-12-14 12:00:00
86.0,2,1,2019-12-15 12:00:00
80.7,2,1,2019-12-16 12:00:00
82.6,2,1,2019-12-17 12:00:00
75.1,2,1,2019-12-18 12:00:00
75.1,2,1,2019-12-19 12:00:00
77.7,2,1,2019-12-20 12:00:00
77.7,2,1,2019-12-21 12:00:00
81.5,2,1,2019-12-22 12:00:00
78.1,2,1,2019-12-23 12:00:00
77.3,2,1,2019-12-24 12:00:00
80.0,2,1,2019-12-25 12:00:00
81.1,2,1,2019-12-26 12:00:00
88.7,2,1,2019-12-27 12:00:00
79.2,2,1,2019-12-28 12:00:00
88.3,2,1,2019-12-29 12:00:00
78.5,2,1,2019-12-30 12:00:00
77.7,2,1,2019-12-31 12:00:00
82.2,2,1,2020-01-01 12:00:00
78.8,2,1,2020-01-02 12:00:00
75.8,2,1,2020-01-03 12:00:00
77.3,2,1,2020-01-04 12:00:00
77.3,2,1,2020-01-05 12:00:00
76.6,2,1,2020-01-06 12:00:00
78.8,2,1,2020-01-07 12:00:00
82.2,2,1,2020-01-08 12:00:00
80.4,2,1,2020-01-09 12:00:00
79.2,2,1,2020-01-10 12:00:00
78.5,2,1,2020-01-11 12:00:00
78.5,2,1,2020-01-12 12:00:00
83.0,2,1,2020-01-13 12:00:00
84.9,2,1,2020-01-14 12:00:00
82.2,2,1,2020-01-15 12:00:00
78.5,2,1,2020-01-16 12:00:00
77.7,2,1,2020-01-17 12:00:00
76.6,2,1,2020-01-18 12:00:00
76.2,2,1,2020-01-19 12:00:00
78.8,2,1,2020-01-20 12:00:00
76.6,2,1,2020-01-21 12:00:00
80.4,2,1,2020-01-22 12:00:00
76.2,2,1,2020-01-23 12:00:00
78.1,2,1,2020-01-24 12:00:00
77.7,2,1,2020-01-25 12:00:00
83.8,2,1,2020-01-26 12:00:00
82.2,2,1,2020-01-27 12:00:00
73.9,2,1,2020-01-28 12:00:00
75.4,2,1,2020-01-29 12:00:00
74.3,2,1,2020-01-30 12:00:00
75.1,2,1,2020-01-31 12:00:00
83.0,2,1,2020-02-01 12:00:00
79.6,2,1,2020-02-02 12:00:00
84.1,2,1,2020-02-03 12:00:00
78.8,2,1,2020-02-04 12:00:00
75.8,2,1,2020-02-05 12:00:00
74.3,2,1,2020-02-06 12:00:00
77.0,2,1,2020-02-07 12:00:00
80.0,2,1,2020-02-08 12:00:00
77.0,2,1,2020-02-09 12:00:00
75.4,2,1,2020-02-10 12:00:00
78.5,2,1,2020-02-11 12:00:00
78.5,2,1,2020-02-12 12:00:00
73.9,2,1,2020-02-13 12:00:00
73.9,2,1,2020-02-14 12:00:00
75.8,2,1,2020-02-15 12:00:00
77.0,2,1,2020-02-16 12:00:00
77.3,2,1,2020-02-17 12:00:00
77.3,2,1,2020-02-18 12:00:00
76.2,2,1,2020-02-19 12:00:00
73.6,2,1,2020-02-20 12:00:00
73.9,2,1,2020-02-21 12:00:00
75.1,2,1,2020-02-22 12:00:00
79.2,2,1,2020-02-23 12:00:00
78.1,2,1,2020-02-24 12:00:00
77.3,2,1,2020-02-25 12:00:00
80.0,2,1,2020-02-26 12:00:00
77.3,2,1,2020-02-27 12:00:00
78.5,2,1,2020-02-28 12:00:00
78.8,2,1,2020-02-29 12:00:00
82.2,2,1,2020-03-01 12:00:00
81.5,2,1,2020-03-02 12:00:00
75.8,2,1,2020-03-03 12:00:00
74.3,2,1,2020-03-04 12:00:00
74.7,2,1,2020-03-05 12:00:00
74.3,2,1,2020-03-06 12:00:00
74.3,2,1,2020-03-07 12:00:00
72.8,2,1,2020-03-08 12:00:00
69.8,2,1,2020-03-09 12:00:00
70.9,2,1,2020-03-10 12:00:00
69.0,2,1,2020-03-11 12:00:00
71.7,2,1,2020-03-12 12:00:00
72.4,2,1,2020-03-13 12:00:00
70.5,2,1,2020-03-14 12:00:00
73.2,2,1,2020-03-15 12:00:00
78.5,2,1,2020-03-16 12:00:00
80.7,2,1,2020-03-17 12:00:00
72.4,2,1,2020-03-18 12:00:00
72.8,2,1,2020-03-19 12:00:00
75.1,2,1,2020-03-20 12:00:00
81.1,2,1,2020-03-21 12:00:00
78.5,2,1,2020-03-22 12:00:00
76.2,2,1,2020-03-23 12:00:00
71.3,2,1,2020-03-24 12:00:00
70.9,2,1,2020-03-25 12:00:00
69.0,2,1,2020-03-26 12:00:00
70.1,2,1,2020-03-27 12:00:00
70.9,2,1,2020-03-28 12:00:00
69.4,2,1,2020-03-29 12:00:00
71.7,2,1,2020-03-30 12:00:00
74.7,2,1,2020-03-31 12:00:00
75.4,2,1,2020-04-01 12:00:00
70.9,2,1,2020-04-02 12:00:00
64.9,2,1,2020-04-03 12:00:00
68.6,2,1,2020-04-04 12:00:00
80.7,2,1,2020-04-05 12:00:00
75.1,2,1,2020-04-06 12:00:00
77.0,2,1,2020-04-07 12:00:00
80.0,2,1,2020-04-08 12:00:00
79.2,2,1,2020-04-09 12:00:00
73.9,2,1,2020-04-10 12:00:00
72.8,2,1,2020-04-11 12:00:00
71.7,2,1,2020-04-12 12:00:00
74.7,2,1,2020-04-13 12:00:00
70.9,2,1,2020-04-14 12:00:00
77.3,2,1,2020-04-15 12:00:00
80.0,2,1,2020-04-16 12:00:00
73.6,2,1,2020-04-17 12:00:00
71.3,2,1,2020-04-18 12:00:00
75.1,2,1,2020-04-19 12:00:00
77.7,2,1,2020-04-20 12:00:00
74.7,2,1,2020-04-21 12:00:00
78.1,2,1,2020-04-22 12:00:00
79.2,2,1,2020-04-23 12:00:00
78.1,2,1,2020-04-24 12:00:00
77.7,2,1,2020-04-25 12:00:00
75.1,2,1,2020-04-26 12:00:00
79.6,2,1,2020-04-27 12:00:00
78.8,2,1,2020-04-28 12:00:00
78.8,2,1,2020-04-29 12:00:00
81.5,2,1,2020-04-30 12:00:00
79.6,2,1,2020-05-01 12:00:00
80.4,2,1,2020-05-02 12:00:00
77.3,2,1,2020-05-03 12:00:00
80.0,2,1,2020-05-04 12:00:00
81.1,2,1,2020-05-05 12:00:00
81.5,2,1,2020-05-06 12:00:00
82.6,2,1,2020-05-07 12:00:00
78.8,2,1,2020-05-08 12:00:00
78.8,2,1,2020-05-09 12:00:00
78.5,2,1,2020-05-10 12:00:00
80.4,2,1,2020-05-11 12:00:00
81.5,2,1,2020-05-12 12:00:00
83.8,2,1,2020-05-13 12:00:00
80.7,2,1,2020-05-14 12:00:00
88.3,2,1,2020-05-15 12:00:00
85.3,2,1,2020-05-16 12:00:00
79.2,2,1,2020-05-17 12:00:00
84.1,2,1,2020-05-18 12:00:00
81.5,2,1,2020-05-19 12:00:00
80.7,2,1,2020-05-20 12:00:00
80.4,2,1,2020-05-21 12:00:00
79.6,2,1,2020-05-22 12:00:00
80.0,2,1,2020-05-23 12:00:00
79.6,2,1,2020-05-24 12:00:00
77.7,2,1,2020-05-25 12:00:00
76.6,2,1,2020-05-26 12:00:00
79.2,2,1,2020-05-27 12:00:00
78.1,2,1,2020-05-28 12:00:00
78.8,2,1,2020-05-29 12:00:00
77.7,2,1,2020-05-30 12:00:00
79.2,2,1,2020-05-31 12:00:00
81.9,2,1,2020-06-01 12:00:00
78.5,2,1,2020-06-02 12:00:00
76.2,2,1,2020-06-03 12:00:00
76.6,2,1,2020-06-04 12:00:00
75.1,2,1,2020-06-05 12:00:00
73.2,2,1,2020-06-06 12:00:00
75.1,2,1,2020-06-07 12:00:00
