Date,Prec
2005-01-01,0.36
2005-01-02,0.19
2005-01-03,0.0
2005-01-04,0.13
2005-01-05,0.95
2005-01-06,0.23
2005-01-07,0.0
2005-01-08,1.23
2005-01-09,0.37
2005-01-10,0.85
2005-01-11,0.95
2005-01-12,0.09
2005-01-13,0.0
2005-01-14,0.4793270975060372
2005-01-15,0.19919126680751265
2005-01-16,0.76
2005-01-17,0.0
2005-01-18,0.18853486627709187
2005-01-19,0.28
2005-01-20,0.0
2005-01-21,0.0
2005-01-22,0.20132187821056177
2005-01-23,0.09759442410938732
2005-01-24,0.0
2005-01-25,
2005-01-26,0.24
2005-01-27,0.29512093534694883
2005-01-28,2.52
2005-01-29,0.01
2005-01-30,0.0
2005-01-31,0.0
2005-02-01,0.0
2005-02-02,0.0
2005-02-03,0.0
2005-02-04,0.0
2005-02-05,0.0
2005-02-06,0.0
2005-02-07,0.02
2005-02-08,0.16
2005-02-09,0.14
2005-02-10,0.13
2005-02-11,0.23000901345386646
2005-02-12,0.09303497855532113
2005-02-13,0.0
2005-02-14,0.20828542207792208
2005-02-15,0.0
2005-02-16,0.30379487503706326
2005-02-17,0.41
2005-02-18,0.35932265152451437
2005-02-19,0.2746974462078378
2005-02-20,0.01
2005-02-21,
2005-02-22,0.18
2005-02-23,0.08188094070961718
2005-02-24,0.0865943650793651
2005-02-25,0.045335672852474314
2005-02-26,0.05
2005-02-27,0.12374687572836539
2005-02-28,0.0
2005-03-01,0.01
2005-03-02,0.0
2005-03-03,0.15
2005-03-04,0.02415055380485527
2005-03-05,0.0
2005-03-06,0.07
2005-03-07,0.09276022363703683
2005-03-08,0.2679424206349206
2005-03-09,
2005-03-10,0.2232718594272545
2005-03-11,0.0
2005-03-12,0.07287279206916972
2005-03-13,0.0
2005-03-14,0.01
2005-03-15,0.0
2005-03-16,0.19252315868040218
2005-03-17,0.6567602519004326
2005-03-18,0.27252719863469865
2005-03-19,0.02
2005-03-20,0.05
2005-03-21,1.16
2005-03-22,0.29
2005-03-23,0.12
2005-03-24,2.32
2005-03-25,0.12
2005-03-26,0.69
2005-03-27,0.14
2005-03-28,0.21
2005-03-29,0.01
2005-03-30,0.59
2005-03-31,0.01
2005-04-01,0.54
2005-04-02,0.0
2005-04-03,0.0
2005-04-04,0.0
2005-04-05,0.0
2005-04-06,0.01
2005-04-07,0.0
2005-04-08,0.0
2005-04-09,0.0
2005-04-10,0.01
2005-04-11,0.01
2005-04-12,0.01
2005-04-13,0.0
2005-04-14,0.01
2005-04-15,0.01
2005-04-16,0.0
2005-04-17,1.79
2005-04-18,0.01
2005-04-19,0.0
2005-04-20,0.02
2005-04-21,0.11
2005-04-22,0.0
2005-04-23,0.0
2005-04-24,0.0
2005-04-25,0.0
2005-04-26,0.02
2005-04-27,0.38
2005-04-28,0.01
2005-04-29,0.0
2005-04-30,0.0
2005-05-01,0.42
2005-05-02,0.82
2005-05-03,
2005-05-04,1.4
2005-05-05,0.66
2005-05-06,1.14
2005-05-07,0.78
2005-05-08,1.04
2005-05-09,0.0
2005-05-10,0.01
2005-05-11,0.08
2005-05-12,0.01
2005-05-13,0.01
2005-05-14,0.01
2005-05-15,0.01
2005-05-16,0.01
2005-05-17,0.01
2005-05-18,0.01
2005-05-19,0.01
2005-05-20,0.01
2005-05-21,0.01
2005-05-22,0.01
2005-05-23,0.01
2005-05-24,0.01
2005-05-25,0.01
2005-05-26,0.01
2005-05-27,0.15
2005-05-28,0.01
2005-05-29,0.14
2005-05-30,0.01
2005-05-31,0.02
2005-06-01,0.01
2005-06-02,0.03
2005-06-03,0.02
2005-06-04,0.02
2005-06-05,0.01
2005-06-06,0.03
2005-06-07,0.07
2005-06-08,0.03
2005-06-09,0.01
2005-06-10,0.01
2005-06-11,0.01
2005-06-12,0.01
2005-06-13,0.91
2005-06-14,0.53
2005-06-15,0.02
2005-06-16,0.86
2005-06-17,0.16
2005-06-18,0.13
2005-06-19,0.04
2005-06-20,0.01
2005-06-21,0.01
2005-06-22,0.0
2005-06-23,0.01
2005-06-24,0.01
2005-06-25,0.01
2005-06-26,0.09
2005-06-27,0.01
2005-06-28,0.01
2005-06-29,0.0
2005-06-30,0.0
2005-07-01,0.0
2005-07-02,0.01
2005-07-03,0.01
2005-07-04,0.0
2005-07-05,0.0
2005-07-06,0.01
2005-07-07,0.13
2005-07-08,0.01
2005-07-09,0.13
2005-07-10,1.33
2005-07-11,0.65
2005-07-12,1.48
2005-07-13,1.91
2005-07-14,0.02
2005-07-15,1.07
2005-07-16,0.01
2005-07-17,0.01
2005-07-18,0.69
2005-07-19,0.01
2005-07-20,0.41
2005-07-21,0.05
2005-07-22,0.23
2005-07-23,0.02
2005-07-24,0.01
2005-07-25,0.01
2005-07-26,0.01
2005-07-27,0.01
2005-07-28,0.01
2005-07-29,0.01
2005-07-30,0.01
2005-07-31,0.01
2005-08-01,0.01
2005-08-02,0.01
2005-08-03,0.01
2005-08-04,0.01
2005-08-05,0.01
2005-08-06,0.01
2005-08-07,0.01
2005-08-08,0.01
2005-08-09,0.01
2005-08-10,0.01
2005-08-11,0.04
2005-08-12,0.01
2005-08-13,0.03
2005-08-14,0.01
2005-08-15,0.02
2005-08-16,2.44
2005-08-17,0.07
2005-08-18,0.64
2005-08-19,0.16
2005-08-20,0.13
2005-08-21,0.43
2005-08-22,0.2
2005-08-23,0.0
2005-08-24,1.2
2005-08-25,0.13
2005-08-26,0.1
2005-08-27,0.0
2005-08-28,1.5
2005-08-29,0.22
2005-08-30,1.57
2005-08-31,1.69
2005-09-01,0.74
2005-09-02,0.75
2005-09-03,0.36
2005-09-04,0.07
2005-09-05,0.01
2005-09-06,0.01
2005-09-07,0.01
2005-09-08,0.05
2005-09-09,0.0
2005-09-10,0.0
2005-09-11,0.0
2005-09-12,0.01
2005-09-13,0.0
2005-09-14,0.01
2005-09-15,0.01
2005-09-16,0.01
2005-09-17,0.01
2005-09-18,0.01
2005-09-19,0.01
2005-09-20,0.01
2005-09-21,0.01
2005-09-22,0.01
2005-09-23,0.01
2005-09-24,0.01
2005-09-25,0.01
2005-09-26,0.01
2005-09-27,0.66
2005-09-28,0.01
2005-09-29,0.01
2005-09-30,0.9
2005-10-01,2.17
2005-10-02,0.99
2005-10-03,0.68
2005-10-04,1.76
2005-10-05,0.01
2005-10-06,0.01
2005-10-07,0.23
2005-10-08,0.33
2005-10-09,0.34
2005-10-10,0.23
2005-10-11,0.19
2005-10-12,0.01
2005-10-13,0.01
2005-10-14,0.76
2005-10-15,0.48
2005-10-16,0.04
2005-10-17,0.01
2005-10-18,0.36
2005-10-19,0.01
2005-10-20,0.18
2005-10-21,0.01
2005-10-22,0.01
2005-10-23,0.0
2005-10-24,0.03
2005-10-25,0.01
2005-10-26,0.69
2005-10-27,0.69
2005-10-28,0.12
2005-10-29,1.08
2005-10-30,0.01
2005-10-31,0.14
2005-11-01,1.02
2005-11-02,0.32
2005-11-03,1.21
2005-11-04,0.01
2005-11-05,0.04
2005-11-06,0.01
2005-11-07,0.07
2005-11-08,0.0
2005-11-09,0.17
2005-11-10,0.04
2005-11-11,0.3
2005-11-12,0.29
2005-11-13,0.0
2005-11-14,0.15
2005-11-15,0.44
2005-11-16,0.87
2005-11-17,0.82
2005-11-18,0.3
2005-11-19,0.17
2005-11-20,0.16
2005-11-21,0.0
2005-11-22,0.01
2005-11-23,0.33
2005-11-24,0.5
2005-11-25,0.0
2005-11-26,0.0
2005-11-27,0.04
2005-11-28,0.0
2005-11-29,0.0
2005-11-30,0.01
2005-12-01,0.0
2005-12-02,0.42
2005-12-03,2.41
2005-12-04,0.29
2005-12-05,0.0
2005-12-06,0.32
2005-12-07,0.08
2005-12-08,0.59
2005-12-09,0.0
2005-12-10,0.0
2005-12-11,0.08
2005-12-12,0.25
2005-12-13,0.34
2005-12-14,0.37
2005-12-15,0.01
2005-12-16,0.16
2005-12-17,0.01
2005-12-18,0.03
2005-12-19,0.14
2005-12-20,0.11
2005-12-21,1.04
2005-12-22,0.08
2005-12-23,0.0
2005-12-24,0.01
2005-12-25,0.0
2005-12-26,0.09
2005-12-27,2.23
2005-12-28,1.43
2005-12-29,0.46
2005-12-30,0.01
2005-12-31,0.01
2006-01-01,0.01
2006-01-02,0.01
2006-01-03,0.18
2006-01-04,0.01
2006-01-05,0.01
2006-01-06,0.01
2006-01-07,0.52
2006-01-08,0.12
2006-01-09,1.55
2006-01-10,
2006-01-11,0.03
2006-01-12,0.01
2006-01-13,0.06
2006-01-14,0.01
2006-01-15,
2006-01-16,0.52
2006-01-17,0.14
2006-01-18,0.23
2006-01-19,0.05
2006-01-20,0.01
2006-01-21,
2006-01-22,0.74
2006-01-23,0.01
2006-01-24,0.01
2006-01-25,0.01
2006-01-26,0.01
2006-01-27,0.01
2006-01-28,0.01
2006-01-29,0.01
2006-01-30,0.01
2006-01-31,0.04
2006-02-01,0.01
2006-02-02,0.01
2006-02-03,0.0
2006-02-04,0.01
2006-02-05,1.34
2006-02-06,0.09
2006-02-07,0.8
2006-02-08,0.0
2006-02-09,0.78
2006-02-10,0.09
2006-02-11,1.01
2006-02-12,0.14
2006-02-13,0.76
2006-02-14,0.84
2006-02-15,0.01
2006-02-16,0.02
2006-02-17,0.01
2006-02-18,0.59
2006-02-19,0.01
2006-02-20,0.02
2006-02-21,0.03
2006-02-22,0.26
2006-02-23,0.01
2006-02-24,0.25
2006-02-25,0.16
2006-02-26,0.0
2006-02-27,0.03
2006-02-28,0.01
2006-03-01,0.01
2006-03-02,0.01
2006-03-03,0.01
2006-03-04,0.01
2006-03-05,0.01
2006-03-06,0.01
2006-03-07,0.01
2006-03-08,0.01
2006-03-09,0.01
2006-03-10,0.01
2006-03-11,0.01
2006-03-12,0.01
2006-03-13,0.01
2006-03-14,0.01
2006-03-15,0.78
2006-03-16,1.49
2006-03-17,0.95
2006-03-18,0.01
2006-03-19,0.73
2006-03-20,0.29
2006-03-21,0.77
2006-03-22,0.08
2006-03-23,0.2
2006-03-24,0.01
2006-03-25,0.5
2006-03-26,0.14
2006-03-27,0.03
2006-03-28,0.01
2006-03-29,0.01
2006-03-30,0.01
2006-03-31,0.01
2006-04-01,0.01
2006-04-02,0.01
2006-04-03,0.01
2006-04-04,0.01
2006-04-05,0.01
2006-04-06,0.01
2006-04-07,0.58
2006-04-08,0.01
2006-04-09,0.01
2006-04-10,0.01
2006-04-11,0.01
2006-04-12,0.04
2006-04-13,0.0
2006-04-14,0.03
2006-04-15,0.51
2006-04-16,0.33
2006-04-17,0.6
2006-04-18,0.02
2006-04-19,0.18
2006-04-20,0.33
2006-04-21,0.17
2006-04-22,0.59
2006-04-23,0.75
2006-04-24,0.59
2006-04-25,0.06
2006-04-26,0.0
2006-04-27,0.0
2006-04-28,0.23
2006-04-29,0.0
2006-04-30,0.01
2006-05-01,0.01
2006-05-02,0.01
2006-05-03,0.0
2006-05-04,0.01
2006-05-05,0.0
2006-05-06,0.0
2006-05-07,0.04
2006-05-08,1.07
2006-05-09,0.0
2006-05-10,0.01
2006-05-11,0.01
2006-05-12,0.0
2006-05-13,0.01
2006-05-14,0.01
2006-05-15,0.46
2006-05-16,0.01
2006-05-17,1.07
2006-05-18,0.01
2006-05-19,0.28
2006-05-20,0.01
2006-05-21,0.01
2006-05-22,0.04
2006-05-23,0.36
2006-09-12,0.0
2006-09-13,1.23
2006-09-14,0.36
2006-09-15,0.0
2006-09-16,0.0
2006-09-17,0.0
2006-09-18,0.0
2006-09-19,0.0
2006-09-20,0.0
2006-09-21,0.0
2006-09-22,0.0
2006-09-23,0.0
2006-09-24,0.0
2006-09-25,0.0
2006-09-26,0.0
2006-09-27,0.0
2006-09-28,0.41
2006-09-29,0.26
2006-09-30,0.0
2006-10-01,0.0
2006-10-02,0.71
2006-10-03,0.0
2006-10-04,0.0
2006-10-05,0.0
2006-10-06,0.0
2006-10-07,0.0
2006-10-08,0.0
2006-10-09,0.0
2006-10-10,0.0
2006-10-11,0.0
2006-10-12,0.0
2006-10-13,0.0
2006-10-14,0.77
2006-10-15,0.0
2007-09-29,0.05
2007-09-30,0.59
2007-10-01,0.0
2007-10-02,0.0
2007-10-03,0.0
2007-10-04,0.0
2007-10-05,0.34
2007-10-06,0.0
2007-10-07,0.0
2007-10-08,0.15
2007-10-09,0.1
2007-10-10,0.0
2007-10-11,0.0
2007-10-12,0.0
2007-10-13,0.39
2007-10-14,0.0
2007-10-15,0.44
2007-10-16,2.51
2007-10-17,0.15
2007-10-18,0.0
2007-10-19,0.49
2007-10-20,0.15
2007-10-21,0.39
2007-10-22,2.16
2007-10-23,0.69
2007-10-24,0.0
2007-10-25,0.0
2007-10-26,0.05
2007-10-27,0.0
2007-10-28,0.0
2007-10-29,0.44
2007-10-30,0.0
2007-10-31,0.0
2007-11-01,0.34
2007-11-02,0.15
2007-11-03,0.15
2007-11-04,0.0
2007-11-05,0.49
2007-11-06,0.12340911495954819
2007-11-07,0.34
2007-11-08,0.74
2007-11-09,0.15
2007-11-10,0.49
2007-11-11,0.15
2007-11-12,0.25
2007-11-13,0.0
2007-11-14,0.88
2007-11-15,0.0
2007-11-16,0.0
2007-11-17,0.0
2007-11-18,0.0
2007-11-19,0.39
2007-11-20,0.0
2007-11-21,0.1
2007-11-22,0.0
2007-11-23,0.01
2007-11-24,0.015917906658990302
2007-11-25,0.0
2007-11-26,0.0
2007-11-27,0.44
2007-11-28,0.39
2007-11-29,2.11
2007-11-30,0.54
2007-12-01,0.0
2007-12-02,0.0
2007-12-03,0.69
2007-12-04,1.72
2007-12-05,0.44
2007-12-06,0.0
2007-12-07,0.2
2007-12-08,0.98
2007-12-09,
2007-12-10,0.0
2007-12-11,0.2
2007-12-12,0.0
2007-12-13,0.05
2007-12-14,1.23
2007-12-15,0.0
2007-12-16,0.0
2007-12-17,0.0
2007-12-18,0.0
2007-12-19,0.0
2007-12-20,0.0
2007-12-21,0.2
2007-12-22,0.64
2007-12-23,1.62
2007-12-24,0.25
2007-12-25,0.25
2007-12-26,0.34
2007-12-27,0.93
2007-12-28,0.74
2007-12-29,0.0
2007-12-30,0.05
2007-12-31,0.34
2008-01-01,0.0
2008-01-02,0.0
2008-01-03,0.0
2008-01-04,0.0
2008-01-05,0.0
2008-01-06,0.0
2008-01-07,0.0
2008-01-08,0.0
2008-01-09,0.0
2008-01-10,0.0
2008-01-11,0.0
2008-01-12,0.0
2008-01-13,0.0
2008-01-14,0.0
2008-01-15,0.0
2008-01-16,0.0
2008-01-17,0.0
2008-01-18,0.0
2008-01-19,0.05
2008-01-20,0.0
2008-01-21,1.47
2008-01-22,0.34
2008-01-23,0.0
2008-01-24,0.0
2008-01-25,0.54
2008-01-26,0.54
2008-01-27,1.43
2008-01-28,0.0
2008-01-29,0.15
2008-01-30,0.0
2008-01-31,0.0
2008-02-01,0.0
2008-02-02,0.0
2008-02-03,0.0
2008-02-04,0.0
2008-02-05,0.0
2008-02-06,0.0
2008-02-07,0.34
2008-02-08,0.0
2008-02-09,0.0
2008-02-10,0.0
2008-02-11,0.0
2008-02-12,0.0
2008-02-13,0.0
2008-02-14,0.0
2008-02-15,0.0
2008-02-16,0.0
2008-02-17,0.0
2008-02-18,0.0
2008-02-19,0.15
2008-02-20,0.05
2008-02-21,0.84
2008-02-22,2.51
2008-02-23,0.05
2008-02-24,0.39
2008-02-25,0.69
2008-02-26,0.0
2008-02-27,0.0
2008-02-28,0.0
2008-02-29,0.0
2008-03-01,0.1
2008-03-02,0.1
2008-03-03,0.05
2008-03-04,0.1
2008-03-05,0.0
2008-03-06,0.29
2008-03-07,0.0
2008-03-08,0.29
2008-03-09,1.13
2008-03-10,0.93
2008-03-11,0.0
2008-03-12,2.06
2008-03-13,0.25
2008-03-14,0.05
2008-03-15,0.0
2008-03-16,1.23
2008-03-17,0.2
2008-03-18,0.0
2008-03-19,0.0
2008-03-20,0.0
2008-03-21,0.04332412996859673
2008-03-22,0.01
2008-03-23,0.0
2008-03-24,0.023809306122701598
2008-03-25,0.0
2008-03-26,0.34
2008-03-27,0.1
2008-03-28,0.0
2008-03-29,0.0
2008-03-30,0.0
2008-03-31,0.0
2008-04-01,0.0
2008-04-02,0.05
2008-04-03,0.0
2008-04-04,0.0
2008-04-05,0.0
2008-04-06,0.0
2008-04-07,0.0
2008-04-08,0.0
2008-04-09,0.0
2008-04-10,0.39
2008-04-11,0.0
2008-04-12,0.05
2008-04-13,
2008-04-14,0.64
2008-04-15,2.26
2008-04-16,1.47
2008-04-17,0.15
2008-04-18,1.13
2008-04-19,1.38
2008-04-20,0.2
2008-04-21,
2008-04-22,
2008-04-23,
2008-04-24,0.0
2008-04-25,0.05
2008-04-26,0.0
2008-04-27,0.0
2008-04-28,0.0
2008-04-29,0.0
2008-04-30,0.0
2008-05-01,0.0
2008-05-02,0.0
2008-05-03,0.0
2008-05-04,0.0
2008-05-05,0.0
2008-05-06,0.0
2008-05-07,0.0
2008-05-08,0.0
2008-05-09,0.98
2008-05-10,0.0
2008-05-11,0.0
2008-05-12,0.0
2008-05-13,0.021966450508151745
2008-05-14,0.05
2008-05-15,0.0
2008-05-16,0.0
2008-05-17,0.0
2008-05-18,0.2
2008-05-19,0.0
2008-05-20,0.05
2008-05-21,0.0
2008-05-22,0.0
2008-05-23,0.0
2008-05-24,0.0
2008-05-25,0.0
2008-05-26,1.47
2008-05-27,0.1
2008-05-28,
2008-05-29,0.15
2008-05-30,0.0
2008-05-31,0.0
2008-06-01,0.0
2008-06-02,0.05
2008-06-03,0.1
2008-06-04,0.34
2008-06-05,0.69
2008-06-06,0.15
2008-06-07,0.0
2008-06-08,0.0
2008-06-09,0.0
2008-06-10,0.0
2008-06-11,0.11406827390604267
2008-06-12,0.0
2008-06-13,0.0
2008-06-14,0.0
2008-06-15,0.0
2008-06-16,0.0
2008-06-17,0.0
2008-06-18,0.0
2008-06-19,0.0
2008-06-20,0.1
2008-06-21,0.29
2008-06-22,0.25
2008-06-23,0.0
2008-06-24,0.0
2008-06-25,0.0
2008-06-26,0.0
2008-06-27,0.0
2008-06-28,0.84
2008-06-29,0.0
2008-06-30,0.0
2008-07-01,0.0
2008-07-02,0.0
2008-07-03,0.0
2008-07-04,0.0
2008-07-05,0.0
2008-07-06,0.0
2008-07-07,0.0
2008-07-08,0.0
2008-07-09,0.0
2008-07-10,0.0
2008-07-11,0.05
2008-07-12,0.0
2008-07-13,0.05
2008-07-14,0.0
2008-07-15,0.05
2008-07-16,0.29
2008-07-17,
2008-07-18,0.0
2008-07-19,0.49
2008-07-20,0.0
2008-07-21,0.05
2008-07-22,0.05
2008-07-23,
2008-07-24,0.34
2008-07-25,0.0
2008-07-26,0.0
2008-07-27,0.0
2008-07-28,0.0
2008-07-29,0.0
2008-07-30,0.0
2008-07-31,0.25
2008-08-01,0.1
2008-08-02,0.0
2008-08-03,0.0
2008-08-04,0.0
2008-08-05,0.0
2008-08-06,0.0
2008-08-07,0.0
2008-08-08,0.01543603036003395
2008-08-09,0.37631325478905076
2008-08-10,0.0
2008-08-11,0.0
2008-08-12,0.05385329679788936
2008-08-13,0.0
2008-08-14,0.0
2008-08-15,0.20345766308042976
2008-08-16,0.10687791190436652
2008-08-17,0.1896581000446536
2008-08-18,0.0
2008-08-19,0.0
2008-08-20,0.0
2008-08-21,0.0
2008-08-22,0.0
2008-08-23,0.0
2008-08-24,0.74
2008-08-25,0.74
2008-08-26,0.93
2008-08-27,0.0
2008-08-28,0.2
2008-08-29,0.54
2008-08-30,0.0
2008-08-31,0.29
2008-09-01,0.1
2008-09-02,1.13
2008-09-03,0.0
2008-09-04,0.0
2008-09-05,0.0
2008-09-06,0.0
2008-09-07,0.39
2008-09-08,0.05
2008-09-09,0.0
2008-09-10,0.25
2008-09-11,0.06240857496899685
2008-09-12,0.0
2008-09-13,0.0
2008-09-14,0.0
2008-09-15,0.0
2008-09-16,0.0
2008-09-17,0.0
2008-09-18,0.0
2008-09-19,0.0
2008-09-20,0.0
2008-09-21,0.0
2008-09-22,0.0
2008-09-23,0.0
2008-09-24,0.0
2008-09-25,0.0
2008-09-26,0.0
2008-09-27,0.15
2008-09-28,0.69
2008-09-29,0.0
2008-09-30,0.0
2008-10-01,0.0
2008-10-02,0.0
2008-10-03,0.0
2008-10-04,1.77
2008-10-05,0.0
2008-10-06,0.0
2008-10-07,0.54
2008-10-08,0.84
2008-10-09,
2008-10-10,
2008-10-11,0.25
2008-10-12,0.2
2008-10-13,0.0
2008-10-14,0.49
2008-10-15,
2008-10-16,0.0
2008-10-17,0.1
2008-10-18,1.03
2008-10-19,0.2518603923785814
2008-10-20,0.05
2008-10-21,0.0
2008-10-22,0.0
2008-10-23,0.0
2008-10-24,0.0
2008-10-25,0.0
2008-10-26,
2008-10-27,0.0
2008-10-28,0.0
2008-10-29,0.0
2008-10-30,0.0
2008-10-31,1.13
2008-11-01,1.23
2008-11-02,0.1
2008-11-03,0.0
2008-11-04,0.0
2008-11-05,0.15
2008-11-06,
2008-11-07,1.43
2008-11-08,0.44
2008-11-09,0.25
2008-11-10,0.1
2008-11-11,0.0
2008-11-12,0.25
2008-11-13,0.88
2008-11-14,0.1
2008-11-15,0.49
2008-11-16,0.0
2008-11-17,0.39
2008-11-18,0.0
2008-11-19,0.0
2008-11-20,1.08
2008-11-21,
2008-11-22,0.2
2008-11-23,0.25
2008-11-24,0.29
2008-11-25,0.1
2008-11-26,0.05
2008-11-27,0.0
2008-11-28,0.0
2008-11-29,0.05208173458311334
2008-11-30,0.05
2008-12-01,
2008-12-02,1.08
2008-12-03,0.64
2008-12-04,0.44
2008-12-05,
2008-12-06,0.15
2008-12-07,0.0
2008-12-08,0.2
2008-12-09,0.15
2008-12-10,0.0
2008-12-11,0.0
2008-12-12,0.0
2008-12-13,0.15
2008-12-14,0.39
2008-12-15,0.0
2008-12-16,0.0
2008-12-17,0.0
2008-12-18,0.0
2008-12-19,0.0
2008-12-20,0.1
2008-12-21,0.05
2008-12-22,1.13
2008-12-23,
2008-12-24,0.05
2008-12-25,0.0
2008-12-26,0.0
2008-12-27,0.39
2008-12-28,0.0
2008-12-29,0.0
2008-12-30,0.1
2008-12-31,0.05
2009-01-01,0.0
2009-01-02,0.1
2009-01-03,0.05
2009-01-04,0.0
2009-01-05,0.0
2009-01-06,0.0
2009-01-07,0.0
2009-01-08,0.0
2009-01-09,0.0
2009-01-10,0.0
2009-01-11,0.0
2009-01-12,0.0
2009-01-13,0.0
2009-01-14,0.0
2009-01-15,0.0
2009-01-16,0.0
2009-01-17,0.0
2009-01-18,0.0
2009-01-19,0.0
2009-01-20,0.0
2009-01-21,0.0
2009-01-22,0.0
2009-01-23,0.0
2009-01-24,0.0
2009-01-25,0.0
2009-01-26,0.0
2009-01-27,0.0
2009-01-28,0.0
2009-01-29,0.0
2009-01-30,0.0
2009-01-31,0.0
2009-02-01,0.0
2009-02-02,0.0
2009-02-03,0.0
2009-02-04,0.0
2009-02-05,0.0
2009-02-06,0.0
2009-02-07,0.0
2009-02-08,0.0
2009-02-09,0.0
2009-02-10,0.0
2009-02-11,0.0
2009-02-12,0.0
2009-02-13,0.0
2009-02-14,0.0
2009-02-15,0.0
2009-02-16,0.0
2009-02-17,0.0
2009-02-18,0.0
2009-07-31,0.0
2009-08-01,0.03598620333639568
2009-08-02,0.012920492475841549
2009-08-03,0.0
2009-08-04,1.3
2009-08-05,0.75
2009-08-06,0.02
2009-08-07,0.53
2009-08-08,0.07
2009-08-09,0.4
2009-08-10,0.49
2009-08-11,0.59
2009-08-12,
2009-08-13,0.72
2009-08-14,0.0
2009-08-15,0.0
2009-08-16,0.19
2009-08-17,0.02
2009-08-18,0.02
2009-08-19,0.1
2009-08-20,0.0
2009-08-21,0.04
2009-08-22,0.08
2009-08-23,0.06
2009-08-24,0.11
2009-08-25,1.22
2009-08-26,0.0
2009-08-27,0.14840164502283293
2009-08-28,0.20328175055436953
2009-08-29,0.0
2009-08-30,0.49
2009-08-31,0.07
2009-09-01,0.0
2009-09-02,0.09512255789319109
2009-09-03,0.0
2009-09-04,0.012303058582845219
2009-09-05,0.0
2009-09-06,0.01
2009-09-07,0.0
2009-09-08,0.03
2009-09-09,0.03
2009-09-10,0.14
2009-09-11,0.0
2009-09-12,0.61
2009-09-13,0.79
2009-09-14,0.72
2009-09-15,0.03
2009-09-16,0.17
2009-09-17,0.26
2009-09-18,0.24
2009-09-19,0.18150918468363073
2009-09-20,0.0
2009-09-21,0.0
2009-09-22,0.0
2009-09-23,0.01
2009-09-24,0.12699073624638213
2009-09-25,0.2
2009-09-26,0.27
2009-09-27,0.61
2009-09-28,0.0
2009-09-29,0.53
2009-09-30,0.01
2009-10-01,0.82
2009-10-02,0.07402045607358693
2009-10-03,0.0
2009-10-04,0.0
2009-10-05,0.1267888689376433
2009-10-06,0.0
2009-10-07,0.030364881778834323
2009-10-08,0.0
2009-10-09,0.016286713718790473
2009-10-10,0.015005655931553143
2009-10-11,0.027359287266613373
2009-10-12,0.030497737570905806
2009-10-13,0.07266400759379964
2009-10-14,0.11
2009-10-15,0.05
2009-10-16,0.0784010191613161
2009-10-17,0.7768123069149635
2009-10-18,0.02
2009-10-19,0.47
2009-10-20,0.09
2009-10-21,0.01
2009-10-22,0.26
2009-10-23,0.12
2009-10-24,0.0
2009-10-25,0.0
2009-10-26,0.77
2009-10-27,0.53
2009-10-28,0.0
2009-10-29,0.0
2009-10-30,0.0
2009-10-31,0.08258784810291539
2009-11-01,1.58
2009-11-02,0.0
2009-11-03,0.0
2009-11-04,1.41
2009-11-05,0.49
2009-11-06,0.12
2009-11-07,0.05
2009-11-08,0.06
2009-11-09,0.49
2009-11-10,0.43
2009-11-11,0.0
2009-11-12,0.04
2009-11-13,0.19
2009-11-14,0.02
2009-11-15,0.08484362030924611
2009-11-16,0.56
2009-11-17,0.01
2009-11-18,0.01845068326887529
2009-11-19,0.0408776514645506
2009-11-20,0.37
2009-11-21,0.0
2009-11-22,0.02920129073173245
2009-11-23,0.03727915437767731
2009-11-24,0.033588265067643126
2009-11-25,1.84
2009-11-26,0.5
2009-11-27,0.42
2009-11-28,0.71
2009-11-29,0.0
2009-11-30,0.34
2009-12-01,0.1571414358563262
2009-12-02,0.18
2009-12-03,0.11584211783138038
2009-12-04,0.02
2009-12-05,0.09
2009-12-06,0.22
2009-12-07,0.26
2009-12-08,0.31622611962354297
2009-12-09,0.0
2009-12-10,0.0
2009-12-11,0.04
2009-12-12,0.0
2009-12-13,0.047635541201267194
2009-12-14,0.0
2009-12-15,0.1339061065566469
2009-12-16,0.26
2009-12-17,
2009-12-18,0.11
2009-12-19,0.08
2009-12-20,0.0
2009-12-21,0.0
2009-12-22,0.0
2009-12-23,1.5
2009-12-24,0.0
2009-12-25,0.0
2009-12-26,0.68
2009-12-27,0.3
2009-12-28,1.26
2009-12-29,0.02
2009-12-30,0.02
2009-12-31,0.45
2010-01-01,0.32
2010-01-02,0.53
2010-01-03,0.20050321890023862
2010-01-04,0.01568351229582451
2010-01-05,0.06
2010-01-06,0.1
2010-01-07,0.18316242525207385
2010-01-08,0.06512266393051441
2010-01-09,0.07790004696454457
2010-01-10,0.01
2010-01-11,0.18
2010-01-12,0.07
2010-01-13,0.35
2010-01-14,0.04
2010-01-15,0.03470000328687163
2010-01-16,0.14
2010-01-17,0.04
2010-01-18,0.15962420218623097
2010-01-19,0.26
2010-01-20,0.13
2010-01-21,0.05
2010-01-22,0.0
2010-01-23,0.010371195583484155
2010-01-24,0.0
2010-01-25,0.054680245944973394
2010-01-26,0.0
2010-01-27,0.0
2010-01-28,0.05
2010-01-29,0.03
2010-01-30,0.0
2010-01-31,0.0
2010-02-01,0.0
2010-02-02,0.0
2010-02-03,0.0
2010-02-04,0.31
2010-02-05,0.18050406500594446
2010-02-06,0.0
2010-02-07,0.96
2010-02-08,0.27
2010-02-09,0.24
2010-02-10,0.0
2010-02-11,0.13
2010-02-12,0.36678600578241116
2010-02-13,0.1096857395665778
2010-02-14,0.8
2010-02-15,0.0
2010-02-16,0.0
2010-02-17,0.0
2010-02-18,0.15841472513699562
2010-02-19,
2010-02-20,0.01
2010-02-21,0.22443841308030607
2010-02-22,0.09
2010-02-23,0.0
2010-02-24,0.0
2010-02-25,0.0
2010-02-26,0.2667891733105611
2010-02-27,0.32
2010-02-28,0.45
2010-03-01,0.23543608174713995
2010-03-02,0.01
2010-03-03,0.01
2010-03-04,0.0
2010-03-05,0.27
2010-03-06,1.49
2010-03-07,0.055741421932022125
2010-03-08,0.01
2010-03-09,0.22
2010-03-10,0.05453912040714144
2010-03-11,0.011434630657052582
2010-03-12,0.0
2010-03-13,0.31
2010-03-14,0.0
2010-03-15,0.01
2010-03-16,0.24
2010-03-17,0.1950864968999499
2010-03-18,
2010-03-19,0.17705912495117343
2010-03-20,0.0
2010-03-21,0.071453815053218
2010-03-22,0.03
2010-03-23,0.0
2010-03-24,0.63
2010-03-25,0.0
2010-03-26,0.24856333130532648
2010-03-27,0.62
2010-03-28,1.42
2010-03-29,0.0
2010-03-30,0.01
2010-03-31,0.09
2010-04-01,1.31
2010-04-02,0.0
2010-04-03,1.1
2010-04-04,0.63
2010-04-05,0.68
2010-04-06,0.06
2010-04-07,0.02
2010-04-08,0.04
2010-04-09,0.04
2010-04-10,0.17
2010-04-11,0.02
2010-04-12,0.01
2010-04-13,0.0
2010-04-14,0.0
2010-04-15,1.38
2010-04-16,0.58
2010-04-17,0.2104637592288143
2010-04-18,0.14
2010-04-19,1.69
2010-04-20,0.0
2010-04-21,0.03
2010-04-22,0.64
2010-04-23,0.29
2010-04-24,0.0
2010-04-25,1.85
2010-04-26,0.3
2010-04-27,0.0
2010-04-28,0.0
2010-04-29,0.1
2010-04-30,0.02
2010-05-01,0.07
2010-05-02,0.42
2010-05-03,0.07
2010-05-04,0.07470473765769914
2010-05-05,0.0
2010-05-06,0.0
2010-05-07,0.010811593114231839
2010-05-08,0.0
2010-05-09,0.01
2010-05-10,0.0
2010-05-11,1.93
2010-05-12,0.1
2010-05-13,
2010-05-14,0.08
2010-05-15,0.24
2010-05-16,0.29
2010-05-17,0.01
2010-05-18,0.0
2010-05-19,0.0
2010-05-20,0.0
2010-05-21,0.13227052899630587
2010-05-22,0.012982024734103606
2010-05-23,0.0
2010-05-24,0.0
2010-05-25,0.11372631051381048
2010-05-26,0.04679187733073697
2010-05-27,0.0
2010-05-28,0.0
2010-05-29,0.09079532447657196
2010-05-30,0.05767048597472797
2010-05-31,0.27
2010-06-01,0.0
2010-06-02,1.24
2010-06-03,1.41
2010-06-04,0.58
2010-06-05,0.26
2010-06-06,0.17
2010-06-07,0.33
2010-06-08,0.13
2010-06-09,0.01488152714487609
2010-06-10,0.023913866955378206
2010-06-11,0.01
2010-06-12,0.0
2010-06-13,0.10075115619650404
2010-06-14,0.03697056479113106
2010-06-15,0.015399558063475056
2010-06-16,0.011363356631188086
2010-06-17,0.12
2010-06-18,0.09
2010-06-19,0.0
2010-06-20,0.23
2010-06-21,1.69
2010-06-22,0.05139042013088328
2010-06-23,0.20690758398699102
2010-06-24,0.02
2010-06-25,0.17740103992085848
2010-06-26,0.12719965922581983
2010-06-27,1.23
2010-06-28,0.0
2010-06-29,1.38
2010-06-30,0.3
2010-07-01,0.01
2010-07-02,0.01
2010-07-03,0.0
2010-07-04,0.01
2010-07-05,0.01
2010-07-06,0.0
2010-07-07,0.03
2010-07-08,0.05
2010-07-09,1.45
2010-07-10,1.06
2010-07-11,0.01
2010-07-13,0.0
2010-07-14,0.15
2010-07-15,0.0
2010-07-16,0.15
2010-07-17,0.0
2010-07-18,0.77
2010-07-19,0.0
2010-07-20,0.0
2010-07-21,0.0
2010-07-22,0.1
2010-07-23,0.0
2010-07-24,0.1
2010-07-25,0.92
2010-07-26,0.0
2010-07-27,0.0
2010-07-28,0.87
2010-07-29,0.1
2010-07-30,0.0
2010-07-31,0.0
2010-08-01,0.0
2010-08-02,0.0
2010-08-03,0.0
2010-08-04,0.0
2010-08-05,0.0
2010-08-06,0.0
2010-08-07,0.0
2010-08-08,0.0
2010-08-09,0.26
2010-08-10,0.0
2010-08-11,1.18
2010-08-12,0.26
2010-08-13,0.0
2010-08-14,0.0
2010-08-15,0.0
2010-08-16,0.15
2010-08-17,
2010-08-18,0.0
2010-08-19,0.15
2010-08-20,0.0
2010-08-21,0.0
2010-08-22,0.05
2010-08-23,0.0
2010-08-24,0.0
2010-08-25,0.0
2010-08-26,0.0
2010-08-27,0.0
2010-08-28,0.0
2010-08-29,0.0
2010-08-30,0.56
2010-08-31,0.41
2010-09-01,0.1
2010-09-02,0.1
2010-09-03,0.1
2010-09-04,0.98
2010-09-05,0.05
2010-09-06,0.0
2010-09-07,0.0
2010-09-08,0.0
2010-09-09,0.0
2010-09-10,0.0
2010-09-11,0.0
2010-09-12,0.05
2010-09-13,0.0
2010-09-14,0.15
2010-09-15,0.0
2010-09-16,0.21
2010-09-17,0.36
2010-09-18,0.51
2010-09-19,0.1
2010-09-20,0.0
2010-09-21,0.41
2010-09-22,0.15
2010-09-23,0.21
2010-09-24,0.15
2010-09-25,0.0
2010-09-26,0.36
2010-09-27,0.05
2010-09-28,0.05
2010-09-29,0.15
2010-09-30,1.9
2010-10-01,0.0
2010-10-02,1.8
2010-10-03,0.98
2010-10-04,0.92
2010-10-05,0.0
2010-10-06,0.0
2010-10-07,0.0
2010-10-08,0.0
2010-10-09,0.0
2010-10-10,0.05
2010-10-11,0.1
2010-10-12,0.0
2010-10-13,0.05
2010-10-14,0.0
2010-10-15,0.0
2010-10-16,0.0
2010-10-17,0.0
2010-10-18,0.0
2010-10-19,0.0
2010-10-20,0.0
2010-10-21,0.1
2010-10-22,0.0
2010-10-23,0.77
2010-10-24,0.1
2010-10-25,0.0
2010-10-26,0.0
2010-10-27,0.05
2010-10-28,0.05
2010-10-29,0.0
2010-10-30,0.1
2010-10-31,
2010-11-01,0.46
2010-11-02,0.72
2010-11-03,0.05
2010-11-04,0.0
2010-11-05,0.21
2010-11-06,0.31
2010-11-07,0.36
2010-11-08,0.1
2010-11-09,0.98
2010-11-10,0.0
2010-11-11,0.0
2010-11-12,0.05
2010-11-13,0.0
2010-11-14,0.0
2010-11-15,0.0
2010-11-16,0.1
2010-11-17,0.87
2010-11-18,1.64
2010-11-19,0.36
2010-11-20,0.0
2010-11-21,0.31
2010-11-22,1.03
2010-11-23,0.82
2010-11-24,0.15
2010-11-25,0.51
2010-11-26,0.1
2010-11-27,0.41
2010-11-28,0.0
2010-11-29,0.15
2010-11-30,0.1
2010-12-01,1.85
2010-12-02,1.08
2010-12-03,0.46
2010-12-04,0.1
2010-12-05,0.0
2010-12-06,0.0
2010-12-07,0.0
2010-12-08,0.0
2010-12-09,0.0
2010-12-10,0.0
2010-12-11,0.0
2010-12-12,0.0
2010-12-13,0.0
2010-12-14,0.0
2010-12-15,0.0
2010-12-16,0.0
2010-12-17,0.0
2010-12-18,0.0
2010-12-19,0.05
2010-12-20,0.0
2010-12-21,0.0
2010-12-22,0.0
2010-12-23,0.77
2010-12-24,0.1
2010-12-25,0.26
2010-12-26,0.41
2010-12-27,0.0
2010-12-28,
2010-12-29,0.0
2010-12-30,0.0
2010-12-31,0.0
2011-01-01,0.0
2011-01-02,0.0
2011-01-03,0.0
2011-01-04,
2011-01-05,0.0
2011-01-06,0.0
2011-01-07,0.1
2011-01-08,
2011-01-09,0.0
2011-01-10,0.0
2011-01-11,0.0
2011-01-12,0.0
2011-01-13,0.0
2011-01-14,0.0
2011-01-15,0.0
2011-01-16,0.0
2011-01-17,0.0
2011-01-18,0.0
2011-01-19,0.0
2011-01-20,0.0
2011-01-21,0.0
2011-01-22,0.0
2011-01-23,0.0
2011-01-24,0.0
2011-01-25,0.0
2011-01-26,0.1
2011-01-27,0.0
2011-01-28,0.0
2011-01-29,0.31
2011-01-30,0.0
2011-01-31,0.0
2011-02-01,0.0
2011-02-02,0.0
2011-02-03,0.05
2011-02-04,0.05
2011-02-05,0.0
2011-02-06,0.0
2011-02-07,0.0
2011-02-08,0.0
2011-02-09,0.0
2011-02-10,0.0
2011-02-11,0.0
2011-02-12,0.0
2011-02-13,0.0
2011-02-14,0.0
2011-02-15,0.0
2011-02-16,0.0
2011-02-17,0.0
2011-02-18,0.0
2011-02-19,0.0
2011-02-20,0.0
2011-02-21,0.0
2011-02-22,0.15
2011-02-23,0.31
2011-02-24,0.0
2011-02-25,0.0
2011-02-26,1.9
2011-02-27,
2011-02-28,0.0
2011-03-01,0.0
2011-03-02,0.0
2011-03-03,0.41
2011-03-04,0.0
2011-03-05,0.0
2011-03-06,0.0
2011-03-07,0.0
2011-03-08,0.41
2011-03-09,0.1
2011-03-10,0.05
2011-03-11,0.05
2011-03-12,0.1
2011-03-13,0.0
2011-03-14,0.0
2011-03-15,0.0
2011-03-16,0.0
2011-03-17,0.0
2011-03-18,0.0
2011-03-19,0.0
2011-03-20,0.0
2011-03-21,0.0
2011-03-22,0.0
2011-03-23,0.0
2011-03-24,0.0
2011-03-25,0.0
2011-03-26,0.0
2011-03-27,0.0
2011-03-28,0.0
2011-03-29,0.0
2011-03-30,0.15
2011-03-31,0.05
2011-04-01,0.0
2011-04-02,0.1
2011-04-03,0.0
2011-04-04,0.0
2011-04-05,0.0
2011-04-06,0.0
2011-04-07,0.0
2011-04-08,0.0
2011-04-09,0.0
2011-04-10,0.0
2011-04-11,0.0
2011-04-12,0.0
2011-04-13,0.1
2011-04-14,0.0
2011-04-15,0.05
2011-04-16,0.51
2011-04-17,0.05
2011-04-18,0.0
2011-04-19,0.0
2011-04-20,0.0
2011-04-21,0.0
2011-04-22,0.0
2011-04-23,0.56
2011-04-24,2.52
2011-04-25,0.0
2011-04-26,0.0
2011-04-27,0.82
2011-04-28,1.13
2011-04-29,0.62
2011-04-30,0.0
2011-05-01,0.26
2011-05-02,
2011-05-03,0.21
2011-05-04,0.1
2011-05-05,0.0
2011-05-06,0.0
2011-05-07,0.0
2011-05-08,0.0
2011-05-09,0.0
2011-05-10,0.0
2011-05-11,0.0
2011-05-12,0.0
2011-05-13,0.0
2011-05-14,0.0
2011-05-15,0.0
2011-05-16,0.0
2011-05-17,0.0
2011-05-18,0.0
2011-05-19,0.0
2011-05-20,0.0
2011-05-21,0.0
2011-05-22,0.0
2011-05-23,0.0
2011-05-26,0.0
2011-05-27,0.05
2011-05-28,0.06
2011-05-29,0.0
2011-05-30,0.0
2011-05-31,0.0
2011-06-01,0.0
2011-06-02,1.05
2011-06-03,0.33
2011-06-04,0.04
2011-06-05,0.07271935220046342
2011-06-06,0.02324229466379084
2011-06-07,0.019920639755182015
2011-06-08,0.010412835383120544
2011-06-09,0.012352544609578787
2011-06-10,0.0
2011-06-11,0.0
2011-06-12,0.0
2011-06-13,0.0
2011-06-14,0.0
2011-06-15,0.0
2011-06-16,0.04
2011-06-17,0.0
2011-06-18,0.0
2011-06-19,0.0
2011-06-20,0.11
2011-06-21,0.01
2011-06-22,0.016086074606178252
2011-06-23,0.1
2011-06-24,0.04184450094061494
2011-06-25,1.83
2011-06-26,0.14
2011-06-27,0.09170703565136566
2011-06-28,0.0
2011-06-29,0.1896644538754011
2011-06-30,0.0
2011-07-01,0.0
2011-07-02,0.0
2011-07-03,0.0
2011-07-04,0.0
2011-07-05,0.0
2011-07-06,0.0
2011-07-07,0.0
2011-07-08,0.0
2011-07-09,0.05
2011-07-10,0.02
2011-07-11,0.27
2011-07-12,1.52
2011-07-13,0.03
2011-07-14,0.01
2011-07-15,0.0
2011-07-16,0.0
2011-07-17,0.030015372468456356
2011-07-18,0.011350840118545142
2011-07-19,0.23130141904859122
2011-07-20,0.020072241586560274
2011-07-21,0.04080463497649366
2011-07-22,0.056106310416354346
2011-07-23,0.03662803122835559
2011-07-24,0.36
2011-07-25,0.23
2011-07-26,0.06
2011-07-27,0.03
2011-07-28,0.05
2011-07-29,0.15
2011-07-30,0.04
2011-07-31,0.27
2011-08-01,0.0
2011-08-02,1.88
2011-08-03,0.0
2011-08-04,0.03445538358951448
2011-08-05,0.01
2011-08-06,0.05
2011-08-07,0.08
2011-08-08,0.0
2011-08-09,0.0
2011-08-10,0.0
2011-08-11,0.26
2011-08-12,1.99
2011-08-13,0.0
2011-08-14,0.0
2011-08-15,0.09
2011-08-16,0.0
2011-08-17,0.025586292661154485
2011-08-18,0.01
2011-08-19,0.0
2011-08-20,0.0
2011-08-21,0.0
2011-08-22,0.016388702225052607
2011-08-23,0.08
2011-08-24,0.018601965508182206
2011-08-25,0.04179532206515066
2011-08-26,0.02522862723991499
2011-08-27,0.15
2011-08-28,0.47
2011-08-29,0.012251704874466035
2011-08-30,0.1513747846799653
2011-08-31,0.057603064417574276
2011-09-01,0.2423305142338435
2011-09-02,0.013423206796095861
2011-09-03,0.01615142817064613
2011-09-04,0.24517459494951171
2011-09-05,0.1785448985967367
2011-09-06,0.41
2011-09-07,0.02
2011-09-08,0.08090923860668559
2011-09-09,0.35
2011-09-10,
2011-09-11,0.6
2011-09-12,0.01
2011-09-13,0.09128583110108511
2011-09-14,0.24451024124355678
2011-09-15,0.01
2011-09-16,0.02
2011-09-17,0.04
2011-09-18,0.10790273327435455
2011-09-19,0.037757592428439055
2011-09-20,1.87
2011-09-21,0.03
2011-09-22,0.01
2011-09-23,0.24
2011-09-24,0.01
2011-09-25,0.0
2011-09-26,0.0
2011-09-27,0.13
2011-09-28,0.0
2011-09-29,0.66
2011-09-30,0.24
2011-10-01,0.0
2011-10-02,0.0
2011-10-03,1.54
2011-10-04,0.02
2011-10-05,0.0
2011-10-06,0.0
2011-10-07,0.17
2011-10-08,0.01
2011-10-09,0.0
2011-10-10,0.0
2011-10-11,0.0
2011-10-12,0.0
2011-10-13,0.0
2011-10-14,0.06
2011-10-15,0.28
2011-10-16,0.11
2011-10-17,1.04
2011-10-18,0.06
2011-10-19,0.0
2011-10-20,0.05
2011-10-21,0.36
2011-10-22,0.0
2011-10-23,0.45
2011-10-24,0.01
2011-10-25,0.1
2011-10-26,0.0
2011-10-27,0.19
2011-10-28,0.27
2011-10-29,0.0
2011-10-30,0.0
2011-10-31,
2011-11-01,1.74
2011-11-02,0.44
2011-11-03,1.58
2011-11-04,0.5
2011-11-05,0.31
2011-11-06,0.04
2011-11-07,0.0
2011-11-08,0.25
2011-11-09,0.020366634510348928
2011-11-10,0.0
2011-11-11,0.0
2011-11-12,0.0
2011-11-13,0.0
2011-11-14,0.01
2011-11-15,0.0
2011-11-16,0.01
2011-11-17,0.0
2011-11-18,0.0
2011-11-19,0.0
2011-11-20,0.0
2011-11-21,0.0
2011-11-22,0.0
2011-11-23,0.07
2011-11-24,0.0
2011-11-25,0.1
2011-11-26,0.05
2011-11-27,0.84
2011-11-28,0.04
2011-11-29,1.95
2011-11-30,0.27
2011-12-01,0.63
2011-12-02,0.3
2011-12-03,0.02
2011-12-04,0.18
2011-12-05,0.04
2011-12-06,0.0
2011-12-07,0.0
2011-12-08,0.0
2011-12-09,0.010734456242693258
2011-12-10,0.0
2011-12-11,0.0
2011-12-12,0.37
2011-12-13,0.82
2011-12-14,0.11
2011-12-15,0.37
2011-12-16,0.03276370754549865
2011-12-17,0.3
2011-12-18,0.58
2011-12-19,0.17
2011-12-20,0.5
2011-12-21,0.08
2011-12-22,0.24
2011-12-23,0.48
2011-12-24,0.45
2011-12-25,0.06
2011-12-26,1.25
2011-12-27,0.21
2011-12-28,0.0
2011-12-29,0.0
2011-12-30,0.0
2011-12-31,0.0
2012-01-01,0.0
2012-01-02,0.0
2012-01-03,0.0
2012-01-04,0.0
2012-01-05,0.01
2012-01-06,0.01
2012-01-07,0.01
2012-01-08,0.01
2012-01-09,2.09
2012-01-10,0.07
2012-01-11,0.17
2012-01-12,0.04
2012-01-13,0.0
2012-01-14,0.0
2012-01-15,0.0
2012-01-16,0.0
2012-01-17,0.01
2012-01-18,0.01
2012-01-19,0.01
2012-01-20,0.01
2012-01-21,0.01
2012-01-22,0.03
2012-01-23,0.01
2012-01-24,0.01
2012-01-25,0.01
2012-01-26,0.05
2012-01-27,0.01
2012-01-28,0.01
2012-01-29,0.01
2012-01-30,0.01
2012-01-31,0.0
2012-02-01,0.0
2012-02-02,0.0
2012-02-03,0.0
2012-02-04,0.01
2012-02-05,0.13
2012-02-06,0.08
2012-02-07,0.1
2012-02-08,0.01
2012-02-09,0.01
2012-02-10,0.01
2012-02-11,0.0
2012-02-12,0.01
2012-02-13,0.88
2012-02-14,0.03
2012-02-15,0.64
2012-02-16,0.01
2012-02-17,0.19
2012-02-18,0.01
2012-02-19,0.17
2012-02-20,1.4
2012-02-21,0.02
2012-02-22,0.17
2012-02-23,0.37
2012-02-24,0.5
2012-02-25,0.01
2012-02-26,0.01
2012-02-27,0.01
2012-02-28,0.01
2012-02-29,0.05
2012-03-01,0.0
2012-03-02,0.98
2012-03-03,0.01
2012-03-04,0.01
2012-03-05,0.2
2012-03-06,0.59
2012-03-07,0.0
2012-03-08,0.01
2012-03-09,0.17
2012-03-10,0.02
2012-03-11,0.71
2012-03-12,0.0
2012-03-13,0.0
2012-03-14,0.0
2012-03-15,0.0
2012-03-16,0.0
2012-03-17,0.0
2012-03-18,0.0
2012-03-19,0.0
2012-03-20,0.11
2012-03-21,0.02
2012-03-22,0.0
2012-03-23,0.19
2012-03-24,0.0
2012-03-25,0.05
2012-03-26,0.21
2012-03-27,0.01
2012-03-28,0.01
2012-03-29,0.01
2012-03-30,1.21
2012-03-31,0.47
2012-04-01,0.62
2012-04-02,0.01
2012-04-03,0.01
2012-04-04,0.01
2012-04-05,0.0
2012-04-06,0.01
2012-04-07,0.0
2012-04-08,0.76
2012-04-09,0.19
2012-04-10,0.32
2012-04-11,0.0
2012-04-12,0.12
2012-04-13,0.21
2012-04-14,0.08
2012-04-15,0.0
2012-04-16,0.29
2012-04-17,2.21
2012-04-18,0.01
2012-04-19,0.02
2012-04-20,0.01
2012-04-21,0.01
2012-04-22,0.29
2012-04-23,0.01
2012-04-24,0.01
2012-04-25,0.01
2012-04-26,0.42
2012-04-27,1.09
2012-04-28,0.59
2012-04-29,0.01
2012-04-30,0.01
2012-05-01,0.3
2012-05-02,0.0
2012-05-03,0.0
2012-05-04,0.0
2012-05-05,0.0
2012-05-06,0.36
2012-05-07,0.03824331266468915
2012-05-08,0.011742936633931368
2012-05-09,0.0
2012-05-10,0.01
2012-05-11,0.011355631835999509
2012-05-12,0.01
2012-05-13,0.029127454924699914
2012-05-14,0.0752941904092941
2012-05-15,0.0
2012-05-16,0.49
2012-05-17,0.0
2012-05-18,0.011674418115127682
2012-05-19,1.1
2012-05-20,0.1
2012-05-21,1.73
2012-05-22,0.02
2012-05-23,0.018456086541520752
2012-05-24,0.21
2012-05-25,0.01
2012-05-26,0.05286713774340817
2012-05-27,0.37
2012-05-28,1.08
2012-05-29,0.27
2012-05-30,0.26
2012-05-31,0.0
2012-06-01,0.0
2012-06-02,0.02
2012-06-03,0.0562143413487508
2012-06-04,0.0
2012-06-05,0.0
2012-06-06,0.0
2012-06-07,0.1
2012-06-08,0.14
2012-06-09,0.19
2012-06-10,0.0
2012-06-11,0.01
2012-06-12,0.01
2012-06-13,0.01
2012-06-14,0.014471050222773778
2012-06-15,0.0
2012-06-16,0.0
2012-06-17,0.22
2012-06-18,0.31
2012-06-19,0.25
2012-06-20,0.05
2012-06-21,0.06039618328283988
2012-06-22,0.0
2012-06-23,0.01
2012-06-24,0.01
2012-06-25,0.01
2012-06-26,0.0
2012-06-27,0.56
2012-06-28,0.01
2012-06-29,0.02312586954813169
2012-06-30,0.16
2012-07-01,0.47
2012-07-02,0.0
2012-07-03,0.76
2012-07-04,1.36
2012-07-05,0.0
2012-07-06,0.03
2012-07-07,0.06710432855468722
2012-07-08,0.05
2012-07-09,0.17
2012-07-10,0.12
2012-07-11,0.0
2012-07-12,0.024572773423816446
2012-07-13,0.03073284670069711
2012-07-14,0.01870694315098177
2012-07-15,0.04
2012-07-16,0.04175668464768544
2012-07-17,0.025559330362441113
2012-07-18,0.010014270647727676
2012-07-19,0.0
2012-07-20,1.21
2012-07-21,0.02
2012-07-22,0.5
2012-07-23,0.58
2012-07-24,0.015575975036128413
2012-07-25,0.01
2012-07-26,0.013543173395865995
2012-07-27,0.014325929844395536
2012-07-28,0.030764189204993565
2012-07-29,0.013121908807870421
2012-07-30,0.05
2012-07-31,0.02
2012-08-01,0.029759837315007528
2012-08-02,0.030172874078707067
2012-08-03,0.019270223837883505
2012-08-04,0.01120262560958964
2012-08-05,0.014103620088323545
2012-08-06,0.01120262560958964
2012-08-07,0.01
2012-08-08,0.38
2012-08-09,0.17
2012-08-10,0.1905352474920541
2012-08-11,0.026765121789182174
2012-08-12,0.34
2012-08-13,0.01
2012-08-14,0.03
2012-08-15,0.19202169707460393
2012-08-16,1.11
2012-08-17,0.24
2012-08-18,0.18
2012-08-19,0.52
2012-08-20,0.21
2012-08-21,0.21
2012-08-22,0.26
2012-08-23,0.13
2012-08-24,0.01
2012-08-25,0.0
2012-08-26,0.24
2012-08-27,0.39
2012-08-28,0.021899129126224496
2012-08-29,0.01
2012-08-30,0.016061809288072448
2012-08-31,0.014994575294257207
2012-09-01,0.0
2012-09-02,0.14564649987040884
2012-09-03,0.83
2012-09-04,0.0
2012-09-05,0.55
2012-09-06,0.07587169002293924
2012-09-07,0.6
2012-09-08,0.030636070975889437
2012-09-09,0.01
2012-09-10,0.09
2012-09-11,0.72
2012-09-12,0.4
2012-09-13,0.012414503085458616
2012-09-14,0.01
2012-09-15,0.01
2012-09-16,0.01
2012-09-17,0.01
2012-09-18,0.0
2012-09-19,0.0
2012-09-20,0.02159915509326473
2012-09-21,0.034003511321683846
2012-09-22,0.14
2012-09-23,0.1
2012-09-24,0.01927212426343716
2012-09-25,0.93
2012-09-26,0.02
2012-09-27,0.019487105137132213
2012-09-28,0.02392483540137583
2012-09-29,0.028146297274753103
2012-09-30,0.04
2012-10-01,0.01
2012-10-02,0.01
2012-10-03,0.01
2012-10-04,0.01
2012-10-05,0.01
2012-10-06,0.01
2012-10-07,0.1
2012-10-08,0.01
2012-10-09,0.06
2012-10-10,0.011404852613251098
2012-10-11,0.24
2012-10-12,0.010885834851110816
2012-10-13,0.01870818804446035
2012-10-14,1.76
2012-10-15,0.01
2012-10-16,0.78
2012-10-17,0.05
2012-10-18,0.15
2012-10-19,0.01
2012-10-20,0.0
2012-10-21,1.0
2012-10-22,0.74
2012-10-23,0.27
2012-10-24,0.77
2012-10-25,0.75
2012-10-26,1.3
2012-10-27,0.41
2012-10-28,0.0
2012-10-29,0.06
2012-10-30,0.24
2012-10-31,0.01
2012-11-01,
2012-11-02,1.62
2012-11-03,0.37
2012-11-04,0.11
2012-11-05,0.61
2012-11-06,0.02
2012-11-07,0.01
2012-11-08,
2012-11-09,0.57
2012-11-10,0.32
2012-11-11,0.7
2012-11-12,0.3
2012-11-13,0.3
2012-11-14,0.71
2012-11-15,0.01
2012-11-16,0.52
2012-11-17,0.5
2012-11-18,0.0938271246024234
2012-11-19,0.41
2012-11-20,0.08
2012-11-21,0.25
2012-11-22,0.43
2012-11-23,0.01
2012-11-24,0.01
2012-11-25,0.07
2012-11-26,0.89
2012-11-27,1.05
2012-11-28,1.63
2012-11-29,0.04
2012-11-30,1.21
2012-12-01,0.5
2012-12-02,0.27
2012-12-03,0.017572614421950385
2012-12-04,0.0
2012-12-05,0.019760082564539996
2012-12-06,0.01
2012-12-07,0.0
2012-12-08,0.01
2012-12-09,0.01
2012-12-10,0.01
2012-12-11,0.21
2012-12-12,0.01
2012-12-13,0.0
2012-12-14,
2012-12-15,0.37
2012-12-16,0.2
2012-12-17,0.01
2012-12-18,0.04
2012-12-19,2.2
2012-12-20,0.04
2012-12-21,0.0
2012-12-22,0.23
2012-12-23,0.49
2012-12-24,0.53
2012-12-25,0.25
2012-12-26,2.36
2012-12-27,0.99
2012-12-28,0.67
2012-12-29,0.59
2012-12-30,1.63
2012-12-31,0.11
2013-01-01,0.01
2013-01-02,0.01
2013-01-03,0.02
2013-01-04,0.01
2013-01-05,0.35
2013-01-06,0.0
2013-01-07,0.03
2013-01-08,0.0
2013-01-09,0.0
2013-01-10,0.01
2013-01-11,0.01
2013-01-12,0.01
2013-01-13,0.03
2013-01-14,0.0
2013-01-15,0.0
2013-01-16,1.07
2013-01-17,0.19
2013-01-18,0.01
2013-01-19,0.01
2013-01-20,0.09
2013-01-21,0.01
2013-01-22,0.0
2013-01-23,0.43
2013-01-24,0.3
2013-01-25,0.08
2013-01-26,0.12
2013-01-27,0.18
2013-01-28,0.97
2013-01-29,0.22
2013-01-30,0.02
2013-01-31,0.01
2013-02-01,1.09
2013-02-02,0.87
2013-02-03,
2013-02-04,0.73
2013-02-05,0.61
2013-02-06,0.83
2013-02-07,0.79
2013-02-08,0.78
2013-02-09,0.26
2013-02-10,0.14
2013-02-11,0.01
2013-02-12,0.01
2013-02-13,0.01
2013-02-14,0.39
2013-02-15,0.65
2013-02-16,0.01
2013-02-17,0.01
2013-02-18,0.01
2013-02-19,0.62
2013-02-20,0.04
2013-02-21,0.01
2013-02-22,0.41
2013-02-23,0.38
2013-02-24,0.01
2013-02-25,1.01
2013-02-26,0.01
2013-02-27,0.47
2013-02-28,0.3
2013-03-01,0.01
2013-03-02,0.01
2013-03-03,0.01
2013-03-04,0.0
2013-03-05,0.0
2013-03-06,0.0
2013-03-07,0.01
2013-03-08,0.01
2013-03-09,0.01
2013-03-10,0.01
2013-03-11,0.0
2013-03-12,0.0
2013-03-13,0.01
2013-03-14,0.0
2013-03-15,0.06
2013-03-16,1.38
2013-03-17,0.0
2013-03-18,0.0
2013-03-19,0.0
2013-03-20,0.0
2013-03-21,0.0
2013-03-22,0.0
2013-03-23,0.19
2013-03-24,0.02
2013-03-25,0.01
2013-03-26,0.0
2013-03-27,0.18
2013-03-28,0.77
2013-03-29,0.0
2013-03-30,0.2
2013-03-31,0.01
2013-04-01,1.11
2013-04-02,1.71
2013-04-03,0.33
2013-04-04,1.47
2013-04-05,0.01
2013-04-06,0.01
2013-04-07,0.01
2013-04-08,0.01
2013-04-09,0.01
2013-04-10,0.01
2013-04-11,0.02
2013-04-12,0.01
2013-04-13,0.02
2013-04-14,0.04
2013-04-15,2.18
2013-04-16,0.09
2013-04-17,0.01
2013-04-18,0.01
2013-04-19,0.01
2013-04-20,0.01
2013-04-21,0.01
2013-04-22,0.13
2013-04-23,0.01
2013-04-24,0.56
2013-04-25,0.0
2013-04-26,0.05
2013-04-27,0.02
2013-04-28,0.03
2013-04-29,0.01
2013-04-30,1.23
2013-05-01,0.01
2013-05-02,0.77
2013-05-03,0.01
2013-05-04,1.52
2013-05-05,0.28
2013-05-06,0.0
2013-05-07,0.18
2013-05-08,0.55
2013-05-09,0.79
2013-05-10,
2013-05-11,0.06
2013-05-12,1.15
2013-05-13,0.24
2013-05-14,0.0
2013-05-15,0.0
2013-05-17,0.06
2013-05-18,0.0
2013-05-19,0.06
2013-05-20,0.48
2013-05-21,0.0
2013-05-22,0.3
2013-05-23,1.39
2013-05-24,0.0
2013-05-25,0.0
2013-05-26,0.0
2013-05-27,0.0
2013-05-28,0.0
2013-05-29,0.0
2013-05-30,0.0
2013-05-31,0.0
2013-06-01,0.67
2013-06-02,0.0
2013-06-03,0.06
2013-06-04,0.0
2013-06-05,0.0
2013-06-06,0.06
2013-06-07,0.0
2013-06-08,1.33
2013-06-09,0.42
2013-06-10,0.24
2013-06-11,0.0
2013-06-12,0.0
2013-06-13,0.0
2013-06-14,0.0
2013-06-15,0.06
2013-06-16,0.0
2013-06-17,0.0
2013-06-18,0.06
2013-06-19,0.0
2013-06-20,0.0
2013-06-21,0.0
2013-06-22,0.0
2013-06-23,0.0
2013-06-24,0.0
2013-06-25,0.18
2013-06-26,0.0
2013-06-27,0.24
2013-06-28,0.0
2013-06-29,0.0
2013-06-30,0.24
2013-07-01,0.0
2013-07-02,2.18
2013-07-03,0.0
2013-07-04,0.0
2013-07-05,0.0
2013-07-06,0.06
2013-07-07,0.48
2013-07-08,0.91
2013-07-09,0.0
2013-07-10,0.0
2013-07-11,0.0
2013-07-12,0.0
2013-07-13,0.0
2013-07-14,0.18
2013-07-15,0.0
2013-07-16,0.18
2013-07-17,0.0
2013-07-18,0.0
2013-07-19,0.0
2013-07-20,0.0
2013-07-21,0.0
2013-07-22,0.0
2013-07-23,0.0
2013-07-24,0.0
2013-07-25,0.0
2013-07-26,0.0
2013-07-27,0.0
2013-07-28,0.0
2013-07-29,0.0
2013-07-30,0.0
2013-07-31,0.0
2013-08-01,0.0
2013-08-02,0.91
2013-08-03,0.24
2013-08-04,0.36
2013-08-05,1.03
2013-08-06,0.06
2013-08-07,0.06
2013-08-08,0.12
2013-08-09,0.0
2013-08-10,0.0
2013-08-11,0.0
2013-08-12,0.06
2013-08-13,0.0
2013-08-14,0.0
2013-08-15,0.0
2013-08-16,0.06
2013-08-17,0.0
2013-08-18,0.61
2013-08-19,0.0
2013-08-20,0.0
2013-08-21,0.0
2013-08-22,0.0
2013-08-23,0.0
2013-08-24,0.06
2013-08-25,0.0
2013-08-26,1.27
2013-08-27,0.0
2013-08-28,0.42
2013-08-29,0.06
2013-08-30,0.0
2013-08-31,0.0
2013-09-01,1.52
2013-09-02,1.76
2013-09-03,1.03
2013-09-04,0.0
2013-09-05,0.0
2013-09-06,0.12
2013-09-07,0.12
2013-09-08,0.24
2013-09-09,0.06
2013-09-10,0.42
2013-09-11,0.0
2013-09-12,1.39
2013-09-13,0.0
2013-09-14,0.0
2013-09-15,0.0
2013-09-16,0.0
2013-09-17,0.0
2013-09-18,0.0
2013-09-19,0.0
2013-09-20,0.85
2013-09-21,0.0
2013-09-22,0.0
2013-09-23,0.0
2013-09-24,0.0
2013-09-25,0.0
2013-09-26,0.0
2013-09-27,0.0
2013-09-28,0.0
2013-09-29,0.0
2013-09-30,0.0
2013-10-01,0.0
2013-10-02,0.0
2013-10-03,0.0
2013-10-04,0.0
2013-10-05,0.0
2013-10-06,0.0
2013-10-07,0.0
2013-10-08,0.0
2013-10-09,0.0
2013-10-10,0.0
2013-10-11,0.12
2013-10-12,0.0
2013-10-13,0.0
2013-10-14,0.0
2013-10-15,0.0
2013-10-16,0.0
2013-10-17,0.06
2013-10-18,0.0
2013-10-19,0.0
2013-10-20,0.0
2013-10-21,0.0
2013-10-22,0.0
2013-10-23,0.0
2013-10-24,0.0
2013-10-25,0.0
2013-10-26,0.0
2013-10-27,0.0
2013-10-28,0.0
2013-10-29,0.0
2013-10-30,0.0
2013-10-31,0.0
2013-11-01,0.06
2013-11-02,0.12
2013-11-03,0.06
2013-11-04,0.0
2013-11-05,0.0
2013-11-06,0.0
2013-11-07,0.0
2013-11-08,0.12
2013-11-09,0.0
2013-11-10,0.0
2013-11-11,0.0
2013-11-12,0.0
2013-11-13,0.0
2013-11-14,0.0
2013-11-15,0.06
2013-11-16,0.0
2013-11-17,0.0
2013-11-18,0.0
2013-11-19,0.0
2013-11-20,0.0
2013-11-21,0.0
2013-11-22,0.0
2013-11-23,0.0
2013-11-24,0.0
2013-11-25,0.0
2013-11-26,0.0
2013-11-27,0.0
2013-11-28,0.06
2013-11-29,0.0
2013-11-30,0.0
2013-12-01,0.0
2013-12-02,0.0
2013-12-03,0.0
2013-12-04,0.0
2013-12-05,0.0
2013-12-06,0.0
2013-12-07,0.0
2013-12-08,0.0
2013-12-09,0.06
2013-12-10,0.06
2013-12-11,0.0
2013-12-12,0.0
2013-12-13,0.0
2013-12-14,0.0
2013-12-15,0.0
2013-12-16,0.0
2013-12-17,0.0
2013-12-18,0.0
2013-12-19,0.0
2013-12-20,0.0
2013-12-21,0.0
2013-12-22,0.0
2013-12-23,0.0
2013-12-24,0.0
2013-12-25,0.0
2013-12-26,0.0
2013-12-27,0.0
2013-12-28,0.0
2013-12-29,0.06
2013-12-30,0.0
2013-12-31,0.06
2014-01-01,0.0
2014-01-02,0.0
2014-01-03,0.0
2014-01-04,0.0
2014-01-05,
2014-01-06,0.0
2014-01-07,0.0
2014-01-08,0.0
2014-01-09,0.0
2014-01-10,0.12
2014-01-11,0.0
2014-01-12,0.06
2014-01-13,0.24
2014-01-14,0.0
2014-01-15,0.0
2014-01-16,0.0
2014-01-17,0.0
2014-01-18,0.0
2014-01-19,0.0
2014-01-20,0.0
2014-01-21,0.0
2014-01-22,0.0
2014-01-23,0.0
2014-01-24,0.0
2014-01-25,0.0
2014-01-26,0.0
2014-01-27,0.0
2014-01-28,0.0
2014-01-29,0.06
2014-01-30,0.0
2015-05-07,0.0
2015-05-08,0.0
2015-05-09,1.45
2015-05-10,0.06
2015-05-11,0.24
2015-05-12,
2015-05-13,0.46
2015-05-14,0.32
2015-05-15,0.03300563499710238
2015-05-16,0.05
2015-05-17,0.0
2015-05-18,0.0
2015-05-19,0.030969765696114128
2015-05-20,0.04
2015-05-21,0.0
2015-05-22,0.02
2015-05-23,0.10936276932562342
2015-05-24,0.04
2015-05-25,0.013541413564063404
2015-05-26,0.0
2015-05-27,0.4050155158730158
2015-05-28,0.07064807757847134
2015-05-29,0.012907631442139644
2015-05-30,0.12
2015-05-31,0.056417545865105306
2015-06-01,0.012045038629323386
2015-06-02,0.05866255944520091
2015-06-03,0.013305101584373369
2015-06-04,0.2521263947063152
2015-06-05,1.11
2015-06-06,0.05
2015-06-07,0.26373152564021735
2015-06-08,0.25
2015-06-09,0.65
2015-06-10,0.12277836488225877
2015-06-11,0.0
2015-06-12,0.03
2015-06-13,0.39
2015-06-14,0.01
2015-06-15,0.13853638338445218
2015-06-16,0.039547820110332775
2015-06-17,0.05
2015-06-18,0.013557572341605
2015-06-19,0.35
2015-06-20,0.032893988600539756
2015-06-21,0.11358774847530323
2015-06-22,0.16261361763003226
2015-06-23,0.1187356426811223
2015-06-24,0.1306013459001665
2015-06-25,0.08640810650710938
2015-06-26,0.011315475899804719
2015-06-27,0.06700607862627404
2015-06-28,0.058156830683222145
2015-06-29,0.01
2015-06-30,0.2601507827531014
2015-07-01,0.0
2015-07-02,0.10726228473063043
2015-07-03,0.049927870474845426
2015-07-04,0.0
2015-07-05,0.27
2015-07-06,0.03
2015-07-07,0.06
2015-07-08,0.09552278101928172
2015-07-09,0.01391404468493421
2015-07-10,0.062132799970567004
2015-07-11,0.09400386025473967
2015-07-12,0.19
2015-07-13,0.1
2015-07-14,0.03
2015-07-15,0.0
2016-02-29,0.0
2016-03-01,0.0
2016-03-02,0.0
2016-03-03,0.0
2016-03-04,0.54
2016-03-05,0.0
2016-03-06,0.0
2016-03-07,0.27
2016-03-08,0.05
2016-03-09,0.05
2016-03-10,1.02
2016-03-11,0.0
2016-03-12,0.22
2016-03-13,0.0
2016-03-14,0.0
2016-03-15,0.0
2016-03-16,0.86
2016-03-17,0.59
2016-03-18,0.43
2016-03-19,
2016-03-20,
2016-03-21,0.0
2016-03-22,0.86
2016-03-23,0.0
2016-03-24,0.0
2016-03-25,0.0
2016-03-26,0.0
2016-03-27,0.0
2016-03-28,0.0
2016-03-29,0.0
2016-03-30,0.05
2016-03-31,0.0
2016-04-01,0.27
2016-04-02,0.0
2016-04-03,0.0
2016-04-04,0.0
2016-04-05,0.0
2016-04-06,0.0
2016-04-07,0.05
2016-04-08,0.0
2016-04-09,0.0
2016-04-10,0.0
2016-04-11,0.0
2016-04-12,0.0
2016-04-13,0.0
2016-04-14,0.0
2016-04-15,0.0
2016-04-16,0.0
2016-04-17,0.05
2016-04-18,0.16
2016-04-19,0.16
2016-04-20,0.0
2016-04-21,0.05
2016-04-22,0.43
2016-04-23,2.48
2016-04-24,0.81
2016-04-25,0.0
2016-04-26,0.0
2016-04-27,0.0
2016-04-28,0.0
2016-04-29,
2016-04-30,0.05
2016-05-01,0.22
2016-05-02,0.16
2016-05-03,0.0
2016-05-04,0.0
2016-05-05,0.27
2016-05-06,0.0
2016-05-07,0.16
2016-05-08,0.22
2016-05-09,0.0
2016-05-10,0.38
2016-05-11,0.75
2016-05-12,0.05
2016-05-13,0.27
2016-05-14,0.16
2016-05-15,0.0
2016-05-16,0.0
2016-05-17,0.0
2016-05-18,0.0
2016-05-19,0.0
2016-05-20,0.0
2016-05-21,0.0
2016-05-22,0.0
2016-05-23,0.05
2016-05-24,0.05
2016-05-25,0.0
2016-05-26,0.0
2016-05-27,0.05
2016-05-28,0.0
2016-05-29,0.0
2016-05-30,0.0
2016-05-31,0.0
2016-06-01,0.0
2016-06-02,0.0
2016-06-03,0.0
2016-06-04,0.0
2016-06-05,0.0
2016-06-06,0.0
2016-06-07,0.0
2016-06-08,0.0
2016-06-09,0.0
2016-06-10,0.0
2016-06-11,0.0
2016-06-12,0.0
2016-06-13,0.43
2016-06-14,0.43
2016-06-15,1.08
2016-06-16,0.0
2016-06-17,
2016-06-18,0.0
2016-06-19,
2016-06-20,1.72
2017-03-03,0.055254949625611324
2017-03-04,0.05
2017-03-05,0.02
2017-03-06,0.0
2017-03-07,0.027184330812529536
2017-03-08,0.0
2017-03-09,0.0
2017-03-10,0.0
2017-03-11,0.75
2017-03-12,0.021527518725243677
2017-03-13,0.014278450596523757
2017-03-14,0.0
2017-03-15,0.01
2017-03-16,0.015463434464978349
2017-03-17,0.01
2017-03-18,0.15
2017-03-19,0.01
2017-03-20,0.01535187856020202
2017-03-21,0.016271476896062356
2017-03-22,0.0131270574080782
2017-03-23,0.0
2017-03-24,0.01
2017-03-25,0.0
2017-03-26,0.0
2017-03-27,0.55
2017-03-28,0.049080140429064396
2017-03-29,0.010583292929313082
2017-03-30,0.01
2017-03-31,0.01
2017-04-01,0.01
2017-04-02,0.23
2017-04-03,0.017740797292526037
2017-04-04,0.032974532235733246
2017-04-05,0.05
2017-04-06,0.17
2017-04-07,0.03
2017-04-08,0.06068177762986854
2017-04-09,0.0
2017-04-10,0.3778413860495317
2017-04-11,0.49
2017-04-12,2.34
2017-04-13,0.77
2017-04-14,0.04
2017-04-15,0.32
2017-04-16,0.61
2017-04-17,0.11
2017-04-18,0.0
2017-04-19,0.0
2017-04-20,0.0
2017-04-21,0.0
2017-04-22,0.2599815440563744
2017-04-23,0.2235545110078423
2017-04-24,0.0
2017-04-25,0.0
2017-04-26,0.0
2017-04-27,0.43
2017-04-28,0.0
2017-04-29,0.0
2017-04-30,0.0
2017-05-01,0.14
2017-05-02,0.01
2017-05-03,0.42
2017-05-04,0.71
2017-05-05,
2017-05-06,0.08107064378030049
2017-05-07,0.01783377496140671
2017-05-08,0.10054422847966979
2017-05-09,0.02538440966558699
2017-05-10,0.07
2017-05-11,0.23298627365721208
2017-05-12,0.01
2017-05-13,0.05012474844769214
2017-05-14,0.04
2017-05-15,0.3989007640969887
2017-05-16,0.18
2017-05-17,0.07
2017-05-18,0.1087391166657214
2017-05-19,0.96
2017-05-20,0.0
2017-05-21,0.0
2017-05-22,0.0
2017-05-23,0.0
2017-05-24,0.05
2017-05-25,0.07
2017-05-26,1.04
2017-05-27,0.24
2017-05-28,0.03
2017-05-29,0.12
2017-05-30,0.0
2017-05-31,0.06926023845878056
2017-06-01,0.16
2017-06-02,0.0
2017-06-03,0.0
2017-06-04,0.0
2017-06-05,0.01
2017-06-06,0.02
2017-06-07,1.96
2017-06-08,0.21
2017-06-09,0.08
2017-06-10,0.49
2017-06-11,0.01
2017-06-12,0.07
2017-06-13,0.01
2017-06-14,0.01
2017-06-15,0.01
2017-06-16,0.01
2017-06-17,0.01
2017-06-18,0.01
2017-06-19,0.01
2017-06-20,0.01
2017-06-21,0.01
2017-06-22,0.05
2017-06-23,0.01
2017-06-24,1.44
2017-06-25,0.01
2017-06-26,0.01
2017-06-27,
2018-06-01,0.0
2018-06-02,0.05
2018-06-03,0.14
2018-06-04,0.0
2018-06-05,0.0
2018-06-06,0.0
2018-06-07,0.0
2018-06-08,0.0
2018-06-09,0.0
2018-06-10,0.0
2018-06-11,0.0
2018-06-12,0.0
2018-06-13,0.0
2018-06-14,0.0
2018-06-15,0.0
2018-06-16,0.0
2018-06-17,0.0
2018-06-18,0.92
2018-06-19,0.0
2018-06-20,0.33668163003648693
2018-06-21,0.0
2018-06-22,0.0
2018-06-23,0.53
2018-06-24,0.0
2018-06-25,0.0
2018-06-26,0.77
2018-06-27,0.82
2018-06-28,0.0
2018-06-29,0.29
2018-06-30,0.0
2018-07-01,0.0
2018-07-02,0.0
2018-07-03,0.0
2018-07-04,0.0
2018-07-05,0.82
2018-07-06,0.0
2018-07-07,0.0
2018-07-08,1.16
2018-07-09,0.228922603549062
2018-07-10,0.0
2018-07-11,0.0
2018-07-12,0.0
2018-07-13,0.0
2018-07-14,0.1
2018-07-15,0.0
2018-07-16,0.0
2018-07-17,0.1
2018-07-18,0.48
2018-07-19,1.21
2018-07-20,0.020850453650743228
2018-07-21,0.0
2018-07-22,0.0
2018-07-23,0.0
2018-07-24,0.14
2018-07-25,0.63
2018-07-26,0.0
2018-07-27,0.48
2018-07-28,0.34
2018-07-29,0.34
2018-07-30,0.19
2018-07-31,0.0
2018-08-01,0.0
2018-08-02,0.05
2018-08-03,0.24
2018-08-04,0.14
2018-08-05,0.0
2018-08-06,0.0
2018-08-07,0.0
2018-08-08,0.0
2018-08-09,0.0
2018-08-10,0.0
2018-08-11,0.0
2018-08-12,0.0
2018-08-13,0.0
2018-08-14,0.0
2018-08-15,0.0
2018-08-16,0.53
2018-08-17,0.24
2018-08-18,0.0
2019-11-20,0.21
2019-11-21,0.0
2019-11-22,0.05
2019-11-23,0.0
2019-11-24,0.0
2019-11-25,0.0
2019-11-26,0.0
2019-11-27,0.0
2019-11-28,0.0
2019-11-29,0.05
2019-11-30,0.31
2019-12-01,0.62
2019-12-02,0.05
2019-12-03,2.22
2019-12-04,0.26
2019-12-05,0.0
2019-12-06,1.76
2019-12-07,0.1
2019-12-08,0.36
2019-12-09,0.0
2019-12-10,0.1
2019-12-11,0.0
2019-12-12,0.0
2019-12-13,0.1
2019-12-14,0.57
2019-12-15,1.29
2019-12-16,0.0
2019-12-17,0.0
2019-12-18,0.0
2019-12-19,0.0
2019-12-20,0.0
2019-12-21,0.0
2019-12-22,0.88
2019-12-23,0.05
2019-12-24,0.0
2019-12-25,0.0
2019-12-26,0.41
2019-12-27,1.09
2019-12-28,0.0
2019-12-29,1.86
2019-12-30,0.05
2019-12-31,0.0
2020-01-01,0.41
2020-01-02,0.05
2020-01-03,0.0
2020-01-04,0.0
2020-01-05,0.0
2020-01-06,0.0
2020-01-07,0.16
2020-01-08,0.67
2020-01-09,0.57
2020-01-10,0.1
2020-01-11,0.0
2020-01-12,0.26
2020-01-13,2.53
2020-01-14,0.88
2020-01-15,1.09
2020-01-16,0.83
2020-01-17,0.16
2020-01-18,0.0
2020-01-19,0.0
2020-01-20,0.0
2020-01-21,0.0
2020-01-22,0.05
2020-01-23,0.0
2020-01-24,0.21
2020-01-25,0.88
2020-01-26,0.21
2020-01-27,
2020-01-28,0.05
2020-01-29,0.0
2020-01-30,0.0
2020-01-31,0.0
2020-02-01,0.1
2020-02-02,0.0
2020-02-03,1.55
2020-02-04,0.0
2020-02-05,0.0
2020-02-06,0.0
2020-02-07,0.0
2020-02-08,0.62
2020-02-09,0.0
2020-02-10,0.0
2020-02-11,0.0
2020-02-12,0.0
2020-02-13,0.0
2020-02-14,0.0
2020-02-15,0.0
2020-02-16,0.0
2020-02-17,0.05
2020-02-18,0.0
2020-02-19,0.0
2020-02-20,0.0
2020-02-21,0.0
2020-02-22,0.0
2020-02-23,0.0
2020-02-24,0.0
2020-02-25,0.0
2020-02-26,0.0
2020-02-27,0.0
2020-02-28,0.0
2020-02-29,0.1
2020-03-01,0.31
2020-03-02,0.05
2020-03-03,0.0
2020-03-04,0.0
2020-03-05,0.0
2020-03-06,0.0
2020-03-07,0.0
2020-03-08,0.0
2020-03-09,0.0
2020-03-10,0.0
2020-03-11,0.0
2020-03-12,0.0
2020-03-13,0.0
2020-03-14,0.0
2020-03-15,0.0
2020-03-16,0.0
2020-03-17,0.1
2020-03-18,0.05
2020-03-19,0.0
2020-03-20,0.0
2020-03-21,0.21
2020-03-22,0.16
2020-03-23,0.0
2020-03-24,0.0
2020-03-25,0.0
2020-03-26,0.0
2020-03-27,0.0
2020-03-28,0.0
2020-03-29,0.0
2020-03-30,0.0
2020-03-31,0.0
2020-04-01,0.0
2020-04-02,0.05
2020-04-03,0.0
2020-04-04,0.0
2020-04-05,0.0
2020-04-06,0.0
2020-04-07,0.0
2020-04-08,0.0
2020-04-09,0.0
2020-04-10,0.0
2020-04-11,0.0
2020-04-12,0.0
2020-04-14,0.05
2020-04-15,0.0
2020-04-16,0.0
2020-04-17,0.0
2020-04-18,0.05
2020-04-19,0.0
2020-04-20,0.0
2020-04-21,0.0
2020-04-22,0.0
2020-04-23,0.0
2020-04-24,0.05
2020-04-25,0.0
2020-04-26,0.0
2020-04-27,0.05
2020-04-28,0.0
2020-04-29,0.0
2020-04-30,0.0
2020-05-01,0.0
2020-05-02,0.0
2020-05-03,0.0
2020-05-04,0.0
2020-05-05,0.0
2020-05-06,0.0
2020-05-07,0.0
2020-05-08,0.05
2020-05-09,0.0
2020-05-10,0.0
2020-05-11,0.0
2020-05-12,0.05
2020-05-13,0.0
2020-05-14,0.05
2020-05-15,0.0
2020-05-16,0.21
2020-05-17,0.0
2020-05-18,0.05
2020-05-19,0.0
2020-05-20,0.0
2020-05-21,0.0
2020-05-22,0.0
2020-05-23,0.0
2020-05-24,0.0
2020-05-25,0.0
2020-05-26,0.0
2020-05-27,0.0
2020-05-28,0.0
2020-05-29,0.05
2020-05-30,0.0
2020-05-31,0.05
2020-06-01,0.0
2020-06-02,0.0
2020-06-03,0.0
2020-06-04,0.1
2020-06-05,0.0
2020-06-06,0.0
