SST,Q,S,Timestamp
29.27,1,5,2006-11-14 12:00:00
29.04,1,5,2006-11-15 12:00:00
28.62,1,5,2006-11-16 12:00:00
28.79,1,5,2006-11-17 12:00:00
28.86,1,5,2006-11-18 12:00:00
28.73,1,5,2006-11-19 12:00:00
28.99,1,5,2006-11-20 12:00:00
28.84,1,5,2006-11-21 12:00:00
29.04,1,5,2006-11-22 12:00:00
29.29,1,5,2006-11-23 12:00:00
29.39,1,5,2006-11-24 12:00:00
29.23,1,5,2006-11-25 12:00:00
29.37,1,5,2006-11-26 12:00:00
29.23,1,5,2006-11-27 12:00:00
29.13,1,5,2006-11-28 12:00:00
29.15,1,5,2006-11-29 12:00:00
29.16,1,5,2006-11-30 12:00:00
29.09,1,5,2006-12-01 12:00:00
29.01,1,5,2006-12-02 12:00:00
28.95,1,5,2006-12-03 12:00:00
28.95,1,5,2006-12-04 12:00:00
28.95,1,5,2006-12-05 12:00:00
28.93,1,5,2006-12-06 12:00:00
28.94,1,5,2006-12-07 12:00:00
29.03,1,5,2006-12-08 12:00:00
29.07,1,5,2006-12-09 12:00:00
29.09,1,5,2006-12-10 12:00:00
29.06,1,5,2006-12-11 12:00:00
29.04,1,5,2006-12-12 12:00:00
28.97,1,5,2006-12-13 12:00:00
28.93,1,5,2006-12-14 12:00:00
28.89,1,5,2006-12-15 12:00:00
28.9,1,5,2006-12-16 12:00:00
28.91,1,5,2006-12-17 12:00:00
28.89,1,5,2006-12-18 12:00:00
28.93,1,5,2006-12-19 12:00:00
28.77,1,5,2006-12-20 12:00:00
28.29,1,5,2006-12-21 12:00:00
28.15,1,5,2006-12-22 12:00:00
28.17,1,5,2006-12-23 12:00:00
28.17,1,5,2006-12-24 12:00:00
28.07,1,5,2006-12-25 12:00:00
28.02,1,5,2006-12-26 12:00:00
27.98,1,5,2006-12-27 12:00:00
27.9,1,5,2006-12-28 12:00:00
27.77,1,5,2006-12-29 12:00:00
27.62,1,5,2006-12-30 12:00:00
27.53,1,5,2006-12-31 12:00:00
27.51,1,5,2007-01-01 12:00:00
27.45,1,5,2007-01-02 12:00:00
27.41,1,5,2007-01-03 12:00:00
27.41,1,5,2007-01-04 12:00:00
27.63,1,5,2007-01-05 12:00:00
27.92,1,5,2007-01-06 12:00:00
27.84,1,5,2007-01-07 12:00:00
27.95,1,5,2007-01-08 12:00:00
27.74,1,5,2007-01-09 12:00:00
27.81,1,5,2007-01-10 12:00:00
27.84,1,5,2007-01-11 12:00:00
27.86,1,5,2007-01-12 12:00:00
27.87,1,5,2007-01-13 12:00:00
27.99,1,5,2007-01-14 12:00:00
27.92,1,5,2007-01-15 12:00:00
27.75,1,5,2007-01-16 12:00:00
27.79,1,5,2007-01-17 12:00:00
27.86,1,5,2007-01-18 12:00:00
27.93,1,5,2007-01-19 12:00:00
28.08,1,5,2007-01-20 12:00:00
28.18,1,5,2007-01-21 12:00:00
28.25,1,5,2007-01-22 12:00:00
28.11,1,5,2007-01-23 12:00:00
28.18,1,5,2007-01-24 12:00:00
28.41,1,5,2007-01-25 12:00:00
28.04,1,5,2007-01-26 12:00:00
28.14,1,5,2007-01-27 12:00:00
28.22,1,5,2007-01-28 12:00:00
28.17,1,5,2007-01-29 12:00:00
27.69,1,5,2007-01-30 12:00:00
27.74,1,5,2007-01-31 12:00:00
28.07,1,5,2007-02-01 12:00:00
28.23,1,5,2007-02-02 12:00:00
28.25,1,5,2007-02-03 12:00:00
28.3,1,5,2007-02-04 12:00:00
28.35,1,5,2007-02-05 12:00:00
28.38,1,5,2007-02-06 12:00:00
28.41,1,5,2007-02-07 12:00:00
28.44,1,5,2007-02-08 12:00:00
28.38,1,5,2007-02-09 12:00:00
28.55,1,5,2007-02-10 12:00:00
28.65,1,5,2007-02-11 12:00:00
28.69,1,5,2007-02-12 12:00:00
28.75,1,5,2007-02-13 12:00:00
28.9,1,5,2007-02-14 12:00:00
28.78,1,5,2007-02-15 12:00:00
28.76,1,5,2007-02-16 12:00:00
28.74,1,5,2007-02-17 12:00:00
28.53,1,5,2007-02-18 12:00:00
28.35,1,5,2007-02-19 12:00:00
28.25,1,5,2007-02-20 12:00:00
28.19,1,5,2007-02-21 12:00:00
28.19,1,5,2007-02-22 12:00:00
28.26,1,5,2007-02-23 12:00:00
28.58,1,5,2007-02-24 12:00:00
28.23,1,5,2007-02-25 12:00:00
28.52,1,5,2007-02-26 12:00:00
28.44,1,5,2007-02-27 12:00:00
28.38,1,5,2007-02-28 12:00:00
28.38,1,5,2007-03-01 12:00:00
28.66,1,5,2007-03-02 12:00:00
28.38,1,5,2007-03-03 12:00:00
28.41,1,5,2007-03-04 12:00:00
28.54,1,5,2007-03-05 12:00:00
28.54,1,5,2007-03-06 12:00:00
28.63,1,5,2007-03-07 12:00:00
28.54,1,5,2007-03-08 12:00:00
28.71,1,5,2007-03-09 12:00:00
28.79,1,5,2007-03-10 12:00:00
28.83,1,5,2007-03-11 12:00:00
28.9,1,5,2007-03-12 12:00:00
28.87,1,5,2007-03-13 12:00:00
28.88,1,5,2007-03-14 12:00:00
28.79,1,5,2007-03-15 12:00:00
29.09,1,5,2007-03-16 12:00:00
28.91,1,5,2007-03-17 12:00:00
28.82,1,5,2007-03-18 12:00:00
28.89,1,5,2007-03-19 12:00:00
28.95,1,5,2007-03-20 12:00:00
29.11,1,5,2007-03-21 12:00:00
28.93,1,5,2007-03-22 12:00:00
28.88,1,5,2007-03-23 12:00:00
28.96,1,5,2007-03-24 12:00:00
28.81,1,5,2007-03-25 12:00:00
28.97,1,5,2007-03-26 12:00:00
28.93,1,5,2007-03-27 12:00:00
29.0,1,5,2007-03-28 12:00:00
29.1,1,5,2007-03-29 12:00:00
29.22,1,5,2007-03-30 12:00:00
29.25,1,5,2007-03-31 12:00:00
29.23,1,5,2007-04-01 12:00:00
29.23,1,5,2007-04-02 12:00:00
29.31,1,5,2007-04-03 12:00:00
29.31,1,5,2007-04-04 12:00:00
29.18,1,5,2007-04-05 12:00:00
29.13,1,5,2007-04-06 12:00:00
29.05,1,5,2007-04-07 12:00:00
28.99,1,5,2007-04-08 12:00:00
29.24,1,5,2007-04-09 12:00:00
29.37,1,5,2007-04-10 12:00:00
29.56,1,5,2007-04-11 12:00:00
29.66,1,5,2007-04-12 12:00:00
29.53,1,5,2007-04-13 12:00:00
29.42,1,5,2007-04-14 12:00:00
29.26,1,5,2007-04-15 12:00:00
28.96,1,5,2007-04-16 12:00:00
29.19,1,5,2007-04-17 12:00:00
29.51,1,5,2007-04-18 12:00:00
29.82,1,5,2007-04-19 12:00:00
30.18,1,5,2007-04-20 12:00:00
30.59,1,5,2007-04-21 12:00:00
29.73,1,5,2007-04-22 12:00:00
30.3,1,5,2007-04-23 12:00:00
30.24,1,5,2007-04-24 12:00:00
30.24,1,5,2007-04-25 12:00:00
30.07,1,5,2007-04-26 12:00:00
29.51,1,5,2007-04-27 12:00:00
29.28,1,5,2007-04-28 12:00:00
29.6,1,5,2007-04-29 12:00:00
29.98,1,5,2007-04-30 12:00:00
29.96,1,5,2007-05-01 12:00:00
30.02,1,5,2007-05-02 12:00:00
29.91,1,5,2007-05-03 12:00:00
29.74,1,5,2007-05-04 12:00:00
29.65,1,5,2007-05-05 12:00:00
29.91,1,5,2007-05-06 12:00:00
29.66,1,5,2007-05-07 12:00:00
29.89,1,5,2007-05-08 12:00:00
29.74,1,5,2007-05-09 12:00:00
29.57,1,5,2007-05-10 12:00:00
29.67,1,5,2007-05-11 12:00:00
29.49,1,5,2007-05-12 12:00:00
29.3,1,5,2007-05-13 12:00:00
29.21,1,5,2007-05-14 12:00:00
29.24,1,5,2007-05-15 12:00:00
29.22,1,5,2007-05-16 12:00:00
29.24,1,5,2007-05-17 12:00:00
29.3,1,5,2007-05-18 12:00:00
29.28,1,5,2007-05-19 12:00:00
29.3,1,5,2007-05-20 12:00:00
29.3,1,5,2007-05-21 12:00:00
29.38,1,5,2007-05-22 12:00:00
29.47,1,5,2007-05-23 12:00:00
29.68,1,5,2007-05-24 12:00:00
29.7,1,5,2007-05-25 12:00:00
29.71,1,5,2007-05-26 12:00:00
29.94,1,5,2007-05-27 12:00:00
29.89,1,5,2007-05-28 12:00:00
29.72,1,5,2007-05-29 12:00:00
29.69,1,5,2007-05-30 12:00:00
29.88,1,5,2007-05-31 12:00:00
29.84,1,5,2007-06-01 12:00:00
29.84,1,5,2007-06-02 12:00:00
29.84,1,5,2007-06-03 12:00:00
29.8,1,5,2007-06-04 12:00:00
29.83,1,5,2007-06-05 12:00:00
29.78,1,5,2007-06-06 12:00:00
29.73,1,5,2007-06-07 12:00:00
29.57,1,5,2007-06-08 12:00:00
29.65,1,5,2007-06-09 12:00:00
29.7,1,5,2007-06-10 12:00:00
29.67,1,5,2007-06-11 12:00:00
29.63,1,5,2007-06-12 12:00:00
29.54,1,5,2007-06-13 12:00:00
29.56,1,5,2007-06-14 12:00:00
29.52,1,5,2007-06-15 12:00:00
29.48,1,5,2007-06-16 12:00:00
29.44,1,5,2007-06-17 12:00:00
29.37,1,5,2007-06-18 12:00:00
29.21,1,5,2007-06-19 12:00:00
29.07,1,5,2007-06-20 12:00:00
29.03,1,5,2007-06-21 12:00:00
29.0,1,5,2007-06-22 12:00:00
29.29,1,5,2007-06-23 12:00:00
29.47,1,5,2007-06-24 12:00:00
29.29,1,5,2007-06-25 12:00:00
29.13,1,5,2007-06-26 12:00:00
29.02,1,5,2007-06-27 12:00:00
29.04,1,5,2007-06-28 12:00:00
29.15,1,5,2007-06-29 12:00:00
29.16,1,5,2007-06-30 12:00:00
29.19,1,5,2007-07-01 12:00:00
29.22,1,5,2007-07-02 12:00:00
29.2,1,5,2007-07-03 12:00:00
29.13,1,5,2007-07-04 12:00:00
29.11,1,5,2007-07-05 12:00:00
29.08,1,5,2007-07-06 12:00:00
29.06,1,5,2007-07-07 12:00:00
29.05,1,5,2007-07-08 12:00:00
29.1,1,5,2007-07-09 12:00:00
29.07,1,5,2007-07-10 12:00:00
29.02,1,5,2007-07-11 12:00:00
28.97,1,5,2007-07-12 12:00:00
28.95,1,5,2007-07-13 12:00:00
28.94,1,5,2007-07-14 12:00:00
29.01,1,5,2007-07-15 12:00:00
29.01,1,5,2007-07-16 12:00:00
28.99,1,5,2007-07-17 12:00:00
29.01,1,5,2007-07-18 12:00:00
28.88,1,5,2007-07-19 12:00:00
28.84,1,5,2007-07-20 12:00:00
28.8,1,5,2007-07-21 12:00:00
28.66,1,5,2007-07-22 12:00:00
28.64,1,5,2007-07-23 12:00:00
28.62,1,5,2007-07-24 12:00:00
28.71,1,5,2007-07-25 12:00:00
28.87,1,5,2007-07-26 12:00:00
28.82,1,5,2007-07-27 12:00:00
28.69,1,5,2007-07-28 12:00:00
28.63,1,5,2007-07-29 12:00:00
28.65,1,5,2007-07-30 12:00:00
28.63,1,5,2007-07-31 12:00:00
28.65,1,5,2007-08-01 12:00:00
28.67,1,5,2007-08-02 12:00:00
28.72,1,5,2007-08-03 12:00:00
28.7,1,5,2007-08-04 12:00:00
28.7,1,5,2007-08-05 12:00:00
28.62,1,5,2007-08-06 12:00:00
28.65,1,5,2007-08-07 12:00:00
28.67,1,5,2007-08-08 12:00:00
28.67,1,5,2007-08-09 12:00:00
28.66,1,5,2007-08-10 12:00:00
28.65,1,5,2007-08-11 12:00:00
28.66,1,5,2007-08-12 12:00:00
28.67,1,5,2007-08-13 12:00:00
28.66,1,5,2007-08-14 12:00:00
28.64,1,5,2007-08-15 12:00:00
28.49,1,5,2007-08-16 12:00:00
28.47,1,5,2007-08-17 12:00:00
28.52,1,5,2007-08-18 12:00:00
28.56,1,5,2007-08-19 12:00:00
28.6,1,5,2007-08-20 12:00:00
28.57,1,5,2007-08-21 12:00:00
28.56,1,5,2007-08-22 12:00:00
28.5,1,5,2007-08-23 12:00:00
28.43,1,5,2007-08-24 12:00:00
28.41,1,5,2007-08-25 12:00:00
28.48,1,5,2007-08-26 12:00:00
28.51,1,5,2007-08-27 12:00:00
28.5,1,5,2007-08-28 12:00:00
28.49,1,5,2007-08-29 12:00:00
28.6,1,5,2007-08-30 12:00:00
28.57,1,5,2007-08-31 12:00:00
28.56,1,5,2007-09-01 12:00:00
28.51,1,5,2007-09-02 12:00:00
28.53,1,5,2007-09-03 12:00:00
28.56,1,5,2007-09-04 12:00:00
28.63,1,5,2007-09-05 12:00:00
28.7,1,5,2007-09-06 12:00:00
28.76,1,5,2007-09-07 12:00:00
28.73,1,5,2007-09-08 12:00:00
28.7,1,5,2007-09-09 12:00:00
28.96,1,5,2007-09-10 12:00:00
28.74,1,5,2007-09-11 12:00:00
28.65,1,5,2007-09-12 12:00:00
28.44,1,5,2007-09-13 12:00:00
28.49,1,5,2007-09-14 12:00:00
28.48,1,5,2007-09-15 12:00:00
28.52,1,5,2007-09-16 12:00:00
28.51,1,5,2007-09-17 12:00:00
28.49,1,5,2007-09-18 12:00:00
28.48,1,5,2007-09-19 12:00:00
28.47,1,5,2007-09-20 12:00:00
28.44,1,5,2007-09-21 12:00:00
28.44,1,5,2007-09-22 12:00:00
28.47,1,5,2007-09-23 12:00:00
28.52,1,5,2007-09-24 12:00:00
28.55,1,5,2007-09-25 12:00:00
28.39,1,5,2007-09-26 12:00:00
28.41,1,5,2007-09-27 12:00:00
28.32,1,5,2007-09-28 12:00:00
28.34,1,5,2007-09-29 12:00:00
28.38,1,5,2007-09-30 12:00:00
28.47,1,5,2007-10-01 12:00:00
28.45,1,5,2007-10-02 12:00:00
28.4,1,5,2007-10-03 12:00:00
28.4,1,5,2007-10-04 12:00:00
28.39,1,5,2007-10-05 12:00:00
28.33,1,5,2007-10-06 12:00:00
28.27,1,5,2007-10-07 12:00:00
28.28,1,5,2007-10-08 12:00:00
,0,0,2007-10-09 12:00:00
28.56,4,5,2007-10-10 12:00:00
28.87,4,5,2007-10-11 12:00:00
28.8,4,5,2007-10-12 12:00:00
28.67,4,5,2007-10-13 12:00:00
28.58,4,5,2007-10-14 12:00:00
28.63,4,5,2007-10-15 12:00:00
28.77,4,5,2007-10-16 12:00:00
29.0,4,5,2007-10-17 12:00:00
28.97,4,5,2007-10-18 12:00:00
28.96,4,5,2007-10-19 12:00:00
28.96,4,5,2007-10-20 12:00:00
28.73,4,5,2007-10-21 12:00:00
28.72,4,5,2007-10-22 12:00:00
28.26,4,5,2007-10-23 12:00:00
28.25,4,5,2007-10-24 12:00:00
28.29,4,5,2007-10-25 12:00:00
28.5,4,5,2007-10-26 12:00:00
28.4,4,5,2007-10-27 12:00:00
28.23,4,5,2007-10-28 12:00:00
28.15,4,5,2007-10-29 12:00:00
28.3,4,5,2007-10-30 12:00:00
28.24,4,5,2007-10-31 12:00:00
28.35,4,5,2007-11-01 12:00:00
28.25,4,5,2007-11-02 12:00:00
28.36,4,5,2007-11-03 12:00:00
28.67,4,5,2007-11-04 12:00:00
28.89,4,5,2007-11-05 12:00:00
28.9,4,5,2007-11-06 12:00:00
28.79,4,5,2007-11-07 12:00:00
28.8,4,5,2007-11-08 12:00:00
28.64,4,5,2007-11-09 12:00:00
28.63,4,5,2007-11-10 12:00:00
28.6,4,5,2007-11-11 12:00:00
28.57,4,5,2007-11-12 12:00:00
28.54,4,5,2007-11-13 12:00:00
28.69,4,5,2007-11-14 12:00:00
28.85,4,5,2007-11-15 12:00:00
29.0,4,5,2007-11-16 12:00:00
28.71,4,5,2007-11-17 12:00:00
28.75,4,5,2007-11-18 12:00:00
28.73,4,5,2007-11-19 12:00:00
28.74,4,5,2007-11-20 12:00:00
28.64,4,5,2007-11-21 12:00:00
28.74,4,5,2007-11-22 12:00:00
28.95,4,5,2007-11-23 12:00:00
28.86,4,5,2007-11-24 12:00:00
28.89,4,5,2007-11-25 12:00:00
28.94,4,5,2007-11-26 12:00:00
29.32,4,5,2007-11-27 12:00:00
28.99,4,5,2007-11-28 12:00:00
28.82,4,5,2007-11-29 12:00:00
28.85,4,5,2007-11-30 12:00:00
28.74,4,5,2007-12-01 12:00:00
28.72,4,5,2007-12-02 12:00:00
28.69,4,5,2007-12-03 12:00:00
28.66,4,5,2007-12-04 12:00:00
28.56,4,5,2007-12-05 12:00:00
27.91,4,5,2007-12-06 12:00:00
28.02,4,5,2007-12-07 12:00:00
27.96,4,5,2007-12-08 12:00:00
28.06,4,5,2007-12-09 12:00:00
27.97,4,5,2007-12-10 12:00:00
28.13,4,5,2007-12-11 12:00:00
28.2,4,5,2007-12-12 12:00:00
28.08,4,5,2007-12-13 12:00:00
28.1,4,5,2007-12-14 12:00:00
27.88,4,5,2007-12-15 12:00:00
27.95,4,5,2007-12-16 12:00:00
28.04,4,5,2007-12-17 12:00:00
28.11,4,5,2007-12-18 12:00:00
28.14,4,5,2007-12-19 12:00:00
28.11,4,5,2007-12-20 12:00:00
28.14,4,5,2007-12-21 12:00:00
28.2,4,5,2007-12-22 12:00:00
28.25,4,5,2007-12-23 12:00:00
28.17,4,5,2007-12-24 12:00:00
28.16,4,5,2007-12-25 12:00:00
28.14,4,5,2007-12-26 12:00:00
28.12,4,5,2007-12-27 12:00:00
28.18,4,5,2007-12-28 12:00:00
28.13,4,5,2007-12-29 12:00:00
28.05,4,5,2007-12-30 12:00:00
28.04,4,5,2007-12-31 12:00:00
27.99,4,5,2008-01-01 12:00:00
28.09,4,5,2008-01-02 12:00:00
28.13,4,5,2008-01-03 12:00:00
28.03,4,5,2008-01-04 12:00:00
27.98,4,5,2008-01-05 12:00:00
28.09,4,5,2008-01-06 12:00:00
28.0,4,5,2008-01-07 12:00:00
27.97,4,5,2008-01-08 12:00:00
28.01,4,5,2008-01-09 12:00:00
28.02,4,5,2008-01-10 12:00:00
28.26,4,5,2008-01-11 12:00:00
28.08,4,5,2008-01-12 12:00:00
28.2,4,5,2008-01-13 12:00:00
28.47,4,5,2008-01-14 12:00:00
28.42,4,5,2008-01-15 12:00:00
28.5,4,5,2008-01-16 12:00:00
28.5,4,5,2008-01-17 12:00:00
28.38,4,5,2008-01-18 12:00:00
28.36,4,5,2008-01-19 12:00:00
28.3,4,5,2008-01-20 12:00:00
28.3,4,5,2008-01-21 12:00:00
28.24,4,5,2008-01-22 12:00:00
28.22,4,5,2008-01-23 12:00:00
28.31,4,5,2008-01-24 12:00:00
28.37,4,5,2008-01-25 12:00:00
28.35,4,5,2008-01-26 12:00:00
28.42,4,5,2008-01-27 12:00:00
28.44,4,5,2008-01-28 12:00:00
28.86,4,5,2008-01-29 12:00:00
28.63,4,5,2008-01-30 12:00:00
29.1,4,5,2008-01-31 12:00:00
29.28,4,5,2008-02-01 12:00:00
29.09,4,5,2008-02-02 12:00:00
29.17,4,5,2008-02-03 12:00:00
29.4,4,5,2008-02-04 12:00:00
29.31,4,5,2008-02-05 12:00:00
29.24,4,5,2008-02-06 12:00:00
29.03,4,5,2008-02-07 12:00:00
29.1,4,5,2008-02-08 12:00:00
28.99,4,5,2008-02-09 12:00:00
29.01,4,5,2008-02-10 12:00:00
28.86,4,5,2008-02-11 12:00:00
28.69,4,5,2008-02-12 12:00:00
28.63,4,5,2008-02-13 12:00:00
28.58,4,5,2008-02-14 12:00:00
28.55,4,5,2008-02-15 12:00:00
28.4,4,5,2008-02-16 12:00:00
28.38,4,5,2008-02-17 12:00:00
28.44,4,5,2008-02-18 12:00:00
28.54,4,5,2008-02-19 12:00:00
28.53,4,5,2008-02-20 12:00:00
28.54,4,5,2008-02-21 12:00:00
28.52,4,5,2008-02-22 12:00:00
28.63,4,5,2008-02-23 12:00:00
28.6,4,5,2008-02-24 12:00:00
29.02,4,5,2008-02-25 12:00:00
28.83,4,5,2008-02-26 12:00:00
28.66,4,5,2008-02-27 12:00:00
28.83,4,5,2008-02-28 12:00:00
28.96,4,5,2008-02-29 12:00:00
29.14,4,5,2008-03-01 12:00:00
28.97,4,5,2008-03-02 12:00:00
28.62,4,5,2008-03-03 12:00:00
28.46,4,5,2008-03-04 12:00:00
28.84,4,5,2008-03-05 12:00:00
28.56,4,5,2008-03-06 12:00:00
28.34,4,5,2008-03-07 12:00:00
28.5,4,5,2008-03-08 12:00:00
28.38,4,5,2008-03-09 12:00:00
28.6,4,5,2008-03-10 12:00:00
28.59,4,5,2008-03-11 12:00:00
28.81,4,5,2008-03-12 12:00:00
28.9,4,5,2008-03-13 12:00:00
28.79,4,5,2008-03-14 12:00:00
28.7,4,5,2008-03-15 12:00:00
28.95,4,5,2008-03-16 12:00:00
28.9,4,5,2008-03-17 12:00:00
29.24,4,5,2008-03-18 12:00:00
29.47,4,5,2008-03-19 12:00:00
29.61,4,5,2008-03-20 12:00:00
29.91,4,5,2008-03-21 12:00:00
29.88,4,5,2008-03-22 12:00:00
30.06,4,5,2008-03-23 12:00:00
29.65,4,5,2008-03-24 12:00:00
29.21,4,5,2008-03-25 12:00:00
29.1,4,5,2008-03-26 12:00:00
29.01,4,5,2008-03-27 12:00:00
28.64,4,5,2008-03-28 12:00:00
28.73,4,5,2008-03-29 12:00:00
28.68,4,5,2008-03-30 12:00:00
28.91,4,5,2008-03-31 12:00:00
29.07,4,5,2008-04-01 12:00:00
29.27,4,5,2008-04-02 12:00:00
29.72,4,5,2008-04-03 12:00:00
29.44,4,5,2008-04-04 12:00:00
29.17,4,5,2008-04-05 12:00:00
29.03,4,5,2008-04-06 12:00:00
28.92,4,5,2008-04-07 12:00:00
29.13,4,5,2008-04-08 12:00:00
29.15,4,5,2008-04-09 12:00:00
29.53,4,5,2008-04-10 12:00:00
29.47,4,5,2008-04-11 12:00:00
29.79,4,5,2008-04-12 12:00:00
29.74,4,5,2008-04-13 12:00:00
29.75,4,5,2008-04-14 12:00:00
30.01,4,5,2008-04-15 12:00:00
30.08,4,5,2008-04-16 12:00:00
30.15,4,5,2008-04-17 12:00:00
30.21,4,5,2008-04-18 12:00:00
29.93,4,5,2008-04-19 12:00:00
29.92,4,5,2008-04-20 12:00:00
29.9,4,5,2008-04-21 12:00:00
29.99,4,5,2008-04-22 12:00:00
29.85,4,5,2008-04-23 12:00:00
29.74,4,5,2008-04-24 12:00:00
29.66,4,5,2008-04-25 12:00:00
29.69,4,5,2008-04-26 12:00:00
29.54,4,5,2008-04-27 12:00:00
29.31,4,5,2008-04-28 12:00:00
29.28,4,5,2008-04-29 12:00:00
29.31,4,5,2008-04-30 12:00:00
29.24,4,5,2008-05-01 12:00:00
29.22,4,5,2008-05-02 12:00:00
29.2,4,5,2008-05-03 12:00:00
29.23,4,5,2008-05-04 12:00:00
29.25,4,5,2008-05-05 12:00:00
29.25,4,5,2008-05-06 12:00:00
29.26,4,5,2008-05-07 12:00:00
29.27,4,5,2008-05-08 12:00:00
29.24,4,5,2008-05-09 12:00:00
29.25,4,5,2008-05-10 12:00:00
29.23,4,5,2008-05-11 12:00:00
29.15,4,5,2008-05-12 12:00:00
29.13,4,5,2008-05-13 12:00:00
29.12,4,5,2008-05-14 12:00:00
29.09,4,5,2008-05-15 12:00:00
29.05,4,5,2008-05-16 12:00:00
29.05,4,5,2008-05-17 12:00:00
29.07,4,5,2008-05-18 12:00:00
29.08,4,5,2008-05-19 12:00:00
29.1,4,5,2008-05-20 12:00:00
29.2,4,5,2008-05-21 12:00:00
29.28,4,5,2008-05-22 12:00:00
29.39,4,5,2008-05-23 12:00:00
29.29,4,5,2008-05-24 12:00:00
29.23,4,5,2008-05-25 12:00:00
29.26,4,5,2008-05-26 12:00:00
29.35,4,5,2008-05-27 12:00:00
29.38,4,5,2008-05-28 12:00:00
29.41,4,5,2008-05-29 12:00:00
29.35,4,5,2008-05-30 12:00:00
29.27,4,5,2008-05-31 12:00:00
28.92,4,5,2008-06-01 12:00:00
29.2,4,5,2008-06-02 12:00:00
29.14,4,5,2008-06-03 12:00:00
29.21,4,5,2008-06-04 12:00:00
29.24,4,5,2008-06-05 12:00:00
29.17,4,5,2008-06-06 12:00:00
29.1,4,5,2008-06-07 12:00:00
29.18,4,5,2008-06-08 12:00:00
29.06,4,5,2008-06-09 12:00:00
29.06,4,5,2008-06-10 12:00:00
29.05,4,5,2008-06-11 12:00:00
28.98,4,5,2008-06-12 12:00:00
29.0,4,5,2008-06-13 12:00:00
29.01,4,5,2008-06-14 12:00:00
29.06,4,5,2008-06-15 12:00:00
29.0,4,5,2008-06-16 12:00:00
29.04,4,5,2008-06-17 12:00:00
29.04,4,5,2008-06-18 12:00:00
29.07,4,5,2008-06-19 12:00:00
29.07,4,5,2008-06-20 12:00:00
29.05,4,5,2008-06-21 12:00:00
29.06,4,5,2008-06-22 12:00:00
29.01,4,5,2008-06-23 12:00:00
28.98,4,5,2008-06-24 12:00:00
28.97,4,5,2008-06-25 12:00:00
28.98,4,5,2008-06-26 12:00:00
29.0,4,5,2008-06-27 12:00:00
28.97,4,5,2008-06-28 12:00:00
28.97,4,5,2008-06-29 12:00:00
28.99,4,5,2008-06-30 12:00:00
29.06,4,5,2008-07-01 12:00:00
29.02,4,5,2008-07-02 12:00:00
29.06,4,5,2008-07-03 12:00:00
29.04,4,5,2008-07-04 12:00:00
29.06,4,5,2008-07-05 12:00:00
29.1,4,5,2008-07-06 12:00:00
29.09,4,5,2008-07-07 12:00:00
29.04,4,5,2008-07-08 12:00:00
29.04,4,5,2008-07-09 12:00:00
29.02,4,5,2008-07-10 12:00:00
29.02,4,5,2008-07-11 12:00:00
29.05,4,5,2008-07-12 12:00:00
29.0,4,5,2008-07-13 12:00:00
28.99,4,5,2008-07-14 12:00:00
29.03,4,5,2008-07-15 12:00:00
28.97,4,5,2008-07-16 12:00:00
29.0,4,5,2008-07-17 12:00:00
28.96,4,5,2008-07-18 12:00:00
28.86,4,5,2008-07-19 12:00:00
28.82,4,5,2008-07-20 12:00:00
28.77,4,5,2008-07-21 12:00:00
28.77,4,5,2008-07-22 12:00:00
28.72,4,5,2008-07-23 12:00:00
28.65,4,5,2008-07-24 12:00:00
28.66,4,5,2008-07-25 12:00:00
28.63,4,5,2008-07-26 12:00:00
28.55,4,5,2008-07-27 12:00:00
28.47,4,5,2008-07-28 12:00:00
28.5,4,5,2008-07-29 12:00:00
28.49,4,5,2008-07-30 12:00:00
28.47,4,5,2008-07-31 12:00:00
28.39,4,5,2008-08-01 12:00:00
28.37,4,5,2008-08-02 12:00:00
28.38,4,5,2008-08-03 12:00:00
28.23,4,5,2008-08-04 12:00:00
28.18,4,5,2008-08-05 12:00:00
28.0,4,5,2008-08-06 12:00:00
27.96,4,5,2008-08-07 12:00:00
27.95,4,5,2008-08-08 12:00:00
28.04,4,5,2008-08-09 12:00:00
28.08,4,5,2008-08-10 12:00:00
28.26,4,5,2008-08-11 12:00:00
28.19,4,5,2008-08-12 12:00:00
28.14,4,5,2008-08-13 12:00:00
28.11,4,5,2008-08-14 12:00:00
28.19,4,5,2008-08-15 12:00:00
28.2,4,5,2008-08-16 12:00:00
28.29,4,5,2008-08-17 12:00:00
28.33,4,5,2008-08-18 12:00:00
28.4,4,5,2008-08-19 12:00:00
28.42,4,5,2008-08-20 12:00:00
28.35,4,5,2008-08-21 12:00:00
28.35,4,5,2008-08-22 12:00:00
28.36,4,5,2008-08-23 12:00:00
28.29,4,5,2008-08-24 12:00:00
28.38,4,5,2008-08-25 12:00:00
28.5,4,5,2008-08-26 12:00:00
28.58,4,5,2008-08-27 12:00:00
28.33,4,5,2008-08-28 12:00:00
28.29,4,5,2008-08-29 12:00:00
28.24,4,5,2008-08-30 12:00:00
28.29,4,5,2008-08-31 12:00:00
28.67,4,5,2008-09-01 12:00:00
28.96,4,5,2008-09-02 12:00:00
28.73,4,5,2008-09-03 12:00:00
28.33,4,5,2008-09-04 12:00:00
28.61,4,5,2008-09-05 12:00:00
28.52,4,5,2008-09-06 12:00:00
28.34,4,5,2008-09-07 12:00:00
28.33,4,5,2008-09-08 12:00:00
28.3,4,5,2008-09-09 12:00:00
28.36,4,5,2008-09-10 12:00:00
28.34,4,5,2008-09-11 12:00:00
28.4,4,5,2008-09-12 12:00:00
28.42,4,5,2008-09-13 12:00:00
28.5,4,5,2008-09-14 12:00:00
28.46,4,5,2008-09-15 12:00:00
28.38,4,5,2008-09-16 12:00:00
28.31,4,5,2008-09-17 12:00:00
28.5,4,5,2008-09-18 12:00:00
28.64,4,5,2008-09-19 12:00:00
28.63,4,5,2008-09-20 12:00:00
28.73,4,5,2008-09-21 12:00:00
28.74,4,5,2008-09-22 12:00:00
28.82,4,5,2008-09-23 12:00:00
28.72,4,5,2008-09-24 12:00:00
28.75,4,5,2008-09-25 12:00:00
28.74,4,5,2008-09-26 12:00:00
28.79,4,5,2008-09-27 12:00:00
28.79,4,5,2008-09-28 12:00:00
28.76,4,5,2008-09-29 12:00:00
28.77,4,5,2008-09-30 12:00:00
28.9,4,5,2008-10-01 12:00:00
29.17,4,5,2008-10-02 12:00:00
29.6,4,5,2008-10-03 12:00:00
29.46,4,5,2008-10-04 12:00:00
29.66,4,5,2008-10-05 12:00:00
29.43,4,5,2008-10-06 12:00:00
29.31,4,5,2008-10-07 12:00:00
29.91,4,5,2008-10-08 12:00:00
29.93,4,5,2008-10-09 12:00:00
29.6,4,5,2008-10-10 12:00:00
29.57,4,5,2008-10-11 12:00:00
29.63,4,5,2008-10-12 12:00:00
29.61,4,5,2008-10-13 12:00:00
29.91,4,5,2008-10-14 12:00:00
30.13,4,5,2008-10-15 12:00:00
30.24,4,5,2008-10-16 12:00:00
30.08,4,5,2008-10-17 12:00:00
30.3,4,5,2008-10-18 12:00:00
29.49,4,5,2008-10-19 12:00:00
29.6,4,5,2008-10-20 12:00:00
29.42,4,5,2008-10-21 12:00:00
29.53,4,5,2008-10-22 12:00:00
29.58,4,5,2008-10-23 12:00:00
29.33,4,5,2008-10-24 12:00:00
29.24,4,5,2008-10-25 12:00:00
29.23,4,5,2008-10-26 12:00:00
28.97,4,5,2008-10-27 12:00:00
28.81,4,5,2008-10-28 12:00:00
28.88,4,5,2008-10-29 12:00:00
28.98,4,5,2008-10-30 12:00:00
29.06,4,5,2008-10-31 12:00:00
28.84,4,5,2008-11-01 12:00:00
28.99,4,5,2008-11-02 12:00:00
29.12,4,5,2008-11-03 12:00:00
29.56,4,5,2008-11-04 12:00:00
29.55,4,5,2008-11-05 12:00:00
29.73,4,5,2008-11-06 12:00:00
29.46,4,5,2008-11-07 12:00:00
29.32,4,5,2008-11-08 12:00:00
29.5,4,5,2008-11-09 12:00:00
29.56,4,5,2008-11-10 12:00:00
29.4,4,5,2008-11-11 12:00:00
29.18,4,5,2008-11-12 12:00:00
29.04,4,5,2008-11-13 12:00:00
29.0,4,5,2008-11-14 12:00:00
29.28,4,5,2008-11-15 12:00:00
29.39,4,5,2008-11-16 12:00:00
29.22,4,5,2008-11-17 12:00:00
29.36,4,5,2008-11-18 12:00:00
29.16,4,5,2008-11-19 12:00:00
29.05,4,5,2008-11-20 12:00:00
28.98,4,5,2008-11-21 12:00:00
28.79,4,5,2008-11-22 12:00:00
28.61,4,5,2008-11-23 12:00:00
28.43,4,5,2008-11-24 12:00:00
28.55,4,5,2008-11-25 12:00:00
28.78,4,5,2008-11-26 12:00:00
28.81,4,5,2008-11-27 12:00:00
28.89,4,5,2008-11-28 12:00:00
28.8,4,5,2008-11-29 12:00:00
28.74,4,5,2008-11-30 12:00:00
28.7,4,5,2008-12-01 12:00:00
28.55,4,5,2008-12-02 12:00:00
28.49,4,5,2008-12-03 12:00:00
28.39,4,5,2008-12-04 12:00:00
28.53,4,5,2008-12-05 12:00:00
28.68,4,5,2008-12-06 12:00:00
28.74,4,5,2008-12-07 12:00:00
28.79,4,5,2008-12-08 12:00:00
28.82,4,5,2008-12-09 12:00:00
28.74,4,5,2008-12-10 12:00:00
28.75,4,5,2008-12-11 12:00:00
28.67,4,5,2008-12-12 12:00:00
28.68,4,5,2008-12-13 12:00:00
28.64,4,5,2008-12-14 12:00:00
28.53,4,5,2008-12-15 12:00:00
28.46,4,5,2008-12-16 12:00:00
28.46,4,5,2008-12-17 12:00:00
28.45,4,5,2008-12-18 12:00:00
28.43,4,5,2008-12-19 12:00:00
28.4,4,5,2008-12-20 12:00:00
28.34,4,5,2008-12-21 12:00:00
28.31,4,5,2008-12-22 12:00:00
28.35,4,5,2008-12-23 12:00:00
28.44,4,5,2008-12-24 12:00:00
28.53,4,5,2008-12-25 12:00:00
28.61,4,5,2008-12-26 12:00:00
28.53,4,5,2008-12-27 12:00:00
28.47,4,5,2008-12-28 12:00:00
28.46,4,5,2008-12-29 12:00:00
28.48,4,5,2008-12-30 12:00:00
28.4,4,5,2008-12-31 12:00:00
28.38,4,5,2009-01-01 12:00:00
28.36,4,5,2009-01-02 12:00:00
28.34,4,5,2009-01-03 12:00:00
28.3,4,5,2009-01-04 12:00:00
28.32,4,5,2009-01-05 12:00:00
28.34,4,5,2009-01-06 12:00:00
28.3,4,5,2009-01-07 12:00:00
28.24,4,5,2009-01-08 12:00:00
28.2,4,5,2009-01-09 12:00:00
28.16,4,5,2009-01-10 12:00:00
28.16,4,5,2009-01-11 12:00:00
28.1,4,5,2009-01-12 12:00:00
27.91,4,5,2009-01-13 12:00:00
27.9,4,5,2009-01-14 12:00:00
27.93,4,5,2009-01-15 12:00:00
27.84,4,5,2009-01-16 12:00:00
27.79,4,5,2009-01-17 12:00:00
27.77,4,5,2009-01-18 12:00:00
27.71,4,5,2009-01-19 12:00:00
27.72,4,5,2009-01-20 12:00:00
27.73,4,5,2009-01-21 12:00:00
27.69,4,5,2009-01-22 12:00:00
27.72,4,5,2009-01-23 12:00:00
27.67,4,5,2009-01-24 12:00:00
27.77,4,5,2009-01-25 12:00:00
28.03,4,5,2009-01-26 12:00:00
28.3,4,5,2009-01-27 12:00:00
27.99,4,5,2009-01-28 12:00:00
27.67,4,5,2009-01-29 12:00:00
27.65,4,5,2009-01-30 12:00:00
27.79,4,5,2009-01-31 12:00:00
27.78,4,5,2009-02-01 12:00:00
27.67,4,5,2009-02-02 12:00:00
27.68,4,5,2009-02-03 12:00:00
27.63,4,5,2009-02-04 12:00:00
27.64,4,5,2009-02-05 12:00:00
27.57,4,5,2009-02-06 12:00:00
27.58,4,5,2009-02-07 12:00:00
27.66,4,5,2009-02-08 12:00:00
27.7,4,5,2009-02-09 12:00:00
27.77,4,5,2009-02-10 12:00:00
27.75,4,5,2009-02-11 12:00:00
28.0,4,5,2009-02-12 12:00:00
27.93,4,5,2009-02-13 12:00:00
27.84,4,5,2009-02-14 12:00:00
27.81,4,5,2009-02-15 12:00:00
27.86,4,5,2009-02-16 12:00:00
27.9,4,5,2009-02-17 12:00:00
28.02,4,5,2009-02-18 12:00:00
28.02,4,5,2009-02-19 12:00:00
28.19,4,5,2009-02-20 12:00:00
28.21,4,5,2009-02-21 12:00:00
28.24,4,5,2009-02-22 12:00:00
28.48,4,5,2009-02-23 12:00:00
28.51,4,5,2009-02-24 12:00:00
28.53,4,5,2009-02-25 12:00:00
28.77,4,5,2009-02-26 12:00:00
28.68,4,5,2009-02-27 12:00:00
28.69,4,5,2009-02-28 12:00:00
28.68,4,5,2009-03-01 12:00:00
28.68,4,5,2009-03-02 12:00:00
28.82,4,5,2009-03-03 12:00:00
28.78,4,5,2009-03-04 12:00:00
28.85,4,5,2009-03-05 12:00:00
29.21,4,5,2009-03-06 12:00:00
29.12,4,5,2009-03-07 12:00:00
29.06,4,5,2009-03-08 12:00:00
29.21,4,5,2009-03-09 12:00:00
29.75,4,5,2009-03-10 12:00:00
29.25,4,5,2009-03-11 12:00:00
29.32,4,5,2009-03-12 12:00:00
29.54,4,5,2009-03-13 12:00:00
29.55,4,5,2009-03-14 12:00:00
29.42,4,5,2009-03-15 12:00:00
29.42,4,5,2009-03-16 12:00:00
29.42,4,5,2009-03-17 12:00:00
29.33,4,5,2009-03-18 12:00:00
29.44,4,5,2009-03-19 12:00:00
29.69,4,5,2009-03-20 12:00:00
29.82,4,5,2009-03-21 12:00:00
29.87,4,5,2009-03-22 12:00:00
29.94,4,5,2009-03-23 12:00:00
30.28,4,5,2009-03-24 12:00:00
30.48,4,5,2009-03-25 12:00:00
30.56,4,5,2009-03-26 12:00:00
30.92,4,5,2009-03-27 12:00:00
30.9,4,5,2009-03-28 12:00:00
30.85,4,5,2009-03-29 12:00:00
30.63,4,5,2009-03-30 12:00:00
30.5,4,5,2009-03-31 12:00:00
30.18,4,5,2009-04-01 12:00:00
30.05,4,5,2009-04-02 12:00:00
30.05,4,5,2009-04-03 12:00:00
29.9,4,5,2009-04-04 12:00:00
30.52,4,5,2009-04-05 12:00:00
29.66,4,5,2009-04-06 12:00:00
30.13,4,5,2009-04-07 12:00:00
30.13,4,5,2009-04-08 12:00:00
29.99,4,5,2009-04-09 12:00:00
29.97,4,5,2009-04-10 12:00:00
29.93,4,5,2009-04-11 12:00:00
29.84,4,5,2009-04-12 12:00:00
29.9,4,5,2009-04-13 12:00:00
29.71,4,5,2009-04-14 12:00:00
29.63,4,5,2009-04-15 12:00:00
29.64,4,5,2009-04-16 12:00:00
29.65,4,5,2009-04-17 12:00:00
29.6,4,5,2009-04-18 12:00:00
29.67,4,5,2009-04-19 12:00:00
29.8,4,5,2009-04-20 12:00:00
29.71,4,5,2009-04-21 12:00:00
29.6,4,5,2009-04-22 12:00:00
29.75,4,5,2009-04-23 12:00:00
29.77,4,5,2009-04-24 12:00:00
29.93,4,5,2009-04-25 12:00:00
29.99,4,5,2009-04-26 12:00:00
30.06,4,5,2009-04-27 12:00:00
30.01,4,5,2009-04-28 12:00:00
30.02,4,5,2009-04-29 12:00:00
30.03,4,5,2009-04-30 12:00:00
30.09,4,5,2009-05-01 12:00:00
29.24,2,1,2009-11-04 12:00:00
28.78,1,5,2010-11-02 12:00:00
28.66,1,5,2010-11-03 12:00:00
28.47,1,5,2010-11-04 12:00:00
28.41,1,5,2010-11-05 12:00:00
28.36,1,5,2010-11-06 12:00:00
28.46,1,5,2010-11-07 12:00:00
28.66,1,5,2010-11-08 12:00:00
28.6,1,5,2010-11-09 12:00:00
28.34,1,5,2010-11-10 12:00:00
28.5,1,5,2010-11-11 12:00:00
28.58,1,5,2010-11-12 12:00:00
28.87,1,5,2010-11-13 12:00:00
28.6,1,5,2010-11-14 12:00:00
28.49,1,5,2010-11-15 12:00:00
28.67,1,5,2010-11-16 12:00:00
28.71,1,5,2010-11-17 12:00:00
28.56,1,5,2010-11-18 12:00:00
28.56,1,5,2010-11-19 12:00:00
28.59,1,5,2010-11-20 12:00:00
28.73,1,5,2010-11-21 12:00:00
28.57,1,5,2010-11-22 12:00:00
28.59,1,5,2010-11-23 12:00:00
28.54,1,5,2010-11-24 12:00:00
28.7,1,5,2010-11-25 12:00:00
28.78,1,5,2010-11-26 12:00:00
28.82,1,5,2010-11-27 12:00:00
28.77,1,5,2010-11-28 12:00:00
28.69,1,5,2010-11-29 12:00:00
28.7,1,5,2010-11-30 12:00:00
28.67,1,5,2010-12-01 12:00:00
28.59,1,5,2010-12-02 12:00:00
28.5,1,5,2010-12-03 12:00:00
28.51,1,5,2010-12-04 12:00:00
28.5,1,5,2010-12-05 12:00:00
28.41,1,5,2010-12-06 12:00:00
28.37,1,5,2010-12-07 12:00:00
28.29,1,5,2010-12-08 12:00:00
28.37,1,5,2010-12-09 12:00:00
28.22,1,5,2010-12-10 12:00:00
28.21,1,5,2010-12-11 12:00:00
28.2,1,5,2010-12-12 12:00:00
28.3,1,5,2010-12-13 12:00:00
28.34,1,5,2010-12-14 12:00:00
28.31,1,5,2010-12-15 12:00:00
28.13,1,5,2010-12-16 12:00:00
28.24,1,5,2010-12-17 12:00:00
28.45,1,5,2010-12-18 12:00:00
28.42,1,5,2010-12-19 12:00:00
28.34,1,5,2010-12-20 12:00:00
28.35,1,5,2010-12-21 12:00:00
28.45,1,5,2010-12-22 12:00:00
28.39,1,5,2010-12-23 12:00:00
28.26,1,5,2010-12-24 12:00:00
28.32,1,5,2010-12-25 12:00:00
28.37,1,5,2010-12-26 12:00:00
28.33,1,5,2010-12-27 12:00:00
28.22,1,5,2010-12-28 12:00:00
28.25,1,5,2010-12-29 12:00:00
28.17,1,5,2010-12-30 12:00:00
28.16,1,5,2010-12-31 12:00:00
28.26,1,5,2011-01-01 12:00:00
28.21,1,5,2011-01-02 12:00:00
28.22,1,5,2011-01-03 12:00:00
28.33,1,5,2011-01-04 12:00:00
28.2,1,5,2011-01-05 12:00:00
28.13,1,5,2011-01-06 12:00:00
28.02,1,5,2011-01-07 12:00:00
28.07,1,5,2011-01-08 12:00:00
28.05,1,5,2011-01-09 12:00:00
28.1,1,5,2011-01-10 12:00:00
28.04,1,5,2011-01-11 12:00:00
28.22,1,5,2011-01-12 12:00:00
28.21,1,5,2011-01-13 12:00:00
28.4,1,5,2011-01-14 12:00:00
28.32,1,5,2011-01-15 12:00:00
28.15,1,5,2011-01-16 12:00:00
28.35,1,5,2011-01-17 12:00:00
28.29,1,5,2011-01-18 12:00:00
28.28,1,5,2011-01-19 12:00:00
28.2,1,5,2011-01-20 12:00:00
28.15,1,5,2011-01-21 12:00:00
28.18,1,5,2011-01-22 12:00:00
28.16,1,5,2011-01-23 12:00:00
28.15,1,5,2011-01-24 12:00:00
28.17,1,5,2011-01-25 12:00:00
28.27,1,5,2011-01-26 12:00:00
28.2,1,5,2011-01-27 12:00:00
28.18,1,5,2011-01-28 12:00:00
28.13,1,5,2011-01-29 12:00:00
28.17,1,5,2011-01-30 12:00:00
28.1,1,5,2011-01-31 12:00:00
27.98,1,5,2011-02-01 12:00:00
28.05,1,5,2011-02-02 12:00:00
28.13,1,5,2011-02-03 12:00:00
28.27,1,5,2011-02-04 12:00:00
28.26,1,5,2011-02-05 12:00:00
28.36,1,5,2011-02-06 12:00:00
28.26,1,5,2011-02-07 12:00:00
28.48,1,5,2011-02-08 12:00:00
28.47,1,5,2011-02-09 12:00:00
28.42,1,5,2011-02-10 12:00:00
28.39,1,5,2011-02-11 12:00:00
28.29,1,5,2011-02-12 12:00:00
28.29,1,5,2011-02-13 12:00:00
28.4,1,5,2011-02-14 12:00:00
28.4,1,5,2011-02-15 12:00:00
28.52,1,5,2011-02-16 12:00:00
28.76,1,5,2011-02-17 12:00:00
28.79,1,5,2011-02-18 12:00:00
28.66,1,5,2011-02-19 12:00:00
28.59,1,5,2011-02-20 12:00:00
28.53,1,5,2011-02-21 12:00:00
28.57,1,5,2011-02-22 12:00:00
28.53,1,5,2011-02-23 12:00:00
28.43,1,5,2011-02-24 12:00:00
28.39,1,5,2011-02-25 12:00:00
28.35,1,5,2011-02-26 12:00:00
28.31,1,5,2011-02-27 12:00:00
28.32,1,5,2011-02-28 12:00:00
28.45,1,5,2011-03-01 12:00:00
28.68,1,5,2011-03-02 12:00:00
28.79,1,5,2011-03-03 12:00:00
28.71,1,5,2011-03-04 12:00:00
28.88,1,5,2011-03-05 12:00:00
28.97,1,5,2011-03-06 12:00:00
28.92,1,5,2011-03-07 12:00:00
29.07,1,5,2011-03-08 12:00:00
29.0,1,5,2011-03-09 12:00:00
28.87,1,5,2011-03-10 12:00:00
29.1,1,5,2011-03-11 12:00:00
29.29,1,5,2011-03-12 12:00:00
29.41,1,5,2011-03-13 12:00:00
29.19,1,5,2011-03-14 12:00:00
29.26,1,5,2011-03-15 12:00:00
29.42,1,5,2011-03-16 12:00:00
29.07,1,5,2011-03-17 12:00:00
28.99,1,5,2011-03-18 12:00:00
29.13,1,5,2011-03-19 12:00:00
29.53,1,5,2011-03-20 12:00:00
29.69,1,5,2011-03-21 12:00:00
29.71,1,5,2011-03-22 12:00:00
29.8,1,5,2011-03-23 12:00:00
29.37,1,5,2011-03-24 12:00:00
29.39,1,5,2011-03-25 12:00:00
29.37,1,5,2011-03-26 12:00:00
29.6,1,5,2011-03-27 12:00:00
29.57,1,5,2011-03-28 12:00:00
29.57,1,5,2011-03-29 12:00:00
29.65,1,5,2011-03-30 12:00:00
29.72,1,5,2011-03-31 12:00:00
29.83,1,5,2011-04-01 12:00:00
29.61,1,5,2011-04-02 12:00:00
29.35,1,5,2011-04-03 12:00:00
29.31,1,5,2011-04-04 12:00:00
29.47,1,5,2011-04-05 12:00:00
29.36,1,5,2011-04-06 12:00:00
29.6,1,5,2011-04-07 12:00:00
29.92,1,5,2011-04-08 12:00:00
29.71,1,5,2011-04-09 12:00:00
29.86,1,5,2011-04-10 12:00:00
29.82,1,5,2011-04-11 12:00:00
30.05,1,5,2011-04-12 12:00:00
30.03,1,5,2011-04-13 12:00:00
30.57,1,5,2011-04-14 12:00:00
29.93,1,5,2011-04-15 12:00:00
30.02,1,5,2011-04-16 12:00:00
29.98,1,5,2011-04-17 12:00:00
30.21,1,5,2011-04-18 12:00:00
30.12,1,5,2011-04-19 12:00:00
30.48,1,5,2011-04-20 12:00:00
30.61,1,5,2011-04-21 12:00:00
30.88,1,5,2011-04-22 12:00:00
31.01,1,5,2011-04-23 12:00:00
30.42,1,5,2011-04-24 12:00:00
30.38,1,5,2011-04-25 12:00:00
30.32,1,5,2011-04-26 12:00:00
30.33,1,5,2011-04-27 12:00:00
30.11,1,5,2011-04-28 12:00:00
29.94,1,5,2011-04-29 12:00:00
29.89,1,5,2011-04-30 12:00:00
29.78,1,5,2011-05-01 12:00:00
29.71,1,5,2011-05-02 12:00:00
29.54,1,5,2011-05-03 12:00:00
29.49,1,5,2011-05-04 12:00:00
29.38,1,5,2011-05-05 12:00:00
29.37,1,5,2011-05-06 12:00:00
29.35,1,5,2011-05-07 12:00:00
29.17,1,5,2011-05-08 12:00:00
29.08,1,5,2011-05-09 12:00:00
29.02,1,5,2011-05-10 12:00:00
29.1,1,5,2011-05-11 12:00:00
29.19,1,5,2011-05-12 12:00:00
29.36,1,5,2011-05-13 12:00:00
29.38,1,5,2011-05-14 12:00:00
29.61,1,5,2011-05-15 12:00:00
29.96,1,5,2011-05-16 12:00:00
29.93,1,5,2011-05-17 12:00:00
30.02,1,5,2011-05-18 12:00:00
29.86,1,5,2011-05-19 12:00:00
29.82,1,5,2011-05-20 12:00:00
29.76,1,5,2011-05-21 12:00:00
29.79,1,5,2011-05-22 12:00:00
29.93,1,5,2011-05-23 12:00:00
29.92,1,5,2011-05-24 12:00:00
29.85,1,5,2011-05-25 12:00:00
29.9,1,5,2011-05-26 12:00:00
30.03,1,5,2011-05-27 12:00:00
29.98,1,5,2011-05-28 12:00:00
29.92,1,5,2011-05-29 12:00:00
29.84,1,5,2011-05-30 12:00:00
29.78,1,5,2011-05-31 12:00:00
29.74,1,5,2011-06-01 12:00:00
29.66,1,5,2011-06-02 12:00:00
,0,0,2011-06-03 12:00:00
29.63,2,5,2011-06-04 12:00:00
29.58,2,5,2011-06-05 12:00:00
29.51,2,5,2011-06-06 12:00:00
29.48,2,5,2011-06-07 12:00:00
29.41,2,5,2011-06-08 12:00:00
29.4,2,5,2011-06-09 12:00:00
29.37,2,5,2011-06-10 12:00:00
29.3,2,5,2011-06-11 12:00:00
29.28,2,5,2011-06-12 12:00:00
29.26,2,5,2011-06-13 12:00:00
29.22,2,5,2011-06-14 12:00:00
29.24,2,5,2011-06-15 12:00:00
29.26,2,5,2011-06-16 12:00:00
29.24,2,5,2011-06-17 12:00:00
29.2,2,5,2011-06-18 12:00:00
29.17,2,5,2011-06-19 12:00:00
29.14,2,5,2011-06-20 12:00:00
29.12,2,5,2011-06-21 12:00:00
29.12,2,5,2011-06-22 12:00:00
29.11,2,5,2011-06-23 12:00:00
29.18,2,5,2011-06-24 12:00:00
29.16,2,5,2011-06-25 12:00:00
29.11,2,5,2011-06-26 12:00:00
29.16,2,5,2011-06-27 12:00:00
29.17,2,5,2011-06-28 12:00:00
29.07,2,5,2011-06-29 12:00:00
29.16,2,5,2011-06-30 12:00:00
29.06,2,5,2011-07-01 12:00:00
29.01,2,5,2011-07-02 12:00:00
29.01,2,5,2011-07-03 12:00:00
29.0,2,5,2011-07-04 12:00:00
28.86,2,5,2011-07-05 12:00:00
28.9,2,5,2011-07-06 12:00:00
28.89,2,5,2011-07-07 12:00:00
28.95,2,5,2011-07-08 12:00:00
28.96,2,5,2011-07-09 12:00:00
28.88,2,5,2011-07-10 12:00:00
28.81,2,5,2011-07-11 12:00:00
28.81,2,5,2011-07-12 12:00:00
28.77,2,5,2011-07-13 12:00:00
28.75,2,5,2011-07-14 12:00:00
28.76,2,5,2011-07-15 12:00:00
28.74,2,5,2011-07-16 12:00:00
28.81,2,5,2011-07-17 12:00:00
28.83,2,5,2011-07-18 12:00:00
28.85,2,5,2011-07-19 12:00:00
28.82,2,5,2011-07-20 12:00:00
28.87,2,5,2011-07-21 12:00:00
28.83,2,5,2011-07-22 12:00:00
28.77,2,5,2011-07-23 12:00:00
28.62,2,5,2011-07-24 12:00:00
28.32,2,5,2011-07-25 12:00:00
28.41,2,5,2011-07-26 12:00:00
28.51,2,5,2011-07-27 12:00:00
28.68,2,5,2011-07-28 12:00:00
28.59,2,5,2011-07-29 12:00:00
28.63,2,5,2011-07-30 12:00:00
28.69,2,5,2011-07-31 12:00:00
28.72,2,5,2011-08-01 12:00:00
28.69,2,5,2011-08-02 12:00:00
28.72,2,5,2011-08-03 12:00:00
28.76,2,5,2011-08-04 12:00:00
28.79,2,5,2011-08-05 12:00:00
28.73,2,5,2011-08-06 12:00:00
28.73,2,5,2011-08-07 12:00:00
28.7,2,5,2011-08-08 12:00:00
28.63,2,5,2011-08-09 12:00:00
28.68,2,5,2011-08-10 12:00:00
28.65,2,5,2011-08-11 12:00:00
28.71,2,5,2011-08-12 12:00:00
28.7,2,5,2011-08-13 12:00:00
28.66,2,5,2011-08-14 12:00:00
28.7,2,5,2011-08-15 12:00:00
28.72,2,5,2011-08-16 12:00:00
28.68,2,5,2011-08-17 12:00:00
28.67,2,5,2011-08-18 12:00:00
28.68,2,5,2011-08-19 12:00:00
28.68,2,5,2011-08-20 12:00:00
28.69,2,5,2011-08-21 12:00:00
28.69,2,5,2011-08-22 12:00:00
28.7,2,5,2011-08-23 12:00:00
28.58,2,5,2011-08-24 12:00:00
28.61,2,5,2011-08-25 12:00:00
28.55,2,5,2011-08-26 12:00:00
28.48,2,5,2011-08-27 12:00:00
28.48,2,5,2011-08-28 12:00:00
28.49,2,5,2011-08-29 12:00:00
28.53,2,5,2011-08-30 12:00:00
28.49,2,5,2011-08-31 12:00:00
28.47,2,5,2011-09-01 12:00:00
28.52,2,5,2011-09-02 12:00:00
28.56,2,5,2011-09-03 12:00:00
28.65,2,5,2011-09-04 12:00:00
28.66,2,5,2011-09-05 12:00:00
28.64,2,5,2011-09-06 12:00:00
28.57,2,5,2011-09-07 12:00:00
28.55,2,5,2011-09-08 12:00:00
28.6,2,5,2011-09-09 12:00:00
28.6,2,5,2011-09-10 12:00:00
28.57,2,5,2011-09-11 12:00:00
28.48,2,5,2011-09-12 12:00:00
28.42,2,5,2011-09-13 12:00:00
28.35,2,5,2011-09-14 12:00:00
28.46,2,5,2011-09-15 12:00:00
28.51,2,5,2011-09-16 12:00:00
28.57,2,5,2011-09-17 12:00:00
28.54,2,5,2011-09-18 12:00:00
28.55,2,5,2011-09-19 12:00:00
28.54,2,5,2011-09-20 12:00:00
28.51,2,5,2011-09-21 12:00:00
28.56,2,5,2011-09-22 12:00:00
28.6,2,5,2011-09-23 12:00:00
28.55,2,5,2011-09-24 12:00:00
28.67,2,5,2011-09-25 12:00:00
28.69,2,5,2011-09-26 12:00:00
28.67,2,5,2011-09-27 12:00:00
28.69,2,5,2011-09-28 12:00:00
28.7,2,5,2011-09-29 12:00:00
28.7,2,5,2011-09-30 12:00:00
28.58,2,5,2011-10-01 12:00:00
28.5,2,5,2011-10-02 12:00:00
28.52,2,5,2011-10-03 12:00:00
28.52,2,5,2011-10-04 12:00:00
28.75,2,5,2011-10-05 12:00:00
28.93,2,5,2011-10-06 12:00:00
29.02,2,5,2011-10-07 12:00:00
28.84,2,5,2011-10-08 12:00:00
28.71,2,5,2011-10-09 12:00:00
28.92,2,5,2011-10-10 12:00:00
28.7,2,5,2011-10-11 12:00:00
28.63,2,5,2011-10-12 12:00:00
28.63,2,5,2011-10-13 12:00:00
28.48,2,5,2011-10-14 12:00:00
28.4,2,5,2011-10-15 12:00:00
28.65,2,5,2011-10-16 12:00:00
28.45,2,5,2011-10-17 12:00:00
28.55,2,5,2011-10-18 12:00:00
29.05,2,5,2011-10-19 12:00:00
29.35,2,5,2011-10-20 12:00:00
28.89,2,5,2011-10-21 12:00:00
28.8,2,5,2011-10-22 12:00:00
28.84,2,5,2011-10-23 12:00:00
29.01,2,5,2011-10-24 12:00:00
28.99,2,5,2011-10-25 12:00:00
29.14,2,5,2011-10-26 12:00:00
29.0,2,5,2011-10-27 12:00:00
28.99,2,5,2011-10-28 12:00:00
28.89,2,5,2011-10-29 12:00:00
28.95,2,5,2011-10-30 12:00:00
28.73,2,5,2011-10-31 12:00:00
28.73,2,5,2011-11-01 12:00:00
28.74,2,5,2011-11-02 12:00:00
29.26,2,5,2011-11-03 12:00:00
29.21,2,5,2011-11-04 12:00:00
29.13,2,5,2011-11-05 12:00:00
29.51,2,5,2011-11-06 12:00:00
29.67,2,5,2011-11-07 12:00:00
29.69,2,5,2011-11-08 12:00:00
29.64,2,5,2011-11-09 12:00:00
29.53,2,5,2011-11-10 12:00:00
29.33,2,5,2011-11-11 12:00:00
29.84,2,5,2011-11-12 12:00:00
29.5,2,5,2011-11-13 12:00:00
29.76,2,5,2011-11-14 12:00:00
29.38,2,5,2011-11-15 12:00:00
29.53,2,5,2011-11-16 12:00:00
29.45,2,5,2011-11-17 12:00:00
29.58,2,5,2011-11-18 12:00:00
29.52,2,5,2011-11-19 12:00:00
29.5,2,5,2011-11-20 12:00:00
29.37,2,5,2011-11-21 12:00:00
29.15,2,5,2011-11-22 12:00:00
29.05,2,5,2011-11-23 12:00:00
28.95,2,5,2011-11-24 12:00:00
28.83,2,5,2011-11-25 12:00:00
28.74,2,5,2011-11-26 12:00:00
28.82,2,5,2011-11-27 12:00:00
28.77,2,5,2011-11-28 12:00:00
28.73,2,5,2011-11-29 12:00:00
28.76,2,5,2011-11-30 12:00:00
28.66,2,5,2011-12-01 12:00:00
28.9,2,5,2011-12-02 12:00:00
28.66,2,5,2011-12-03 12:00:00
28.67,2,5,2011-12-04 12:00:00
28.96,2,5,2011-12-05 12:00:00
28.98,2,5,2011-12-06 12:00:00
29.03,2,5,2011-12-07 12:00:00
29.03,2,5,2011-12-08 12:00:00
29.07,2,5,2011-12-09 12:00:00
28.97,2,5,2011-12-10 12:00:00
28.87,2,5,2011-12-11 12:00:00
28.75,2,5,2011-12-12 12:00:00
28.68,2,5,2011-12-13 12:00:00
28.68,2,5,2011-12-14 12:00:00
28.63,2,5,2011-12-15 12:00:00
28.75,2,5,2011-12-16 12:00:00
28.71,2,5,2011-12-17 12:00:00
28.65,2,5,2011-12-18 12:00:00
28.6,2,5,2011-12-19 12:00:00
28.53,2,5,2011-12-20 12:00:00
28.42,2,5,2011-12-21 12:00:00
28.37,2,5,2011-12-22 12:00:00
28.32,2,5,2011-12-23 12:00:00
28.22,2,5,2011-12-24 12:00:00
28.3,2,5,2011-12-25 12:00:00
28.18,2,5,2011-12-26 12:00:00
28.15,2,5,2011-12-27 12:00:00
28.19,2,5,2011-12-28 12:00:00
28.43,2,5,2011-12-29 12:00:00
28.29,2,5,2011-12-30 12:00:00
28.19,2,5,2011-12-31 12:00:00
28.13,2,5,2012-01-01 12:00:00
28.33,2,5,2012-01-02 12:00:00
28.55,2,5,2012-01-03 12:00:00
28.43,2,5,2012-01-04 12:00:00
28.52,2,5,2012-01-05 12:00:00
28.4,2,5,2012-01-06 12:00:00
28.33,2,5,2012-01-07 12:00:00
28.51,2,5,2012-01-08 12:00:00
28.47,2,5,2012-01-09 12:00:00
28.53,2,5,2012-01-10 12:00:00
28.4,2,5,2012-01-11 12:00:00
28.38,2,5,2012-01-12 12:00:00
28.47,2,5,2012-01-13 12:00:00
28.56,2,5,2012-01-14 12:00:00
28.45,2,5,2012-01-15 12:00:00
28.45,2,5,2012-01-16 12:00:00
28.53,2,5,2012-01-17 12:00:00
28.58,2,5,2012-01-18 12:00:00
28.65,2,5,2012-01-19 12:00:00
28.73,2,5,2012-01-20 12:00:00
28.69,2,5,2012-01-21 12:00:00
28.69,2,5,2012-01-22 12:00:00
28.66,2,5,2012-01-23 12:00:00
28.63,2,5,2012-01-24 12:00:00
28.65,2,5,2012-01-25 12:00:00
28.65,2,5,2012-01-26 12:00:00
28.66,2,5,2012-01-27 12:00:00
28.64,2,5,2012-01-28 12:00:00
28.62,2,5,2012-01-29 12:00:00
28.55,2,5,2012-01-30 12:00:00
28.6,2,5,2012-01-31 12:00:00
28.6,2,5,2012-02-01 12:00:00
28.48,2,5,2012-02-02 12:00:00
28.45,2,5,2012-02-03 12:00:00
28.44,2,5,2012-02-04 12:00:00
28.38,2,5,2012-02-05 12:00:00
28.25,2,5,2012-02-06 12:00:00
28.39,2,5,2012-02-07 12:00:00
28.63,2,5,2012-02-08 12:00:00
28.62,2,5,2012-02-09 12:00:00
28.6,2,5,2012-02-10 12:00:00
28.59,2,5,2012-02-11 12:00:00
28.55,2,5,2012-02-12 12:00:00
28.46,2,5,2012-02-13 12:00:00
28.52,2,5,2012-02-14 12:00:00
28.54,2,5,2012-02-15 12:00:00
28.4,2,5,2012-02-16 12:00:00
28.66,2,5,2012-02-17 12:00:00
28.63,2,5,2012-02-18 12:00:00
28.64,2,5,2012-02-19 12:00:00
28.51,2,5,2012-02-20 12:00:00
28.51,2,5,2012-02-21 12:00:00
28.43,2,5,2012-02-22 12:00:00
28.44,2,5,2012-02-23 12:00:00
28.37,2,5,2012-02-24 12:00:00
28.34,2,5,2012-02-25 12:00:00
28.52,2,5,2012-02-26 12:00:00
28.63,2,5,2012-02-27 12:00:00
28.93,2,5,2012-02-28 12:00:00
28.75,2,5,2012-02-29 12:00:00
28.9,2,5,2012-03-01 12:00:00
29.0,2,5,2012-03-02 12:00:00
29.13,2,5,2012-03-03 12:00:00
29.01,2,5,2012-03-04 12:00:00
28.9,2,5,2012-03-05 12:00:00
28.74,2,5,2012-03-06 12:00:00
28.86,2,5,2012-03-07 12:00:00
28.82,2,5,2012-03-08 12:00:00
28.89,2,5,2012-03-09 12:00:00
28.93,2,5,2012-03-10 12:00:00
29.05,2,5,2012-03-11 12:00:00
28.92,2,5,2012-03-12 12:00:00
29.0,2,5,2012-03-13 12:00:00
29.15,2,5,2012-03-14 12:00:00
29.08,2,5,2012-03-15 12:00:00
29.08,2,5,2012-03-16 12:00:00
29.36,2,5,2012-03-17 12:00:00
29.44,2,5,2012-03-18 12:00:00
29.7,2,5,2012-03-19 12:00:00
29.82,2,5,2012-03-20 12:00:00
29.85,2,5,2012-03-21 12:00:00
29.73,2,5,2012-03-22 12:00:00
29.62,2,5,2012-03-23 12:00:00
29.63,2,5,2012-03-24 12:00:00
29.68,2,5,2012-03-25 12:00:00
29.8,2,5,2012-03-26 12:00:00
29.69,2,5,2012-03-27 12:00:00
29.56,2,5,2012-03-28 12:00:00
29.5,2,5,2012-03-29 12:00:00
29.63,2,5,2012-03-30 12:00:00
29.84,2,5,2012-03-31 12:00:00
29.74,2,5,2012-04-01 12:00:00
29.97,2,5,2012-04-02 12:00:00
30.27,2,5,2012-04-03 12:00:00
30.38,2,5,2012-04-04 12:00:00
30.39,2,5,2012-04-05 12:00:00
30.44,2,5,2012-04-06 12:00:00
30.46,2,5,2012-04-07 12:00:00
30.59,2,5,2012-04-08 12:00:00
30.55,2,5,2012-04-09 12:00:00
30.56,2,5,2012-04-10 12:00:00
30.63,2,5,2012-04-11 12:00:00
30.51,2,5,2012-04-12 12:00:00
30.35,2,5,2012-04-13 12:00:00
30.35,2,5,2012-04-14 12:00:00
30.55,2,5,2012-04-15 12:00:00
30.69,2,5,2012-04-16 12:00:00
30.28,2,5,2012-04-17 12:00:00
30.51,2,5,2012-04-18 12:00:00
30.76,2,5,2012-04-19 12:00:00
30.41,2,5,2012-04-20 12:00:00
30.37,2,5,2012-04-21 12:00:00
30.08,2,5,2012-04-22 12:00:00
30.07,2,5,2012-04-23 12:00:00
29.9,2,5,2012-04-24 12:00:00
30.11,2,5,2012-04-25 12:00:00
30.31,2,5,2012-04-26 12:00:00
30.43,2,5,2012-04-27 12:00:00
30.47,2,5,2012-04-28 12:00:00
30.12,2,5,2012-04-29 12:00:00
30.04,2,5,2012-04-30 12:00:00
29.8,2,5,2012-05-01 12:00:00
29.84,2,5,2012-05-02 12:00:00
29.9,2,5,2012-05-03 12:00:00
29.8,2,5,2012-05-04 12:00:00
29.73,2,5,2012-05-05 12:00:00
29.81,2,5,2012-05-06 12:00:00
29.94,2,5,2012-05-07 12:00:00
29.88,2,5,2012-05-08 12:00:00
29.89,2,5,2012-05-09 12:00:00
29.97,2,5,2012-05-10 12:00:00
30.06,2,5,2012-05-11 12:00:00
29.98,2,5,2012-05-12 12:00:00
,0,0,2012-05-13 12:00:00
29.98,2,1,2012-05-14 12:00:00
30.05,2,1,2012-05-15 12:00:00
30.08,2,1,2012-05-16 12:00:00
30.03,2,1,2012-05-17 12:00:00
30.02,2,1,2012-05-18 12:00:00
29.98,2,1,2012-05-19 12:00:00
30.01,2,1,2012-05-20 12:00:00
29.95,2,1,2012-05-21 12:00:00
29.89,2,1,2012-05-22 12:00:00
29.84,2,1,2012-05-23 12:00:00
29.74,2,1,2012-05-24 12:00:00
29.5,2,1,2012-05-25 12:00:00
29.41,2,1,2012-05-26 12:00:00
29.34,2,1,2012-05-27 12:00:00
29.32,2,1,2012-05-28 12:00:00
29.33,2,1,2012-05-29 12:00:00
29.23,2,1,2012-05-30 12:00:00
29.17,2,1,2012-05-31 12:00:00
29.14,2,1,2012-06-01 12:00:00
29.09,2,1,2012-06-02 12:00:00
29.07,2,1,2012-06-03 12:00:00
29.07,2,1,2012-06-04 12:00:00
29.04,2,1,2012-06-05 12:00:00
29.02,2,1,2012-06-06 12:00:00
29.03,2,1,2012-06-07 12:00:00
29.03,2,1,2012-06-08 12:00:00
28.97,2,1,2012-06-09 12:00:00
28.91,2,1,2012-06-10 12:00:00
28.88,2,1,2012-06-11 12:00:00
28.84,2,1,2012-06-12 12:00:00
28.81,2,1,2012-06-13 12:00:00
28.83,2,1,2012-06-14 12:00:00
28.86,2,1,2012-06-15 12:00:00
28.87,2,1,2012-06-16 12:00:00
28.78,2,1,2012-06-17 12:00:00
28.74,2,1,2012-06-18 12:00:00
28.72,2,1,2012-06-19 12:00:00
28.77,2,1,2012-06-20 12:00:00
28.59,2,1,2012-06-21 12:00:00
28.76,2,1,2012-06-22 12:00:00
28.82,2,1,2012-06-23 12:00:00
28.7,2,1,2012-06-24 12:00:00
28.71,2,1,2012-06-25 12:00:00
28.47,2,1,2012-06-26 12:00:00
28.49,2,1,2012-06-27 12:00:00
28.72,2,1,2012-06-28 12:00:00
28.84,2,1,2012-06-29 12:00:00
28.86,2,1,2012-06-30 12:00:00
28.29,2,1,2012-07-01 12:00:00
28.23,2,1,2012-07-02 12:00:00
28.28,2,1,2012-07-03 12:00:00
28.37,2,1,2012-07-04 12:00:00
28.46,2,1,2012-07-05 12:00:00
28.41,2,1,2012-07-06 12:00:00
28.39,2,1,2012-07-07 12:00:00
28.42,2,1,2012-07-08 12:00:00
28.52,2,1,2012-07-09 12:00:00
28.58,2,1,2012-07-10 12:00:00
28.65,2,1,2012-07-11 12:00:00
28.68,2,1,2012-07-12 12:00:00
28.71,2,1,2012-07-13 12:00:00
28.73,2,1,2012-07-14 12:00:00
28.7,2,1,2012-07-15 12:00:00
28.75,2,1,2012-07-16 12:00:00
28.76,2,1,2012-07-17 12:00:00
28.62,2,1,2012-07-18 12:00:00
28.67,2,1,2012-07-19 12:00:00
28.66,2,1,2012-07-20 12:00:00
28.6,2,1,2012-07-21 12:00:00
28.6,2,1,2012-07-22 12:00:00
28.61,2,1,2012-07-23 12:00:00
28.54,2,1,2012-07-24 12:00:00
28.55,2,1,2012-07-25 12:00:00
28.61,2,1,2012-07-26 12:00:00
28.58,2,1,2012-07-27 12:00:00
28.61,2,1,2012-07-28 12:00:00
28.66,2,1,2012-07-29 12:00:00
28.72,2,1,2012-07-30 12:00:00
28.76,2,1,2012-07-31 12:00:00
28.76,2,1,2012-08-01 12:00:00
28.74,2,1,2012-08-02 12:00:00
28.76,2,1,2012-08-03 12:00:00
28.76,2,1,2012-08-04 12:00:00
28.74,2,1,2012-08-05 12:00:00
28.77,2,1,2012-08-06 12:00:00
28.79,2,1,2012-08-07 12:00:00
28.82,2,1,2012-08-08 12:00:00
28.8,2,1,2012-08-09 12:00:00
28.81,2,1,2012-08-10 12:00:00
28.79,2,1,2012-08-11 12:00:00
28.82,2,1,2012-08-12 12:00:00
28.89,2,1,2012-08-13 12:00:00
28.94,2,1,2012-08-14 12:00:00
28.93,2,1,2012-08-15 12:00:00
28.85,2,1,2012-08-16 12:00:00
28.82,2,1,2012-08-17 12:00:00
28.78,2,1,2012-08-18 12:00:00
28.78,2,1,2012-08-19 12:00:00
28.72,2,1,2012-08-20 12:00:00
28.59,2,1,2012-08-21 12:00:00
28.76,2,1,2012-08-22 12:00:00
28.73,2,1,2012-08-23 12:00:00
28.68,2,1,2012-08-24 12:00:00
28.64,2,1,2012-08-25 12:00:00
28.57,2,1,2012-08-26 12:00:00
28.48,2,1,2012-08-27 12:00:00
28.46,2,1,2012-08-28 12:00:00
28.42,2,1,2012-08-29 12:00:00
28.38,2,1,2012-08-30 12:00:00
28.38,2,1,2012-08-31 12:00:00
28.37,2,1,2012-09-01 12:00:00
28.39,2,1,2012-09-02 12:00:00
28.35,2,1,2012-09-03 12:00:00
28.47,2,1,2012-09-04 12:00:00
28.59,2,1,2012-09-05 12:00:00
28.62,2,1,2012-09-06 12:00:00
28.5,2,1,2012-09-07 12:00:00
28.41,2,1,2012-09-08 12:00:00
28.47,2,1,2012-09-09 12:00:00
28.55,2,1,2012-09-10 12:00:00
28.6,2,1,2012-09-11 12:00:00
28.56,2,1,2012-09-12 12:00:00
28.51,2,1,2012-09-13 12:00:00
28.57,2,1,2012-09-14 12:00:00
28.46,2,1,2012-09-15 12:00:00
28.38,2,1,2012-09-16 12:00:00
28.45,2,1,2012-09-17 12:00:00
28.49,2,1,2012-09-18 12:00:00
28.45,2,1,2012-09-19 12:00:00
28.53,2,1,2012-09-20 12:00:00
28.69,2,1,2012-09-21 12:00:00
28.77,2,1,2012-09-22 12:00:00
28.72,2,1,2012-09-23 12:00:00
28.69,2,1,2012-09-24 12:00:00
28.59,2,1,2012-09-25 12:00:00
28.49,2,1,2012-09-26 12:00:00
28.38,2,1,2012-09-27 12:00:00
28.4,2,1,2012-09-28 12:00:00
28.45,2,1,2012-09-29 12:00:00
28.46,2,1,2012-09-30 12:00:00
28.49,2,1,2012-10-01 12:00:00
28.54,2,1,2012-10-02 12:00:00
28.67,2,1,2012-10-03 12:00:00
28.76,2,1,2012-10-04 12:00:00
28.7,2,1,2012-10-05 12:00:00
28.81,2,1,2012-10-06 12:00:00
28.85,2,1,2012-10-07 12:00:00
28.86,2,1,2012-10-08 12:00:00
28.93,2,1,2012-10-09 12:00:00
28.71,2,1,2012-10-10 12:00:00
28.94,2,1,2012-10-11 12:00:00
29.08,2,1,2012-10-12 12:00:00
29.19,2,1,2012-10-13 12:00:00
29.21,2,1,2012-10-14 12:00:00
29.02,2,1,2012-10-15 12:00:00
28.92,2,1,2012-10-16 12:00:00
28.95,2,1,2012-10-17 12:00:00
29.15,2,1,2012-10-18 12:00:00
29.27,2,1,2012-10-19 12:00:00
29.25,2,1,2012-10-20 12:00:00
29.11,2,1,2012-10-21 12:00:00
29.12,2,1,2012-10-22 12:00:00
29.26,2,1,2012-10-23 12:00:00
29.65,2,1,2012-10-24 12:00:00
29.36,2,1,2012-10-25 12:00:00
29.33,2,1,2012-10-26 12:00:00
29.23,2,1,2012-10-27 12:00:00
29.24,2,1,2012-10-28 12:00:00
28.94,2,1,2012-10-29 12:00:00
28.96,2,1,2012-10-30 12:00:00
28.91,2,1,2012-10-31 12:00:00
29.03,2,1,2012-11-01 12:00:00
28.93,2,1,2012-11-02 12:00:00
29.25,2,1,2012-11-03 12:00:00
29.25,2,1,2012-11-04 12:00:00
29.48,2,1,2012-11-05 12:00:00
29.15,2,1,2012-11-06 12:00:00
29.47,2,1,2012-11-07 12:00:00
29.24,2,1,2012-11-08 12:00:00
29.49,2,1,2012-11-09 12:00:00
29.42,2,1,2012-11-10 12:00:00
29.31,2,1,2012-11-11 12:00:00
29.28,2,1,2012-11-12 12:00:00
29.19,2,1,2012-11-13 12:00:00
28.99,2,1,2012-11-14 12:00:00
28.99,2,1,2012-11-15 12:00:00
29.09,2,1,2012-11-16 12:00:00
29.2,2,1,2012-11-17 12:00:00
29.29,2,1,2012-11-18 12:00:00
29.31,2,1,2012-11-19 12:00:00
29.71,2,1,2012-11-20 12:00:00
29.54,2,1,2012-11-21 12:00:00
29.42,2,1,2012-11-22 12:00:00
29.38,2,1,2012-11-23 12:00:00
29.35,2,1,2012-11-24 12:00:00
29.21,2,1,2012-11-25 12:00:00
29.26,2,1,2012-11-26 12:00:00
29.23,2,1,2012-11-27 12:00:00
29.13,2,1,2012-11-28 12:00:00
29.05,2,1,2012-11-29 12:00:00
28.97,2,1,2012-11-30 12:00:00
29.13,2,1,2012-12-01 12:00:00
29.29,2,1,2012-12-02 12:00:00
29.47,2,1,2012-12-03 12:00:00
29.23,2,1,2012-12-04 12:00:00
29.12,2,1,2012-12-05 12:00:00
29.02,2,1,2012-12-06 12:00:00
28.98,2,1,2012-12-07 12:00:00
28.88,2,1,2012-12-08 12:00:00
28.9,2,1,2012-12-09 12:00:00
28.71,2,1,2012-12-10 12:00:00
28.72,2,1,2012-12-11 12:00:00
28.67,2,1,2012-12-12 12:00:00
28.69,2,1,2012-12-13 12:00:00
28.63,2,1,2012-12-14 12:00:00
28.64,2,1,2012-12-15 12:00:00
28.72,2,1,2012-12-16 12:00:00
28.74,2,1,2012-12-17 12:00:00
28.63,2,1,2012-12-18 12:00:00
28.63,2,1,2012-12-19 12:00:00
28.59,2,1,2012-12-20 12:00:00
28.62,2,1,2012-12-21 12:00:00
28.63,2,1,2012-12-22 12:00:00
28.61,2,1,2012-12-23 12:00:00
28.67,2,1,2012-12-24 12:00:00
28.67,2,1,2012-12-25 12:00:00
28.59,2,1,2012-12-26 12:00:00
28.58,2,1,2012-12-27 12:00:00
28.68,2,1,2012-12-28 12:00:00
28.71,2,1,2012-12-29 12:00:00
28.7,2,1,2012-12-30 12:00:00
28.62,2,1,2012-12-31 12:00:00
28.62,2,1,2013-01-01 12:00:00
28.41,2,1,2013-01-02 12:00:00
28.43,2,1,2013-01-03 12:00:00
28.49,2,1,2013-01-04 12:00:00
28.41,2,1,2013-01-05 12:00:00
28.4,2,1,2013-01-06 12:00:00
28.39,2,1,2013-01-07 12:00:00
28.52,2,1,2013-01-08 12:00:00
28.95,2,1,2013-01-09 12:00:00
28.7,2,1,2013-01-10 12:00:00
28.64,2,1,2013-01-11 12:00:00
28.7,2,1,2013-01-12 12:00:00
28.6,2,1,2013-01-13 12:00:00
28.59,2,1,2013-01-14 12:00:00
28.59,2,1,2013-01-15 12:00:00
28.58,2,1,2013-01-16 12:00:00
28.61,2,1,2013-01-17 12:00:00
28.57,2,1,2013-01-18 12:00:00
28.58,2,1,2013-01-19 12:00:00
28.59,2,1,2013-01-20 12:00:00
28.51,2,1,2013-01-21 12:00:00
28.53,2,1,2013-01-22 12:00:00
28.48,2,1,2013-01-23 12:00:00
28.29,2,1,2013-01-24 12:00:00
28.26,2,1,2013-01-25 12:00:00
28.1,2,1,2013-01-26 12:00:00
28.0,2,1,2013-01-27 12:00:00
28.01,2,1,2013-01-28 12:00:00
28.07,2,1,2013-01-29 12:00:00
28.17,2,1,2013-01-30 12:00:00
27.94,2,1,2013-01-31 12:00:00
27.96,2,1,2013-02-01 12:00:00
27.93,2,1,2013-02-02 12:00:00
28.06,2,1,2013-02-03 12:00:00
28.22,2,1,2013-02-04 12:00:00
28.25,2,1,2013-02-05 12:00:00
28.62,2,1,2013-02-06 12:00:00
28.89,2,1,2013-02-07 12:00:00
28.74,2,1,2013-02-08 12:00:00
28.92,2,1,2013-02-09 12:00:00
28.96,2,1,2013-02-10 12:00:00
28.98,2,1,2013-02-11 12:00:00
28.94,2,1,2013-02-12 12:00:00
29.02,2,1,2013-02-13 12:00:00
29.23,2,1,2013-02-14 12:00:00
29.02,2,1,2013-02-15 12:00:00
29.09,2,1,2013-02-16 12:00:00
29.21,2,1,2013-02-17 12:00:00
29.3,2,1,2013-02-18 12:00:00
29.3,2,1,2013-02-19 12:00:00
29.28,2,1,2013-02-20 12:00:00
29.23,2,1,2013-02-21 12:00:00
29.15,2,1,2013-02-22 12:00:00
29.17,2,1,2013-02-23 12:00:00
29.14,2,1,2013-02-24 12:00:00
29.14,2,1,2013-02-25 12:00:00
29.06,2,1,2013-02-26 12:00:00
29.14,2,1,2013-02-27 12:00:00
29.26,2,1,2013-02-28 12:00:00
29.12,2,1,2013-03-01 12:00:00
28.92,2,1,2013-03-02 12:00:00
29.0,2,1,2013-03-03 12:00:00
29.07,2,1,2013-03-04 12:00:00
29.13,2,1,2013-03-05 12:00:00
29.25,2,1,2013-03-06 12:00:00
29.24,2,1,2013-03-07 12:00:00
29.37,2,1,2013-03-08 12:00:00
29.42,2,1,2013-03-09 12:00:00
29.49,2,1,2013-03-10 12:00:00
29.6,2,1,2013-03-11 12:00:00
29.68,2,1,2013-03-12 12:00:00
29.62,2,1,2013-03-13 12:00:00
29.62,2,1,2013-03-14 12:00:00
29.48,2,1,2013-03-15 12:00:00
29.49,2,1,2013-03-16 12:00:00
29.51,2,1,2013-03-17 12:00:00
29.62,2,1,2013-03-18 12:00:00
29.54,2,1,2013-03-19 12:00:00
29.51,2,1,2013-03-20 12:00:00
29.56,2,1,2013-03-21 12:00:00
29.65,2,1,2013-03-22 12:00:00
29.85,2,1,2013-03-23 12:00:00
29.66,2,1,2013-03-24 12:00:00
29.81,2,1,2013-03-25 12:00:00
29.98,2,1,2013-03-26 12:00:00
30.15,2,1,2013-03-27 12:00:00
30.38,2,1,2013-03-28 12:00:00
30.24,2,1,2013-03-29 12:00:00
30.3,2,1,2013-03-30 12:00:00
30.38,2,1,2013-03-31 12:00:00
30.46,2,1,2013-04-01 12:00:00
30.38,2,1,2013-04-02 12:00:00
30.34,2,1,2013-04-03 12:00:00
30.3,2,1,2013-04-04 12:00:00
30.53,2,1,2013-04-05 12:00:00
30.4,2,1,2013-04-06 12:00:00
30.62,2,1,2013-04-07 12:00:00
30.36,2,1,2013-04-08 12:00:00
30.51,2,1,2013-04-09 12:00:00
30.6,2,1,2013-04-10 12:00:00
30.53,2,1,2013-04-11 12:00:00
30.44,2,1,2013-04-12 12:00:00
30.46,2,1,2013-04-13 12:00:00
30.48,2,1,2013-04-14 12:00:00
30.84,2,1,2013-04-15 12:00:00
30.95,2,1,2013-04-16 12:00:00
31.08,2,1,2013-04-17 12:00:00
30.92,2,1,2013-04-18 12:00:00
31.28,2,1,2013-04-19 12:00:00
31.08,2,1,2013-04-20 12:00:00
31.08,2,1,2013-04-21 12:00:00
31.24,2,1,2013-04-22 12:00:00
31.41,2,1,2013-04-23 12:00:00
31.28,2,1,2013-04-24 12:00:00
31.27,2,1,2013-04-25 12:00:00
30.97,2,1,2013-04-26 12:00:00
31.25,2,1,2013-04-27 12:00:00
31.48,2,1,2013-04-28 12:00:00
31.59,2,1,2013-04-29 12:00:00
31.53,2,1,2013-04-30 12:00:00
31.17,2,1,2013-05-01 12:00:00
31.09,2,1,2013-05-02 12:00:00
31.12,2,1,2013-05-03 12:00:00
31.12,2,1,2013-05-04 12:00:00
31.01,2,1,2013-05-05 12:00:00
30.97,2,1,2013-05-06 12:00:00
31.15,2,1,2013-05-07 12:00:00
31.28,2,1,2013-05-08 12:00:00
31.09,2,1,2013-05-09 12:00:00
30.76,2,1,2013-05-10 12:00:00
30.16,2,1,2013-05-11 12:00:00
29.65,2,1,2013-05-12 12:00:00
29.64,2,1,2013-05-13 12:00:00
29.76,2,1,2013-05-14 12:00:00
29.78,2,1,2013-05-15 12:00:00
29.81,2,1,2013-05-16 12:00:00
29.84,2,1,2013-05-17 12:00:00
29.7,2,1,2013-05-18 12:00:00
29.72,2,1,2013-05-19 12:00:00
29.77,2,1,2013-05-20 12:00:00
29.74,2,1,2013-05-21 12:00:00
29.73,2,1,2013-05-22 12:00:00
29.74,2,1,2013-05-23 12:00:00
29.73,2,1,2013-05-24 12:00:00
29.71,2,1,2013-05-25 12:00:00
29.67,2,1,2013-05-26 12:00:00
29.63,2,1,2013-05-27 12:00:00
29.66,2,1,2013-05-28 12:00:00
29.69,2,1,2013-05-29 12:00:00
29.61,2,1,2013-05-30 12:00:00
29.52,2,1,2013-05-31 12:00:00
29.37,2,1,2013-06-01 12:00:00
29.36,2,1,2013-06-02 12:00:00
29.3,2,1,2013-06-03 12:00:00
29.27,2,1,2013-06-04 12:00:00
29.24,2,1,2013-06-05 12:00:00
29.12,2,1,2013-06-06 12:00:00
29.14,2,1,2013-06-07 12:00:00
29.11,2,1,2013-06-08 12:00:00
29.05,2,1,2013-06-09 12:00:00
29.19,2,1,2013-06-10 12:00:00
29.17,2,1,2013-06-11 12:00:00
29.1,2,1,2013-06-12 12:00:00
29.05,2,1,2013-06-13 12:00:00
29.06,2,1,2013-06-14 12:00:00
28.75,2,1,2014-12-04 12:00:00
28.6,2,1,2014-12-05 12:00:00
28.56,2,1,2014-12-06 12:00:00
28.59,2,1,2014-12-07 12:00:00
28.79,2,1,2014-12-08 12:00:00
28.87,2,1,2014-12-09 12:00:00
28.82,2,1,2014-12-10 12:00:00
28.75,2,1,2014-12-11 12:00:00
28.77,2,1,2014-12-12 12:00:00
28.78,2,1,2014-12-13 12:00:00
28.79,2,1,2014-12-14 12:00:00
28.88,2,1,2014-12-15 12:00:00
28.82,2,1,2014-12-16 12:00:00
28.8,2,1,2014-12-17 12:00:00
28.84,2,1,2014-12-18 12:00:00
28.77,2,1,2014-12-19 12:00:00
28.66,2,1,2014-12-20 12:00:00
28.59,2,1,2014-12-21 12:00:00
28.48,2,1,2014-12-22 12:00:00
28.43,2,1,2014-12-23 12:00:00
28.44,2,1,2014-12-24 12:00:00
28.31,2,1,2014-12-25 12:00:00
28.33,2,1,2014-12-26 12:00:00
28.5,2,1,2014-12-27 12:00:00
28.47,2,1,2014-12-28 12:00:00
28.5,2,1,2014-12-29 12:00:00
28.56,2,1,2014-12-30 12:00:00
28.64,2,1,2014-12-31 12:00:00
28.65,2,1,2015-01-01 12:00:00
28.74,2,1,2015-01-02 12:00:00
28.86,2,1,2015-01-03 12:00:00
28.87,2,1,2015-01-04 12:00:00
28.88,2,1,2015-01-05 12:00:00
28.87,2,1,2015-01-06 12:00:00
28.9,2,1,2015-01-07 12:00:00
28.71,2,1,2015-01-08 12:00:00
28.66,2,1,2015-01-09 12:00:00
28.65,2,1,2015-01-10 12:00:00
28.7,2,1,2015-01-11 12:00:00
28.63,2,1,2015-01-12 12:00:00
28.62,2,1,2015-01-13 12:00:00
28.74,2,1,2015-01-14 12:00:00
28.69,2,1,2015-01-15 12:00:00
28.63,2,1,2015-01-16 12:00:00
28.53,2,1,2015-01-17 12:00:00
28.27,2,1,2015-01-18 12:00:00
28.44,2,1,2015-01-19 12:00:00
28.53,2,1,2015-01-20 12:00:00
28.39,2,1,2015-01-21 12:00:00
28.33,2,1,2015-01-22 12:00:00
28.36,2,1,2015-01-23 12:00:00
28.27,2,1,2015-01-24 12:00:00
28.24,2,1,2015-01-25 12:00:00
28.22,2,1,2015-01-26 12:00:00
28.24,2,1,2015-01-27 12:00:00
28.22,2,1,2015-01-28 12:00:00
28.25,2,1,2015-01-29 12:00:00
28.41,2,1,2015-01-30 12:00:00
28.41,2,1,2015-01-31 12:00:00
28.31,2,1,2015-02-01 12:00:00
28.22,2,1,2015-02-02 12:00:00
28.23,2,1,2015-02-03 12:00:00
28.27,2,1,2015-02-04 12:00:00
28.3,2,1,2015-02-05 12:00:00
28.42,2,1,2015-02-06 12:00:00
28.49,2,1,2015-02-07 12:00:00
28.59,2,1,2015-02-08 12:00:00
28.58,2,1,2015-02-09 12:00:00
28.5,2,1,2015-02-10 12:00:00
28.43,2,1,2015-02-11 12:00:00
28.5,2,1,2015-02-12 12:00:00
28.54,2,1,2015-02-13 12:00:00
28.48,2,1,2015-02-14 12:00:00
28.43,2,1,2015-02-15 12:00:00
28.36,2,1,2015-02-16 12:00:00
28.33,2,1,2015-02-17 12:00:00
28.27,2,1,2015-02-18 12:00:00
28.33,2,1,2015-02-19 12:00:00
28.45,2,1,2015-02-20 12:00:00
28.35,2,1,2015-02-21 12:00:00
28.35,2,1,2015-02-22 12:00:00
28.47,2,1,2015-02-23 12:00:00
28.4,2,1,2015-02-24 12:00:00
28.7,2,1,2015-02-25 12:00:00
28.8,2,1,2015-02-26 12:00:00
28.73,2,1,2015-02-27 12:00:00
28.66,2,1,2015-02-28 12:00:00
28.64,2,1,2015-03-01 12:00:00
28.74,2,1,2015-03-02 12:00:00
28.75,2,1,2015-03-03 12:00:00
29.07,2,1,2015-03-04 12:00:00
28.95,2,1,2015-03-05 12:00:00
28.77,2,1,2015-03-06 12:00:00
28.71,2,1,2015-03-07 12:00:00
28.66,2,1,2015-03-08 12:00:00
28.61,2,1,2015-03-09 12:00:00
28.53,2,1,2015-03-10 12:00:00
28.49,2,1,2015-03-11 12:00:00
28.59,2,1,2015-03-12 12:00:00
28.69,2,1,2015-03-13 12:00:00
28.77,2,1,2015-03-14 12:00:00
28.82,2,1,2015-03-15 12:00:00
28.82,2,1,2015-03-16 12:00:00
29.16,2,1,2015-03-17 12:00:00
29.22,2,1,2015-03-18 12:00:00
29.43,2,1,2015-03-19 12:00:00
29.64,2,1,2015-03-20 12:00:00
29.25,2,1,2015-03-21 12:00:00
29.22,2,1,2015-03-22 12:00:00
29.38,2,1,2015-03-23 12:00:00
29.44,2,1,2015-03-24 12:00:00
29.39,2,1,2015-03-25 12:00:00
29.46,2,1,2015-03-26 12:00:00
29.44,2,1,2015-03-27 12:00:00
29.36,2,1,2015-03-28 12:00:00
29.16,2,1,2015-03-29 12:00:00
29.48,2,1,2015-03-30 12:00:00
29.39,2,1,2015-03-31 12:00:00
29.45,2,1,2015-04-01 12:00:00
29.83,2,1,2015-04-02 12:00:00
30.03,2,1,2015-04-03 12:00:00
30.15,2,1,2015-04-04 12:00:00
29.74,2,1,2015-04-05 12:00:00
29.76,2,1,2015-04-06 12:00:00
29.79,2,1,2015-04-07 12:00:00
29.94,2,1,2015-04-08 12:00:00
29.82,2,1,2015-04-09 12:00:00
29.98,2,1,2015-04-10 12:00:00
30.04,2,1,2015-04-11 12:00:00
29.84,2,1,2015-04-12 12:00:00
29.68,2,1,2015-04-13 12:00:00
29.85,2,1,2015-04-14 12:00:00
29.73,2,1,2015-04-15 12:00:00
29.72,2,1,2015-04-16 12:00:00
29.7,2,1,2015-04-17 12:00:00
29.73,2,1,2015-04-18 12:00:00
29.92,2,1,2015-04-19 12:00:00
29.83,2,1,2015-04-20 12:00:00
30.27,2,1,2015-04-21 12:00:00
30.35,2,1,2015-04-22 12:00:00
30.53,2,1,2015-04-23 12:00:00
30.65,2,1,2015-04-24 12:00:00
30.75,2,1,2015-04-25 12:00:00
30.73,2,1,2015-04-26 12:00:00
30.43,2,1,2015-04-27 12:00:00
30.32,2,1,2015-04-28 12:00:00
30.57,2,1,2015-04-29 12:00:00
30.35,2,1,2015-04-30 12:00:00
30.29,2,1,2015-05-01 12:00:00
30.31,2,1,2015-05-02 12:00:00
30.12,2,1,2015-05-03 12:00:00
30.68,2,1,2015-05-04 12:00:00
30.47,2,1,2015-05-05 12:00:00
30.7,2,1,2015-05-06 12:00:00
30.72,2,1,2015-05-07 12:00:00
30.74,2,1,2015-05-08 12:00:00
30.52,2,1,2015-05-09 12:00:00
30.64,2,1,2015-05-10 12:00:00
30.62,2,1,2015-05-11 12:00:00
30.47,2,1,2015-05-12 12:00:00
30.39,2,1,2015-05-13 12:00:00
30.43,2,1,2015-05-14 12:00:00
30.33,2,1,2015-05-15 12:00:00
30.22,2,1,2015-05-16 12:00:00
30.16,2,1,2015-05-17 12:00:00
30.16,2,1,2015-05-18 12:00:00
30.01,2,1,2015-05-19 12:00:00
29.96,2,1,2015-05-20 12:00:00
29.93,2,1,2015-05-21 12:00:00
29.85,2,1,2015-05-22 12:00:00
29.76,2,1,2015-05-23 12:00:00
29.69,2,1,2015-05-24 12:00:00
29.65,2,1,2015-05-25 12:00:00
29.62,2,1,2015-05-26 12:00:00
29.51,2,1,2015-05-27 12:00:00
29.59,2,1,2015-05-28 12:00:00
29.65,2,1,2015-05-29 12:00:00
29.3,2,1,2015-05-30 12:00:00
29.41,2,1,2015-05-31 12:00:00
29.54,2,1,2015-06-01 12:00:00
29.7,2,1,2015-06-02 12:00:00
29.8,2,1,2015-06-03 12:00:00
29.99,2,1,2015-06-04 12:00:00
30.01,2,1,2015-06-05 12:00:00
30.37,2,1,2015-06-06 12:00:00
30.13,2,1,2015-06-07 12:00:00
29.87,2,1,2015-06-08 12:00:00
29.8,2,1,2015-06-09 12:00:00
29.89,2,1,2015-06-10 12:00:00
29.89,2,1,2015-06-11 12:00:00
29.95,2,1,2015-06-12 12:00:00
29.96,2,1,2015-06-13 12:00:00
29.94,2,1,2015-06-14 12:00:00
29.9,2,1,2015-06-15 12:00:00
29.82,2,1,2015-06-16 12:00:00
29.75,2,1,2015-06-17 12:00:00
29.7,2,1,2015-06-18 12:00:00
29.66,2,1,2015-06-19 12:00:00
29.64,2,1,2015-06-20 12:00:00
29.64,2,1,2015-06-21 12:00:00
29.68,2,1,2015-06-22 12:00:00
29.72,2,1,2015-06-23 12:00:00
29.71,2,1,2015-06-24 12:00:00
29.68,2,1,2015-06-25 12:00:00
29.67,2,1,2015-06-26 12:00:00
29.65,2,1,2015-06-27 12:00:00
29.64,2,1,2015-06-28 12:00:00
29.59,2,1,2015-06-29 12:00:00
29.58,2,1,2015-06-30 12:00:00
29.52,2,1,2015-07-01 12:00:00
29.51,2,1,2015-07-02 12:00:00
29.58,2,1,2015-07-03 12:00:00
29.56,2,1,2015-07-04 12:00:00
29.52,2,1,2015-07-05 12:00:00
29.5,2,1,2015-07-06 12:00:00
29.5,2,1,2015-07-07 12:00:00
29.47,2,1,2015-07-08 12:00:00
29.42,2,1,2015-07-09 12:00:00
29.42,2,1,2015-07-10 12:00:00
29.44,2,1,2015-07-11 12:00:00
29.51,2,1,2015-07-12 12:00:00
29.5,2,1,2015-07-13 12:00:00
29.45,2,1,2015-07-14 12:00:00
29.39,2,1,2015-07-15 12:00:00
29.35,2,1,2015-07-16 12:00:00
29.34,2,1,2015-07-17 12:00:00
29.28,2,1,2015-07-18 12:00:00
29.29,2,1,2015-07-19 12:00:00
29.18,2,1,2015-07-20 12:00:00
29.12,2,1,2015-07-21 12:00:00
29.02,2,1,2015-07-22 12:00:00
28.91,2,1,2015-07-23 12:00:00
28.96,2,1,2015-07-24 12:00:00
28.97,2,1,2015-07-25 12:00:00
29.02,2,1,2015-07-26 12:00:00
29.08,2,1,2015-07-27 12:00:00
29.12,2,1,2015-07-28 12:00:00
29.16,2,1,2015-07-29 12:00:00
29.16,2,1,2015-07-30 12:00:00
29.18,2,1,2015-07-31 12:00:00
29.15,2,1,2015-08-01 12:00:00
29.12,2,1,2015-08-02 12:00:00
29.15,2,1,2015-08-03 12:00:00
29.09,2,1,2015-08-04 12:00:00
28.96,2,1,2015-08-05 12:00:00
29.01,2,1,2015-08-06 12:00:00
29.04,2,1,2015-08-07 12:00:00
29.0,2,1,2015-08-08 12:00:00
28.89,2,1,2015-08-09 12:00:00
28.88,2,1,2015-08-10 12:00:00
28.86,2,1,2015-08-11 12:00:00
28.87,2,1,2015-08-12 12:00:00
28.93,2,1,2015-08-13 12:00:00
29.03,2,1,2015-08-14 12:00:00
28.95,2,1,2015-08-15 12:00:00
29.06,2,1,2015-08-16 12:00:00
29.15,2,1,2015-08-17 12:00:00
29.17,2,1,2015-08-18 12:00:00
29.29,2,1,2015-08-19 12:00:00
29.24,2,1,2015-08-20 12:00:00
29.22,2,1,2015-08-21 12:00:00
29.21,2,1,2015-08-22 12:00:00
29.18,2,1,2015-08-23 12:00:00
29.22,2,1,2015-08-24 12:00:00
29.09,2,1,2015-08-25 12:00:00
29.07,2,1,2015-08-26 12:00:00
29.09,2,1,2015-08-27 12:00:00
29.05,2,1,2015-08-28 12:00:00
29.07,2,1,2015-08-29 12:00:00
29.04,2,1,2015-08-30 12:00:00
28.99,2,1,2015-08-31 12:00:00
29.08,2,1,2015-09-01 12:00:00
29.08,2,1,2015-09-02 12:00:00
29.2,2,1,2015-09-03 12:00:00
28.98,2,1,2015-09-04 12:00:00
29.1,2,1,2015-09-05 12:00:00
29.34,2,1,2015-09-06 12:00:00
29.26,2,1,2015-09-07 12:00:00
29.2,2,1,2015-09-08 12:00:00
29.17,2,1,2015-09-09 12:00:00
29.09,2,1,2015-09-10 12:00:00
28.99,2,1,2015-09-11 12:00:00
29.04,2,1,2015-09-12 12:00:00
29.11,2,1,2015-09-13 12:00:00
29.24,2,1,2015-09-14 12:00:00
29.21,2,1,2015-09-15 12:00:00
29.12,2,1,2015-09-16 12:00:00
29.21,2,1,2015-09-17 12:00:00
29.21,2,1,2015-09-18 12:00:00
29.18,2,1,2015-09-19 12:00:00
29.24,2,1,2015-09-20 12:00:00
29.3,2,1,2015-09-21 12:00:00
29.4,2,1,2015-09-22 12:00:00
29.32,2,1,2015-09-23 12:00:00
29.25,2,1,2015-09-24 12:00:00
29.11,2,1,2015-09-25 12:00:00
28.94,2,1,2015-09-26 12:00:00
28.83,2,1,2015-09-27 12:00:00
28.78,2,1,2015-09-28 12:00:00
28.62,2,1,2015-09-29 12:00:00
28.63,2,1,2015-09-30 12:00:00
28.54,2,1,2015-10-01 12:00:00
28.56,2,1,2015-10-02 12:00:00
28.54,2,1,2015-10-03 12:00:00
28.54,2,1,2015-10-04 12:00:00
28.7,2,1,2015-10-05 12:00:00
28.72,2,1,2015-10-06 12:00:00
28.72,2,1,2015-10-07 12:00:00
28.87,2,1,2015-10-08 12:00:00
28.94,2,1,2015-10-09 12:00:00
29.05,2,1,2015-10-10 12:00:00
29.01,2,1,2015-10-11 12:00:00
29.12,2,1,2015-10-12 12:00:00
29.41,2,1,2015-10-13 12:00:00
29.58,2,1,2015-10-14 12:00:00
29.27,2,1,2015-10-15 12:00:00
29.39,2,1,2015-10-16 12:00:00
29.56,2,1,2015-10-17 12:00:00
30.1,2,1,2015-10-18 12:00:00
29.88,2,1,2015-10-19 12:00:00
30.55,2,1,2015-10-20 12:00:00
30.6,2,1,2015-10-21 12:00:00
30.24,2,1,2015-10-22 12:00:00
30.25,2,1,2015-10-23 12:00:00
30.02,2,1,2015-10-24 12:00:00
29.98,2,1,2015-10-25 12:00:00
29.83,2,1,2015-10-26 12:00:00
29.62,2,1,2015-10-27 12:00:00
29.54,2,1,2015-10-28 12:00:00
29.34,2,1,2015-10-29 12:00:00
29.36,2,1,2015-10-30 12:00:00
29.38,2,1,2015-10-31 12:00:00
29.38,2,1,2015-11-01 12:00:00
29.35,2,1,2015-11-02 12:00:00
29.61,2,1,2015-11-03 12:00:00
29.7,2,1,2015-11-04 12:00:00
29.55,2,1,2015-11-05 12:00:00
29.39,2,1,2015-11-06 12:00:00
29.27,2,1,2015-11-07 12:00:00
29.26,2,1,2015-11-08 12:00:00
29.25,2,1,2015-11-09 12:00:00
29.32,2,1,2015-11-10 12:00:00
29.36,2,1,2015-11-11 12:00:00
29.3,2,1,2015-11-12 12:00:00
29.27,2,1,2015-11-13 12:00:00
29.23,2,1,2015-11-14 12:00:00
29.25,2,1,2015-11-15 12:00:00
29.23,2,1,2015-11-16 12:00:00
29.55,2,1,2015-11-17 12:00:00
29.58,2,1,2015-11-18 12:00:00
29.43,2,1,2015-11-19 12:00:00
29.31,2,1,2015-11-20 12:00:00
29.45,2,1,2015-11-21 12:00:00
29.42,2,1,2015-11-22 12:00:00
29.39,2,1,2015-11-23 12:00:00
29.45,2,1,2015-11-24 12:00:00
29.2,2,1,2015-11-25 12:00:00
28.84,2,1,2015-11-26 12:00:00
29.14,2,1,2015-11-27 12:00:00
29.23,2,1,2015-11-28 12:00:00
29.2,2,1,2015-11-29 12:00:00
29.18,2,1,2015-11-30 12:00:00
29.18,2,1,2015-12-01 12:00:00
29.24,2,1,2015-12-02 12:00:00
29.53,2,1,2015-12-03 12:00:00
29.3,2,1,2015-12-04 12:00:00
29.23,2,1,2015-12-05 12:00:00
29.05,2,1,2015-12-06 12:00:00
29.01,2,1,2015-12-07 12:00:00
29.12,2,1,2015-12-08 12:00:00
29.04,2,1,2015-12-09 12:00:00
28.9,2,1,2015-12-10 12:00:00
29.13,2,1,2015-12-11 12:00:00
29.06,2,1,2015-12-12 12:00:00
29.0,2,1,2015-12-13 12:00:00
28.99,2,1,2015-12-14 12:00:00
29.27,2,1,2015-12-15 12:00:00
28.97,2,1,2015-12-16 12:00:00
28.95,2,1,2015-12-17 12:00:00
28.99,2,1,2015-12-18 12:00:00
29.01,2,1,2015-12-19 12:00:00
28.9,2,1,2015-12-20 12:00:00
29.0,2,1,2015-12-21 12:00:00
29.03,2,1,2015-12-22 12:00:00
29.09,2,1,2015-12-23 12:00:00
29.1,2,1,2015-12-24 12:00:00
29.1,2,1,2015-12-25 12:00:00
29.04,2,1,2015-12-26 12:00:00
29.05,2,1,2015-12-27 12:00:00
29.05,2,1,2015-12-28 12:00:00
29.11,2,1,2015-12-29 12:00:00
29.1,2,1,2015-12-30 12:00:00
28.99,2,1,2015-12-31 12:00:00
28.95,2,1,2016-01-01 12:00:00
28.94,2,1,2016-01-02 12:00:00
29.01,2,1,2016-01-03 12:00:00
28.88,2,1,2016-01-04 12:00:00
28.99,2,1,2016-01-05 12:00:00
28.93,2,1,2016-01-06 12:00:00
28.88,2,1,2016-01-07 12:00:00
28.95,2,1,2016-01-08 12:00:00
28.98,2,1,2016-01-09 12:00:00
29.0,2,1,2016-01-10 12:00:00
28.85,2,1,2016-01-11 12:00:00
28.52,2,1,2016-01-12 12:00:00
28.52,2,1,2016-01-13 12:00:00
28.41,2,1,2016-01-14 12:00:00
28.42,2,1,2016-01-15 12:00:00
28.44,2,1,2016-01-16 12:00:00
28.61,2,1,2016-01-17 12:00:00
28.88,2,5,2016-03-07 12:00:00
28.94,2,5,2016-03-08 12:00:00
29.01,2,5,2016-03-09 12:00:00
29.13,2,5,2016-03-10 12:00:00
29.18,2,5,2016-03-11 12:00:00
29.45,2,5,2016-03-12 12:00:00
29.3,2,5,2016-03-13 12:00:00
29.34,2,5,2016-03-14 12:00:00
29.44,2,5,2016-03-15 12:00:00
29.34,2,5,2016-03-16 12:00:00
29.28,2,5,2016-03-17 12:00:00
29.4,2,5,2016-03-18 12:00:00
29.35,2,5,2016-03-19 12:00:00
29.62,2,5,2016-03-20 12:00:00
29.68,2,5,2016-03-21 12:00:00
29.75,2,5,2016-03-22 12:00:00
29.98,2,5,2016-03-23 12:00:00
29.69,2,5,2016-03-24 12:00:00
29.79,2,5,2016-03-25 12:00:00
29.67,2,5,2016-03-26 12:00:00
29.7,2,5,2016-03-27 12:00:00
29.75,2,5,2016-03-28 12:00:00
29.71,2,5,2016-03-29 12:00:00
29.71,2,5,2016-03-30 12:00:00
29.97,2,5,2016-03-31 12:00:00
30.02,2,5,2016-04-01 12:00:00
30.18,2,5,2016-04-02 12:00:00
30.29,2,5,2016-04-03 12:00:00
30.25,2,5,2016-04-04 12:00:00
30.72,2,5,2016-04-05 12:00:00
30.72,2,5,2016-04-06 12:00:00
30.5,2,5,2016-04-07 12:00:00
30.45,2,5,2016-04-08 12:00:00
30.49,2,5,2016-04-09 12:00:00
30.57,2,5,2016-04-10 12:00:00
30.96,2,5,2016-04-11 12:00:00
31.17,2,5,2016-04-12 12:00:00
31.21,2,5,2016-04-13 12:00:00
31.25,2,5,2016-04-14 12:00:00
31.18,2,5,2016-04-15 12:00:00
31.25,2,5,2016-04-16 12:00:00
31.08,2,5,2016-04-17 12:00:00
31.01,2,5,2016-04-18 12:00:00
30.97,2,5,2016-04-19 12:00:00
31.0,2,5,2016-04-20 12:00:00
31.33,2,5,2016-04-21 12:00:00
31.69,2,5,2016-04-22 12:00:00
31.67,2,5,2016-04-23 12:00:00
31.81,2,5,2016-04-24 12:00:00
31.83,2,5,2016-04-25 12:00:00
31.49,2,5,2016-04-26 12:00:00
31.75,2,5,2016-04-27 12:00:00
31.73,2,5,2016-04-28 12:00:00
31.72,2,5,2016-04-29 12:00:00
31.96,2,5,2016-04-30 12:00:00
31.93,2,5,2016-05-01 12:00:00
31.84,2,5,2016-05-02 12:00:00
31.98,2,5,2016-05-03 12:00:00
31.95,2,5,2016-05-04 12:00:00
31.67,2,5,2016-05-05 12:00:00
31.71,2,5,2016-05-06 12:00:00
31.9,2,5,2016-05-07 12:00:00
31.94,2,5,2016-05-08 12:00:00
31.68,2,5,2016-05-09 12:00:00
31.53,2,5,2016-05-10 12:00:00
31.6,2,5,2016-05-11 12:00:00
31.48,2,5,2016-05-12 12:00:00
31.66,2,5,2016-05-13 12:00:00
31.38,2,5,2016-05-14 12:00:00
30.89,2,5,2016-05-15 12:00:00
30.75,2,5,2016-05-16 12:00:00
30.81,2,5,2016-05-17 12:00:00
30.73,2,5,2016-05-18 12:00:00
30.64,2,5,2016-05-19 12:00:00
30.55,2,5,2016-05-20 12:00:00
30.57,2,5,2016-05-21 12:00:00
30.58,2,5,2016-05-22 12:00:00
30.61,2,5,2016-05-23 12:00:00
30.52,2,5,2016-05-24 12:00:00
30.36,2,5,2016-05-25 12:00:00
30.44,2,5,2016-05-26 12:00:00
30.5,2,5,2016-05-27 12:00:00
30.62,2,5,2016-05-28 12:00:00
30.57,2,5,2016-05-29 12:00:00
30.45,2,5,2016-05-30 12:00:00
30.3,2,5,2016-05-31 12:00:00
30.25,2,5,2016-06-01 12:00:00
30.02,2,5,2016-06-02 12:00:00
29.9,2,5,2016-06-03 12:00:00
29.84,2,5,2016-06-04 12:00:00
29.78,2,5,2016-06-05 12:00:00
29.84,2,5,2016-06-06 12:00:00
29.86,2,5,2016-06-07 12:00:00
29.9,2,5,2016-06-08 12:00:00
29.96,2,5,2016-06-09 12:00:00
30.03,2,5,2016-06-10 12:00:00
30.01,2,5,2016-06-11 12:00:00
29.96,2,5,2016-06-12 12:00:00
29.86,2,5,2016-06-13 12:00:00
29.78,2,5,2016-06-14 12:00:00
29.73,2,5,2016-06-15 12:00:00
29.66,2,5,2016-06-16 12:00:00
29.59,2,5,2016-06-17 12:00:00
29.51,2,5,2016-06-18 12:00:00
29.46,2,5,2016-06-19 12:00:00
29.39,2,5,2016-06-20 12:00:00
29.32,2,5,2016-06-21 12:00:00
29.27,2,5,2016-06-22 12:00:00
29.18,2,5,2016-06-23 12:00:00
29.14,2,5,2016-06-24 12:00:00
29.08,2,5,2016-06-25 12:00:00
29.14,2,5,2016-06-26 12:00:00
29.16,2,5,2016-06-27 12:00:00
29.13,2,5,2016-06-28 12:00:00
29.08,2,5,2016-06-29 12:00:00
28.98,2,5,2016-06-30 12:00:00
28.64,2,5,2016-07-01 12:00:00
28.67,2,5,2016-07-02 12:00:00
28.73,2,5,2016-07-03 12:00:00
29.12,2,5,2016-07-04 12:00:00
29.14,2,5,2016-07-05 12:00:00
28.79,2,5,2016-07-06 12:00:00
28.79,2,5,2016-07-07 12:00:00
28.82,2,5,2016-07-08 12:00:00
28.96,2,5,2016-07-09 12:00:00
29.06,2,5,2016-07-10 12:00:00
29.08,2,5,2016-07-11 12:00:00
29.13,2,5,2016-07-12 12:00:00
29.27,2,5,2016-07-13 12:00:00
29.35,2,5,2016-07-14 12:00:00
29.21,2,5,2016-07-15 12:00:00
29.25,2,5,2016-07-16 12:00:00
29.22,2,5,2016-07-17 12:00:00
29.28,2,5,2016-07-18 12:00:00
29.26,2,5,2016-07-19 12:00:00
29.06,2,5,2016-07-20 12:00:00
29.08,2,5,2016-07-21 12:00:00
29.05,2,5,2016-07-22 12:00:00
29.05,2,5,2016-07-23 12:00:00
29.03,2,5,2016-07-24 12:00:00
28.99,2,5,2016-07-25 12:00:00
28.96,2,5,2016-07-26 12:00:00
29.01,2,5,2016-07-27 12:00:00
28.84,2,5,2016-07-28 12:00:00
28.73,2,5,2016-07-29 12:00:00
28.53,2,5,2016-07-30 12:00:00
28.62,2,5,2016-07-31 12:00:00
28.75,2,5,2016-08-01 12:00:00
28.78,2,5,2016-08-02 12:00:00
28.77,2,5,2016-08-03 12:00:00
28.85,2,5,2016-08-04 12:00:00
28.97,2,5,2016-08-05 12:00:00
29.02,2,5,2016-08-06 12:00:00
29.03,2,5,2016-08-07 12:00:00
29.06,2,5,2016-08-08 12:00:00
29.05,2,5,2016-08-09 12:00:00
29.07,2,5,2016-08-10 12:00:00
29.1,2,5,2016-08-11 12:00:00
29.1,2,5,2016-08-12 12:00:00
29.07,2,5,2016-08-13 12:00:00
29.06,2,5,2016-08-14 12:00:00
29.04,2,5,2016-08-15 12:00:00
29.03,2,5,2016-08-16 12:00:00
29.01,2,5,2016-08-17 12:00:00
29.02,2,5,2016-08-18 12:00:00
29.04,2,5,2016-08-19 12:00:00
29.09,2,5,2016-08-20 12:00:00
29.08,2,5,2016-08-21 12:00:00
29.25,2,5,2016-08-22 12:00:00
29.09,2,5,2016-08-23 12:00:00
29.16,2,5,2016-08-24 12:00:00
29.01,2,5,2016-08-25 12:00:00
28.84,2,5,2016-08-26 12:00:00
28.77,2,5,2016-08-27 12:00:00
28.83,2,5,2016-08-28 12:00:00
28.77,2,5,2016-08-29 12:00:00
28.75,2,5,2016-08-30 12:00:00
28.76,2,5,2016-08-31 12:00:00
28.69,2,5,2016-09-01 12:00:00
28.56,2,5,2016-09-02 12:00:00
28.54,2,5,2016-09-03 12:00:00
28.55,2,5,2016-09-04 12:00:00
28.56,2,5,2016-09-05 12:00:00
28.55,2,5,2016-09-06 12:00:00
28.61,2,5,2016-09-07 12:00:00
28.6,2,5,2016-09-08 12:00:00
28.6,2,5,2016-09-09 12:00:00
28.59,2,5,2016-09-10 12:00:00
28.6,2,5,2016-09-11 12:00:00
28.59,2,5,2016-09-12 12:00:00
28.63,2,5,2016-09-13 12:00:00
28.65,2,5,2016-09-14 12:00:00
28.72,2,5,2016-09-15 12:00:00
28.81,2,5,2016-09-16 12:00:00
28.83,2,5,2016-09-17 12:00:00
28.83,2,5,2016-09-18 12:00:00
28.81,2,5,2016-09-19 12:00:00
28.82,2,5,2016-09-20 12:00:00
28.81,2,5,2016-09-21 12:00:00
28.8,2,5,2016-09-22 12:00:00
28.79,2,5,2016-09-23 12:00:00
28.81,2,5,2016-09-24 12:00:00
28.79,2,5,2016-09-25 12:00:00
28.82,2,5,2016-09-26 12:00:00
28.89,2,5,2016-09-27 12:00:00
28.92,2,5,2016-09-28 12:00:00
28.95,2,5,2016-09-29 12:00:00
28.94,2,5,2016-09-30 12:00:00
28.89,2,5,2016-10-01 12:00:00
28.9,2,5,2016-10-02 12:00:00
28.96,2,5,2016-10-03 12:00:00
28.98,2,5,2016-10-04 12:00:00
28.96,2,5,2016-10-05 12:00:00
29.01,2,5,2016-10-06 12:00:00
28.98,2,5,2016-10-07 12:00:00
28.99,2,5,2016-10-08 12:00:00
28.98,2,5,2016-10-09 12:00:00
28.97,2,5,2016-10-10 12:00:00
28.95,2,5,2016-10-11 12:00:00
28.92,2,5,2016-10-12 12:00:00
28.94,2,5,2016-10-13 12:00:00
28.95,2,5,2016-10-14 12:00:00
29.05,2,5,2016-10-15 12:00:00
28.77,2,5,2016-10-16 12:00:00
28.66,2,5,2016-10-17 12:00:00
28.66,2,5,2016-10-18 12:00:00
28.57,2,5,2016-10-19 12:00:00
28.54,2,5,2016-10-20 12:00:00
28.36,2,5,2016-10-21 12:00:00
28.45,2,5,2016-10-22 12:00:00
28.36,2,5,2016-10-23 12:00:00
28.44,2,5,2016-10-24 12:00:00
28.55,2,5,2016-10-25 12:00:00
28.67,2,5,2016-10-26 12:00:00
28.95,2,5,2016-10-27 12:00:00
28.86,2,5,2016-10-28 12:00:00
29.1,2,5,2016-10-29 12:00:00
29.18,2,5,2016-10-30 12:00:00
29.29,2,5,2016-10-31 12:00:00
29.37,2,5,2016-11-01 12:00:00
29.29,2,5,2016-11-02 12:00:00
28.79,2,5,2016-11-03 12:00:00
28.56,2,5,2016-11-04 12:00:00
28.56,2,5,2016-11-05 12:00:00
28.65,2,5,2016-11-06 12:00:00
28.55,2,5,2016-11-07 12:00:00
28.78,2,5,2016-11-08 12:00:00
28.91,2,5,2016-11-09 12:00:00
29.05,2,5,2016-11-10 12:00:00
29.09,2,5,2016-11-11 12:00:00
29.13,2,5,2016-11-12 12:00:00
29.08,2,5,2016-11-13 12:00:00
28.91,2,5,2016-11-14 12:00:00
28.83,2,5,2016-11-15 12:00:00
28.71,2,5,2016-11-16 12:00:00
28.68,2,5,2016-11-17 12:00:00
28.65,2,5,2016-11-18 12:00:00
28.66,2,5,2016-11-19 12:00:00
28.73,2,5,2016-11-20 12:00:00
28.75,2,5,2016-11-21 12:00:00
28.77,2,5,2016-11-22 12:00:00
28.82,2,5,2016-11-23 12:00:00
28.91,2,5,2016-11-24 12:00:00
28.82,2,5,2016-11-25 12:00:00
29.0,2,5,2016-11-26 12:00:00
28.89,2,5,2016-11-27 12:00:00
28.86,2,5,2016-11-28 12:00:00
28.73,2,5,2016-11-29 12:00:00
28.63,2,5,2016-11-30 12:00:00
28.7,2,5,2016-12-01 12:00:00
29.02,2,5,2016-12-02 12:00:00
28.72,2,5,2016-12-03 12:00:00
28.61,2,5,2016-12-04 12:00:00
28.65,2,5,2016-12-05 12:00:00
28.62,2,5,2016-12-06 12:00:00
28.62,2,5,2016-12-07 12:00:00
28.52,2,5,2016-12-08 12:00:00
28.36,2,5,2016-12-09 12:00:00
28.25,2,5,2016-12-10 12:00:00
28.26,2,5,2016-12-11 12:00:00
28.38,2,5,2016-12-12 12:00:00
28.4,2,5,2016-12-13 12:00:00
28.59,2,5,2016-12-14 12:00:00
28.62,2,5,2016-12-15 12:00:00
28.54,2,5,2016-12-16 12:00:00
28.41,2,5,2016-12-17 12:00:00
28.71,2,5,2016-12-18 12:00:00
28.97,2,5,2016-12-19 12:00:00
29.0,2,5,2016-12-20 12:00:00
28.78,2,5,2016-12-21 12:00:00
28.69,2,5,2016-12-22 12:00:00
28.57,2,5,2016-12-23 12:00:00
28.53,2,5,2016-12-24 12:00:00
28.78,2,5,2016-12-25 12:00:00
28.66,2,5,2016-12-26 12:00:00
28.59,2,5,2016-12-27 12:00:00
28.65,2,5,2016-12-28 12:00:00
28.6,2,5,2016-12-29 12:00:00
28.5,2,5,2016-12-30 12:00:00
28.39,2,5,2016-12-31 12:00:00
28.34,2,5,2017-01-01 12:00:00
28.21,2,5,2017-01-02 12:00:00
28.22,2,5,2017-01-03 12:00:00
28.12,2,5,2017-01-04 12:00:00
28.18,2,5,2017-01-05 12:00:00
28.2,2,5,2017-01-06 12:00:00
28.27,2,5,2017-01-07 12:00:00
28.37,2,5,2017-01-08 12:00:00
28.34,2,5,2017-01-09 12:00:00
28.35,2,5,2017-01-10 12:00:00
28.27,2,5,2017-01-11 12:00:00
28.36,2,5,2017-01-12 12:00:00
28.33,2,5,2017-01-13 12:00:00
28.31,2,1,2017-01-14 12:00:00
28.27,2,1,2017-01-15 12:00:00
28.2,2,1,2017-01-16 12:00:00
28.17,2,1,2017-01-17 12:00:00
28.06,2,1,2017-01-18 12:00:00
28.36,2,1,2017-01-19 12:00:00
28.26,2,1,2017-01-20 12:00:00
28.25,2,1,2017-01-21 12:00:00
28.1,2,1,2017-01-22 12:00:00
28.12,2,1,2017-01-23 12:00:00
28.12,2,1,2017-01-24 12:00:00
28.13,2,1,2017-01-25 12:00:00
28.18,2,1,2017-01-26 12:00:00
28.08,2,1,2017-01-27 12:00:00
28.08,2,1,2017-01-28 12:00:00
28.17,2,1,2017-01-29 12:00:00
28.17,2,1,2017-01-30 12:00:00
28.28,2,1,2017-01-31 12:00:00
28.2,2,1,2017-02-01 12:00:00
28.1,2,1,2017-02-02 12:00:00
28.12,2,1,2017-02-03 12:00:00
28.09,2,1,2017-02-04 12:00:00
28.14,2,1,2017-02-05 12:00:00
28.13,2,1,2017-02-06 12:00:00
28.2,2,1,2017-02-07 12:00:00
28.11,2,1,2017-02-08 12:00:00
28.12,2,1,2017-02-09 12:00:00
28.17,2,1,2017-02-10 12:00:00
28.16,2,1,2017-02-11 12:00:00
28.4,2,1,2017-02-12 12:00:00
28.55,2,1,2017-02-13 12:00:00
28.49,2,1,2017-02-14 12:00:00
28.5,2,1,2017-02-15 12:00:00
28.48,2,1,2017-02-16 12:00:00
28.44,2,1,2017-02-17 12:00:00
28.44,2,1,2017-02-18 12:00:00
28.49,2,1,2017-02-19 12:00:00
28.65,2,1,2017-02-20 12:00:00
28.71,2,1,2017-02-21 12:00:00
28.64,2,1,2017-02-22 12:00:00
28.61,2,1,2017-02-23 12:00:00
28.55,2,1,2017-02-24 12:00:00
28.48,2,1,2017-02-25 12:00:00
28.5,2,1,2017-02-26 12:00:00
28.69,2,1,2017-02-27 12:00:00
28.59,2,1,2017-02-28 12:00:00
28.53,2,1,2017-03-01 12:00:00
28.54,2,1,2017-03-02 12:00:00
28.62,2,1,2017-03-03 12:00:00
28.94,2,1,2017-03-04 12:00:00
28.91,2,1,2017-03-05 12:00:00
28.86,2,1,2017-03-06 12:00:00
29.09,2,1,2017-03-07 12:00:00
29.05,2,1,2017-03-08 12:00:00
29.06,2,1,2017-03-09 12:00:00
29.15,2,1,2017-03-10 12:00:00
29.57,2,1,2017-03-11 12:00:00
29.54,2,1,2017-03-12 12:00:00
29.29,2,1,2017-03-13 12:00:00
29.22,2,1,2017-03-14 12:00:00
29.05,2,1,2017-03-15 12:00:00
29.16,2,1,2017-03-16 12:00:00
29.08,2,1,2017-03-17 12:00:00
29.43,2,1,2017-03-18 12:00:00
29.81,2,1,2017-03-19 12:00:00
29.9,2,1,2017-03-20 12:00:00
29.52,2,1,2017-03-21 12:00:00
29.27,2,1,2017-03-22 12:00:00
28.88,2,1,2018-11-18 12:00:00
28.81,2,1,2018-11-19 12:00:00
28.89,2,1,2018-11-20 12:00:00
29.23,2,1,2018-11-21 12:00:00
29.18,2,1,2018-11-22 12:00:00
29.06,2,1,2018-11-23 12:00:00
29.1,2,1,2018-11-24 12:00:00
29.36,2,1,2018-11-25 12:00:00
29.26,2,1,2018-11-26 12:00:00
29.24,2,1,2018-11-27 12:00:00
29.13,2,1,2018-11-28 12:00:00
29.13,2,1,2018-11-29 12:00:00
29.08,2,1,2018-11-30 12:00:00
28.99,2,1,2018-12-01 12:00:00
29.04,2,1,2018-12-02 12:00:00
29.01,2,1,2018-12-03 12:00:00
29.01,2,1,2018-12-04 12:00:00
29.01,2,1,2018-12-05 12:00:00
28.81,2,1,2018-12-06 12:00:00
28.74,2,1,2018-12-07 12:00:00
28.74,2,1,2018-12-08 12:00:00
28.95,2,1,2018-12-09 12:00:00
28.98,2,1,2018-12-10 12:00:00
28.85,2,1,2018-12-11 12:00:00
28.7,2,1,2018-12-12 12:00:00
28.64,2,1,2018-12-13 12:00:00
28.75,2,1,2018-12-14 12:00:00
28.75,2,1,2018-12-15 12:00:00
28.58,2,1,2018-12-16 12:00:00
28.97,2,1,2018-12-17 12:00:00
28.8,2,1,2018-12-18 12:00:00
28.7,2,1,2018-12-19 12:00:00
28.71,2,1,2018-12-20 12:00:00
28.84,2,1,2018-12-21 12:00:00
28.91,2,1,2018-12-22 12:00:00
28.93,2,1,2018-12-23 12:00:00
28.96,2,1,2018-12-24 12:00:00
29.05,2,1,2018-12-25 12:00:00
28.94,2,1,2018-12-26 12:00:00
28.97,2,1,2018-12-27 12:00:00
28.92,2,1,2018-12-28 12:00:00
28.84,2,1,2018-12-29 12:00:00
28.84,2,1,2018-12-30 12:00:00
28.84,2,1,2018-12-31 12:00:00
28.81,2,1,2019-01-01 12:00:00
28.83,2,1,2019-01-02 12:00:00
28.8,2,1,2019-01-03 12:00:00
28.92,2,1,2019-01-04 12:00:00
28.91,2,1,2019-01-05 12:00:00
28.88,2,1,2019-01-06 12:00:00
28.76,2,1,2019-01-07 12:00:00
29.01,2,1,2019-01-08 12:00:00
29.02,2,1,2019-01-09 12:00:00
28.93,2,1,2019-01-10 12:00:00
28.89,2,1,2019-01-11 12:00:00
28.88,2,1,2019-01-12 12:00:00
28.89,2,1,2019-01-13 12:00:00
28.9,2,1,2019-01-14 12:00:00
28.79,2,1,2019-01-15 12:00:00
28.7,2,1,2019-01-16 12:00:00
28.62,2,1,2019-01-17 12:00:00
28.57,2,1,2019-01-18 12:00:00
28.62,2,1,2019-01-19 12:00:00
28.6,2,1,2019-01-20 12:00:00
28.61,2,1,2019-01-21 12:00:00
28.49,2,1,2019-01-22 12:00:00
28.49,2,1,2019-01-23 12:00:00
28.45,2,1,2019-01-24 12:00:00
28.45,2,1,2019-01-25 12:00:00
28.75,2,1,2019-01-26 12:00:00
28.68,2,1,2019-01-27 12:00:00
28.72,2,1,2019-01-28 12:00:00
28.62,2,1,2019-01-29 12:00:00
28.5,2,1,2019-01-30 12:00:00
28.45,2,1,2019-01-31 12:00:00
28.56,2,1,2019-02-01 12:00:00
28.58,2,1,2019-02-02 12:00:00
28.78,2,1,2019-02-03 12:00:00
28.78,2,1,2019-02-04 12:00:00
28.78,2,1,2019-02-05 12:00:00
28.76,2,1,2019-02-06 12:00:00
28.81,2,1,2019-02-07 12:00:00
29.0,2,1,2019-02-08 12:00:00
28.9,2,1,2019-02-09 12:00:00
28.92,2,1,2019-02-10 12:00:00
28.91,2,1,2019-02-11 12:00:00
28.88,2,1,2019-02-12 12:00:00
28.89,2,1,2019-02-13 12:00:00
28.94,2,1,2019-02-14 12:00:00
28.96,2,1,2019-02-15 12:00:00
29.11,2,1,2019-02-16 12:00:00
29.25,2,1,2019-02-17 12:00:00
29.45,2,1,2019-02-18 12:00:00
29.38,2,1,2019-02-19 12:00:00
29.23,2,1,2019-02-20 12:00:00
29.12,2,1,2019-02-21 12:00:00
29.06,2,1,2019-02-22 12:00:00
28.95,2,1,2019-02-23 12:00:00
28.82,2,1,2019-02-24 12:00:00
28.75,2,1,2019-02-25 12:00:00
28.64,2,1,2019-02-26 12:00:00
28.74,2,1,2019-02-27 12:00:00
29.02,2,1,2019-02-28 12:00:00
28.87,2,1,2019-03-01 12:00:00
28.87,2,1,2019-03-02 12:00:00
28.87,2,1,2019-03-03 12:00:00
29.04,2,1,2019-03-04 12:00:00
29.31,2,1,2019-03-05 12:00:00
29.63,2,1,2019-03-06 12:00:00
30.33,2,1,2019-03-07 12:00:00
29.99,2,1,2019-03-08 12:00:00
29.76,2,1,2019-03-09 12:00:00
29.62,2,1,2019-03-10 12:00:00
29.56,2,1,2019-03-11 12:00:00
29.56,2,1,2019-03-12 12:00:00
29.53,2,1,2019-03-13 12:00:00
29.53,2,1,2019-03-14 12:00:00
29.64,2,1,2019-03-15 12:00:00
29.59,2,1,2019-03-16 12:00:00
29.57,2,1,2019-03-17 12:00:00
29.59,2,1,2019-03-18 12:00:00
29.77,2,1,2019-03-19 12:00:00
29.71,2,1,2019-03-20 12:00:00
29.78,2,1,2019-03-21 12:00:00
29.87,2,1,2019-03-22 12:00:00
29.97,2,1,2019-03-23 12:00:00
29.87,2,1,2019-03-24 12:00:00
29.71,2,1,2019-03-25 12:00:00
29.76,2,1,2019-03-26 12:00:00
29.93,2,1,2019-03-27 12:00:00
29.83,2,1,2019-03-28 12:00:00
30.29,2,1,2019-03-29 12:00:00
30.72,2,1,2019-03-30 12:00:00
30.65,2,1,2019-03-31 12:00:00
30.78,2,1,2019-04-01 12:00:00
30.87,2,1,2019-04-02 12:00:00
30.56,2,1,2019-04-03 12:00:00
30.63,2,1,2019-04-04 12:00:00
30.84,2,1,2019-04-05 12:00:00
30.77,2,1,2019-04-06 12:00:00
30.64,2,1,2019-04-07 12:00:00
30.76,2,1,2019-04-08 12:00:00
30.87,2,1,2019-04-09 12:00:00
30.81,2,1,2019-04-10 12:00:00
30.86,2,1,2019-04-11 12:00:00
31.1,2,1,2019-04-12 12:00:00
31.18,2,1,2019-04-13 12:00:00
31.17,2,1,2019-04-14 12:00:00
31.26,2,1,2019-04-15 12:00:00
30.83,2,1,2019-04-16 12:00:00
31.38,2,1,2019-04-17 12:00:00
31.15,2,1,2019-04-18 12:00:00
31.7,2,1,2019-04-19 12:00:00
31.59,2,1,2019-04-20 12:00:00
31.55,2,1,2019-04-21 12:00:00
31.2,2,1,2019-04-22 12:00:00
31.3,2,1,2019-04-23 12:00:00
31.15,2,1,2019-04-24 12:00:00
31.03,2,1,2019-04-25 12:00:00
30.87,2,1,2019-04-26 12:00:00
30.65,2,1,2019-04-27 12:00:00
30.24,2,1,2019-04-28 12:00:00
29.77,2,1,2019-04-29 12:00:00
29.36,2,1,2019-04-30 12:00:00
29.42,2,1,2019-05-01 12:00:00
29.07,2,1,2019-05-02 12:00:00
28.88,2,1,2019-05-03 12:00:00
28.88,2,1,2019-05-04 12:00:00
29.4,2,1,2019-05-05 12:00:00
29.52,2,1,2019-05-06 12:00:00
29.45,2,1,2019-05-07 12:00:00
29.61,2,1,2019-05-08 12:00:00
29.76,2,1,2019-05-09 12:00:00
29.91,2,1,2019-05-10 12:00:00
30.05,2,1,2019-05-11 12:00:00
29.75,2,1,2019-05-12 12:00:00
29.77,2,1,2019-05-13 12:00:00
29.88,2,1,2019-05-14 12:00:00
29.94,2,1,2019-05-15 12:00:00
29.92,2,1,2019-05-16 12:00:00
29.96,2,1,2019-05-17 12:00:00
30.03,2,1,2019-05-18 12:00:00
30.04,2,1,2019-05-19 12:00:00
30.04,2,1,2019-05-20 12:00:00
30.14,2,1,2019-05-21 12:00:00
30.27,2,1,2019-05-22 12:00:00
30.51,2,1,2019-05-23 12:00:00
30.28,2,1,2019-05-24 12:00:00
30.34,2,1,2019-05-25 12:00:00
30.39,2,1,2019-05-26 12:00:00
30.35,2,1,2019-05-27 12:00:00
30.23,2,1,2019-05-28 12:00:00
30.16,2,1,2019-05-29 12:00:00
30.08,2,1,2019-05-30 12:00:00
30.02,2,1,2019-05-31 12:00:00
30.02,2,1,2019-06-01 12:00:00
30.01,2,1,2019-06-02 12:00:00
30.1,2,1,2019-06-03 12:00:00
30.19,2,1,2019-06-04 12:00:00
30.21,2,1,2019-06-05 12:00:00
30.23,2,1,2019-06-06 12:00:00
30.03,2,1,2019-06-07 12:00:00
30.0,2,1,2019-06-08 12:00:00
29.87,2,1,2019-06-09 12:00:00
29.85,2,1,2019-06-10 12:00:00
29.82,2,1,2019-06-11 12:00:00
29.8,2,1,2019-06-12 12:00:00
29.79,2,1,2019-06-13 12:00:00
29.73,2,1,2019-06-14 12:00:00
29.68,2,1,2019-06-15 12:00:00
29.7,2,1,2019-06-16 12:00:00
29.65,2,1,2019-06-17 12:00:00
29.62,2,1,2019-06-18 12:00:00
29.63,2,1,2019-06-19 12:00:00
29.58,2,1,2019-06-20 12:00:00
29.56,2,1,2019-06-21 12:00:00
29.57,2,1,2019-06-22 12:00:00
29.53,2,1,2019-06-23 12:00:00
29.38,2,1,2019-06-24 12:00:00
29.32,2,1,2019-06-25 12:00:00
29.28,2,1,2019-06-26 12:00:00
29.31,2,1,2019-06-27 12:00:00
29.37,2,1,2019-06-28 12:00:00
29.27,2,1,2019-06-29 12:00:00
29.28,2,1,2019-06-30 12:00:00
29.33,2,1,2019-07-01 12:00:00
29.35,2,1,2019-07-02 12:00:00
29.39,2,1,2019-07-03 12:00:00
29.33,2,1,2019-07-04 12:00:00
29.3,2,1,2019-07-05 12:00:00
29.3,2,1,2019-07-06 12:00:00
29.33,2,1,2019-07-07 12:00:00
29.34,2,1,2019-07-08 12:00:00
29.39,2,1,2019-07-09 12:00:00
29.49,2,1,2019-07-10 12:00:00
29.56,2,1,2019-07-11 12:00:00
29.59,2,1,2019-07-12 12:00:00
29.57,2,1,2019-07-13 12:00:00
29.54,2,1,2019-07-14 12:00:00
29.45,2,1,2019-07-15 12:00:00
29.48,2,1,2019-07-16 12:00:00
29.47,2,1,2019-07-17 12:00:00
29.46,2,1,2019-07-18 12:00:00
29.42,2,1,2019-07-19 12:00:00
29.28,2,1,2019-07-20 12:00:00
29.31,2,1,2019-07-21 12:00:00
29.27,2,1,2019-07-22 12:00:00
29.25,2,1,2019-07-23 12:00:00
29.27,2,1,2019-07-24 12:00:00
29.19,2,1,2019-07-25 12:00:00
29.2,2,1,2019-07-26 12:00:00
29.2,2,1,2019-07-27 12:00:00
29.2,2,1,2019-07-28 12:00:00
29.19,2,1,2019-07-29 12:00:00
29.21,2,1,2019-07-30 12:00:00
29.21,2,1,2019-07-31 12:00:00
29.19,2,1,2019-08-01 12:00:00
29.16,2,1,2019-08-02 12:00:00
29.18,2,1,2019-08-03 12:00:00
29.16,2,1,2019-08-04 12:00:00
29.12,2,1,2019-08-05 12:00:00
28.92,2,1,2019-08-06 12:00:00
29.08,2,1,2019-08-07 12:00:00
29.01,2,1,2019-08-08 12:00:00
29.04,2,1,2019-08-09 12:00:00
29.12,2,1,2019-08-10 12:00:00
29.14,2,1,2019-08-11 12:00:00
29.18,2,1,2019-08-12 12:00:00
29.15,2,1,2019-08-13 12:00:00
29.1,2,1,2019-08-14 12:00:00
29.14,2,1,2019-08-15 12:00:00
29.0,2,1,2019-08-16 12:00:00
28.93,2,1,2019-08-17 12:00:00
28.92,2,1,2019-08-18 12:00:00
29.05,2,1,2019-08-19 12:00:00
29.13,2,1,2019-11-28 12:00:00
29.22,2,1,2019-11-29 12:00:00
29.26,2,1,2019-11-30 12:00:00
29.25,2,1,2019-12-01 12:00:00
29.19,2,1,2019-12-02 12:00:00
29.08,2,1,2019-12-03 12:00:00
29.08,2,1,2019-12-04 12:00:00
29.03,2,1,2019-12-05 12:00:00
28.79,2,1,2019-12-06 12:00:00
28.52,2,1,2019-12-07 12:00:00
28.37,2,1,2019-12-08 12:00:00
28.37,2,1,2019-12-09 12:00:00
28.37,2,1,2019-12-10 12:00:00
28.5,2,1,2019-12-11 12:00:00
28.48,2,1,2019-12-12 12:00:00
28.41,2,1,2019-12-13 12:00:00
28.4,2,1,2019-12-14 12:00:00
28.23,2,1,2019-12-15 12:00:00
28.09,2,1,2019-12-16 12:00:00
28.23,2,1,2019-12-17 12:00:00
28.34,2,1,2019-12-18 12:00:00
28.35,2,1,2019-12-19 12:00:00
28.23,2,1,2019-12-20 12:00:00
28.45,2,1,2019-12-21 12:00:00
28.59,2,1,2019-12-22 12:00:00
28.59,2,1,2019-12-23 12:00:00
28.46,2,1,2019-12-24 12:00:00
28.38,2,1,2019-12-25 12:00:00
28.36,2,1,2019-12-26 12:00:00
28.35,2,1,2019-12-27 12:00:00
28.14,2,1,2019-12-28 12:00:00
28.1,2,1,2019-12-29 12:00:00
28.19,2,1,2019-12-30 12:00:00
28.2,2,1,2019-12-31 12:00:00
28.14,2,1,2020-01-01 12:00:00
27.99,2,1,2020-01-02 12:00:00
27.9,2,1,2020-01-03 12:00:00
28.06,2,1,2020-01-04 12:00:00
28.03,2,1,2020-01-05 12:00:00
28.05,2,1,2020-01-06 12:00:00
28.07,2,1,2020-01-07 12:00:00
28.19,2,1,2020-01-08 12:00:00
28.24,2,1,2020-01-09 12:00:00
28.42,2,1,2020-01-10 12:00:00
28.36,2,1,2020-01-11 12:00:00
28.25,2,1,2020-01-12 12:00:00
28.19,2,1,2020-01-13 12:00:00
28.17,2,1,2020-01-14 12:00:00
28.28,2,1,2020-01-15 12:00:00
28.36,2,1,2020-01-16 12:00:00
28.35,2,1,2020-01-17 12:00:00
28.31,2,1,2020-01-18 12:00:00
28.32,2,1,2020-01-19 12:00:00
28.22,2,1,2020-01-20 12:00:00
28.25,2,1,2020-01-21 12:00:00
28.24,2,1,2020-01-22 12:00:00
28.19,2,1,2020-01-23 12:00:00
28.31,2,1,2020-01-24 12:00:00
28.31,2,1,2020-01-25 12:00:00
28.27,2,1,2020-01-26 12:00:00
28.29,2,1,2020-01-27 12:00:00
28.2,2,1,2020-01-28 12:00:00
28.15,2,1,2020-01-29 12:00:00
28.13,2,1,2020-01-30 12:00:00
28.07,2,1,2020-01-31 12:00:00
28.1,2,1,2020-02-01 12:00:00
28.16,2,1,2020-02-02 12:00:00
28.18,2,1,2020-02-03 12:00:00
28.25,2,1,2020-02-04 12:00:00
28.34,2,1,2020-02-05 12:00:00
28.33,2,1,2020-02-06 12:00:00
28.26,2,1,2020-02-07 12:00:00
28.27,2,1,2020-02-08 12:00:00
28.28,2,1,2020-02-09 12:00:00
28.3,2,1,2020-02-10 12:00:00
28.27,2,1,2020-02-11 12:00:00
28.26,2,1,2020-02-12 12:00:00
28.15,2,1,2020-02-13 12:00:00
28.24,2,1,2020-02-14 12:00:00
28.37,2,1,2020-02-15 12:00:00
28.44,2,1,2020-02-16 12:00:00
28.34,2,1,2020-02-17 12:00:00
28.54,2,1,2020-02-18 12:00:00
28.44,2,1,2020-02-19 12:00:00
28.34,2,1,2020-02-20 12:00:00
28.31,2,1,2020-02-21 12:00:00
