system:index,EVI,date,day,month,year,.geo
1_1_1_LT05_131056_20050122,0.46744524803106346,2005-01-22,22,01,2005,"{""type"":""MultiPoint"",""coordinates"":[]}"
1_1_1_LT05_131056_20050223,0.43212698749081324,2005-02-23,23,02,2005,"{""type"":""MultiPoint"",""coordinates"":[]}"
1_1_1_LT05_131056_20050311,0.48479613058863325,2005-03-11,11,03,2005,"{""type"":""MultiPoint"",""coordinates"":[]}"
1_1_1_LT05_131056_20050327,0.5034376978052532,2005-03-27,27,03,2005,"{""type"":""MultiPoint"",""coordinates"":[]}"
1_1_1_LT05_131056_20050412,0.4705313943045491,2005-04-12,12,04,2005,"{""type"":""MultiPoint"",""coordinates"":[]}"
1_1_1_LT05_131056_20060704,0.5546198250320652,2006-07-04,04,07,2006,"{""type"":""MultiPoint"",""coordinates"":[]}"
1_1_1_LT05_131056_20060821,0.5204522453079234,2006-08-21,21,08,2006,"{""type"":""MultiPoint"",""coordinates"":[]}"
1_1_1_LT05_131056_20061008,0.5634621120298275,2006-10-08,08,10,2006,"{""type"":""MultiPoint"",""coordinates"":[]}"
1_1_1_LT05_131056_20070213,0.39159610047002974,2007-02-13,13,02,2007,"{""type"":""MultiPoint"",""coordinates"":[]}"
1_1_1_LT05_131056_20070317,0.44057890145017004,2007-03-17,17,03,2007,"{""type"":""MultiPoint"",""coordinates"":[]}"
1_1_1_LT05_131056_20070418,0.4949311456239663,2007-04-18,18,04,2007,"{""type"":""MultiPoint"",""coordinates"":[]}"
1_1_1_LT05_131056_20070520,0.5102644469307561,2007-05-20,20,05,2007,"{""type"":""MultiPoint"",""coordinates"":[]}"
1_1_1_LT05_131056_20080810,0.5189980186511587,2008-08-10,10,08,2008,"{""type"":""MultiPoint"",""coordinates"":[]}"
1_1_1_LT05_131056_20090218,0.3835898875427429,2009-02-18,18,02,2009,"{""type"":""MultiPoint"",""coordinates"":[]}"
1_1_1_LT05_131056_20090306,0.43122849522893414,2009-03-06,06,03,2009,"{""type"":""MultiPoint"",""coordinates"":[]}"
1_1_1_LT05_131056_20090423,0.5498382623261668,2009-04-23,23,04,2009,"{""type"":""MultiPoint"",""coordinates"":[]}"
1_1_1_LT05_131056_20100205,0.4691317978784373,2010-02-05,05,02,2010,"{""type"":""MultiPoint"",""coordinates"":[]}"
1_1_1_LT05_131056_20110208,0.47739122405702544,2011-02-08,08,02,2011,"{""type"":""MultiPoint"",""coordinates"":[]}"
1_1_1_LT05_131057_20050207,0.21122985273135306,2005-02-07,07,02,2005,"{""type"":""MultiPoint"",""coordinates"":[]}"
1_1_1_LT05_131057_20050223,0.43528427450136775,2005-02-23,23,02,2005,"{""type"":""MultiPoint"",""coordinates"":[]}"
1_1_1_LT05_131057_20050311,0.5140570169563133,2005-03-11,11,03,2005,"{""type"":""MultiPoint"",""coordinates"":[]}"
1_1_1_LT05_131057_20050327,0.47583446075102737,2005-03-27,27,03,2005,"{""type"":""MultiPoint"",""coordinates"":[]}"
1_1_1_LT05_131057_20050412,0.3801313797452353,2005-04-12,12,04,2005,"{""type"":""MultiPoint"",""coordinates"":[]}"
1_1_1_LT05_131057_20050717,0.5279303628830262,2005-07-17,17,07,2005,"{""type"":""MultiPoint"",""coordinates"":[]}"
1_1_1_LT05_131057_20060210,0.45394765387216873,2006-02-10,10,02,2006,"{""type"":""MultiPoint"",""coordinates"":[]}"
1_1_1_LT05_131057_20060704,0.5437918714816858,2006-07-04,04,07,2006,"{""type"":""MultiPoint"",""coordinates"":[]}"
1_1_1_LT05_131057_20061008,0.5145130190966687,2006-10-08,08,10,2006,"{""type"":""MultiPoint"",""coordinates"":[]}"
1_1_1_LT05_131057_20070213,0.2499185201928811,2007-02-13,13,02,2007,"{""type"":""MultiPoint"",""coordinates"":[]}"
1_1_1_LT05_131057_20070520,0.4534094215814704,2007-05-20,20,05,2007,"{""type"":""MultiPoint"",""coordinates"":[]}"
1_1_1_LT05_131057_20070824,0.3772012106129332,2007-08-24,24,08,2007,"{""type"":""MultiPoint"",""coordinates"":[]}"
1_1_1_LT05_131057_20080810,0.5635819175585437,2008-08-10,10,08,2008,"{""type"":""MultiPoint"",""coordinates"":[]}"
1_1_1_LT05_131057_20090202,0.43745864300350745,2009-02-02,02,02,2009,"{""type"":""MultiPoint"",""coordinates"":[]}"
1_1_1_LT05_131057_20090218,0.3370886328830739,2009-02-18,18,02,2009,"{""type"":""MultiPoint"",""coordinates"":[]}"
1_1_1_LT05_131057_20090509,0.41695290391895207,2009-05-09,09,05,2009,"{""type"":""MultiPoint"",""coordinates"":[]}"
1_1_1_LT05_131057_20090610,0.5414654208861258,2009-06-10,10,06,2009,"{""type"":""MultiPoint"",""coordinates"":[]}"
1_1_1_LT05_131057_20091101,0.1880419800094766,2009-11-01,01,11,2009,"{""type"":""MultiPoint"",""coordinates"":[]}"
1_1_1_LT05_131057_20091117,0.42257351279686317,2009-11-17,17,11,2009,"{""type"":""MultiPoint"",""coordinates"":[]}"
1_1_1_LT05_131057_20110208,0.42713504174035866,2011-02-08,08,02,2011,"{""type"":""MultiPoint"",""coordinates"":[]}"
1_1_1_LT05_131057_20110312,0.4142714275239367,2011-03-12,12,03,2011,"{""type"":""MultiPoint"",""coordinates"":[]}"
1_1_1_LT05_132056_20050214,0.4443427317658507,2005-02-14,14,02,2005,"{""type"":""MultiPoint"",""coordinates"":[]}"
1_1_1_LT05_132056_20050419,0.4855335052810934,2005-04-19,19,04,2005,"{""type"":""MultiPoint"",""coordinates"":[]}"
1_1_1_LT05_132056_20050521,0.48479406234608424,2005-05-21,21,05,2005,"{""type"":""MultiPoint"",""coordinates"":[]}"
1_1_1_LT05_132056_20050606,0.5144527615215161,2005-06-06,06,06,2005,"{""type"":""MultiPoint"",""coordinates"":[]}"
1_1_1_LT05_132056_20050910,0.5264377218098623,2005-09-10,10,09,2005,"{""type"":""MultiPoint"",""coordinates"":[]}"
1_1_1_LT05_132056_20060201,0.4513730624131139,2006-02-01,01,02,2006,"{""type"":""MultiPoint"",""coordinates"":[]}"
1_1_1_LT05_132056_20060217,0.3693924362526842,2006-02-17,17,02,2006,"{""type"":""MultiPoint"",""coordinates"":[]}"
1_1_1_LT05_132056_20060406,0.4721823909459562,2006-04-06,06,04,2006,"{""type"":""MultiPoint"",""coordinates"":[]}"
1_1_1_LT05_132056_20060508,0.49491253921259093,2006-05-08,08,05,2006,"{""type"":""MultiPoint"",""coordinates"":[]}"
1_1_2_LE07_131056_20120322,0.5792344382745671,2012-03-22,22,03,2012,"{""type"":""MultiPoint"",""coordinates"":[]}"
1_1_2_LE07_131056_20130309,0.5183936296177302,2013-03-09,09,03,2013,"{""type"":""MultiPoint"",""coordinates"":[]}"
1_1_2_LE07_131057_20120322,0.49040586928953894,2012-03-22,22,03,2012,"{""type"":""MultiPoint"",""coordinates"":[]}"
1_1_2_LE07_131057_20120423,0.47053257050638037,2012-04-23,23,04,2012,"{""type"":""MultiPoint"",""coordinates"":[]}"
1_1_2_LE07_131057_20130309,0.47838202092415616,2013-03-09,09,03,2013,"{""type"":""MultiPoint"",""coordinates"":[]}"
1_2_LC08_131056_20140216,0.60612683747743,2014-02-16,16,02,2014,"{""type"":""MultiPoint"",""coordinates"":[]}"
1_2_LC08_131056_20140320,0.5420091763177031,2014-03-20,20,03,2014,"{""type"":""MultiPoint"",""coordinates"":[]}"
1_2_LC08_131056_20141115,0.6407015541266257,2014-11-15,15,11,2014,"{""type"":""MultiPoint"",""coordinates"":[]}"
1_2_LC08_131056_20150118,0.6507506408705749,2015-01-18,18,01,2015,"{""type"":""MultiPoint"",""coordinates"":[]}"
1_2_LC08_131057_20140115,0.5206821321341646,2014-01-15,15,01,2014,"{""type"":""MultiPoint"",""coordinates"":[]}"
1_2_LC08_131057_20140216,0.6084585425522311,2014-02-16,16,02,2014,"{""type"":""MultiPoint"",""coordinates"":[]}"
1_2_LC08_131057_20140523,0.6181087688565662,2014-05-23,23,05,2014,"{""type"":""MultiPoint"",""coordinates"":[]}"
1_2_LC08_131057_20141030,0.49020494735446674,2014-10-30,30,10,2014,"{""type"":""MultiPoint"",""coordinates"":[]}"
1_2_LC08_131057_20150102,0.510277475766048,2015-01-02,02,01,2015,"{""type"":""MultiPoint"",""coordinates"":[]}"
1_2_LC08_131057_20150118,0.6115470068302639,2015-01-18,18,01,2015,"{""type"":""MultiPoint"",""coordinates"":[]}"
1_2_LC08_131057_20150627,0.6627984576833815,2015-06-27,27,06,2015,"{""type"":""MultiPoint"",""coordinates"":[]}"
1_2_LO08_131056_20140304,0.602310641537826,2014-03-04,04,03,2014,"{""type"":""MultiPoint"",""coordinates"":[]}"
2_20160109T040132_20160109T040826_T46NGL,-3.981572141104416,2016-01-09,09,01,2016,"{""type"":""MultiPoint"",""coordinates"":[]}"
2_20160109T040132_20160109T040826_T46NGM,-3.5264030288068327,2016-01-09,09,01,2016,"{""type"":""MultiPoint"",""coordinates"":[]}"
2_20160109T041735_20160109T112007_T46NGL,-3.981572141104416,2016-01-09,09,01,2016,"{""type"":""MultiPoint"",""coordinates"":[]}"
2_20160109T041735_20160109T112007_T46NGM,-3.5264030288068327,2016-01-09,09,01,2016,"{""type"":""MultiPoint"",""coordinates"":[]}"
2_20160218T035822_20160218T041457_T46NGL,-7.02154779039027,2016-02-18,18,02,2016,"{""type"":""MultiPoint"",""coordinates"":[]}"
2_20160218T035822_20160218T041457_T46NGM,-7.511984067413933,2016-02-18,18,02,2016,"{""type"":""MultiPoint"",""coordinates"":[]}"
2_20160218T041457_20160409T032352_T46NGL,-7.02154779039027,2016-02-18,18,02,2016,"{""type"":""MultiPoint"",""coordinates"":[]}"
2_20160218T041457_20160409T032352_T46NGM,-7.511984067413933,2016-02-18,18,02,2016,"{""type"":""MultiPoint"",""coordinates"":[]}"
2_20160319T035552_20160319T040941_T46NGL,-4.461287987491927,2016-03-19,19,03,2016,"{""type"":""MultiPoint"",""coordinates"":[]}"
2_20160319T035552_20160319T040941_T46NGM,-3.4075783435032387,2016-03-19,19,03,2016,"{""type"":""MultiPoint"",""coordinates"":[]}"
2_20160319T040941_20160319T111731_T46NGL,-4.461287987491927,2016-03-19,19,03,2016,"{""type"":""MultiPoint"",""coordinates"":[]}"
2_20160319T040941_20160319T111731_T46NGM,-3.4075783435032396,2016-03-19,19,03,2016,"{""type"":""MultiPoint"",""coordinates"":[]}"
2_20160727T035542_20160727T041018_T46NGL,-4.54424107326882,2016-07-27,27,07,2016,"{""type"":""MultiPoint"",""coordinates"":[]}"
2_20160727T035542_20160727T041018_T46NGM,-4.033909723191899,2016-07-27,27,07,2016,"{""type"":""MultiPoint"",""coordinates"":[]}"
2_20160727T041018_20160727T093208_T46NGL,-4.54424107326882,2016-07-27,27,07,2016,"{""type"":""MultiPoint"",""coordinates"":[]}"
2_20160727T041018_20160727T093208_T46NGM,-4.033909723191899,2016-07-27,27,07,2016,"{""type"":""MultiPoint"",""coordinates"":[]}"
2_20161012T034702_20161012T040251_T46NGM,1.261707694824836,2016-10-12,12,10,2016,"{""type"":""MultiPoint"",""coordinates"":[]}"
2_20161012T034702_20161012T040251_T46NHM,1.617236378858065,2016-10-12,12,10,2016,"{""type"":""MultiPoint"",""coordinates"":[]}"
2_20161012T034702_20161012T091659_T46NGM,1.261707694824836,2016-10-12,12,10,2016,"{""type"":""MultiPoint"",""coordinates"":[]}"
2_20161012T034702_20161012T091659_T46NHM,1.617236378858065,2016-10-12,12,10,2016,"{""type"":""MultiPoint"",""coordinates"":[]}"
2_20161101T034912_20161101T040626_T46NGM,-5.719270004316985,2016-11-01,01,11,2016,"{""type"":""MultiPoint"",""coordinates"":[]}"
2_20161101T034912_20161101T104624_T46NGM,-5.719270004316985,2016-11-01,01,11,2016,"{""type"":""MultiPoint"",""coordinates"":[]}"
2_20170209T034911_20170209T035553_T46NGL,-1.2906560416975215,2017-02-09,09,02,2017,"{""type"":""MultiPoint"",""coordinates"":[]}"
2_20170209T034911_20170209T035553_T46NGM,-5.961088048909289,2017-02-09,09,02,2017,"{""type"":""MultiPoint"",""coordinates"":[]}"
2_20170209T034911_20170209T035553_T46NHM,-3.159608489454373,2017-02-09,09,02,2017,"{""type"":""MultiPoint"",""coordinates"":[]}"
2_20170209T034911_20170209T040642_T46NGL,-4.994125358509609,2017-02-09,09,02,2017,"{""type"":""MultiPoint"",""coordinates"":[]}"
2_20170209T034911_20170209T040642_T46NHL,-3.9533327536455323,2017-02-09,09,02,2017,"{""type"":""MultiPoint"",""coordinates"":[]}"
2_20170212T035851_20170212T041300_T46NGL,-1.5446704187184337,2017-02-12,12,02,2017,"{""type"":""MultiPoint"",""coordinates"":[]}"
2_20170314T035531_20170314T041026_T46NGL,-7.247097279688233,2017-03-14,14,03,2017,"{""type"":""MultiPoint"",""coordinates"":[]}"
2_20170314T035531_20170314T041026_T46NGM,-6.9871691197067625,2017-03-14,14,03,2017,"{""type"":""MultiPoint"",""coordinates"":[]}"
2_20170403T035531_20170403T041216_T46NGL,-6.104592810564628,2017-04-03,03,04,2017,"{""type"":""MultiPoint"",""coordinates"":[]}"
2_20170423T035541_20170423T041029_T46NGL,-2.291207755050957,2017-04-23,23,04,2017,"{""type"":""MultiPoint"",""coordinates"":[]}"
2_20170619T034531_20170619T040640_T46NGL,-7.424741181675339,2017-06-19,19,06,2017,"{""type"":""MultiPoint"",""coordinates"":[]}"
2_20170619T034531_20170619T040640_T46NGM,,2017-06-19,19,06,2017,"{""type"":""MultiPoint"",""coordinates"":[]}"
2_20170619T034531_20170619T040640_T46NHL,-7.399486870163777,2017-06-19,19,06,2017,"{""type"":""MultiPoint"",""coordinates"":[]}"
2_20170702T035541_20170702T041623_T46NGM,-4.112494518281616,2017-07-02,02,07,2017,"{""type"":""MultiPoint"",""coordinates"":[]}"
2_20170709T034531_20170709T035631_T46NGM,-4.053449966165639,2017-07-09,09,07,2017,"{""type"":""MultiPoint"",""coordinates"":[]}"
2_20170709T034531_20170709T035631_T46NHL,-4.601192504102327,2017-07-09,09,07,2017,"{""type"":""MultiPoint"",""coordinates"":[]}"
2_20170709T034531_20170709T035631_T46NHM,-6.771108089017256,2017-07-09,09,07,2017,"{""type"":""MultiPoint"",""coordinates"":[]}"
2_20170724T034539_20170724T035631_T46NGL,-5.148649692781943,2017-07-24,24,07,2017,"{""type"":""MultiPoint"",""coordinates"":[]}"
2_20170724T034539_20170724T035631_T46NGM,-4.507265225128512,2017-07-24,24,07,2017,"{""type"":""MultiPoint"",""coordinates"":[]}"
2_20170724T034539_20170724T035631_T46NHL,-9.024451769420835,2017-07-24,24,07,2017,"{""type"":""MultiPoint"",""coordinates"":[]}"
2_20170724T034539_20170724T035631_T46NHM,-5.581105784292557,2017-07-24,24,07,2017,"{""type"":""MultiPoint"",""coordinates"":[]}"
2_20171005T035609_20171005T041105_T46NGL,-4.109087409454085,2017-10-05,05,10,2017,"{""type"":""MultiPoint"",""coordinates"":[]}"
2_20171005T035609_20171005T041105_T46NGM,-2.991560841865521,2017-10-05,05,10,2017,"{""type"":""MultiPoint"",""coordinates"":[]}"
2_20171012T034649_20171012T035743_T46NGM,0.2381599372431129,2017-10-12,12,10,2017,"{""type"":""MultiPoint"",""coordinates"":[]}"
2_20171012T034649_20171012T035743_T46NHM,6.371537042073043,2017-10-12,12,10,2017,"{""type"":""MultiPoint"",""coordinates"":[]}"
2_20171017T034731_20171017T040104_T46NGL,1.0751211945738404,2017-10-17,17,10,2017,"{""type"":""MultiPoint"",""coordinates"":[]}"
2_20171017T034731_20171017T040104_T46NGM,4.091734569230937,2017-10-17,17,10,2017,"{""type"":""MultiPoint"",""coordinates"":[]}"
2_20171017T034731_20171017T040104_T46NHL,-1.4400093490458519,2017-10-17,17,10,2017,"{""type"":""MultiPoint"",""coordinates"":[]}"
2_20171020T035801_20171020T040930_T46NGL,-4.486208958468682,2017-10-20,20,10,2017,"{""type"":""MultiPoint"",""coordinates"":[]}"
2_20171020T035801_20171020T040930_T46NGM,-2.613332376523842,2017-10-20,20,10,2017,"{""type"":""MultiPoint"",""coordinates"":[]}"
2_20171216T035141_20171216T035747_T46NGL,-4.697311592037856,2017-12-16,16,12,2017,"{""type"":""MultiPoint"",""coordinates"":[]}"
2_20171216T035141_20171216T035747_T46NGM,-4.048701989444687,2017-12-16,16,12,2017,"{""type"":""MultiPoint"",""coordinates"":[]}"
2_20171216T035141_20171216T035747_T46NHL,-3.839485496274675,2017-12-16,16,12,2017,"{""type"":""MultiPoint"",""coordinates"":[]}"
2_20171216T035141_20171216T035747_T46NHM,-7.469700846389321,2017-12-16,16,12,2017,"{""type"":""MultiPoint"",""coordinates"":[]}"
2_20171219T040151_20171219T040906_T46NGL,0.07671225664685624,2017-12-19,19,12,2017,"{""type"":""MultiPoint"",""coordinates"":[]}"
2_20180113T040119_20180113T040832_T46NGL,-2.373829287553215,2018-01-13,13,01,2018,"{""type"":""MultiPoint"",""coordinates"":[]}"
2_20180125T035031_20180125T040023_T46NHM,-0.8235657826410454,2018-01-25,25,01,2018,"{""type"":""MultiPoint"",""coordinates"":[]}"
2_20180130T034959_20180130T035717_T46NGL,-3.2009135801857442,2018-01-30,30,01,2018,"{""type"":""MultiPoint"",""coordinates"":[]}"
2_20180130T034959_20180130T035717_T46NGM,-3.0767893451054804,2018-01-30,30,01,2018,"{""type"":""MultiPoint"",""coordinates"":[]}"
2_20180130T034959_20180130T035717_T46NHM,-4.5393137984479255,2018-01-30,30,01,2018,"{""type"":""MultiPoint"",""coordinates"":[]}"
2_20180202T035949_20180202T041629_T46NGL,-3.7328880293469164,2018-02-02,02,02,2018,"{""type"":""MultiPoint"",""coordinates"":[]}"
2_20180202T035949_20180202T041629_T46NGM,-5.544273428332156,2018-02-02,02,02,2018,"{""type"":""MultiPoint"",""coordinates"":[]}"
2_20180209T034909_20180209T040520_T46NGM,-3.7527030524801726,2018-02-09,09,02,2018,"{""type"":""MultiPoint"",""coordinates"":[]}"
2_20180209T034909_20180209T040520_T46NHM,-4.628980329358573,2018-02-09,09,02,2018,"{""type"":""MultiPoint"",""coordinates"":[]}"
2_20180212T035849_20180212T041426_T46NGL,-6.730159669971187,2018-02-12,12,02,2018,"{""type"":""MultiPoint"",""coordinates"":[]}"
2_20180212T035849_20180212T041426_T46NGM,-6.615487910936737,2018-02-12,12,02,2018,"{""type"":""MultiPoint"",""coordinates"":[]}"
2_20180214T034841_20180214T040242_T46NGL,-5.175576147290581,2018-02-14,14,02,2018,"{""type"":""MultiPoint"",""coordinates"":[]}"
2_20180214T034841_20180214T040242_T46NHL,-4.541401247081488,2018-02-14,14,02,2018,"{""type"":""MultiPoint"",""coordinates"":[]}"
2_20180217T035821_20180217T041438_T46NGL,-5.85606867599865,2018-02-17,17,02,2018,"{""type"":""MultiPoint"",""coordinates"":[]}"
2_20180217T035821_20180217T041438_T46NGM,-4.041250217602019,2018-02-17,17,02,2018,"{""type"":""MultiPoint"",""coordinates"":[]}"
2_20180219T034759_20180219T040506_T46NGL,-2.602280226514514,2018-02-19,19,02,2018,"{""type"":""MultiPoint"",""coordinates"":[]}"
2_20180219T034759_20180219T040506_T46NGM,-2.3415646951114057,2018-02-19,19,02,2018,"{""type"":""MultiPoint"",""coordinates"":[]}"
2_20180219T034759_20180219T040506_T46NHM,-2.427024927594346,2018-02-19,19,02,2018,"{""type"":""MultiPoint"",""coordinates"":[]}"
2_20180309T035601_20180309T041201_T46NGM,-2.798206845648197,2018-03-09,09,03,2018,"{""type"":""MultiPoint"",""coordinates"":[]}"
2_20180311T034539_20180311T035740_T46NGL,-4.379224557178758,2018-03-11,11,03,2018,"{""type"":""MultiPoint"",""coordinates"":[]}"
2_20180311T034539_20180311T035740_T46NHM,-2.888983628890261,2018-03-11,11,03,2018,"{""type"":""MultiPoint"",""coordinates"":[]}"
2_20180314T035529_20180314T040715_T46NGL,-7.337352928222849,2018-03-14,14,03,2018,"{""type"":""MultiPoint"",""coordinates"":[]}"
2_20180314T035529_20180314T040715_T46NGM,-7.223779930342297,2018-03-14,14,03,2018,"{""type"":""MultiPoint"",""coordinates"":[]}"
2_20180314T035529_20180314T041638_T46NGL,-7.760172243956418,2018-03-14,14,03,2018,"{""type"":""MultiPoint"",""coordinates"":[]}"
2_20180314T035529_20180314T041638_T46NGM,-7.223779930342297,2018-03-14,14,03,2018,"{""type"":""MultiPoint"",""coordinates"":[]}"
2_20180319T035531_20180319T040557_T46NGM,-3.8403702028205777,2018-03-19,19,03,2018,"{""type"":""MultiPoint"",""coordinates"":[]}"
2_20180321T034529_20180321T040215_T46NGL,-5.044522999003149,2018-03-21,21,03,2018,"{""type"":""MultiPoint"",""coordinates"":[]}"
2_20180403T035539_20180403T040821_T46NGL,-5.314813740445863,2018-04-03,03,04,2018,"{""type"":""MultiPoint"",""coordinates"":[]}"
2_20180413T035539_20180413T041448_T46NGM,-1.6888107182317906,2018-04-13,13,04,2018,"{""type"":""MultiPoint"",""coordinates"":[]}"
2_20180428T035541_20180428T035843_T46NGL,-6.2482162440608855,2018-04-28,28,04,2018,"{""type"":""MultiPoint"",""coordinates"":[]}"
2_20180428T035541_20180428T035843_T46NGM,-5.3555247403112345,2018-04-28,28,04,2018,"{""type"":""MultiPoint"",""coordinates"":[]}"
2_20180510T034539_20180510T040549_T46NHM,-6.81770310634943,2018-05-10,10,05,2018,"{""type"":""MultiPoint"",""coordinates"":[]}"
2_20180513T035539_20180513T041015_T46NGL,-3.830929502642898,2018-05-13,13,05,2018,"{""type"":""MultiPoint"",""coordinates"":[]}"
2_20180513T035539_20180513T041015_T46NGM,-4.134062501023662,2018-05-13,13,05,2018,"{""type"":""MultiPoint"",""coordinates"":[]}"
2_20180515T034541_20180515T034939_T46NGM,-5.041403150572987,2018-05-15,15,05,2018,"{""type"":""MultiPoint"",""coordinates"":[]}"
2_20180515T034541_20180515T034939_T46NHM,-7.512330237248323,2018-05-15,15,05,2018,"{""type"":""MultiPoint"",""coordinates"":[]}"
2_20180525T034541_20180525T040613_T46NHM,-10.00267123630613,2018-05-25,25,05,2018,"{""type"":""MultiPoint"",""coordinates"":[]}"
2_20180602T035709_20180602T041116_T46NGM,-3.6755121274519693,2018-06-02,02,06,2018,"{""type"":""MultiPoint"",""coordinates"":[]}"
2_20180612T035539_20180612T041553_T46NGL,-5.338742526073341,2018-06-12,12,06,2018,"{""type"":""MultiPoint"",""coordinates"":[]}"
2_20180612T035539_20180612T041553_T46NGM,-3.575710847964749,2018-06-12,12,06,2018,"{""type"":""MultiPoint"",""coordinates"":[]}"
2_20180614T034531_20180614T035000_T46NGM,-3.930712662684917,2018-06-14,14,06,2018,"{""type"":""MultiPoint"",""coordinates"":[]}"
2_20180622T035539_20180622T041638_T46NGL,-4.520270004120994,2018-06-22,22,06,2018,"{""type"":""MultiPoint"",""coordinates"":[]}"
2_20180622T035539_20180622T041638_T46NGM,-4.965681890298367,2018-06-22,22,06,2018,"{""type"":""MultiPoint"",""coordinates"":[]}"
2_20180624T034531_20180624T040648_T46NGM,-2.256847113983301,2018-06-24,24,06,2018,"{""type"":""MultiPoint"",""coordinates"":[]}"
2_20180704T034541_20180704T040055_T46NGL,-5.210650187872704,2018-07-04,04,07,2018,"{""type"":""MultiPoint"",""coordinates"":[]}"
2_20180704T034541_20180704T040055_T46NHL,-7.355090023091663,2018-07-04,04,07,2018,"{""type"":""MultiPoint"",""coordinates"":[]}"
2_20180712T035539_20180712T041232_T46NGL,-3.769483792524226,2018-07-12,12,07,2018,"{""type"":""MultiPoint"",""coordinates"":[]}"
2_20180719T034529_20180719T040418_T46NGM,-5.799693683033155,2018-07-19,19,07,2018,"{""type"":""MultiPoint"",""coordinates"":[]}"
2_20180724T034541_20180724T035939_T46NGM,-1.7822886446927846,2018-07-24,24,07,2018,"{""type"":""MultiPoint"",""coordinates"":[]}"
2_20180803T034541_20180803T035751_T46NGL,-5.490226689944408,2018-08-03,03,08,2018,"{""type"":""MultiPoint"",""coordinates"":[]}"
2_20180803T034541_20180803T035751_T46NGM,-4.688150019471681,2018-08-03,03,08,2018,"{""type"":""MultiPoint"",""coordinates"":[]}"
2_20180803T034541_20180803T035751_T46NHM,-0.4535170390196577,2018-08-03,03,08,2018,"{""type"":""MultiPoint"",""coordinates"":[]}"
2_20180912T034531_20180912T034835_T46NGL,-1.2856544219938137,2018-09-12,12,09,2018,"{""type"":""MultiPoint"",""coordinates"":[]}"
2_20180912T034531_20180912T034835_T46NGM,0.05992702984392259,2018-09-12,12,09,2018,"{""type"":""MultiPoint"",""coordinates"":[]}"
2_20180920T035529_20180920T041248_T46NGL,-4.664753023598889,2018-09-20,20,09,2018,"{""type"":""MultiPoint"",""coordinates"":[]}"
2_20180927T034529_20180927T040149_T46NGL,-4.17941666980385,2018-09-27,27,09,2018,"{""type"":""MultiPoint"",""coordinates"":[]}"
2_20180927T034529_20180927T040149_T46NHL,-9.6711915882881,2018-09-27,27,09,2018,"{""type"":""MultiPoint"",""coordinates"":[]}"
2_20181020T035759_20181020T041531_T46NGL,-4.621518048241207,2018-10-20,20,10,2018,"{""type"":""MultiPoint"",""coordinates"":[]}"
2_20181020T035759_20181020T041531_T46NGM,-5.103321539463578,2018-10-20,20,10,2018,"{""type"":""MultiPoint"",""coordinates"":[]}"
2_20181022T034801_20181022T040326_T46NGL,-6.512571608149716,2018-10-22,22,10,2018,"{""type"":""MultiPoint"",""coordinates"":[]}"
2_20181022T034801_20181022T040326_T46NGM,-3.5563508289140575,2018-10-22,22,10,2018,"{""type"":""MultiPoint"",""coordinates"":[]}"
2_20181022T034801_20181022T040326_T46NHL,-8.870806701005812,2018-10-22,22,10,2018,"{""type"":""MultiPoint"",""coordinates"":[]}"
2_20181027T034839_20181027T040557_T46NGM,-8.188616040731967,2018-10-27,27,10,2018,"{""type"":""MultiPoint"",""coordinates"":[]}"
2_20181030T035859_20181030T041503_T46NGL,-1.6395488158052351,2018-10-30,30,10,2018,"{""type"":""MultiPoint"",""coordinates"":[]}"
2_20181030T035859_20181030T041503_T46NGM,-2.9001748525525217,2018-10-30,30,10,2018,"{""type"":""MultiPoint"",""coordinates"":[]}"
2_20181129T040119_20181129T041329_T46NGL,-2.6872235323098317,2018-11-29,29,11,2018,"{""type"":""MultiPoint"",""coordinates"":[]}"
2_20181209T040139_20181209T041359_T46NGL,-4.6489007409692045,2018-12-09,09,12,2018,"{""type"":""MultiPoint"",""coordinates"":[]}"
2_20181209T040139_20181209T041359_T46NGM,-4.8619879988247225,2018-12-09,09,12,2018,"{""type"":""MultiPoint"",""coordinates"":[]}"
2_20181221T035141_20181221T035144_T46NGL,-5.866939598072756,2018-12-21,21,12,2018,"{""type"":""MultiPoint"",""coordinates"":[]}"
2_20181221T035141_20181221T035144_T46NHL,-6.091003070867343,2018-12-21,21,12,2018,"{""type"":""MultiPoint"",""coordinates"":[]}"
2_20181221T035141_20181221T035144_T46NHM,-5.577663688155663,2018-12-21,21,12,2018,"{""type"":""MultiPoint"",""coordinates"":[]}"
2_20181229T040149_20181229T041305_T46NGM,-2.7914079022149756,2018-12-29,29,12,2018,"{""type"":""MultiPoint"",""coordinates"":[]}"
2_20181231T035141_20181231T035833_T46NGL,-6.733119391783176,2018-12-31,31,12,2018,"{""type"":""MultiPoint"",""coordinates"":[]}"
2_20190105T035139_20190105T040246_T46NGL,-6.836410570862135,2019-01-05,05,01,2019,"{""type"":""MultiPoint"",""coordinates"":[]}"
2_20190105T035139_20190105T040246_T46NGM,-7.568786287382767,2019-01-05,05,01,2019,"{""type"":""MultiPoint"",""coordinates"":[]}"
2_20190105T035139_20190105T040246_T46NHL,-8.672231261102912,2019-01-05,05,01,2019,"{""type"":""MultiPoint"",""coordinates"":[]}"
2_20190105T035139_20190105T040246_T46NHM,-9.111377110917442,2019-01-05,05,01,2019,"{""type"":""MultiPoint"",""coordinates"":[]}"
2_20190113T040121_20190113T040442_T46NGL,-5.358415571893283,2019-01-13,13,01,2019,"{""type"":""MultiPoint"",""coordinates"":[]}"
2_20190113T040121_20190113T040442_T46NGM,-5.288177845158501,2019-01-13,13,01,2019,"{""type"":""MultiPoint"",""coordinates"":[]}"
2_20190115T035119_20190115T040213_T46NGM,-4.9699895968705325,2019-01-15,15,01,2019,"{""type"":""MultiPoint"",""coordinates"":[]}"
2_20190115T035119_20190115T040213_T46NHM,-6.134798747411019,2019-01-15,15,01,2019,"{""type"":""MultiPoint"",""coordinates"":[]}"
2_20190123T040041_20190123T040424_T46NGL,-6.067756066878684,2019-01-23,23,01,2019,"{""type"":""MultiPoint"",""coordinates"":[]}"
2_20190123T040041_20190123T040424_T46NGM,-5.799027451210968,2019-01-23,23,01,2019,"{""type"":""MultiPoint"",""coordinates"":[]}"
2_20190125T035039_20190125T040100_T46NGL,-4.068724274106818,2019-01-25,25,01,2019,"{""type"":""MultiPoint"",""coordinates"":[]}"
2_20190125T035039_20190125T040100_T46NGM,-2.628721403345284,2019-01-25,25,01,2019,"{""type"":""MultiPoint"",""coordinates"":[]}"
2_20190125T035039_20190125T040100_T46NHM,-0.5633771364394856,2019-01-25,25,01,2019,"{""type"":""MultiPoint"",""coordinates"":[]}"
2_20190130T035011_20190130T035120_T46NGL,-3.3712442495219737,2019-01-30,30,01,2019,"{""type"":""MultiPoint"",""coordinates"":[]}"
2_20190207T035929_20190207T040937_T46NGL,-6.035658680242352,2019-02-07,07,02,2019,"{""type"":""MultiPoint"",""coordinates"":[]}"
2_20190207T035929_20190207T040937_T46NGM,-6.876945694863097,2019-02-07,07,02,2019,"{""type"":""MultiPoint"",""coordinates"":[]}"
2_20190209T034911_20190209T035523_T46NGL,-5.543946241393014,2019-02-09,09,02,2019,"{""type"":""MultiPoint"",""coordinates"":[]}"
2_20190209T034911_20190209T035523_T46NGM,-7.735502621249413,2019-02-09,09,02,2019,"{""type"":""MultiPoint"",""coordinates"":[]}"
2_20190209T034911_20190209T035523_T46NHL,-5.561637687514767,2019-02-09,09,02,2019,"{""type"":""MultiPoint"",""coordinates"":[]}"
2_20190209T034911_20190209T035523_T46NHM,-11.17717233825688,2019-02-09,09,02,2019,"{""type"":""MultiPoint"",""coordinates"":[]}"
2_20190212T035901_20190212T040026_T46NGL,-6.015255174484433,2019-02-12,12,02,2019,"{""type"":""MultiPoint"",""coordinates"":[]}"
2_20190212T035901_20190212T040026_T46NGM,-6.1160126546043845,2019-02-12,12,02,2019,"{""type"":""MultiPoint"",""coordinates"":[]}"
2_20190214T034849_20190214T035821_T46NGL,-5.0630130799061615,2019-02-14,14,02,2019,"{""type"":""MultiPoint"",""coordinates"":[]}"
2_20190214T034849_20190214T035821_T46NGM,-4.693503489580434,2019-02-14,14,02,2019,"{""type"":""MultiPoint"",""coordinates"":[]}"
2_20190214T034849_20190214T035821_T46NHL,-3.174192584298992,2019-02-14,14,02,2019,"{""type"":""MultiPoint"",""coordinates"":[]}"
2_20190214T034849_20190214T035821_T46NHM,-3.8665191302703565,2019-02-14,14,02,2019,"{""type"":""MultiPoint"",""coordinates"":[]}"
2_20190219T034811_20190219T034942_T46NGL,-5.799590794565442,2019-02-19,19,02,2019,"{""type"":""MultiPoint"",""coordinates"":[]}"
2_20190219T034811_20190219T034942_T46NGM,-6.0254403039276685,2019-02-19,19,02,2019,"{""type"":""MultiPoint"",""coordinates"":[]}"
2_20190219T034811_20190219T034942_T46NHL,-6.179952655758901,2019-02-19,19,02,2019,"{""type"":""MultiPoint"",""coordinates"":[]}"
2_20190219T034811_20190219T034942_T46NHM,-7.725152748554859,2019-02-19,19,02,2019,"{""type"":""MultiPoint"",""coordinates"":[]}"
2_20190222T035751_20190222T041519_T46NGL,-4.9442449468415575,2019-02-22,22,02,2019,"{""type"":""MultiPoint"",""coordinates"":[]}"
2_20190222T035751_20190222T041519_T46NGM,-4.913431217497331,2019-02-22,22,02,2019,"{""type"":""MultiPoint"",""coordinates"":[]}"
2_20190227T035719_20190227T041338_T46NGL,-1.4871320924485452,2019-02-27,27,02,2019,"{""type"":""MultiPoint"",""coordinates"":[]}"
2_20190227T035719_20190227T041338_T46NGM,-2.403207862884886,2019-02-27,27,02,2019,"{""type"":""MultiPoint"",""coordinates"":[]}"
2_20190304T035641_20190304T040110_T46NGM,-4.654901936564007,2019-03-04,04,03,2019,"{""type"":""MultiPoint"",""coordinates"":[]}"
2_20190309T035609_20190309T041252_T46NGL,-3.2346347419740495,2019-03-09,09,03,2019,"{""type"":""MultiPoint"",""coordinates"":[]}"
2_20190311T034541_20190311T035011_T46NGM,-7.164486133465955,2019-03-11,11,03,2019,"{""type"":""MultiPoint"",""coordinates"":[]}"
2_20190311T034541_20190311T035011_T46NHM,-12.25376422946742,2019-03-11,11,03,2019,"{""type"":""MultiPoint"",""coordinates"":[]}"
2_20190316T034529_20190316T040428_T46NGL,-3.6945760245024455,2019-03-16,16,03,2019,"{""type"":""MultiPoint"",""coordinates"":[]}"
2_20190324T035541_20190324T040928_T46NGM,-3.2720644739925837,2019-03-24,24,03,2019,"{""type"":""MultiPoint"",""coordinates"":[]}"
2_20190326T034539_20190326T040312_T46NGL,-8.076690989883808,2019-03-26,26,03,2019,"{""type"":""MultiPoint"",""coordinates"":[]}"
2_20190326T034539_20190326T040312_T46NHL,-8.151663595320043,2019-03-26,26,03,2019,"{""type"":""MultiPoint"",""coordinates"":[]}"
2_20190331T034531_20190331T040123_T46NGL,-7.952573155659442,2019-03-31,31,03,2019,"{""type"":""MultiPoint"",""coordinates"":[]}"
2_20190331T034531_20190331T040123_T46NGM,-7.141269194914571,2019-03-31,31,03,2019,"{""type"":""MultiPoint"",""coordinates"":[]}"
2_20190403T035711_20190403T041225_T46NGL,-3.7505068830476183,2019-04-03,03,04,2019,"{""type"":""MultiPoint"",""coordinates"":[]}"
2_20190403T035711_20190403T041225_T46NGM,-5.439754939489721,2019-04-03,03,04,2019,"{""type"":""MultiPoint"",""coordinates"":[]}"
2_20190405T034539_20190405T040539_T46NGL,-7.532347469275982,2019-04-05,05,04,2019,"{""type"":""MultiPoint"",""coordinates"":[]}"
2_20190405T034539_20190405T040539_T46NGM,-4.667528280266256,2019-04-05,05,04,2019,"{""type"":""MultiPoint"",""coordinates"":[]}"
2_20190408T035539_20190408T041451_T46NGL,-5.631921538170442,2019-04-08,08,04,2019,"{""type"":""MultiPoint"",""coordinates"":[]}"
2_20190408T035539_20190408T041451_T46NGM,-5.2929734585474435,2019-04-08,08,04,2019,"{""type"":""MultiPoint"",""coordinates"":[]}"
2_20190418T035539_20190418T041612_T46NGM,-2.9906134175661814,2019-04-18,18,04,2019,"{""type"":""MultiPoint"",""coordinates"":[]}"
2_20190503T035541_20190503T041632_T46NGL,-5.77731366395969,2019-05-03,03,05,2019,"{""type"":""MultiPoint"",""coordinates"":[]}"
2_20190503T035541_20190503T041632_T46NGM,-5.0675599704788645,2019-05-03,03,05,2019,"{""type"":""MultiPoint"",""coordinates"":[]}"
2_20190513T035541_20190513T040938_T46NGL,-5.487694095381892,2019-05-13,13,05,2019,"{""type"":""MultiPoint"",""coordinates"":[]}"
2_20190513T035541_20190513T040938_T46NGM,-4.855078081757577,2019-05-13,13,05,2019,"{""type"":""MultiPoint"",""coordinates"":[]}"
2_20190518T035549_20190518T041619_T46NGL,-5.688880900040913,2019-05-18,18,05,2019,"{""type"":""MultiPoint"",""coordinates"":[]}"
2_20190518T035549_20190518T041619_T46NGM,-3.9238739224449417,2019-05-18,18,05,2019,"{""type"":""MultiPoint"",""coordinates"":[]}"
2_20190520T034541_20190520T040004_T46NGL,-6.932286795916567,2019-05-20,20,05,2019,"{""type"":""MultiPoint"",""coordinates"":[]}"
2_20190520T034541_20190520T040004_T46NGM,-4.326921847787166,2019-05-20,20,05,2019,"{""type"":""MultiPoint"",""coordinates"":[]}"
2_20190612T035541_20190612T041024_T46NGL,-3.9945258355365825,2019-06-12,12,06,2019,"{""type"":""MultiPoint"",""coordinates"":[]}"
2_20190614T034539_20190614T040608_T46NGL,-6.867406303604971,2019-06-14,14,06,2019,"{""type"":""MultiPoint"",""coordinates"":[]}"
2_20190614T034539_20190614T040608_T46NGM,-5.851163867197426,2019-06-14,14,06,2019,"{""type"":""MultiPoint"",""coordinates"":[]}"
2_20190614T034539_20190614T040608_T46NHL,-6.344652636317584,2019-06-14,14,06,2019,"{""type"":""MultiPoint"",""coordinates"":[]}"
2_20190614T034539_20190614T040608_T46NHM,-2.4324259335643976,2019-06-14,14,06,2019,"{""type"":""MultiPoint"",""coordinates"":[]}"
2_20190619T034541_20190619T035128_T46NGL,-5.586269442121538,2019-06-19,19,06,2019,"{""type"":""MultiPoint"",""coordinates"":[]}"
2_20190619T034541_20190619T035128_T46NHL,-5.930597223140722,2019-06-19,19,06,2019,"{""type"":""MultiPoint"",""coordinates"":[]}"
2_20190619T034541_20190619T035128_T46NHM,-6.107313958438873,2019-06-19,19,06,2019,"{""type"":""MultiPoint"",""coordinates"":[]}"
2_20190627T035549_20190627T041022_T46NGL,-6.074370273639424,2019-06-27,27,06,2019,"{""type"":""MultiPoint"",""coordinates"":[]}"
2_20190707T035549_20190707T041546_T46NGL,-5.397424559001093,2019-07-07,07,07,2019,"{""type"":""MultiPoint"",""coordinates"":[]}"
2_20190707T035549_20190707T041546_T46NGM,-5.2922826876037705,2019-07-07,07,07,2019,"{""type"":""MultiPoint"",""coordinates"":[]}"
2_20190722T035541_20190722T040013_T46NGL,-9.224344819186667,2019-07-22,22,07,2019,"{""type"":""MultiPoint"",""coordinates"":[]}"
2_20190727T035549_20190727T040935_T46NGL,-4.605240469833734,2019-07-27,27,07,2019,"{""type"":""MultiPoint"",""coordinates"":[]}"
2_20190727T035549_20190727T040935_T46NGM,-4.656110646027218,2019-07-27,27,07,2019,"{""type"":""MultiPoint"",""coordinates"":[]}"
2_20190729T034541_20190729T040103_T46NGL,-8.123047780097952,2019-07-29,29,07,2019,"{""type"":""MultiPoint"",""coordinates"":[]}"
2_20190729T034541_20190729T040103_T46NGM,-7.069598269318401,2019-07-29,29,07,2019,"{""type"":""MultiPoint"",""coordinates"":[]}"
2_20190729T034541_20190729T040103_T46NHL,-11.421716515696772,2019-07-29,29,07,2019,"{""type"":""MultiPoint"",""coordinates"":[]}"
2_20190729T034541_20190729T040103_T46NHM,-10.613497238550368,2019-07-29,29,07,2019,"{""type"":""MultiPoint"",""coordinates"":[]}"
2_20190806T035549_20190806T041614_T46NGL,-5.174842702888065,2019-08-06,06,08,2019,"{""type"":""MultiPoint"",""coordinates"":[]}"
2_20190806T035549_20190806T041614_T46NGM,-3.581085583091492,2019-08-06,06,08,2019,"{""type"":""MultiPoint"",""coordinates"":[]}"
2_20190818T034541_20190818T040314_T46NGL,-4.1274479840728295,2019-08-18,18,08,2019,"{""type"":""MultiPoint"",""coordinates"":[]}"
2_20190818T034541_20190818T040314_T46NGM,-4.301490421283198,2019-08-18,18,08,2019,"{""type"":""MultiPoint"",""coordinates"":[]}"
2_20190818T034541_20190818T040314_T46NHL,-8.16532733459618,2019-08-18,18,08,2019,"{""type"":""MultiPoint"",""coordinates"":[]}"
2_20190818T034541_20190818T040314_T46NHM,-5.752107542627052,2019-08-18,18,08,2019,"{""type"":""MultiPoint"",""coordinates"":[]}"
2_20190831T035541_20190831T041629_T46NGL,-7.405946454283108,2019-08-31,31,08,2019,"{""type"":""MultiPoint"",""coordinates"":[]}"
2_20190902T034539_20190902T040227_T46NGL,-2.6168224229512664,2019-09-02,02,09,2019,"{""type"":""MultiPoint"",""coordinates"":[]}"
2_20190902T034539_20190902T040227_T46NHL,-2.4220299071586004,2019-09-02,02,09,2019,"{""type"":""MultiPoint"",""coordinates"":[]}"
2_20190907T034531_20190907T040434_T46NGL,-3.5233499512452444,2019-09-07,07,09,2019,"{""type"":""MultiPoint"",""coordinates"":[]}"
2_20190907T034531_20190907T040434_T46NGM,-1.844729870616471,2019-09-07,07,09,2019,"{""type"":""MultiPoint"",""coordinates"":[]}"
2_20190907T034531_20190907T040434_T46NHM,-5.7555906664729175,2019-09-07,07,09,2019,"{""type"":""MultiPoint"",""coordinates"":[]}"
2_20190917T034531_20190917T040224_T46NGL,1.8540704551370695,2019-09-17,17,09,2019,"{""type"":""MultiPoint"",""coordinates"":[]}"
2_20190917T034531_20190917T040224_T46NGM,1.8960529369234587,2019-09-17,17,09,2019,"{""type"":""MultiPoint"",""coordinates"":[]}"
2_20191030T035901_20191030T040546_T46NGL,-0.9552459890420056,2019-10-30,30,10,2019,"{""type"":""MultiPoint"",""coordinates"":[]}"
2_20191101T034909_20191101T035843_T46NGM,-6.766249585329195,2019-11-01,01,11,2019,"{""type"":""MultiPoint"",""coordinates"":[]}"
2_20191109T040001_20191109T040459_T46NGL,-6.932460921028006,2019-11-09,09,11,2019,"{""type"":""MultiPoint"",""coordinates"":[]}"
2_20191111T034959_20191111T035943_T46NGL,-5.359410816073081,2019-11-11,11,11,2019,"{""type"":""MultiPoint"",""coordinates"":[]}"
2_20191121T035039_20191121T040112_T46NGL,-4.135479689367881,2019-11-21,21,11,2019,"{""type"":""MultiPoint"",""coordinates"":[]}"
2_20191126T035101_20191126T035753_T46NHM,-2.6167075581289483,2019-11-26,26,11,2019,"{""type"":""MultiPoint"",""coordinates"":[]}"
2_20191211T035139_20191211T040305_T46NGM,-2.4828463932271387,2019-12-11,11,12,2019,"{""type"":""MultiPoint"",""coordinates"":[]}"
2_20191214T040149_20191214T041420_T46NGL,-1.3139148095059343,2019-12-14,14,12,2019,"{""type"":""MultiPoint"",""coordinates"":[]}"
2_20191219T040151_20191219T040855_T46NGL,-5.080098272028316,2019-12-19,19,12,2019,"{""type"":""MultiPoint"",""coordinates"":[]}"
2_20191224T040149_20191224T040824_T46NGL,-6.596335787167003,2019-12-24,24,12,2019,"{""type"":""MultiPoint"",""coordinates"":[]}"
2_20191226T035151_20191226T035837_T46NGL,-4.275976691770384,2019-12-26,26,12,2019,"{""type"":""MultiPoint"",""coordinates"":[]}"
2_20191226T035151_20191226T035837_T46NGM,-3.900988249382064,2019-12-26,26,12,2019,"{""type"":""MultiPoint"",""coordinates"":[]}"
2_20191226T035151_20191226T035837_T46NHL,-3.1029390573857727,2019-12-26,26,12,2019,"{""type"":""MultiPoint"",""coordinates"":[]}"
2_20191226T035151_20191226T035837_T46NHM,-3.3920507239060873,2019-12-26,26,12,2019,"{""type"":""MultiPoint"",""coordinates"":[]}"
2_20191229T040151_20191229T040557_T46NGL,-4.2877357918081955,2019-12-29,29,12,2019,"{""type"":""MultiPoint"",""coordinates"":[]}"
2_20191229T040151_20191229T040557_T46NGM,-4.634798552624106,2019-12-29,29,12,2019,"{""type"":""MultiPoint"",""coordinates"":[]}"
2_20191231T035149_20191231T040403_T46NGL,-2.8458423839016573,2019-12-31,31,12,2019,"{""type"":""MultiPoint"",""coordinates"":[]}"
2_20191231T035149_20191231T040403_T46NHM,-0.4160921084657796,2019-12-31,31,12,2019,"{""type"":""MultiPoint"",""coordinates"":[]}"
2_20200103T040149_20200103T041413_T46NGM,-4.162177716591632,2020-01-03,03,01,2020,"{""type"":""MultiPoint"",""coordinates"":[]}"
2_20200105T035141_20200105T035826_T46NGL,-4.365553963173252,2020-01-05,05,01,2020,"{""type"":""MultiPoint"",""coordinates"":[]}"
2_20200105T035141_20200105T035826_T46NGM,-4.357367339488902,2020-01-05,05,01,2020,"{""type"":""MultiPoint"",""coordinates"":[]}"
2_20200105T035141_20200105T035826_T46NHL,-3.8207926036631275,2020-01-05,05,01,2020,"{""type"":""MultiPoint"",""coordinates"":[]}"
2_20200105T035141_20200105T035826_T46NHM,-4.347153637742998,2020-01-05,05,01,2020,"{""type"":""MultiPoint"",""coordinates"":[]}"
2_20200108T040131_20200108T040823_T46NGL,-4.75134414291329,2020-01-08,08,01,2020,"{""type"":""MultiPoint"",""coordinates"":[]}"
2_20200108T040131_20200108T040823_T46NGM,-4.21350050586384,2020-01-08,08,01,2020,"{""type"":""MultiPoint"",""coordinates"":[]}"
2_20200113T040119_20200113T041329_T46NGL,-2.6184061710877287,2020-01-13,13,01,2020,"{""type"":""MultiPoint"",""coordinates"":[]}"
2_20200115T035111_20200115T035801_T46NGL,-5.280431072022748,2020-01-15,15,01,2020,"{""type"":""MultiPoint"",""coordinates"":[]}"
2_20200115T035111_20200115T035801_T46NHL,-5.400643453284099,2020-01-15,15,01,2020,"{""type"":""MultiPoint"",""coordinates"":[]}"
2_20200118T040101_20200118T040809_T46NGM,-2.7301162396562146,2020-01-18,18,01,2020,"{""type"":""MultiPoint"",""coordinates"":[]}"
2_20200120T035049_20200120T040137_T46NGM,-2.696423851107907,2020-01-20,20,01,2020,"{""type"":""MultiPoint"",""coordinates"":[]}"
2_20200120T035049_20200120T040137_T46NHM,-3.146605881530099,2020-01-20,20,01,2020,"{""type"":""MultiPoint"",""coordinates"":[]}"
2_20200123T040039_20200123T041500_T46NGM,-4.6876938777997355,2020-01-23,23,01,2020,"{""type"":""MultiPoint"",""coordinates"":[]}"
2_20200125T035031_20200125T035720_T46NHM,0.09599007326330776,2020-01-25,25,01,2020,"{""type"":""MultiPoint"",""coordinates"":[]}"
2_20200204T034941_20200204T035614_T46NGM,-3.84688676753254,2020-02-04,04,02,2020,"{""type"":""MultiPoint"",""coordinates"":[]}"
2_20200204T034941_20200204T035614_T46NHM,-2.788158043407225,2020-02-04,04,02,2020,"{""type"":""MultiPoint"",""coordinates"":[]}"
2_20200209T034909_20200209T035816_T46NGM,-3.195200900422921,2020-02-09,09,02,2020,"{""type"":""MultiPoint"",""coordinates"":[]}"
2_20200209T034909_20200209T035816_T46NHM,-2.304433280271554,2020-02-09,09,02,2020,"{""type"":""MultiPoint"",""coordinates"":[]}"
2_20200214T034841_20200214T035327_T46NGL,-5.187947622346021,2020-02-14,14,02,2020,"{""type"":""MultiPoint"",""coordinates"":[]}"
2_20200214T034841_20200214T035327_T46NHM,-5.677571991693796,2020-02-14,14,02,2020,"{""type"":""MultiPoint"",""coordinates"":[]}"
2_20200217T035821_20200217T040431_T46NGL,-1.5426736437665352,2020-02-17,17,02,2020,"{""type"":""MultiPoint"",""coordinates"":[]}"
2_20200222T035759_20200222T040947_T46NGL,-4.4966235571442725,2020-02-22,22,02,2020,"{""type"":""MultiPoint"",""coordinates"":[]}"
2_20200222T035759_20200222T040947_T46NGM,-4.432580838504644,2020-02-22,22,02,2020,"{""type"":""MultiPoint"",""coordinates"":[]}"
2_20200224T034731_20200224T035208_T46NGL,-3.1430937578831166,2020-02-24,24,02,2020,"{""type"":""MultiPoint"",""coordinates"":[]}"
2_20200224T034731_20200224T035208_T46NHM,-1.6449873025668773,2020-02-24,24,02,2020,"{""type"":""MultiPoint"",""coordinates"":[]}"
2_20200227T035721_20200227T040223_T46NGL,-6.541251865516326,2020-02-27,27,02,2020,"{""type"":""MultiPoint"",""coordinates"":[]}"
2_20200227T035721_20200227T040223_T46NGM,-5.151158946456492,2020-02-27,27,02,2020,"{""type"":""MultiPoint"",""coordinates"":[]}"
2_20200229T034659_20200229T040415_T46NGM,-4.200157342822426,2020-02-29,29,02,2020,"{""type"":""MultiPoint"",""coordinates"":[]}"
2_20200229T034659_20200229T040415_T46NHM,-3.791470075375921,2020-02-29,29,02,2020,"{""type"":""MultiPoint"",""coordinates"":[]}"
2_20200303T035639_20200303T041325_T46NGL,-5.123112836461088,2020-03-03,03,03,2020,"{""type"":""MultiPoint"",""coordinates"":[]}"
2_20200308T035611_20200308T035808_T46NGM,-3.0162073434985572,2020-03-08,08,03,2020,"{""type"":""MultiPoint"",""coordinates"":[]}"
2_20200308T035611_20200308T041639_T46NGM,-4.257904052026684,2020-03-08,08,03,2020,"{""type"":""MultiPoint"",""coordinates"":[]}"
2_20200313T035539_20200313T041213_T46NGL,-6.017248285741818,2020-03-13,13,03,2020,"{""type"":""MultiPoint"",""coordinates"":[]}"
2_20200313T035539_20200313T041213_T46NGM,-3.6238744235686915,2020-03-13,13,03,2020,"{""type"":""MultiPoint"",""coordinates"":[]}"
2_20200318T035531_20200318T040004_T46NGM,-1.9087069264759318,2020-03-18,18,03,2020,"{""type"":""MultiPoint"",""coordinates"":[]}"
2_20200323T035539_20200323T041532_T46NGL,-7.379534787207735,2020-03-23,23,03,2020,"{""type"":""MultiPoint"",""coordinates"":[]}"
2_20200323T035539_20200323T041532_T46NGM,-5.300081793378214,2020-03-23,23,03,2020,"{""type"":""MultiPoint"",""coordinates"":[]}"
2_20200325T034531_20200325T034958_T46NGM,-2.896513856083453,2020-03-25,25,03,2020,"{""type"":""MultiPoint"",""coordinates"":[]}"
2_20200325T034531_20200325T034958_T46NHM,-3.835004213561901,2020-03-25,25,03,2020,"{""type"":""MultiPoint"",""coordinates"":[]}"
2_20200409T034529_20200409T040445_T46NGM,-5.226849511281595,2020-04-09,09,04,2020,"{""type"":""MultiPoint"",""coordinates"":[]}"
2_20200419T034529_20200419T040538_T46NGL,-7.28774447849583,2020-04-19,19,04,2020,"{""type"":""MultiPoint"",""coordinates"":[]}"
2_20200419T034529_20200419T040538_T46NGM,-5.826843560271642,2020-04-19,19,04,2020,"{""type"":""MultiPoint"",""coordinates"":[]}"
2_20200419T034529_20200419T040538_T46NHL,-7.823468087904429,2020-04-19,19,04,2020,"{""type"":""MultiPoint"",""coordinates"":[]}"
2_20200427T035541_20200427T041631_T46NGL,-1.5672514355871348,2020-04-27,27,04,2020,"{""type"":""MultiPoint"",""coordinates"":[]}"
2_20200429T034529_20200429T040640_T46NGM,-5.870797694028495,2020-04-29,29,04,2020,"{""type"":""MultiPoint"",""coordinates"":[]}"
2_20200429T034529_20200429T040640_T46NHM,-5.922773701691021,2020-04-29,29,04,2020,"{""type"":""MultiPoint"",""coordinates"":[]}"
2_20200603T034541_20200603T040644_T46NGL,-8.16413688454156,2020-06-03,03,06,2020,"{""type"":""MultiPoint"",""coordinates"":[]}"
2_20200603T034541_20200603T040644_T46NGM,-7.157415638188362,2020-06-03,03,06,2020,"{""type"":""MultiPoint"",""coordinates"":[]}"
2_20200603T034541_20200603T040644_T46NHM,-4.693152765037042,2020-06-03,03,06,2020,"{""type"":""MultiPoint"",""coordinates"":[]}"
2_20200608T034539_20200608T040603_T46NGL,-5.993992324415762,2020-06-08,08,06,2020,"{""type"":""MultiPoint"",""coordinates"":[]}"
2_20200613T034541_20200613T034917_T46NGM,-6.405485108467747,2020-06-13,13,06,2020,"{""type"":""MultiPoint"",""coordinates"":[]}"
2_20200613T034541_20200613T034917_T46NHL,-7.6771520257081525,2020-06-13,13,06,2020,"{""type"":""MultiPoint"",""coordinates"":[]}"
2_20200613T034541_20200613T034917_T46NHM,-4.5578080878983585,2020-06-13,13,06,2020,"{""type"":""MultiPoint"",""coordinates"":[]}"
2_20200716T035541_20200716T040012_T46NGL,-5.311339574010394,2020-07-16,16,07,2020,"{""type"":""MultiPoint"",""coordinates"":[]}"
2_20200716T035541_20200716T040012_T46NGM,-5.33774989257464,2020-07-16,16,07,2020,"{""type"":""MultiPoint"",""coordinates"":[]}"
2_20200807T034539_20200807T040039_T46NHL,-5.637089088871362,2020-08-07,07,08,2020,"{""type"":""MultiPoint"",""coordinates"":[]}"
2_20200807T034539_20200807T040039_T46NHM,-0.17093143518539478,2020-08-07,07,08,2020,"{""type"":""MultiPoint"",""coordinates"":[]}"
2_20200817T034539_20200817T040040_T46NGL,-4.202479645072419,2020-08-17,17,08,2020,"{""type"":""MultiPoint"",""coordinates"":[]}"
2_20200817T034539_20200817T040040_T46NGM,-2.6174799604616474,2020-08-17,17,08,2020,"{""type"":""MultiPoint"",""coordinates"":[]}"
2_20200817T034539_20200817T040040_T46NHL,-8.079699681562706,2020-08-17,17,08,2020,"{""type"":""MultiPoint"",""coordinates"":[]}"
2_20200817T034539_20200817T040040_T46NHM,-4.444603622983709,2020-08-17,17,08,2020,"{""type"":""MultiPoint"",""coordinates"":[]}"
2_20200820T035539_20200820T041118_T46NGL,-5.343647822363418,2020-08-20,20,08,2020,"{""type"":""MultiPoint"",""coordinates"":[]}"
2_20200822T034541_20200822T040241_T46NGM,-4.951059957800853,2020-08-22,22,08,2020,"{""type"":""MultiPoint"",""coordinates"":[]}"
2_20200825T035541_20200825T041319_T46NGM,-4.718163079340411,2020-08-25,25,08,2020,"{""type"":""MultiPoint"",""coordinates"":[]}"
2_20201001T034551_20201001T040240_T46NGL,-3.7541753650405596,2020-10-01,01,10,2020,"{""type"":""MultiPoint"",""coordinates"":[]}"
2_20201105T034939_20201105T040226_T46NGL,-4.356553881095156,2020-11-05,05,11,2020,"{""type"":""MultiPoint"",""coordinates"":[]}"
2_20201108T035959_20201108T041423_T46NGL,-2.0028376043798937,2020-11-08,08,11,2020,"{""type"":""MultiPoint"",""coordinates"":[]}"
2_20201125T035059_20201125T040647_T46NHM,-5.27705124795991,2020-11-25,25,11,2020,"{""type"":""MultiPoint"",""coordinates"":[]}"
2_20201208T040139_20201208T041337_T46NGM,-3.446963024940016,2020-12-08,08,12,2020,"{""type"":""MultiPoint"",""coordinates"":[]}"
2_20201223T040201_20201223T041215_T46NGL,-6.4336414075015815,2020-12-23,23,12,2020,"{""type"":""MultiPoint"",""coordinates"":[]}"
2_20201223T040201_20201223T041646_T46NGL,-5.413304946871695,2020-12-23,23,12,2020,"{""type"":""MultiPoint"",""coordinates"":[]}"
2_20201223T040201_20201223T041646_T46NGM,-5.784241641511616,2020-12-23,23,12,2020,"{""type"":""MultiPoint"",""coordinates"":[]}"
2_20210104T035139_20210104T040638_T46NGL,-3.1820616009239795,2021-01-04,04,01,2021,"{""type"":""MultiPoint"",""coordinates"":[]}"
2_20210114T035119_20210114T040548_T46NGL,-3.331433156263839,2021-01-14,14,01,2021,"{""type"":""MultiPoint"",""coordinates"":[]}"
2_20210122T040051_20210122T041350_T46NGL,-3.3277007336886286,2021-01-22,22,01,2021,"{""type"":""MultiPoint"",""coordinates"":[]}"
2_20210122T040051_20210122T041350_T46NGM,-3.854882797309955,2021-01-22,22,01,2021,"{""type"":""MultiPoint"",""coordinates"":[]}"
2_20210124T035039_20210124T040556_T46NGL,-4.95812810161537,2021-01-24,24,01,2021,"{""type"":""MultiPoint"",""coordinates"":[]}"
2_20210124T035039_20210124T040556_T46NHL,-4.409564162513995,2021-01-24,24,01,2021,"{""type"":""MultiPoint"",""coordinates"":[]}"
2_20210208T034921_20210208T035557_T46NGM,-4.480613282386594,2021-02-08,08,02,2021,"{""type"":""MultiPoint"",""coordinates"":[]}"
2_20210208T034921_20210208T035557_T46NHM,-3.3723610066500607,2021-02-08,08,02,2021,"{""type"":""MultiPoint"",""coordinates"":[]}"
2_20210213T034849_20210213T040051_T46NGL,-6.4988467996803525,2021-02-13,13,02,2021,"{""type"":""MultiPoint"",""coordinates"":[]}"
2_20210213T034849_20210213T040051_T46NGM,-7.5062543350785145,2021-02-13,13,02,2021,"{""type"":""MultiPoint"",""coordinates"":[]}"
2_20210213T034849_20210213T040051_T46NHL,-6.256122232391391,2021-02-13,13,02,2021,"{""type"":""MultiPoint"",""coordinates"":[]}"
2_20210213T034849_20210213T040051_T46NHM,-12.141329650474736,2021-02-13,13,02,2021,"{""type"":""MultiPoint"",""coordinates"":[]}"
2_20210218T034811_20210218T035431_T46NGM,-7.699883770011644,2021-02-18,18,02,2021,"{""type"":""MultiPoint"",""coordinates"":[]}"
2_20210218T034811_20210218T035431_T46NHM,-5.9693031444914935,2021-02-18,18,02,2021,"{""type"":""MultiPoint"",""coordinates"":[]}"
2_20210221T035801_20210221T040842_T46NGM,-6.170731258968655,2021-02-21,21,02,2021,"{""type"":""MultiPoint"",""coordinates"":[]}"
2_20210228T034701_20210228T035243_T46NGL,-5.859291431626555,2021-02-28,28,02,2021,"{""type"":""MultiPoint"",""coordinates"":[]}"
2_20210228T034701_20210228T035243_T46NGM,-5.3132115365663175,2021-02-28,28,02,2021,"{""type"":""MultiPoint"",""coordinates"":[]}"
2_20210228T034701_20210228T035243_T46NHL,-4.610183281249132,2021-02-28,28,02,2021,"{""type"":""MultiPoint"",""coordinates"":[]}"
2_20210228T034701_20210228T035243_T46NHM,-4.762932054580016,2021-02-28,28,02,2021,"{""type"":""MultiPoint"",""coordinates"":[]}"
2_20210308T035609_20210308T040733_T46NGM,-6.138079900555844,2021-03-08,08,03,2021,"{""type"":""MultiPoint"",""coordinates"":[]}"
2_20210310T034551_20210310T035131_T46NGL,-6.902138632693376,2021-03-10,10,03,2021,"{""type"":""MultiPoint"",""coordinates"":[]}"
2_20210310T034551_20210310T035131_T46NHL,-6.7168896983316495,2021-03-10,10,03,2021,"{""type"":""MultiPoint"",""coordinates"":[]}"
2_20210310T034551_20210310T035131_T46NHM,-3.262068043227077,2021-03-10,10,03,2021,"{""type"":""MultiPoint"",""coordinates"":[]}"
2_20210318T035539_20210318T041327_T46NGM,-3.4812069797220975,2021-03-18,18,03,2021,"{""type"":""MultiPoint"",""coordinates"":[]}"
2_20210320T034531_20210320T040115_T46NHM,-3.292544704284823,2021-03-20,20,03,2021,"{""type"":""MultiPoint"",""coordinates"":[]}"
2_20210325T034539_20210325T040321_T46NGL,-4.956626071275708,2021-03-25,25,03,2021,"{""type"":""MultiPoint"",""coordinates"":[]}"
2_20210325T034539_20210325T040321_T46NHM,-4.425887995229688,2021-03-25,25,03,2021,"{""type"":""MultiPoint"",""coordinates"":[]}"
2_20210409T034531_20210409T035109_T46NGL,-11.095359107838293,2021-04-09,09,04,2021,"{""type"":""MultiPoint"",""coordinates"":[]}"
2_20210409T034531_20210409T035109_T46NGM,-9.485546786359414,2021-04-09,09,04,2021,"{""type"":""MultiPoint"",""coordinates"":[]}"
2_20210409T034531_20210409T035109_T46NHL,-7.9948840329749835,2021-04-09,09,04,2021,"{""type"":""MultiPoint"",""coordinates"":[]}"
2_20210409T034531_20210409T035109_T46NHM,-7.884004636392935,2021-04-09,09,04,2021,"{""type"":""MultiPoint"",""coordinates"":[]}"
2_20210412T035531_20210412T041453_T46NGL,-1.5974237522950714,2021-04-12,12,04,2021,"{""type"":""MultiPoint"",""coordinates"":[]}"
2_20210422T035531_20210422T041211_T46NGL,-5.366555613696882,2021-04-22,22,04,2021,"{""type"":""MultiPoint"",""coordinates"":[]}"
2_20210422T035531_20210422T041211_T46NGM,-4.575056106961743,2021-04-22,22,04,2021,"{""type"":""MultiPoint"",""coordinates"":[]}"
2_20210422T035531_20210422T041642_T46NGM,-5.5129421897970525,2021-04-22,22,04,2021,"{""type"":""MultiPoint"",""coordinates"":[]}"
2_20210429T034531_20210429T035111_T46NGL,-8.280628184778708,2021-04-29,29,04,2021,"{""type"":""MultiPoint"",""coordinates"":[]}"
2_20210524T034539_20210524T040148_T46NGL,-2.9951309973015734,2021-05-24,24,05,2021,"{""type"":""MultiPoint"",""coordinates"":[]}"
2_20210701T035541_20210701T041218_T46NGL,-4.964344210228467,2021-07-01,01,07,2021,"{""type"":""MultiPoint"",""coordinates"":[]}"
2_20210701T035541_20210701T041218_T46NGM,-4.321982955809798,2021-07-01,01,07,2021,"{""type"":""MultiPoint"",""coordinates"":[]}"
2_20210703T034539_20210703T040023_T46NGL,-5.820664299531604,2021-07-03,03,07,2021,"{""type"":""MultiPoint"",""coordinates"":[]}"
2_20210703T034539_20210703T040023_T46NHM,-2.540105098612364,2021-07-03,03,07,2021,"{""type"":""MultiPoint"",""coordinates"":[]}"
2_20210716T035539_20210716T041211_T46NGL,-3.5186713894411143,2021-07-16,16,07,2021,"{""type"":""MultiPoint"",""coordinates"":[]}"
2_20210718T034541_20210718T040120_T46NHL,-4.17974110539664,2021-07-18,18,07,2021,"{""type"":""MultiPoint"",""coordinates"":[]}"
2_20210726T035539_20210726T041051_T46NGM,-5.394705210478978,2021-07-26,26,07,2021,"{""type"":""MultiPoint"",""coordinates"":[]}"
2_20210728T034541_20210728T035913_T46NGL,-5.48124805939807,2021-07-28,28,07,2021,"{""type"":""MultiPoint"",""coordinates"":[]}"
2_20210728T034541_20210728T035913_T46NGM,-2.2924157060600416,2021-07-28,28,07,2021,"{""type"":""MultiPoint"",""coordinates"":[]}"
2_20210728T034541_20210728T035913_T46NHL,-7.476857309646277,2021-07-28,28,07,2021,"{""type"":""MultiPoint"",""coordinates"":[]}"
2_20210728T034541_20210728T035913_T46NHM,-0.08379246207953688,2021-07-28,28,07,2021,"{""type"":""MultiPoint"",""coordinates"":[]}"
2_20210807T034541_20210807T035116_T46NGM,-4.941688428429395,2021-08-07,07,08,2021,"{""type"":""MultiPoint"",""coordinates"":[]}"
2_20210817T034541_20210817T040050_T46NGL,-1.882177664464557,2021-08-17,17,08,2021,"{""type"":""MultiPoint"",""coordinates"":[]}"
2_20210817T034541_20210817T040050_T46NHL,-3.893002572059789,2021-08-17,17,08,2021,"{""type"":""MultiPoint"",""coordinates"":[]}"
2_20210906T034541_20210906T035114_T46NGL,4.832414185835581,2021-09-06,06,09,2021,"{""type"":""MultiPoint"",""coordinates"":[]}"
2_20210906T034541_20210906T035114_T46NGM,5.01199329272198,2021-09-06,06,09,2021,"{""type"":""MultiPoint"",""coordinates"":[]}"
2_20210906T034541_20210906T035114_T46NHL,1.8646564263515153,2021-09-06,06,09,2021,"{""type"":""MultiPoint"",""coordinates"":[]}"
2_20210906T034541_20210906T035114_T46NHM,0.5328519046389649,2021-09-06,06,09,2021,"{""type"":""MultiPoint"",""coordinates"":[]}"
2_20210924T035539_20210924T040703_T46NGL,-3.9343062026475075,2021-09-24,24,09,2021,"{""type"":""MultiPoint"",""coordinates"":[]}"
2_20211004T035609_20211004T040733_T46NGL,-3.2879589526149045,2021-10-04,04,10,2021,"{""type"":""MultiPoint"",""coordinates"":[]}"
2_20211004T035609_20211004T040733_T46NGM,-5.413857439434678,2021-10-04,04,10,2021,"{""type"":""MultiPoint"",""coordinates"":[]}"
2_20211213T040149_20211213T041507_T46NGL,-4.002024566570373,2021-12-13,13,12,2021,"{""type"":""MultiPoint"",""coordinates"":[]}"
2_20211213T040149_20211213T041507_T46NGM,-4.623495900965789,2021-12-13,13,12,2021,"{""type"":""MultiPoint"",""coordinates"":[]}"
2_20211225T035151_20211225T040145_T46NGL,-4.952686486394185,2021-12-25,25,12,2021,"{""type"":""MultiPoint"",""coordinates"":[]}"
2_20211225T035151_20211225T040145_T46NGM,-4.511771118814152,2021-12-25,25,12,2021,"{""type"":""MultiPoint"",""coordinates"":[]}"
2_20211225T035151_20211225T040145_T46NHL,-4.397272793439819,2021-12-25,25,12,2021,"{""type"":""MultiPoint"",""coordinates"":[]}"
2_20211225T035151_20211225T040145_T46NHM,-2.757689352566494,2021-12-25,25,12,2021,"{""type"":""MultiPoint"",""coordinates"":[]}"
2_20211228T040201_20211228T041623_T46NGL,-5.200914758468746,2021-12-28,28,12,2021,"{""type"":""MultiPoint"",""coordinates"":[]}"
2_20211228T040201_20211228T041623_T46NGM,-5.107982415148454,2021-12-28,28,12,2021,"{""type"":""MultiPoint"",""coordinates"":[]}"
2_20220107T040141_20220107T040838_T46NGM,-4.670399361568114,2022-01-07,07,01,2022,"{""type"":""MultiPoint"",""coordinates"":[]}"
2_20220112T040119_20220112T041128_T46NGL,-3.357685569106502,2022-01-12,12,01,2022,"{""type"":""MultiPoint"",""coordinates"":[]}"
2_20220112T040119_20220112T041128_T46NGM,-3.91208484812903,2022-01-12,12,01,2022,"{""type"":""MultiPoint"",""coordinates"":[]}"
2_20220114T035121_20220114T040329_T46NHL,-6.58762958247439,2022-01-14,14,01,2022,"{""type"":""MultiPoint"",""coordinates"":[]}"
2_20220114T035121_20220114T040329_T46NHM,-4.436124553168718,2022-01-14,14,01,2022,"{""type"":""MultiPoint"",""coordinates"":[]}"
2_20220117T040111_20220117T041424_T46NGL,-5.181225276067419,2022-01-17,17,01,2022,"{""type"":""MultiPoint"",""coordinates"":[]}"
2_20220122T040049_20220122T041623_T46NGL,-4.889434215357719,2022-01-22,22,01,2022,"{""type"":""MultiPoint"",""coordinates"":[]}"
2_20220122T040049_20220122T041623_T46NGM,-5.468791867892289,2022-01-22,22,01,2022,"{""type"":""MultiPoint"",""coordinates"":[]}"
2_20220129T035009_20220129T040340_T46NGL,-4.373561338902365,2022-01-29,29,01,2022,"{""type"":""MultiPoint"",""coordinates"":[]}"
2_20220218T034809_20220218T040535_T46NHM,-2.401195067737346,2022-02-18,18,02,2022,"{""type"":""MultiPoint"",""coordinates"":[]}"
2_20220221T035759_20220221T041041_T46NGL,-3.8885973221297134,2022-02-21,21,02,2022,"{""type"":""MultiPoint"",""coordinates"":[]}"
2_20220313T035539_20220313T040827_T46NGL,-2.894082062506046,2022-03-13,13,03,2022,"{""type"":""MultiPoint"",""coordinates"":[]}"
2_20220313T035539_20220313T040827_T46NGM,-2.8387016747761415,2022-03-13,13,03,2022,"{""type"":""MultiPoint"",""coordinates"":[]}"
2_20220330T034529_20220330T035751_T46NGM,-4.770949028112971,2022-03-30,30,03,2022,"{""type"":""MultiPoint"",""coordinates"":[]}"
2_20220330T034529_20220330T035751_T46NHM,-4.165270802708697,2022-03-30,30,03,2022,"{""type"":""MultiPoint"",""coordinates"":[]}"
2_20220404T034541_20220404T035111_T46NGL,-6.076004541598359,2022-04-04,04,04,2022,"{""type"":""MultiPoint"",""coordinates"":[]}"
2_20220407T035541_20220407T041444_T46NGL,-5.492557227612821,2022-04-07,07,04,2022,"{""type"":""MultiPoint"",""coordinates"":[]}"
2_20220412T035539_20220412T041002_T46NGM,-5.2825901638633255,2022-04-12,12,04,2022,"{""type"":""MultiPoint"",""coordinates"":[]}"
2_20220414T034541_20220414T035112_T46NGL,-7.32751588842591,2022-04-14,14,04,2022,"{""type"":""MultiPoint"",""coordinates"":[]}"
2_20220414T034541_20220414T035112_T46NGM,-7.849936071291542,2022-04-14,14,04,2022,"{""type"":""MultiPoint"",""coordinates"":[]}"
2_20220414T034541_20220414T035112_T46NHL,-5.893920568152177,2022-04-14,14,04,2022,"{""type"":""MultiPoint"",""coordinates"":[]}"
2_20220414T034541_20220414T035112_T46NHM,-7.718233587357213,2022-04-14,14,04,2022,"{""type"":""MultiPoint"",""coordinates"":[]}"
2_20220417T035541_20220417T040926_T46NGM,-4.324605786760689,2022-04-17,17,04,2022,"{""type"":""MultiPoint"",""coordinates"":[]}"
2_20220417T035541_20220417T041646_T46NGL,-3.7124380836382107,2022-04-17,17,04,2022,"{""type"":""MultiPoint"",""coordinates"":[]}"
2_20220422T035529_20220422T041055_T46NGL,-3.8202790803787576,2022-04-22,22,04,2022,"{""type"":""MultiPoint"",""coordinates"":[]}"
2_20220422T035529_20220422T041055_T46NGM,-3.4861976647261805,2022-04-22,22,04,2022,"{""type"":""MultiPoint"",""coordinates"":[]}"
2_20220613T034551_20220613T040018_T46NGL,-8.613231793940386,2022-06-13,13,06,2022,"{""type"":""MultiPoint"",""coordinates"":[]}"
2_20220613T034551_20220613T040018_T46NHL,-9.181125653945417,2022-06-13,13,06,2022,"{""type"":""MultiPoint"",""coordinates"":[]}"
2_20220706T035551_20220706T040719_T46NGL,-5.348836640634528,2022-07-06,06,07,2022,"{""type"":""MultiPoint"",""coordinates"":[]}"
2_20220718T034539_20220718T035932_T46NHL,-7.307851516756188,2022-07-18,18,07,2022,"{""type"":""MultiPoint"",""coordinates"":[]}"
2_20220810T035539_20220810T041027_T46NGL,-9.551947477043637,2022-08-10,10,08,2022,"{""type"":""MultiPoint"",""coordinates"":[]}"
2_20220810T035539_20220810T041027_T46NGM,-8.52163161295651,2022-08-10,10,08,2022,"{""type"":""MultiPoint"",""coordinates"":[]}"
2_20220916T034539_20220916T040020_T46NGM,-6.5247559258800045,2022-09-16,16,09,2022,"{""type"":""MultiPoint"",""coordinates"":[]}"
2_20220916T034539_20220916T040020_T46NHM,-8.621775397521573,2022-09-16,16,09,2022,"{""type"":""MultiPoint"",""coordinates"":[]}"
2_20220919T035539_20220919T040627_T46NGL,-5.5301969477410235,2022-09-19,19,09,2022,"{""type"":""MultiPoint"",""coordinates"":[]}"
2_20221125T035059_20221125T040200_T46NGM,-4.167757720179298,2022-11-25,25,11,2022,"{""type"":""MultiPoint"",""coordinates"":[]}"
2_20221128T040119_20221128T040953_T46NGL,-3.1413643410546293,2022-11-28,28,11,2022,"{""type"":""MultiPoint"",""coordinates"":[]}"
2_20221223T040151_20221223T041453_T46NGL,-4.370811547342097,2022-12-23,23,12,2022,"{""type"":""MultiPoint"",""coordinates"":[]}"
2_20221223T040151_20221223T041453_T46NGM,-4.153529414894388,2022-12-23,23,12,2022,"{""type"":""MultiPoint"",""coordinates"":[]}"
2_20230109T035131_20230109T040251_T46NGL,-4.253907630701237,2023-01-09,09,01,2023,"{""type"":""MultiPoint"",""coordinates"":[]}"
2_20230109T035131_20230109T040251_T46NHL,-3.607686693917401,2023-01-09,09,01,2023,"{""type"":""MultiPoint"",""coordinates"":[]}"
2_20230218T034811_20230218T040329_T46NGL,-4.469343769748662,2023-02-18,18,02,2023,"{""type"":""MultiPoint"",""coordinates"":[]}"
2_20230218T034811_20230218T040329_T46NHL,-2.847149569327102,2023-02-18,18,02,2023,"{""type"":""MultiPoint"",""coordinates"":[]}"
2_20230226T035729_20230226T040442_T46NGL,-0.3274823678184787,2023-02-26,26,02,2023,"{""type"":""MultiPoint"",""coordinates"":[]}"
2_20230308T035619_20230308T041559_T46NGL,-4.430883569743396,2023-03-08,08,03,2023,"{""type"":""MultiPoint"",""coordinates"":[]}"
2_20230422T035541_20230422T040458_T46NGL,-2.8659708718382317,2023-04-22,22,04,2023,"{""type"":""MultiPoint"",""coordinates"":[]}"
2_20230422T035541_20230422T040458_T46NGM,-3.5596942632684265,2023-04-22,22,04,2023,"{""type"":""MultiPoint"",""coordinates"":[]}"
2_20230512T035541_20230512T040548_T46NGL,-4.720701025847669,2023-05-12,12,05,2023,"{""type"":""MultiPoint"",""coordinates"":[]}"
2_20230512T035541_20230512T040548_T46NGM,-4.47863787795972,2023-05-12,12,05,2023,"{""type"":""MultiPoint"",""coordinates"":[]}"
2_20230514T034539_20230514T040011_T46NGL,-8.273443188958257,2023-05-14,14,05,2023,"{""type"":""MultiPoint"",""coordinates"":[]}"
2_20230514T034539_20230514T040011_T46NGM,-8.039043107645577,2023-05-14,14,05,2023,"{""type"":""MultiPoint"",""coordinates"":[]}"
2_20230514T034539_20230514T040011_T46NHL,-6.874877793770798,2023-05-14,14,05,2023,"{""type"":""MultiPoint"",""coordinates"":[]}"
2_20230514T034539_20230514T040011_T46NHM,-10.90056615499087,2023-05-14,14,05,2023,"{""type"":""MultiPoint"",""coordinates"":[]}"
2_20230527T035539_20230527T041014_T46NGL,-7.461052481450547,2023-05-27,27,05,2023,"{""type"":""MultiPoint"",""coordinates"":[]}"
2_20230527T035539_20230527T041014_T46NGM,-5.347821560589061,2023-05-27,27,05,2023,"{""type"":""MultiPoint"",""coordinates"":[]}"
2_20230529T034541_20230529T035746_T46NHL,-1.6914615057299893,2023-05-29,29,05,2023,"{""type"":""MultiPoint"",""coordinates"":[]}"
2_20230611T035541_20230611T040550_T46NGL,-5.288902428828782,2023-06-11,11,06,2023,"{""type"":""MultiPoint"",""coordinates"":[]}"
2_20230611T035541_20230611T040550_T46NGM,-5.706756598167029,2023-06-11,11,06,2023,"{""type"":""MultiPoint"",""coordinates"":[]}"
2_20230621T035541_20230621T040644_T46NGL,-8.196847770237865,2023-06-21,21,06,2023,"{""type"":""MultiPoint"",""coordinates"":[]}"
2_20230621T035541_20230621T040644_T46NGM,-6.091499377462286,2023-06-21,21,06,2023,"{""type"":""MultiPoint"",""coordinates"":[]}"
2_20230718T034541_20230718T035533_T46NHM,-5.048427165389736,2023-07-18,18,07,2023,"{""type"":""MultiPoint"",""coordinates"":[]}"
2_20230723T034539_20230723T040005_T46NGM,-5.6039499589672115,2023-07-23,23,07,2023,"{""type"":""MultiPoint"",""coordinates"":[]}"
2_20230805T035539_20230805T041014_T46NGM,-4.508288349589266,2023-08-05,05,08,2023,"{""type"":""MultiPoint"",""coordinates"":[]}"
2_20230817T034541_20230817T040240_T46NGL,-6.425577890741231,2023-08-17,17,08,2023,"{""type"":""MultiPoint"",""coordinates"":[]}"
2_20230820T035541_20230820T041055_T46NGL,-5.869800674398207,2023-08-20,20,08,2023,"{""type"":""MultiPoint"",""coordinates"":[]}"
2_20230820T035541_20230820T041055_T46NGM,-5.319595710578429,2023-08-20,20,08,2023,"{""type"":""MultiPoint"",""coordinates"":[]}"
2_20230822T034539_20230822T040455_T46NGL,-7.213110019174975,2023-08-22,22,08,2023,"{""type"":""MultiPoint"",""coordinates"":[]}"
2_20230822T034539_20230822T040455_T46NGM,-6.069087155591558,2023-08-22,22,08,2023,"{""type"":""MultiPoint"",""coordinates"":[]}"
2_20230822T034539_20230822T040455_T46NHM,-9.963017682125887,2023-08-22,22,08,2023,"{""type"":""MultiPoint"",""coordinates"":[]}"
2_20230909T035541_20230909T041054_T46NGM,-6.1778075723419,2023-09-09,09,09,2023,"{""type"":""MultiPoint"",""coordinates"":[]}"
2_20230911T034539_20230911T040618_T46NHL,-12.717484699780726,2023-09-11,11,09,2023,"{""type"":""MultiPoint"",""coordinates"":[]}"
2_20231001T034549_20231001T040014_T46NGL,-7.274882290418586,2023-10-01,01,10,2023,"{""type"":""MultiPoint"",""coordinates"":[]}"
2_20231001T034549_20231001T040014_T46NGM,-5.910453747513335,2023-10-01,01,10,2023,"{""type"":""MultiPoint"",""coordinates"":[]}"
2_20231001T034549_20231001T040014_T46NHM,-5.639059307308077,2023-10-01,01,10,2023,"{""type"":""MultiPoint"",""coordinates"":[]}"
2_20231026T034831_20231026T040603_T46NGM,-4.484087540485301,2023-10-26,26,10,2023,"{""type"":""MultiPoint"",""coordinates"":[]}"
2_20231026T034831_20231026T040603_T46NHM,-4.616077027479205,2023-10-26,26,10,2023,"{""type"":""MultiPoint"",""coordinates"":[]}"
2_20231029T035851_20231029T041056_T46NGL,-5.562375252027873,2023-10-29,29,10,2023,"{""type"":""MultiPoint"",""coordinates"":[]}"
2_20231029T035851_20231029T041056_T46NGM,-3.933682465731001,2023-10-29,29,10,2023,"{""type"":""MultiPoint"",""coordinates"":[]}"
2_20231208T040141_20231208T041105_T46NGL,-2.6148687679174136,2023-12-08,08,12,2023,"{""type"":""MultiPoint"",""coordinates"":[]}"
2_20231213T040149_20231213T041047_T46NGL,-1.6770310097364185,2023-12-13,13,12,2023,"{""type"":""MultiPoint"",""coordinates"":[]}"
2_20231213T040149_20231213T041047_T46NGM,-1.232274339118646,2023-12-13,13,12,2023,"{""type"":""MultiPoint"",""coordinates"":[]}"
2_20231228T040151_20231228T041354_T46NGM,-2.008218142034408,2023-12-28,28,12,2023,"{""type"":""MultiPoint"",""coordinates"":[]}"
2_20240102T040149_20240102T041205_T46NGL,-3.3603465277973186,2024-01-02,02,01,2024,"{""type"":""MultiPoint"",""coordinates"":[]}"
2_20240114T035111_20240114T040310_T46NGM,-3.8198946154463225,2024-01-14,14,01,2024,"{""type"":""MultiPoint"",""coordinates"":[]}"
2_20240114T035111_20240114T040310_T46NHL,-4.042506906152159,2024-01-14,14,01,2024,"{""type"":""MultiPoint"",""coordinates"":[]}"
2_20240114T035111_20240114T040310_T46NHM,-3.799773288082575,2024-01-14,14,01,2024,"{""type"":""MultiPoint"",""coordinates"":[]}"
2_20240122T040059_20240122T041121_T46NGL,-2.3625959149329274,2024-01-22,22,01,2024,"{""type"":""MultiPoint"",""coordinates"":[]}"
2_20240122T040059_20240122T041121_T46NGM,-2.2137796715930316,2024-01-22,22,01,2024,"{""type"":""MultiPoint"",""coordinates"":[]}"
2_20240201T040009_20240201T041401_T46NGL,-3.109983295911818,2024-02-01,01,02,2024,"{""type"":""MultiPoint"",""coordinates"":[]}"
2_20240201T040009_20240201T041401_T46NGM,-2.7996481163294025,2024-02-01,01,02,2024,"{""type"":""MultiPoint"",""coordinates"":[]}"
2_20240203T034951_20240203T040146_T46NHM,-2.121545320862116,2024-02-03,03,02,2024,"{""type"":""MultiPoint"",""coordinates"":[]}"
2_20240208T034929_20240208T040544_T46NGL,-4.001299015519086,2024-02-08,08,02,2024,"{""type"":""MultiPoint"",""coordinates"":[]}"
2_20240208T034929_20240208T040544_T46NHL,-3.30590538495931,2024-02-08,08,02,2024,"{""type"":""MultiPoint"",""coordinates"":[]}"
2_20240211T035909_20240211T041151_T46NGL,-3.8471595688385234,2024-02-11,11,02,2024,"{""type"":""MultiPoint"",""coordinates"":[]}"
2_20240211T035909_20240211T041151_T46NGM,-2.854105080947336,2024-02-11,11,02,2024,"{""type"":""MultiPoint"",""coordinates"":[]}"
2_20240213T034851_20240213T040438_T46NGL,-2.0399745569869574,2024-02-13,13,02,2024,"{""type"":""MultiPoint"",""coordinates"":[]}"
2_20240213T034851_20240213T040438_T46NGM,-2.4314103903814592,2024-02-13,13,02,2024,"{""type"":""MultiPoint"",""coordinates"":[]}"
2_20240213T034851_20240213T040438_T46NHL,-0.8509135234369679,2024-02-13,13,02,2024,"{""type"":""MultiPoint"",""coordinates"":[]}"
2_20240213T034851_20240213T040438_T46NHM,-1.0665870229064365,2024-02-13,13,02,2024,"{""type"":""MultiPoint"",""coordinates"":[]}"
2_20240218T034819_20240218T040333_T46NHM,-2.9078807987837716,2024-02-18,18,02,2024,"{""type"":""MultiPoint"",""coordinates"":[]}"
2_20240221T035809_20240221T040947_T46NGL,-3.619276937241812,2024-02-21,21,02,2024,"{""type"":""MultiPoint"",""coordinates"":[]}"
2_20240221T035809_20240221T040947_T46NGM,-3.749388848880936,2024-02-21,21,02,2024,"{""type"":""MultiPoint"",""coordinates"":[]}"
2_20240223T034741_20240223T040224_T46NGL,-3.3205262288066586,2024-02-23,23,02,2024,"{""type"":""MultiPoint"",""coordinates"":[]}"
2_20240223T034741_20240223T040224_T46NGM,-2.8023786460768734,2024-02-23,23,02,2024,"{""type"":""MultiPoint"",""coordinates"":[]}"
2_20240223T034741_20240223T040224_T46NHL,-2.806012231281841,2024-02-23,23,02,2024,"{""type"":""MultiPoint"",""coordinates"":[]}"
2_20240223T034741_20240223T040224_T46NHM,-2.942297664174565,2024-02-23,23,02,2024,"{""type"":""MultiPoint"",""coordinates"":[]}"
2_20240226T035731_20240226T041547_T46NGL,-3.111043685441056,2024-02-26,26,02,2024,"{""type"":""MultiPoint"",""coordinates"":[]}"
2_20240226T035731_20240226T041547_T46NGM,-3.948986637870271,2024-02-26,26,02,2024,"{""type"":""MultiPoint"",""coordinates"":[]}"
2_20240228T034709_20240228T040135_T46NGL,-4.094373072953459,2024-02-28,28,02,2024,"{""type"":""MultiPoint"",""coordinates"":[]}"
2_20240228T034709_20240228T040135_T46NHM,-1.7263261353694945,2024-02-28,28,02,2024,"{""type"":""MultiPoint"",""coordinates"":[]}"
2_20240312T035539_20240312T040521_T46NGL,-3.165369653928891,2024-03-12,12,03,2024,"{""type"":""MultiPoint"",""coordinates"":[]}"
2_20240312T035539_20240312T040521_T46NGM,-4.012558567551629,2024-03-12,12,03,2024,"{""type"":""MultiPoint"",""coordinates"":[]}"
2_20240314T034531_20240314T035814_T46NGL,-6.319022441015694,2024-03-14,14,03,2024,"{""type"":""MultiPoint"",""coordinates"":[]}"
2_20240314T034531_20240314T035814_T46NGM,-4.914104265580339,2024-03-14,14,03,2024,"{""type"":""MultiPoint"",""coordinates"":[]}"
2_20240314T034531_20240314T035814_T46NHL,-5.251775231134327,2024-03-14,14,03,2024,"{""type"":""MultiPoint"",""coordinates"":[]}"
2_20240314T034531_20240314T035814_T46NHM,-5.974728729934473,2024-03-14,14,03,2024,"{""type"":""MultiPoint"",""coordinates"":[]}"
2_20240317T035541_20240317T041241_T46NGM,-4.101550907470024,2024-03-17,17,03,2024,"{""type"":""MultiPoint"",""coordinates"":[]}"
2_20240319T034529_20240319T040001_T46NGL,-4.175904019044205,2024-03-19,19,03,2024,"{""type"":""MultiPoint"",""coordinates"":[]}"
2_20240319T034529_20240319T040001_T46NGM,-4.636831736748758,2024-03-19,19,03,2024,"{""type"":""MultiPoint"",""coordinates"":[]}"
2_20240319T034529_20240319T040001_T46NHL,-4.208446296126357,2024-03-19,19,03,2024,"{""type"":""MultiPoint"",""coordinates"":[]}"
2_20240319T034529_20240319T040001_T46NHM,-4.407887654959202,2024-03-19,19,03,2024,"{""type"":""MultiPoint"",""coordinates"":[]}"
2_20240322T035539_20240322T041512_T46NGM,-2.8926245138423874,2024-03-22,22,03,2024,"{""type"":""MultiPoint"",""coordinates"":[]}"
2_20240324T034531_20240324T040137_T46NGL,-4.8017360537417435,2024-03-24,24,03,2024,"{""type"":""MultiPoint"",""coordinates"":[]}"
2_20240324T034531_20240324T040137_T46NGM,-4.298181984272481,2024-03-24,24,03,2024,"{""type"":""MultiPoint"",""coordinates"":[]}"
2_20240324T034531_20240324T040137_T46NHL,-4.879267208759066,2024-03-24,24,03,2024,"{""type"":""MultiPoint"",""coordinates"":[]}"
2_20240324T034531_20240324T040137_T46NHM,-5.202122228568474,2024-03-24,24,03,2024,"{""type"":""MultiPoint"",""coordinates"":[]}"
2_20240329T034539_20240329T040002_T46NGL,-6.356727766395549,2024-03-29,29,03,2024,"{""type"":""MultiPoint"",""coordinates"":[]}"
2_20240329T034539_20240329T040002_T46NGM,-4.516947959030717,2024-03-29,29,03,2024,"{""type"":""MultiPoint"",""coordinates"":[]}"
2_20240406T035531_20240406T041615_T46NGM,-3.6574307965911186,2024-04-06,06,04,2024,"{""type"":""MultiPoint"",""coordinates"":[]}"
2_20240408T034529_20240408T035958_T46NGM,-4.055659925726581,2024-04-08,08,04,2024,"{""type"":""MultiPoint"",""coordinates"":[]}"
2_20240408T034529_20240408T035958_T46NHM,-5.127903515628362,2024-04-08,08,04,2024,"{""type"":""MultiPoint"",""coordinates"":[]}"
2_20240421T035539_20240421T041009_T46NGL,-3.666225450534156,2024-04-21,21,04,2024,"{""type"":""MultiPoint"",""coordinates"":[]}"
2_20240605T035541_20240605T041202_T46NGL,-5.097587945180088,2024-06-05,05,06,2024,"{""type"":""MultiPoint"",""coordinates"":[]}"
2_20240612T034541_20240612T040446_T46NHM,-8.46262854582661,2024-06-12,12,06,2024,"{""type"":""MultiPoint"",""coordinates"":[]}"
2_20240615T035541_20240615T041301_T46NGM,-4.288672642887139,2024-06-15,15,06,2024,"{""type"":""MultiPoint"",""coordinates"":[]}"
2_20240627T034539_20240627T040003_T46NHM,-6.315285425765323,2024-06-27,27,06,2024,"{""type"":""MultiPoint"",""coordinates"":[]}"
2_20240816T034539_20240816T040617_T46NGM,-3.255954086093435,2024-08-16,16,08,2024,"{""type"":""MultiPoint"",""coordinates"":[]}"
2_20240816T034539_20240816T040617_T46NHM,-4.500358585890732,2024-08-16,16,08,2024,"{""type"":""MultiPoint"",""coordinates"":[]}"
2_20240829T035539_20240829T041406_T46NGL,-5.993531124583349,2024-08-29,29,08,2024,"{""type"":""MultiPoint"",""coordinates"":[]}"
2_20240829T035539_20240829T041406_T46NGM,-6.1481841847366505,2024-08-29,29,08,2024,"{""type"":""MultiPoint"",""coordinates"":[]}"
2_20240915T034529_20240915T035607_T46NHM,-2.185591800870899,2024-09-15,15,09,2024,"{""type"":""MultiPoint"",""coordinates"":[]}"
2_20241015T034629_20241015T035835_T46NGL,-5.439517940905552,2024-10-15,15,10,2024,"{""type"":""MultiPoint"",""coordinates"":[]}"
2_20241020T034801_20241020T040248_T46NGM,-7.574949828678721,2024-10-20,20,10,2024,"{""type"":""MultiPoint"",""coordinates"":[]}"
2_20241023T035821_20241023T041010_T46NGL,-8.745358532250348,2024-10-23,23,10,2024,"{""type"":""MultiPoint"",""coordinates"":[]}"
2_20241023T035821_20241023T041010_T46NGM,-7.324347291711054,2024-10-23,23,10,2024,"{""type"":""MultiPoint"",""coordinates"":[]}"
2_20241028T035759_20241028T040938_T46NGL,-2.974955498353818,2024-10-28,28,10,2024,"{""type"":""MultiPoint"",""coordinates"":[]}"
2_20241028T035759_20241028T040938_T46NGM,-4.467479055121262,2024-10-28,28,10,2024,"{""type"":""MultiPoint"",""coordinates"":[]}"
2_20241104T034829_20241104T040307_T46NGM,-5.755841335162401,2024-11-04,04,11,2024,"{""type"":""MultiPoint"",""coordinates"":[]}"
2_20241107T035849_20241107T041010_T46NGL,-4.704026122079184,2024-11-07,07,11,2024,"{""type"":""MultiPoint"",""coordinates"":[]}"
2_20241107T035849_20241107T041010_T46NGM,-4.963538213520996,2024-11-07,07,11,2024,"{""type"":""MultiPoint"",""coordinates"":[]}"
2_20250101T040151_20250101T041354_T46NGL,-2.764234485636306,2025-01-01,01,01,2025,"{""type"":""MultiPoint"",""coordinates"":[]}"
2_20250131T040031_20250131T041554_T46NGL,-4.269331520711404,2025-01-31,31,01,2025,"{""type"":""MultiPoint"",""coordinates"":[]}"
2_20250131T040031_20250131T041554_T46NGM,-3.619064331127605,2025-01-31,31,01,2025,"{""type"":""MultiPoint"",""coordinates"":[]}"
2_20250207T034951_20250207T040322_T46NGM,-2.0746409954428873,2025-02-07,07,02,2025,"{""type"":""MultiPoint"",""coordinates"":[]}"
2_20250217T034851_20250217T040119_T46NGL,-3.4090727847952036,2025-02-17,17,02,2025,"{""type"":""MultiPoint"",""coordinates"":[]}"
2_20250302T035721_20250302T040537_T46NGL,-2.8097668476587465,2025-03-02,02,03,2025,"{""type"":""MultiPoint"",""coordinates"":[]}"
2_20250324T034539_20250324T040146_T46NGL,-5.32213137950952,2025-03-24,24,03,2025,"{""type"":""MultiPoint"",""coordinates"":[]}"
2_20250324T034539_20250324T040146_T46NGM,-5.244368883118566,2025-03-24,24,03,2025,"{""type"":""MultiPoint"",""coordinates"":[]}"
2_20250324T034539_20250324T040146_T46NHL,-4.906567199006545,2025-03-24,24,03,2025,"{""type"":""MultiPoint"",""coordinates"":[]}"
