system:index,LSWI,date,day,month,year,.geo
1_1_1_LT05_131056_20050122,0.29644576006266066,2005-01-22,22,01,2005,"{""type"":""MultiPoint"",""coordinates"":[]}"
1_1_1_LT05_131056_20050223,0.266577289251344,2005-02-23,23,02,2005,"{""type"":""MultiPoint"",""coordinates"":[]}"
1_1_1_LT05_131056_20050311,0.2668903993443858,2005-03-11,11,03,2005,"{""type"":""MultiPoint"",""coordinates"":[]}"
1_1_1_LT05_131056_20050327,0.29905721180389633,2005-03-27,27,03,2005,"{""type"":""MultiPoint"",""coordinates"":[]}"
1_1_1_LT05_131056_20050412,0.27620768311579125,2005-04-12,12,04,2005,"{""type"":""MultiPoint"",""coordinates"":[]}"
1_1_1_LT05_131056_20060704,0.33968316982749486,2006-07-04,04,07,2006,"{""type"":""MultiPoint"",""coordinates"":[]}"
1_1_1_LT05_131056_20060821,0.2896015701891891,2006-08-21,21,08,2006,"{""type"":""MultiPoint"",""coordinates"":[]}"
1_1_1_LT05_131056_20061008,0.3117372714352559,2006-10-08,08,10,2006,"{""type"":""MultiPoint"",""coordinates"":[]}"
1_1_1_LT05_131056_20070213,0.25450966112079615,2007-02-13,13,02,2007,"{""type"":""MultiPoint"",""coordinates"":[]}"
1_1_1_LT05_131056_20070317,0.3147407860080254,2007-03-17,17,03,2007,"{""type"":""MultiPoint"",""coordinates"":[]}"
1_1_1_LT05_131056_20070418,0.2866767158747853,2007-04-18,18,04,2007,"{""type"":""MultiPoint"",""coordinates"":[]}"
1_1_1_LT05_131056_20070520,0.31091707001101654,2007-05-20,20,05,2007,"{""type"":""MultiPoint"",""coordinates"":[]}"
1_1_1_LT05_131056_20080810,0.30158058176156777,2008-08-10,10,08,2008,"{""type"":""MultiPoint"",""coordinates"":[]}"
1_1_1_LT05_131056_20090218,0.2552021491107403,2009-02-18,18,02,2009,"{""type"":""MultiPoint"",""coordinates"":[]}"
1_1_1_LT05_131056_20090306,0.27570816503122114,2009-03-06,06,03,2009,"{""type"":""MultiPoint"",""coordinates"":[]}"
1_1_1_LT05_131056_20090423,0.31234568305245514,2009-04-23,23,04,2009,"{""type"":""MultiPoint"",""coordinates"":[]}"
1_1_1_LT05_131056_20100205,0.30525651387641173,2010-02-05,05,02,2010,"{""type"":""MultiPoint"",""coordinates"":[]}"
1_1_1_LT05_131056_20110208,0.2946378962066232,2011-02-08,08,02,2011,"{""type"":""MultiPoint"",""coordinates"":[]}"
1_1_1_LT05_131057_20050207,0.20805288855918103,2005-02-07,07,02,2005,"{""type"":""MultiPoint"",""coordinates"":[]}"
1_1_1_LT05_131057_20050223,0.33848630211076386,2005-02-23,23,02,2005,"{""type"":""MultiPoint"",""coordinates"":[]}"
1_1_1_LT05_131057_20050311,0.3750807022917865,2005-03-11,11,03,2005,"{""type"":""MultiPoint"",""coordinates"":[]}"
1_1_1_LT05_131057_20050327,0.3588214243025244,2005-03-27,27,03,2005,"{""type"":""MultiPoint"",""coordinates"":[]}"
1_1_1_LT05_131057_20050412,0.27025619299421666,2005-04-12,12,04,2005,"{""type"":""MultiPoint"",""coordinates"":[]}"
1_1_1_LT05_131057_20050717,0.4002195531068998,2005-07-17,17,07,2005,"{""type"":""MultiPoint"",""coordinates"":[]}"
1_1_1_LT05_131057_20060210,0.34068570353301797,2006-02-10,10,02,2006,"{""type"":""MultiPoint"",""coordinates"":[]}"
1_1_1_LT05_131057_20060704,0.40595511446287375,2006-07-04,04,07,2006,"{""type"":""MultiPoint"",""coordinates"":[]}"
1_1_1_LT05_131057_20061008,0.36822949943283845,2006-10-08,08,10,2006,"{""type"":""MultiPoint"",""coordinates"":[]}"
1_1_1_LT05_131057_20070213,0.2416198209586167,2007-02-13,13,02,2007,"{""type"":""MultiPoint"",""coordinates"":[]}"
1_1_1_LT05_131057_20070520,0.3273982411661633,2007-05-20,20,05,2007,"{""type"":""MultiPoint"",""coordinates"":[]}"
1_1_1_LT05_131057_20070824,0.2639399152780081,2007-08-24,24,08,2007,"{""type"":""MultiPoint"",""coordinates"":[]}"
1_1_1_LT05_131057_20080810,0.42875551784570004,2008-08-10,10,08,2008,"{""type"":""MultiPoint"",""coordinates"":[]}"
1_1_1_LT05_131057_20090202,0.34282310954607076,2009-02-02,02,02,2009,"{""type"":""MultiPoint"",""coordinates"":[]}"
1_1_1_LT05_131057_20090218,0.2647542558002252,2009-02-18,18,02,2009,"{""type"":""MultiPoint"",""coordinates"":[]}"
1_1_1_LT05_131057_20090509,0.30339523513048244,2009-05-09,09,05,2009,"{""type"":""MultiPoint"",""coordinates"":[]}"
1_1_1_LT05_131057_20090610,0.3986692413559061,2009-06-10,10,06,2009,"{""type"":""MultiPoint"",""coordinates"":[]}"
1_1_1_LT05_131057_20091101,0.20260163167201597,2009-11-01,01,11,2009,"{""type"":""MultiPoint"",""coordinates"":[]}"
1_1_1_LT05_131057_20091117,0.32259921931464935,2009-11-17,17,11,2009,"{""type"":""MultiPoint"",""coordinates"":[]}"
1_1_1_LT05_131057_20110208,0.33541011842367197,2011-02-08,08,02,2011,"{""type"":""MultiPoint"",""coordinates"":[]}"
1_1_1_LT05_131057_20110312,0.4006662725494395,2011-03-12,12,03,2011,"{""type"":""MultiPoint"",""coordinates"":[]}"
1_1_1_LT05_132056_20050214,0.3469630950179323,2005-02-14,14,02,2005,"{""type"":""MultiPoint"",""coordinates"":[]}"
1_1_1_LT05_132056_20050419,0.3261119484829853,2005-04-19,19,04,2005,"{""type"":""MultiPoint"",""coordinates"":[]}"
1_1_1_LT05_132056_20050521,0.35015713679583693,2005-05-21,21,05,2005,"{""type"":""MultiPoint"",""coordinates"":[]}"
1_1_1_LT05_132056_20050606,0.3892691043966277,2005-06-06,06,06,2005,"{""type"":""MultiPoint"",""coordinates"":[]}"
1_1_1_LT05_132056_20050910,0.3411232619626276,2005-09-10,10,09,2005,"{""type"":""MultiPoint"",""coordinates"":[]}"
1_1_1_LT05_132056_20060201,0.3597593073098493,2006-02-01,01,02,2006,"{""type"":""MultiPoint"",""coordinates"":[]}"
1_1_1_LT05_132056_20060217,0.32757518881519726,2006-02-17,17,02,2006,"{""type"":""MultiPoint"",""coordinates"":[]}"
1_1_1_LT05_132056_20060406,0.3283282865006496,2006-04-06,06,04,2006,"{""type"":""MultiPoint"",""coordinates"":[]}"
1_1_1_LT05_132056_20060508,0.370158895246367,2006-05-08,08,05,2006,"{""type"":""MultiPoint"",""coordinates"":[]}"
1_1_2_LE07_131056_20120322,0.29184775495727705,2012-03-22,22,03,2012,"{""type"":""MultiPoint"",""coordinates"":[]}"
1_1_2_LE07_131056_20130309,0.25907158088826204,2013-03-09,09,03,2013,"{""type"":""MultiPoint"",""coordinates"":[]}"
1_1_2_LE07_131057_20120322,0.2959418832421011,2012-03-22,22,03,2012,"{""type"":""MultiPoint"",""coordinates"":[]}"
1_1_2_LE07_131057_20120423,0.33486815654945884,2012-04-23,23,04,2012,"{""type"":""MultiPoint"",""coordinates"":[]}"
1_1_2_LE07_131057_20130309,0.24837590361584747,2013-03-09,09,03,2013,"{""type"":""MultiPoint"",""coordinates"":[]}"
1_2_LC08_131056_20140216,0.3072410883674383,2014-02-16,16,02,2014,"{""type"":""MultiPoint"",""coordinates"":[]}"
1_2_LC08_131056_20140320,0.2806610482032855,2014-03-20,20,03,2014,"{""type"":""MultiPoint"",""coordinates"":[]}"
1_2_LC08_131056_20141115,0.3530554225202406,2014-11-15,15,11,2014,"{""type"":""MultiPoint"",""coordinates"":[]}"
1_2_LC08_131056_20150118,0.37128908277869477,2015-01-18,18,01,2015,"{""type"":""MultiPoint"",""coordinates"":[]}"
1_2_LC08_131057_20140115,0.33130425554147197,2014-01-15,15,01,2014,"{""type"":""MultiPoint"",""coordinates"":[]}"
1_2_LC08_131057_20140216,0.37183145240493265,2014-02-16,16,02,2014,"{""type"":""MultiPoint"",""coordinates"":[]}"
1_2_LC08_131057_20140523,0.33865295807903006,2014-05-23,23,05,2014,"{""type"":""MultiPoint"",""coordinates"":[]}"
1_2_LC08_131057_20141030,0.31041453022622545,2014-10-30,30,10,2014,"{""type"":""MultiPoint"",""coordinates"":[]}"
1_2_LC08_131057_20150102,0.3083617438518117,2015-01-02,02,01,2015,"{""type"":""MultiPoint"",""coordinates"":[]}"
1_2_LC08_131057_20150118,0.42136299727848,2015-01-18,18,01,2015,"{""type"":""MultiPoint"",""coordinates"":[]}"
1_2_LC08_131057_20150627,0.4221356057058034,2015-06-27,27,06,2015,"{""type"":""MultiPoint"",""coordinates"":[]}"
1_2_LO08_131056_20140304,0.2644339398644674,2014-03-04,04,03,2014,"{""type"":""MultiPoint"",""coordinates"":[]}"
2_20160109T040132_20160109T040826_T46NGL,0.28894717849572316,2016-01-09,09,01,2016,"{""type"":""MultiPoint"",""coordinates"":[]}"
2_20160109T040132_20160109T040826_T46NGM,0.24854697185993924,2016-01-09,09,01,2016,"{""type"":""MultiPoint"",""coordinates"":[]}"
2_20160109T041735_20160109T112007_T46NGL,0.28894717849572316,2016-01-09,09,01,2016,"{""type"":""MultiPoint"",""coordinates"":[]}"
2_20160109T041735_20160109T112007_T46NGM,0.24854697185993932,2016-01-09,09,01,2016,"{""type"":""MultiPoint"",""coordinates"":[]}"
2_20160218T035822_20160218T041457_T46NGL,0.3381723430921406,2016-02-18,18,02,2016,"{""type"":""MultiPoint"",""coordinates"":[]}"
2_20160218T035822_20160218T041457_T46NGM,0.2820098615338648,2016-02-18,18,02,2016,"{""type"":""MultiPoint"",""coordinates"":[]}"
2_20160218T041457_20160409T032352_T46NGL,0.3381723430921406,2016-02-18,18,02,2016,"{""type"":""MultiPoint"",""coordinates"":[]}"
2_20160218T041457_20160409T032352_T46NGM,0.28200986153386487,2016-02-18,18,02,2016,"{""type"":""MultiPoint"",""coordinates"":[]}"
2_20160319T035552_20160319T040941_T46NGL,0.2539591100107927,2016-03-19,19,03,2016,"{""type"":""MultiPoint"",""coordinates"":[]}"
2_20160319T035552_20160319T040941_T46NGM,0.1974085358730589,2016-03-19,19,03,2016,"{""type"":""MultiPoint"",""coordinates"":[]}"
2_20160319T040941_20160319T111731_T46NGL,0.2539591100107927,2016-03-19,19,03,2016,"{""type"":""MultiPoint"",""coordinates"":[]}"
2_20160319T040941_20160319T111731_T46NGM,0.19740853587305884,2016-03-19,19,03,2016,"{""type"":""MultiPoint"",""coordinates"":[]}"
2_20160727T035542_20160727T041018_T46NGL,0.3395036719585668,2016-07-27,27,07,2016,"{""type"":""MultiPoint"",""coordinates"":[]}"
2_20160727T035542_20160727T041018_T46NGM,0.2301468663930032,2016-07-27,27,07,2016,"{""type"":""MultiPoint"",""coordinates"":[]}"
2_20160727T041018_20160727T093208_T46NGL,0.3395036719585668,2016-07-27,27,07,2016,"{""type"":""MultiPoint"",""coordinates"":[]}"
2_20160727T041018_20160727T093208_T46NGM,0.2301468663930032,2016-07-27,27,07,2016,"{""type"":""MultiPoint"",""coordinates"":[]}"
2_20161012T034702_20161012T040251_T46NGM,0.07933603596192829,2016-10-12,12,10,2016,"{""type"":""MultiPoint"",""coordinates"":[]}"
2_20161012T034702_20161012T040251_T46NHM,0.13754675090115318,2016-10-12,12,10,2016,"{""type"":""MultiPoint"",""coordinates"":[]}"
2_20161012T034702_20161012T091659_T46NGM,0.07933603596192827,2016-10-12,12,10,2016,"{""type"":""MultiPoint"",""coordinates"":[]}"
2_20161012T034702_20161012T091659_T46NHM,0.13754675090115318,2016-10-12,12,10,2016,"{""type"":""MultiPoint"",""coordinates"":[]}"
2_20161101T034912_20161101T040626_T46NGM,0.14117177846468662,2016-11-01,01,11,2016,"{""type"":""MultiPoint"",""coordinates"":[]}"
2_20161101T034912_20161101T104624_T46NGM,0.1411717784646866,2016-11-01,01,11,2016,"{""type"":""MultiPoint"",""coordinates"":[]}"
2_20170209T034911_20170209T035553_T46NGL,0.18152724822484653,2017-02-09,09,02,2017,"{""type"":""MultiPoint"",""coordinates"":[]}"
2_20170209T034911_20170209T035553_T46NGM,0.203809014736972,2017-02-09,09,02,2017,"{""type"":""MultiPoint"",""coordinates"":[]}"
2_20170209T034911_20170209T035553_T46NHM,0.19755672130347068,2017-02-09,09,02,2017,"{""type"":""MultiPoint"",""coordinates"":[]}"
2_20170209T034911_20170209T040642_T46NGL,0.2286308646511658,2017-02-09,09,02,2017,"{""type"":""MultiPoint"",""coordinates"":[]}"
2_20170209T034911_20170209T040642_T46NHL,0.21865727505154087,2017-02-09,09,02,2017,"{""type"":""MultiPoint"",""coordinates"":[]}"
2_20170212T035851_20170212T041300_T46NGL,0.19836409083013795,2017-02-12,12,02,2017,"{""type"":""MultiPoint"",""coordinates"":[]}"
2_20170314T035531_20170314T041026_T46NGL,0.3176822366477458,2017-03-14,14,03,2017,"{""type"":""MultiPoint"",""coordinates"":[]}"
2_20170314T035531_20170314T041026_T46NGM,0.24096234286803833,2017-03-14,14,03,2017,"{""type"":""MultiPoint"",""coordinates"":[]}"
2_20170403T035531_20170403T041216_T46NGL,0.2775995187309634,2017-04-03,03,04,2017,"{""type"":""MultiPoint"",""coordinates"":[]}"
2_20170423T035541_20170423T041029_T46NGL,0.30460078649232514,2017-04-23,23,04,2017,"{""type"":""MultiPoint"",""coordinates"":[]}"
2_20170619T034531_20170619T040640_T46NGL,0.2773305235253446,2017-06-19,19,06,2017,"{""type"":""MultiPoint"",""coordinates"":[]}"
2_20170619T034531_20170619T040640_T46NGM,,2017-06-19,19,06,2017,"{""type"":""MultiPoint"",""coordinates"":[]}"
2_20170619T034531_20170619T040640_T46NHL,0.30372132125880463,2017-06-19,19,06,2017,"{""type"":""MultiPoint"",""coordinates"":[]}"
2_20170702T035541_20170702T041623_T46NGM,0.2700819023059619,2017-07-02,02,07,2017,"{""type"":""MultiPoint"",""coordinates"":[]}"
2_20170709T034531_20170709T035631_T46NGM,0.19392987553453234,2017-07-09,09,07,2017,"{""type"":""MultiPoint"",""coordinates"":[]}"
2_20170709T034531_20170709T035631_T46NHL,0.21826474042739152,2017-07-09,09,07,2017,"{""type"":""MultiPoint"",""coordinates"":[]}"
2_20170709T034531_20170709T035631_T46NHM,0.24481716918324278,2017-07-09,09,07,2017,"{""type"":""MultiPoint"",""coordinates"":[]}"
2_20170724T034539_20170724T035631_T46NGL,0.2818232073315528,2017-07-24,24,07,2017,"{""type"":""MultiPoint"",""coordinates"":[]}"
2_20170724T034539_20170724T035631_T46NGM,0.19906773976940825,2017-07-24,24,07,2017,"{""type"":""MultiPoint"",""coordinates"":[]}"
2_20170724T034539_20170724T035631_T46NHL,0.3449708131356619,2017-07-24,24,07,2017,"{""type"":""MultiPoint"",""coordinates"":[]}"
2_20170724T034539_20170724T035631_T46NHM,0.25021194660022256,2017-07-24,24,07,2017,"{""type"":""MultiPoint"",""coordinates"":[]}"
2_20171005T035609_20171005T041105_T46NGL,0.25158100144020407,2017-10-05,05,10,2017,"{""type"":""MultiPoint"",""coordinates"":[]}"
2_20171005T035609_20171005T041105_T46NGM,0.18940329700223432,2017-10-05,05,10,2017,"{""type"":""MultiPoint"",""coordinates"":[]}"
2_20171012T034649_20171012T035743_T46NGM,0.19187554074734978,2017-10-12,12,10,2017,"{""type"":""MultiPoint"",""coordinates"":[]}"
2_20171012T034649_20171012T035743_T46NHM,0.28042931545114497,2017-10-12,12,10,2017,"{""type"":""MultiPoint"",""coordinates"":[]}"
2_20171017T034731_20171017T040104_T46NGL,0.2824895630847124,2017-10-17,17,10,2017,"{""type"":""MultiPoint"",""coordinates"":[]}"
2_20171017T034731_20171017T040104_T46NGM,0.20208325468065416,2017-10-17,17,10,2017,"{""type"":""MultiPoint"",""coordinates"":[]}"
2_20171017T034731_20171017T040104_T46NHL,0.3321874691946929,2017-10-17,17,10,2017,"{""type"":""MultiPoint"",""coordinates"":[]}"
2_20171020T035801_20171020T040930_T46NGL,0.3526419911398611,2017-10-20,20,10,2017,"{""type"":""MultiPoint"",""coordinates"":[]}"
2_20171020T035801_20171020T040930_T46NGM,0.229259875348752,2017-10-20,20,10,2017,"{""type"":""MultiPoint"",""coordinates"":[]}"
2_20171216T035141_20171216T035747_T46NGL,0.26013404822908776,2017-12-16,16,12,2017,"{""type"":""MultiPoint"",""coordinates"":[]}"
2_20171216T035141_20171216T035747_T46NGM,0.2284444214063953,2017-12-16,16,12,2017,"{""type"":""MultiPoint"",""coordinates"":[]}"
2_20171216T035141_20171216T035747_T46NHL,0.2823966202846952,2017-12-16,16,12,2017,"{""type"":""MultiPoint"",""coordinates"":[]}"
2_20171216T035141_20171216T035747_T46NHM,0.2770745431654798,2017-12-16,16,12,2017,"{""type"":""MultiPoint"",""coordinates"":[]}"
2_20171219T040151_20171219T040906_T46NGL,0.1903965760241573,2017-12-19,19,12,2017,"{""type"":""MultiPoint"",""coordinates"":[]}"
2_20180113T040119_20180113T040832_T46NGL,0.23075995380686926,2018-01-13,13,01,2018,"{""type"":""MultiPoint"",""coordinates"":[]}"
2_20180125T035031_20180125T040023_T46NHM,0.41389048853797344,2018-01-25,25,01,2018,"{""type"":""MultiPoint"",""coordinates"":[]}"
2_20180130T034959_20180130T035717_T46NGL,0.22537655433599094,2018-01-30,30,01,2018,"{""type"":""MultiPoint"",""coordinates"":[]}"
2_20180130T034959_20180130T035717_T46NGM,0.1971858376075545,2018-01-30,30,01,2018,"{""type"":""MultiPoint"",""coordinates"":[]}"
2_20180130T034959_20180130T035717_T46NHM,0.22914293702029223,2018-01-30,30,01,2018,"{""type"":""MultiPoint"",""coordinates"":[]}"
2_20180202T035949_20180202T041629_T46NGL,0.2533379619617895,2018-02-02,02,02,2018,"{""type"":""MultiPoint"",""coordinates"":[]}"
2_20180202T035949_20180202T041629_T46NGM,0.26232379666555217,2018-02-02,02,02,2018,"{""type"":""MultiPoint"",""coordinates"":[]}"
2_20180209T034909_20180209T040520_T46NGM,0.1676007222239074,2018-02-09,09,02,2018,"{""type"":""MultiPoint"",""coordinates"":[]}"
2_20180209T034909_20180209T040520_T46NHM,0.22399541796161332,2018-02-09,09,02,2018,"{""type"":""MultiPoint"",""coordinates"":[]}"
2_20180212T035849_20180212T041426_T46NGL,0.3336175864222778,2018-02-12,12,02,2018,"{""type"":""MultiPoint"",""coordinates"":[]}"
2_20180212T035849_20180212T041426_T46NGM,0.2652823470168643,2018-02-12,12,02,2018,"{""type"":""MultiPoint"",""coordinates"":[]}"
2_20180214T034841_20180214T040242_T46NGL,0.24656634474188346,2018-02-14,14,02,2018,"{""type"":""MultiPoint"",""coordinates"":[]}"
2_20180214T034841_20180214T040242_T46NHL,0.2755565205543892,2018-02-14,14,02,2018,"{""type"":""MultiPoint"",""coordinates"":[]}"
2_20180217T035821_20180217T041438_T46NGL,0.3015207261950541,2018-02-17,17,02,2018,"{""type"":""MultiPoint"",""coordinates"":[]}"
2_20180217T035821_20180217T041438_T46NGM,0.24173906014369062,2018-02-17,17,02,2018,"{""type"":""MultiPoint"",""coordinates"":[]}"
2_20180219T034759_20180219T040506_T46NGL,0.20623216924410867,2018-02-19,19,02,2018,"{""type"":""MultiPoint"",""coordinates"":[]}"
2_20180219T034759_20180219T040506_T46NGM,0.19558546029908516,2018-02-19,19,02,2018,"{""type"":""MultiPoint"",""coordinates"":[]}"
2_20180219T034759_20180219T040506_T46NHM,0.22691880488621147,2018-02-19,19,02,2018,"{""type"":""MultiPoint"",""coordinates"":[]}"
2_20180309T035601_20180309T041201_T46NGM,0.22402937435631728,2018-03-09,09,03,2018,"{""type"":""MultiPoint"",""coordinates"":[]}"
2_20180311T034539_20180311T035740_T46NGL,0.19849209772863446,2018-03-11,11,03,2018,"{""type"":""MultiPoint"",""coordinates"":[]}"
2_20180311T034539_20180311T035740_T46NHM,0.19617755923853553,2018-03-11,11,03,2018,"{""type"":""MultiPoint"",""coordinates"":[]}"
2_20180314T035529_20180314T040715_T46NGL,0.29399518795146345,2018-03-14,14,03,2018,"{""type"":""MultiPoint"",""coordinates"":[]}"
2_20180314T035529_20180314T040715_T46NGM,0.23493250045012398,2018-03-14,14,03,2018,"{""type"":""MultiPoint"",""coordinates"":[]}"
2_20180314T035529_20180314T041638_T46NGL,0.2986748931953341,2018-03-14,14,03,2018,"{""type"":""MultiPoint"",""coordinates"":[]}"
2_20180314T035529_20180314T041638_T46NGM,0.23493250045012398,2018-03-14,14,03,2018,"{""type"":""MultiPoint"",""coordinates"":[]}"
2_20180319T035531_20180319T040557_T46NGM,0.2043406292878795,2018-03-19,19,03,2018,"{""type"":""MultiPoint"",""coordinates"":[]}"
2_20180321T034529_20180321T040215_T46NGL,0.27948630519956985,2018-03-21,21,03,2018,"{""type"":""MultiPoint"",""coordinates"":[]}"
2_20180403T035539_20180403T040821_T46NGL,0.22862849837641805,2018-04-03,03,04,2018,"{""type"":""MultiPoint"",""coordinates"":[]}"
2_20180413T035539_20180413T041448_T46NGM,0.14008671526409658,2018-04-13,13,04,2018,"{""type"":""MultiPoint"",""coordinates"":[]}"
2_20180428T035541_20180428T035843_T46NGL,0.30429153659077796,2018-04-28,28,04,2018,"{""type"":""MultiPoint"",""coordinates"":[]}"
2_20180428T035541_20180428T035843_T46NGM,0.22572645363424218,2018-04-28,28,04,2018,"{""type"":""MultiPoint"",""coordinates"":[]}"
2_20180510T034539_20180510T040549_T46NHM,0.23108234324907426,2018-05-10,10,05,2018,"{""type"":""MultiPoint"",""coordinates"":[]}"
2_20180513T035539_20180513T041015_T46NGL,0.20390852164246803,2018-05-13,13,05,2018,"{""type"":""MultiPoint"",""coordinates"":[]}"
2_20180513T035539_20180513T041015_T46NGM,0.1949451453058419,2018-05-13,13,05,2018,"{""type"":""MultiPoint"",""coordinates"":[]}"
2_20180515T034541_20180515T034939_T46NGM,0.20646489281473854,2018-05-15,15,05,2018,"{""type"":""MultiPoint"",""coordinates"":[]}"
2_20180515T034541_20180515T034939_T46NHM,0.26970017374699823,2018-05-15,15,05,2018,"{""type"":""MultiPoint"",""coordinates"":[]}"
2_20180525T034541_20180525T040613_T46NHM,0.2927882604476188,2018-05-25,25,05,2018,"{""type"":""MultiPoint"",""coordinates"":[]}"
2_20180602T035709_20180602T041116_T46NGM,0.2159351008972602,2018-06-02,02,06,2018,"{""type"":""MultiPoint"",""coordinates"":[]}"
2_20180612T035539_20180612T041553_T46NGL,0.32734548971317173,2018-06-12,12,06,2018,"{""type"":""MultiPoint"",""coordinates"":[]}"
2_20180612T035539_20180612T041553_T46NGM,0.25002375053130105,2018-06-12,12,06,2018,"{""type"":""MultiPoint"",""coordinates"":[]}"
2_20180614T034531_20180614T035000_T46NGM,0.22187089728474543,2018-06-14,14,06,2018,"{""type"":""MultiPoint"",""coordinates"":[]}"
2_20180622T035539_20180622T041638_T46NGL,0.301514532238428,2018-06-22,22,06,2018,"{""type"":""MultiPoint"",""coordinates"":[]}"
2_20180622T035539_20180622T041638_T46NGM,0.24977917757372756,2018-06-22,22,06,2018,"{""type"":""MultiPoint"",""coordinates"":[]}"
2_20180624T034531_20180624T040648_T46NGM,0.2144897598627783,2018-06-24,24,06,2018,"{""type"":""MultiPoint"",""coordinates"":[]}"
2_20180704T034541_20180704T040055_T46NGL,0.2841121904334078,2018-07-04,04,07,2018,"{""type"":""MultiPoint"",""coordinates"":[]}"
2_20180704T034541_20180704T040055_T46NHL,0.3445700463490519,2018-07-04,04,07,2018,"{""type"":""MultiPoint"",""coordinates"":[]}"
2_20180712T035539_20180712T041232_T46NGL,0.3057215509430598,2018-07-12,12,07,2018,"{""type"":""MultiPoint"",""coordinates"":[]}"
2_20180719T034529_20180719T040418_T46NGM,0.2112657989250972,2018-07-19,19,07,2018,"{""type"":""MultiPoint"",""coordinates"":[]}"
2_20180724T034541_20180724T035939_T46NGM,0.19909655192014208,2018-07-24,24,07,2018,"{""type"":""MultiPoint"",""coordinates"":[]}"
2_20180803T034541_20180803T035751_T46NGL,0.2562448218393173,2018-08-03,03,08,2018,"{""type"":""MultiPoint"",""coordinates"":[]}"
2_20180803T034541_20180803T035751_T46NGM,0.2001323574160666,2018-08-03,03,08,2018,"{""type"":""MultiPoint"",""coordinates"":[]}"
2_20180803T034541_20180803T035751_T46NHM,0.24337967181219386,2018-08-03,03,08,2018,"{""type"":""MultiPoint"",""coordinates"":[]}"
2_20180912T034531_20180912T034835_T46NGL,0.1934375416543469,2018-09-12,12,09,2018,"{""type"":""MultiPoint"",""coordinates"":[]}"
2_20180912T034531_20180912T034835_T46NGM,0.12732334905204953,2018-09-12,12,09,2018,"{""type"":""MultiPoint"",""coordinates"":[]}"
2_20180920T035529_20180920T041248_T46NGL,0.2811456960854991,2018-09-20,20,09,2018,"{""type"":""MultiPoint"",""coordinates"":[]}"
2_20180927T034529_20180927T040149_T46NGL,0.2108449335797554,2018-09-27,27,09,2018,"{""type"":""MultiPoint"",""coordinates"":[]}"
2_20180927T034529_20180927T040149_T46NHL,0.2584373506615441,2018-09-27,27,09,2018,"{""type"":""MultiPoint"",""coordinates"":[]}"
2_20181020T035759_20181020T041531_T46NGL,0.273072452141383,2018-10-20,20,10,2018,"{""type"":""MultiPoint"",""coordinates"":[]}"
2_20181020T035759_20181020T041531_T46NGM,0.23440549750615303,2018-10-20,20,10,2018,"{""type"":""MultiPoint"",""coordinates"":[]}"
2_20181022T034801_20181022T040326_T46NGL,0.24579351413876063,2018-10-22,22,10,2018,"{""type"":""MultiPoint"",""coordinates"":[]}"
2_20181022T034801_20181022T040326_T46NGM,0.1839510647841848,2018-10-22,22,10,2018,"{""type"":""MultiPoint"",""coordinates"":[]}"
2_20181022T034801_20181022T040326_T46NHL,0.3047794483873727,2018-10-22,22,10,2018,"{""type"":""MultiPoint"",""coordinates"":[]}"
2_20181027T034839_20181027T040557_T46NGM,0.19788438959291368,2018-10-27,27,10,2018,"{""type"":""MultiPoint"",""coordinates"":[]}"
2_20181030T035859_20181030T041503_T46NGL,0.17049253391125394,2018-10-30,30,10,2018,"{""type"":""MultiPoint"",""coordinates"":[]}"
2_20181030T035859_20181030T041503_T46NGM,0.16734541693400132,2018-10-30,30,10,2018,"{""type"":""MultiPoint"",""coordinates"":[]}"
2_20181129T040119_20181129T041329_T46NGL,0.21680069660438592,2018-11-29,29,11,2018,"{""type"":""MultiPoint"",""coordinates"":[]}"
2_20181209T040139_20181209T041359_T46NGL,0.27339862786860414,2018-12-09,09,12,2018,"{""type"":""MultiPoint"",""coordinates"":[]}"
2_20181209T040139_20181209T041359_T46NGM,0.26551722685474954,2018-12-09,09,12,2018,"{""type"":""MultiPoint"",""coordinates"":[]}"
2_20181221T035141_20181221T035144_T46NGL,0.27520767096822646,2018-12-21,21,12,2018,"{""type"":""MultiPoint"",""coordinates"":[]}"
2_20181221T035141_20181221T035144_T46NHL,0.2894756013381845,2018-12-21,21,12,2018,"{""type"":""MultiPoint"",""coordinates"":[]}"
2_20181221T035141_20181221T035144_T46NHM,0.2798359117900196,2018-12-21,21,12,2018,"{""type"":""MultiPoint"",""coordinates"":[]}"
2_20181229T040149_20181229T041305_T46NGM,0.23576419036743393,2018-12-29,29,12,2018,"{""type"":""MultiPoint"",""coordinates"":[]}"
2_20181231T035141_20181231T035833_T46NGL,0.2946291808347225,2018-12-31,31,12,2018,"{""type"":""MultiPoint"",""coordinates"":[]}"
2_20190105T035139_20190105T040246_T46NGL,0.2979448671932703,2019-01-05,05,01,2019,"{""type"":""MultiPoint"",""coordinates"":[]}"
2_20190105T035139_20190105T040246_T46NGM,0.24604138649176832,2019-01-05,05,01,2019,"{""type"":""MultiPoint"",""coordinates"":[]}"
2_20190105T035139_20190105T040246_T46NHL,0.3312889999334053,2019-01-05,05,01,2019,"{""type"":""MultiPoint"",""coordinates"":[]}"
2_20190105T035139_20190105T040246_T46NHM,0.28770628847359253,2019-01-05,05,01,2019,"{""type"":""MultiPoint"",""coordinates"":[]}"
2_20190113T040121_20190113T040442_T46NGL,0.3467866936740029,2019-01-13,13,01,2019,"{""type"":""MultiPoint"",""coordinates"":[]}"
2_20190113T040121_20190113T040442_T46NGM,0.2823089327037897,2019-01-13,13,01,2019,"{""type"":""MultiPoint"",""coordinates"":[]}"
2_20190115T035119_20190115T040213_T46NGM,0.2099962061102396,2019-01-15,15,01,2019,"{""type"":""MultiPoint"",""coordinates"":[]}"
2_20190115T035119_20190115T040213_T46NHM,0.24813207736940288,2019-01-15,15,01,2019,"{""type"":""MultiPoint"",""coordinates"":[]}"
2_20190123T040041_20190123T040424_T46NGL,0.3532218252397114,2019-01-23,23,01,2019,"{""type"":""MultiPoint"",""coordinates"":[]}"
2_20190123T040041_20190123T040424_T46NGM,0.28408840604630553,2019-01-23,23,01,2019,"{""type"":""MultiPoint"",""coordinates"":[]}"
2_20190125T035039_20190125T040100_T46NGL,0.2293120161416942,2019-01-25,25,01,2019,"{""type"":""MultiPoint"",""coordinates"":[]}"
2_20190125T035039_20190125T040100_T46NGM,0.19752882869851962,2019-01-25,25,01,2019,"{""type"":""MultiPoint"",""coordinates"":[]}"
2_20190125T035039_20190125T040100_T46NHM,0.1868819765603618,2019-01-25,25,01,2019,"{""type"":""MultiPoint"",""coordinates"":[]}"
2_20190130T035011_20190130T035120_T46NGL,0.18654407174079793,2019-01-30,30,01,2019,"{""type"":""MultiPoint"",""coordinates"":[]}"
2_20190207T035929_20190207T040937_T46NGL,0.33011558677266956,2019-02-07,07,02,2019,"{""type"":""MultiPoint"",""coordinates"":[]}"
2_20190207T035929_20190207T040937_T46NGM,0.2792238973307194,2019-02-07,07,02,2019,"{""type"":""MultiPoint"",""coordinates"":[]}"
2_20190209T034911_20190209T035523_T46NGL,0.22043449282453653,2019-02-09,09,02,2019,"{""type"":""MultiPoint"",""coordinates"":[]}"
2_20190209T034911_20190209T035523_T46NGM,0.21354719324922242,2019-02-09,09,02,2019,"{""type"":""MultiPoint"",""coordinates"":[]}"
2_20190209T034911_20190209T035523_T46NHL,0.24787367746088518,2019-02-09,09,02,2019,"{""type"":""MultiPoint"",""coordinates"":[]}"
2_20190209T034911_20190209T035523_T46NHM,0.2608861694304286,2019-02-09,09,02,2019,"{""type"":""MultiPoint"",""coordinates"":[]}"
2_20190212T035901_20190212T040026_T46NGL,0.3474933116569397,2019-02-12,12,02,2019,"{""type"":""MultiPoint"",""coordinates"":[]}"
2_20190212T035901_20190212T040026_T46NGM,0.28735406970612964,2019-02-12,12,02,2019,"{""type"":""MultiPoint"",""coordinates"":[]}"
2_20190214T034849_20190214T035821_T46NGL,0.23599064833249983,2019-02-14,14,02,2019,"{""type"":""MultiPoint"",""coordinates"":[]}"
2_20190214T034849_20190214T035821_T46NGM,0.20050871280826832,2019-02-14,14,02,2019,"{""type"":""MultiPoint"",""coordinates"":[]}"
2_20190214T034849_20190214T035821_T46NHL,0.22019529300918966,2019-02-14,14,02,2019,"{""type"":""MultiPoint"",""coordinates"":[]}"
2_20190214T034849_20190214T035821_T46NHM,0.21305160305698492,2019-02-14,14,02,2019,"{""type"":""MultiPoint"",""coordinates"":[]}"
2_20190219T034811_20190219T034942_T46NGL,0.2433643873489758,2019-02-19,19,02,2019,"{""type"":""MultiPoint"",""coordinates"":[]}"
2_20190219T034811_20190219T034942_T46NGM,0.21330188604354122,2019-02-19,19,02,2019,"{""type"":""MultiPoint"",""coordinates"":[]}"
2_20190219T034811_20190219T034942_T46NHL,0.26865129665259097,2019-02-19,19,02,2019,"{""type"":""MultiPoint"",""coordinates"":[]}"
2_20190219T034811_20190219T034942_T46NHM,0.2526027220698767,2019-02-19,19,02,2019,"{""type"":""MultiPoint"",""coordinates"":[]}"
2_20190222T035751_20190222T041519_T46NGL,0.28674307407864347,2019-02-22,22,02,2019,"{""type"":""MultiPoint"",""coordinates"":[]}"
2_20190222T035751_20190222T041519_T46NGM,0.23894515293379867,2019-02-22,22,02,2019,"{""type"":""MultiPoint"",""coordinates"":[]}"
2_20190227T035719_20190227T041338_T46NGL,0.19572310624434833,2019-02-27,27,02,2019,"{""type"":""MultiPoint"",""coordinates"":[]}"
2_20190227T035719_20190227T041338_T46NGM,0.19787285302845156,2019-02-27,27,02,2019,"{""type"":""MultiPoint"",""coordinates"":[]}"
2_20190304T035641_20190304T040110_T46NGM,0.2445202766406969,2019-03-04,04,03,2019,"{""type"":""MultiPoint"",""coordinates"":[]}"
2_20190309T035609_20190309T041252_T46NGL,0.22954970147227213,2019-03-09,09,03,2019,"{""type"":""MultiPoint"",""coordinates"":[]}"
2_20190311T034541_20190311T035011_T46NGM,0.19332679953807255,2019-03-11,11,03,2019,"{""type"":""MultiPoint"",""coordinates"":[]}"
2_20190311T034541_20190311T035011_T46NHM,0.251285596050277,2019-03-11,11,03,2019,"{""type"":""MultiPoint"",""coordinates"":[]}"
2_20190316T034529_20190316T040428_T46NGL,0.23133750458113964,2019-03-16,16,03,2019,"{""type"":""MultiPoint"",""coordinates"":[]}"
2_20190324T035541_20190324T040928_T46NGM,0.1872546890777366,2019-03-24,24,03,2019,"{""type"":""MultiPoint"",""coordinates"":[]}"
2_20190326T034539_20190326T040312_T46NGL,0.22850919875016124,2019-03-26,26,03,2019,"{""type"":""MultiPoint"",""coordinates"":[]}"
2_20190326T034539_20190326T040312_T46NHL,0.27559782559814744,2019-03-26,26,03,2019,"{""type"":""MultiPoint"",""coordinates"":[]}"
2_20190331T034531_20190331T040123_T46NGL,0.23507278921015398,2019-03-31,31,03,2019,"{""type"":""MultiPoint"",""coordinates"":[]}"
2_20190331T034531_20190331T040123_T46NGM,0.18770985301295254,2019-03-31,31,03,2019,"{""type"":""MultiPoint"",""coordinates"":[]}"
2_20190403T035711_20190403T041225_T46NGL,0.2276965336112203,2019-04-03,03,04,2019,"{""type"":""MultiPoint"",""coordinates"":[]}"
2_20190403T035711_20190403T041225_T46NGM,0.18979191079446012,2019-04-03,03,04,2019,"{""type"":""MultiPoint"",""coordinates"":[]}"
2_20190405T034539_20190405T040539_T46NGL,0.2656026499290827,2019-04-05,05,04,2019,"{""type"":""MultiPoint"",""coordinates"":[]}"
2_20190405T034539_20190405T040539_T46NGM,0.19609422743043628,2019-04-05,05,04,2019,"{""type"":""MultiPoint"",""coordinates"":[]}"
2_20190408T035539_20190408T041451_T46NGL,0.23986039095184658,2019-04-08,08,04,2019,"{""type"":""MultiPoint"",""coordinates"":[]}"
2_20190408T035539_20190408T041451_T46NGM,0.19503359731958758,2019-04-08,08,04,2019,"{""type"":""MultiPoint"",""coordinates"":[]}"
2_20190418T035539_20190418T041612_T46NGM,0.16577621034394915,2019-04-18,18,04,2019,"{""type"":""MultiPoint"",""coordinates"":[]}"
2_20190503T035541_20190503T041632_T46NGL,0.30215640489813045,2019-05-03,03,05,2019,"{""type"":""MultiPoint"",""coordinates"":[]}"
2_20190503T035541_20190503T041632_T46NGM,0.20148842667748643,2019-05-03,03,05,2019,"{""type"":""MultiPoint"",""coordinates"":[]}"
2_20190513T035541_20190513T040938_T46NGL,0.26976615879615073,2019-05-13,13,05,2019,"{""type"":""MultiPoint"",""coordinates"":[]}"
2_20190513T035541_20190513T040938_T46NGM,0.1846097740033051,2019-05-13,13,05,2019,"{""type"":""MultiPoint"",""coordinates"":[]}"
2_20190518T035549_20190518T041619_T46NGL,0.24576842087010953,2019-05-18,18,05,2019,"{""type"":""MultiPoint"",""coordinates"":[]}"
2_20190518T035549_20190518T041619_T46NGM,0.1958517784103963,2019-05-18,18,05,2019,"{""type"":""MultiPoint"",""coordinates"":[]}"
2_20190520T034541_20190520T040004_T46NGL,0.246300933710722,2019-05-20,20,05,2019,"{""type"":""MultiPoint"",""coordinates"":[]}"
2_20190520T034541_20190520T040004_T46NGM,0.1775351692428407,2019-05-20,20,05,2019,"{""type"":""MultiPoint"",""coordinates"":[]}"
2_20190612T035541_20190612T041024_T46NGL,0.2885346746257295,2019-06-12,12,06,2019,"{""type"":""MultiPoint"",""coordinates"":[]}"
2_20190614T034539_20190614T040608_T46NGL,0.2910661578013122,2019-06-14,14,06,2019,"{""type"":""MultiPoint"",""coordinates"":[]}"
2_20190614T034539_20190614T040608_T46NGM,0.23187201819946499,2019-06-14,14,06,2019,"{""type"":""MultiPoint"",""coordinates"":[]}"
2_20190614T034539_20190614T040608_T46NHL,0.3064724444608338,2019-06-14,14,06,2019,"{""type"":""MultiPoint"",""coordinates"":[]}"
2_20190614T034539_20190614T040608_T46NHM,0.29412785205060554,2019-06-14,14,06,2019,"{""type"":""MultiPoint"",""coordinates"":[]}"
2_20190619T034541_20190619T035128_T46NGL,0.2717080186884572,2019-06-19,19,06,2019,"{""type"":""MultiPoint"",""coordinates"":[]}"
2_20190619T034541_20190619T035128_T46NHL,0.3373382601345464,2019-06-19,19,06,2019,"{""type"":""MultiPoint"",""coordinates"":[]}"
2_20190619T034541_20190619T035128_T46NHM,0.2569247979387207,2019-06-19,19,06,2019,"{""type"":""MultiPoint"",""coordinates"":[]}"
2_20190627T035549_20190627T041022_T46NGL,0.3328754367345102,2019-06-27,27,06,2019,"{""type"":""MultiPoint"",""coordinates"":[]}"
2_20190707T035549_20190707T041546_T46NGL,0.34170091513185746,2019-07-07,07,07,2019,"{""type"":""MultiPoint"",""coordinates"":[]}"
2_20190707T035549_20190707T041546_T46NGM,0.23262921446132354,2019-07-07,07,07,2019,"{""type"":""MultiPoint"",""coordinates"":[]}"
2_20190722T035541_20190722T040013_T46NGL,0.34969462536905377,2019-07-22,22,07,2019,"{""type"":""MultiPoint"",""coordinates"":[]}"
2_20190727T035549_20190727T040935_T46NGL,0.34663235391765435,2019-07-27,27,07,2019,"{""type"":""MultiPoint"",""coordinates"":[]}"
2_20190727T035549_20190727T040935_T46NGM,0.23860559594174405,2019-07-27,27,07,2019,"{""type"":""MultiPoint"",""coordinates"":[]}"
2_20190729T034541_20190729T040103_T46NGL,0.29580805095743556,2019-07-29,29,07,2019,"{""type"":""MultiPoint"",""coordinates"":[]}"
2_20190729T034541_20190729T040103_T46NGM,0.2043498165119965,2019-07-29,29,07,2019,"{""type"":""MultiPoint"",""coordinates"":[]}"
2_20190729T034541_20190729T040103_T46NHL,0.3520827176219787,2019-07-29,29,07,2019,"{""type"":""MultiPoint"",""coordinates"":[]}"
2_20190729T034541_20190729T040103_T46NHM,0.2634458709441373,2019-07-29,29,07,2019,"{""type"":""MultiPoint"",""coordinates"":[]}"
2_20190806T035549_20190806T041614_T46NGL,0.3400782629060563,2019-08-06,06,08,2019,"{""type"":""MultiPoint"",""coordinates"":[]}"
2_20190806T035549_20190806T041614_T46NGM,0.22289203857991477,2019-08-06,06,08,2019,"{""type"":""MultiPoint"",""coordinates"":[]}"
2_20190818T034541_20190818T040314_T46NGL,0.2572696968446141,2019-08-18,18,08,2019,"{""type"":""MultiPoint"",""coordinates"":[]}"
2_20190818T034541_20190818T040314_T46NGM,0.16750714627912483,2019-08-18,18,08,2019,"{""type"":""MultiPoint"",""coordinates"":[]}"
2_20190818T034541_20190818T040314_T46NHL,0.2854314084892933,2019-08-18,18,08,2019,"{""type"":""MultiPoint"",""coordinates"":[]}"
2_20190818T034541_20190818T040314_T46NHM,0.2213185292239746,2019-08-18,18,08,2019,"{""type"":""MultiPoint"",""coordinates"":[]}"
2_20190831T035541_20190831T041629_T46NGL,0.3202787730951247,2019-08-31,31,08,2019,"{""type"":""MultiPoint"",""coordinates"":[]}"
2_20190902T034539_20190902T040227_T46NGL,0.16704207155478762,2019-09-02,02,09,2019,"{""type"":""MultiPoint"",""coordinates"":[]}"
2_20190902T034539_20190902T040227_T46NHL,0.16356133439846518,2019-09-02,02,09,2019,"{""type"":""MultiPoint"",""coordinates"":[]}"
2_20190907T034531_20190907T040434_T46NGL,0.2197011951545351,2019-09-07,07,09,2019,"{""type"":""MultiPoint"",""coordinates"":[]}"
2_20190907T034531_20190907T040434_T46NGM,0.11553643259455827,2019-09-07,07,09,2019,"{""type"":""MultiPoint"",""coordinates"":[]}"
2_20190907T034531_20190907T040434_T46NHM,0.18499962213016796,2019-09-07,07,09,2019,"{""type"":""MultiPoint"",""coordinates"":[]}"
2_20190917T034531_20190917T040224_T46NGL,0.23245635751026833,2019-09-17,17,09,2019,"{""type"":""MultiPoint"",""coordinates"":[]}"
2_20190917T034531_20190917T040224_T46NGM,0.14301628847909917,2019-09-17,17,09,2019,"{""type"":""MultiPoint"",""coordinates"":[]}"
2_20191030T035901_20191030T040546_T46NGL,0.17175596089855344,2019-10-30,30,10,2019,"{""type"":""MultiPoint"",""coordinates"":[]}"
2_20191101T034909_20191101T035843_T46NGM,0.2293287938315916,2019-11-01,01,11,2019,"{""type"":""MultiPoint"",""coordinates"":[]}"
2_20191109T040001_20191109T040459_T46NGL,0.3115382061080357,2019-11-09,09,11,2019,"{""type"":""MultiPoint"",""coordinates"":[]}"
2_20191111T034959_20191111T035943_T46NGL,0.25400257879771143,2019-11-11,11,11,2019,"{""type"":""MultiPoint"",""coordinates"":[]}"
2_20191121T035039_20191121T040112_T46NGL,0.22463845393807874,2019-11-21,21,11,2019,"{""type"":""MultiPoint"",""coordinates"":[]}"
2_20191126T035101_20191126T035753_T46NHM,0.20116642838099993,2019-11-26,26,11,2019,"{""type"":""MultiPoint"",""coordinates"":[]}"
2_20191211T035139_20191211T040305_T46NGM,0.16989273678226918,2019-12-11,11,12,2019,"{""type"":""MultiPoint"",""coordinates"":[]}"
2_20191214T040149_20191214T041420_T46NGL,0.19423647347737164,2019-12-14,14,12,2019,"{""type"":""MultiPoint"",""coordinates"":[]}"
2_20191219T040151_20191219T040855_T46NGL,0.31628635389642584,2019-12-19,19,12,2019,"{""type"":""MultiPoint"",""coordinates"":[]}"
2_20191224T040149_20191224T040824_T46NGL,0.32061889184663206,2019-12-24,24,12,2019,"{""type"":""MultiPoint"",""coordinates"":[]}"
2_20191226T035151_20191226T035837_T46NGL,0.23657973740210933,2019-12-26,26,12,2019,"{""type"":""MultiPoint"",""coordinates"":[]}"
2_20191226T035151_20191226T035837_T46NGM,0.20552643999774467,2019-12-26,26,12,2019,"{""type"":""MultiPoint"",""coordinates"":[]}"
2_20191226T035151_20191226T035837_T46NHL,0.233233042115562,2019-12-26,26,12,2019,"{""type"":""MultiPoint"",""coordinates"":[]}"
2_20191226T035151_20191226T035837_T46NHM,0.21502066281021415,2019-12-26,26,12,2019,"{""type"":""MultiPoint"",""coordinates"":[]}"
2_20191229T040151_20191229T040557_T46NGL,0.2839556032360993,2019-12-29,29,12,2019,"{""type"":""MultiPoint"",""coordinates"":[]}"
2_20191229T040151_20191229T040557_T46NGM,0.2561362427017794,2019-12-29,29,12,2019,"{""type"":""MultiPoint"",""coordinates"":[]}"
2_20191231T035149_20191231T040403_T46NGL,0.17247334776748344,2019-12-31,31,12,2019,"{""type"":""MultiPoint"",""coordinates"":[]}"
2_20191231T035149_20191231T040403_T46NHM,0.16726470777576688,2019-12-31,31,12,2019,"{""type"":""MultiPoint"",""coordinates"":[]}"
2_20200103T040149_20200103T041413_T46NGM,0.2274950316257182,2020-01-03,03,01,2020,"{""type"":""MultiPoint"",""coordinates"":[]}"
2_20200105T035141_20200105T035826_T46NGL,0.22624246421483513,2020-01-05,05,01,2020,"{""type"":""MultiPoint"",""coordinates"":[]}"
2_20200105T035141_20200105T035826_T46NGM,0.19105329461938464,2020-01-05,05,01,2020,"{""type"":""MultiPoint"",""coordinates"":[]}"
2_20200105T035141_20200105T035826_T46NHL,0.22586244727097254,2020-01-05,05,01,2020,"{""type"":""MultiPoint"",""coordinates"":[]}"
2_20200105T035141_20200105T035826_T46NHM,0.21893812927048387,2020-01-05,05,01,2020,"{""type"":""MultiPoint"",""coordinates"":[]}"
2_20200108T040131_20200108T040823_T46NGL,0.2900689281374065,2020-01-08,08,01,2020,"{""type"":""MultiPoint"",""coordinates"":[]}"
2_20200108T040131_20200108T040823_T46NGM,0.22713543288942617,2020-01-08,08,01,2020,"{""type"":""MultiPoint"",""coordinates"":[]}"
2_20200113T040119_20200113T041329_T46NGL,0.2463464783106941,2020-01-13,13,01,2020,"{""type"":""MultiPoint"",""coordinates"":[]}"
2_20200115T035111_20200115T035801_T46NGL,0.25214519771628835,2020-01-15,15,01,2020,"{""type"":""MultiPoint"",""coordinates"":[]}"
2_20200115T035111_20200115T035801_T46NHL,0.30668976197078784,2020-01-15,15,01,2020,"{""type"":""MultiPoint"",""coordinates"":[]}"
2_20200118T040101_20200118T040809_T46NGM,0.18616436916400309,2020-01-18,18,01,2020,"{""type"":""MultiPoint"",""coordinates"":[]}"
2_20200120T035049_20200120T040137_T46NGM,0.1562097198474325,2020-01-20,20,01,2020,"{""type"":""MultiPoint"",""coordinates"":[]}"
2_20200120T035049_20200120T040137_T46NHM,0.16599413969965815,2020-01-20,20,01,2020,"{""type"":""MultiPoint"",""coordinates"":[]}"
2_20200123T040039_20200123T041500_T46NGM,0.2123549188829299,2020-01-23,23,01,2020,"{""type"":""MultiPoint"",""coordinates"":[]}"
2_20200125T035031_20200125T035720_T46NHM,0.1784508747524643,2020-01-25,25,01,2020,"{""type"":""MultiPoint"",""coordinates"":[]}"
2_20200204T034941_20200204T035614_T46NGM,0.18154201254924468,2020-02-04,04,02,2020,"{""type"":""MultiPoint"",""coordinates"":[]}"
2_20200204T034941_20200204T035614_T46NHM,0.20535047999994827,2020-02-04,04,02,2020,"{""type"":""MultiPoint"",""coordinates"":[]}"
2_20200209T034909_20200209T035816_T46NGM,0.17501820436900237,2020-02-09,09,02,2020,"{""type"":""MultiPoint"",""coordinates"":[]}"
2_20200209T034909_20200209T035816_T46NHM,0.18341117571413373,2020-02-09,09,02,2020,"{""type"":""MultiPoint"",""coordinates"":[]}"
2_20200214T034841_20200214T035327_T46NGL,0.2357733196197315,2020-02-14,14,02,2020,"{""type"":""MultiPoint"",""coordinates"":[]}"
2_20200214T034841_20200214T035327_T46NHM,0.2574651897743344,2020-02-14,14,02,2020,"{""type"":""MultiPoint"",""coordinates"":[]}"
2_20200217T035821_20200217T040431_T46NGL,0.1951085235120348,2020-02-17,17,02,2020,"{""type"":""MultiPoint"",""coordinates"":[]}"
2_20200222T035759_20200222T040947_T46NGL,0.2506024560527476,2020-02-22,22,02,2020,"{""type"":""MultiPoint"",""coordinates"":[]}"
2_20200222T035759_20200222T040947_T46NGM,0.20019298848329134,2020-02-22,22,02,2020,"{""type"":""MultiPoint"",""coordinates"":[]}"
2_20200224T034731_20200224T035208_T46NGL,0.17846732292541875,2020-02-24,24,02,2020,"{""type"":""MultiPoint"",""coordinates"":[]}"
2_20200224T034731_20200224T035208_T46NHM,0.18874307961583753,2020-02-24,24,02,2020,"{""type"":""MultiPoint"",""coordinates"":[]}"
2_20200227T035721_20200227T040223_T46NGL,0.3075675397263427,2020-02-27,27,02,2020,"{""type"":""MultiPoint"",""coordinates"":[]}"
2_20200227T035721_20200227T040223_T46NGM,0.21431930365725232,2020-02-27,27,02,2020,"{""type"":""MultiPoint"",""coordinates"":[]}"
2_20200229T034659_20200229T040415_T46NGM,0.17096491765653848,2020-02-29,29,02,2020,"{""type"":""MultiPoint"",""coordinates"":[]}"
2_20200229T034659_20200229T040415_T46NHM,0.21402999398543057,2020-02-29,29,02,2020,"{""type"":""MultiPoint"",""coordinates"":[]}"
2_20200303T035639_20200303T041325_T46NGL,0.2713688707414332,2020-03-03,03,03,2020,"{""type"":""MultiPoint"",""coordinates"":[]}"
2_20200308T035611_20200308T035808_T46NGM,0.134666365450932,2020-03-08,08,03,2020,"{""type"":""MultiPoint"",""coordinates"":[]}"
2_20200308T035611_20200308T041639_T46NGM,0.1887942229547141,2020-03-08,08,03,2020,"{""type"":""MultiPoint"",""coordinates"":[]}"
2_20200313T035539_20200313T041213_T46NGL,0.267870795888995,2020-03-13,13,03,2020,"{""type"":""MultiPoint"",""coordinates"":[]}"
2_20200313T035539_20200313T041213_T46NGM,0.1756882107841709,2020-03-13,13,03,2020,"{""type"":""MultiPoint"",""coordinates"":[]}"
2_20200318T035531_20200318T040004_T46NGM,0.17419705272365785,2020-03-18,18,03,2020,"{""type"":""MultiPoint"",""coordinates"":[]}"
2_20200323T035539_20200323T041532_T46NGL,0.2944076269343941,2020-03-23,23,03,2020,"{""type"":""MultiPoint"",""coordinates"":[]}"
2_20200323T035539_20200323T041532_T46NGM,0.1888298218700067,2020-03-23,23,03,2020,"{""type"":""MultiPoint"",""coordinates"":[]}"
2_20200325T034531_20200325T034958_T46NGM,0.1218752268160202,2020-03-25,25,03,2020,"{""type"":""MultiPoint"",""coordinates"":[]}"
2_20200325T034531_20200325T034958_T46NHM,0.1845625130099679,2020-03-25,25,03,2020,"{""type"":""MultiPoint"",""coordinates"":[]}"
2_20200409T034529_20200409T040445_T46NGM,0.1684212853005254,2020-04-09,09,04,2020,"{""type"":""MultiPoint"",""coordinates"":[]}"
2_20200419T034529_20200419T040538_T46NGL,0.21087611508772106,2020-04-19,19,04,2020,"{""type"":""MultiPoint"",""coordinates"":[]}"
2_20200419T034529_20200419T040538_T46NGM,0.1691515930457644,2020-04-19,19,04,2020,"{""type"":""MultiPoint"",""coordinates"":[]}"
2_20200419T034529_20200419T040538_T46NHL,0.24392016937376543,2020-04-19,19,04,2020,"{""type"":""MultiPoint"",""coordinates"":[]}"
2_20200427T035541_20200427T041631_T46NGL,0.26582603051139986,2020-04-27,27,04,2020,"{""type"":""MultiPoint"",""coordinates"":[]}"
2_20200429T034529_20200429T040640_T46NGM,0.22075645263299873,2020-04-29,29,04,2020,"{""type"":""MultiPoint"",""coordinates"":[]}"
2_20200429T034529_20200429T040640_T46NHM,0.2618695957375882,2020-04-29,29,04,2020,"{""type"":""MultiPoint"",""coordinates"":[]}"
2_20200603T034541_20200603T040644_T46NGL,0.2608750250283585,2020-06-03,03,06,2020,"{""type"":""MultiPoint"",""coordinates"":[]}"
2_20200603T034541_20200603T040644_T46NGM,0.23377295507096382,2020-06-03,03,06,2020,"{""type"":""MultiPoint"",""coordinates"":[]}"
2_20200603T034541_20200603T040644_T46NHM,0.26135395414044255,2020-06-03,03,06,2020,"{""type"":""MultiPoint"",""coordinates"":[]}"
2_20200608T034539_20200608T040603_T46NGL,0.2849764452321701,2020-06-08,08,06,2020,"{""type"":""MultiPoint"",""coordinates"":[]}"
2_20200613T034541_20200613T034917_T46NGM,0.23351010600210606,2020-06-13,13,06,2020,"{""type"":""MultiPoint"",""coordinates"":[]}"
2_20200613T034541_20200613T034917_T46NHL,0.2853006120816425,2020-06-13,13,06,2020,"{""type"":""MultiPoint"",""coordinates"":[]}"
2_20200613T034541_20200613T034917_T46NHM,0.264579718699594,2020-06-13,13,06,2020,"{""type"":""MultiPoint"",""coordinates"":[]}"
2_20200716T035541_20200716T040012_T46NGL,0.29938426852414923,2020-07-16,16,07,2020,"{""type"":""MultiPoint"",""coordinates"":[]}"
2_20200716T035541_20200716T040012_T46NGM,0.22633070290234397,2020-07-16,16,07,2020,"{""type"":""MultiPoint"",""coordinates"":[]}"
2_20200807T034539_20200807T040039_T46NHL,0.2737583808834114,2020-08-07,07,08,2020,"{""type"":""MultiPoint"",""coordinates"":[]}"
2_20200807T034539_20200807T040039_T46NHM,0.2780371435537018,2020-08-07,07,08,2020,"{""type"":""MultiPoint"",""coordinates"":[]}"
2_20200817T034539_20200817T040040_T46NGL,0.28363951336801824,2020-08-17,17,08,2020,"{""type"":""MultiPoint"",""coordinates"":[]}"
2_20200817T034539_20200817T040040_T46NGM,0.2198922049935808,2020-08-17,17,08,2020,"{""type"":""MultiPoint"",""coordinates"":[]}"
2_20200817T034539_20200817T040040_T46NHL,0.3070499851956859,2020-08-17,17,08,2020,"{""type"":""MultiPoint"",""coordinates"":[]}"
2_20200817T034539_20200817T040040_T46NHM,0.23612103293794243,2020-08-17,17,08,2020,"{""type"":""MultiPoint"",""coordinates"":[]}"
2_20200820T035539_20200820T041118_T46NGL,0.2897937102596755,2020-08-20,20,08,2020,"{""type"":""MultiPoint"",""coordinates"":[]}"
2_20200822T034541_20200822T040241_T46NGM,0.18598980876374327,2020-08-22,22,08,2020,"{""type"":""MultiPoint"",""coordinates"":[]}"
2_20200825T035541_20200825T041319_T46NGM,0.2527691906665975,2020-08-25,25,08,2020,"{""type"":""MultiPoint"",""coordinates"":[]}"
2_20201001T034551_20201001T040240_T46NGL,0.23045526490459106,2020-10-01,01,10,2020,"{""type"":""MultiPoint"",""coordinates"":[]}"
2_20201105T034939_20201105T040226_T46NGL,0.21949642641373643,2020-11-05,05,11,2020,"{""type"":""MultiPoint"",""coordinates"":[]}"
2_20201108T035959_20201108T041423_T46NGL,0.19951885344622328,2020-11-08,08,11,2020,"{""type"":""MultiPoint"",""coordinates"":[]}"
2_20201125T035059_20201125T040647_T46NHM,0.2800341010815901,2020-11-25,25,11,2020,"{""type"":""MultiPoint"",""coordinates"":[]}"
2_20201208T040139_20201208T041337_T46NGM,0.25139324247823575,2020-12-08,08,12,2020,"{""type"":""MultiPoint"",""coordinates"":[]}"
2_20201223T040201_20201223T041215_T46NGL,0.3720999445319252,2020-12-23,23,12,2020,"{""type"":""MultiPoint"",""coordinates"":[]}"
2_20201223T040201_20201223T041646_T46NGL,0.3725249052874517,2020-12-23,23,12,2020,"{""type"":""MultiPoint"",""coordinates"":[]}"
2_20201223T040201_20201223T041646_T46NGM,0.3672171918660003,2020-12-23,23,12,2020,"{""type"":""MultiPoint"",""coordinates"":[]}"
2_20210104T035139_20210104T040638_T46NGL,0.23084466292608746,2021-01-04,04,01,2021,"{""type"":""MultiPoint"",""coordinates"":[]}"
2_20210114T035119_20210114T040548_T46NGL,0.19892692513333476,2021-01-14,14,01,2021,"{""type"":""MultiPoint"",""coordinates"":[]}"
2_20210122T040051_20210122T041350_T46NGL,0.2928570939426708,2021-01-22,22,01,2021,"{""type"":""MultiPoint"",""coordinates"":[]}"
2_20210122T040051_20210122T041350_T46NGM,0.25550749509212883,2021-01-22,22,01,2021,"{""type"":""MultiPoint"",""coordinates"":[]}"
2_20210124T035039_20210124T040556_T46NGL,0.2624115996874042,2021-01-24,24,01,2021,"{""type"":""MultiPoint"",""coordinates"":[]}"
2_20210124T035039_20210124T040556_T46NHL,0.2703855623808605,2021-01-24,24,01,2021,"{""type"":""MultiPoint"",""coordinates"":[]}"
2_20210208T034921_20210208T035557_T46NGM,0.2093450113266424,2021-02-08,08,02,2021,"{""type"":""MultiPoint"",""coordinates"":[]}"
2_20210208T034921_20210208T035557_T46NHM,0.21482090919639896,2021-02-08,08,02,2021,"{""type"":""MultiPoint"",""coordinates"":[]}"
2_20210213T034849_20210213T040051_T46NGL,0.2444117884758831,2021-02-13,13,02,2021,"{""type"":""MultiPoint"",""coordinates"":[]}"
2_20210213T034849_20210213T040051_T46NGM,0.22072683699871945,2021-02-13,13,02,2021,"{""type"":""MultiPoint"",""coordinates"":[]}"
2_20210213T034849_20210213T040051_T46NHL,0.25604461298242626,2021-02-13,13,02,2021,"{""type"":""MultiPoint"",""coordinates"":[]}"
2_20210213T034849_20210213T040051_T46NHM,0.2622892664885263,2021-02-13,13,02,2021,"{""type"":""MultiPoint"",""coordinates"":[]}"
2_20210218T034811_20210218T035431_T46NGM,0.23873473490219332,2021-02-18,18,02,2021,"{""type"":""MultiPoint"",""coordinates"":[]}"
2_20210218T034811_20210218T035431_T46NHM,0.2390866675025636,2021-02-18,18,02,2021,"{""type"":""MultiPoint"",""coordinates"":[]}"
2_20210221T035801_20210221T040842_T46NGM,0.2526203659500885,2021-02-21,21,02,2021,"{""type"":""MultiPoint"",""coordinates"":[]}"
2_20210228T034701_20210228T035243_T46NGL,0.22797930576668143,2021-02-28,28,02,2021,"{""type"":""MultiPoint"",""coordinates"":[]}"
2_20210228T034701_20210228T035243_T46NGM,0.20030664832799852,2021-02-28,28,02,2021,"{""type"":""MultiPoint"",""coordinates"":[]}"
2_20210228T034701_20210228T035243_T46NHL,0.2151221662710138,2021-02-28,28,02,2021,"{""type"":""MultiPoint"",""coordinates"":[]}"
2_20210228T034701_20210228T035243_T46NHM,0.22028153735379277,2021-02-28,28,02,2021,"{""type"":""MultiPoint"",""coordinates"":[]}"
2_20210308T035609_20210308T040733_T46NGM,0.23478553755929465,2021-03-08,08,03,2021,"{""type"":""MultiPoint"",""coordinates"":[]}"
2_20210310T034551_20210310T035131_T46NGL,0.23315136861949365,2021-03-10,10,03,2021,"{""type"":""MultiPoint"",""coordinates"":[]}"
2_20210310T034551_20210310T035131_T46NHL,0.26421840910013444,2021-03-10,10,03,2021,"{""type"":""MultiPoint"",""coordinates"":[]}"
2_20210310T034551_20210310T035131_T46NHM,0.20108644637011658,2021-03-10,10,03,2021,"{""type"":""MultiPoint"",""coordinates"":[]}"
2_20210318T035539_20210318T041327_T46NGM,0.20866535010833545,2021-03-18,18,03,2021,"{""type"":""MultiPoint"",""coordinates"":[]}"
2_20210320T034531_20210320T040115_T46NHM,0.2170501916169236,2021-03-20,20,03,2021,"{""type"":""MultiPoint"",""coordinates"":[]}"
2_20210325T034539_20210325T040321_T46NGL,0.18289087761637265,2021-03-25,25,03,2021,"{""type"":""MultiPoint"",""coordinates"":[]}"
2_20210325T034539_20210325T040321_T46NHM,0.19817324168234654,2021-03-25,25,03,2021,"{""type"":""MultiPoint"",""coordinates"":[]}"
2_20210409T034531_20210409T035109_T46NGL,0.24577139343778182,2021-04-09,09,04,2021,"{""type"":""MultiPoint"",""coordinates"":[]}"
2_20210409T034531_20210409T035109_T46NGM,0.19712334983617946,2021-04-09,09,04,2021,"{""type"":""MultiPoint"",""coordinates"":[]}"
2_20210409T034531_20210409T035109_T46NHL,0.27519117818892175,2021-04-09,09,04,2021,"{""type"":""MultiPoint"",""coordinates"":[]}"
2_20210409T034531_20210409T035109_T46NHM,0.25629002269806317,2021-04-09,09,04,2021,"{""type"":""MultiPoint"",""coordinates"":[]}"
2_20210412T035531_20210412T041453_T46NGL,0.1717651827970826,2021-04-12,12,04,2021,"{""type"":""MultiPoint"",""coordinates"":[]}"
2_20210422T035531_20210422T041211_T46NGL,0.2593390112412703,2021-04-22,22,04,2021,"{""type"":""MultiPoint"",""coordinates"":[]}"
2_20210422T035531_20210422T041211_T46NGM,0.21770158643600676,2021-04-22,22,04,2021,"{""type"":""MultiPoint"",""coordinates"":[]}"
2_20210422T035531_20210422T041642_T46NGM,0.24439166108619875,2021-04-22,22,04,2021,"{""type"":""MultiPoint"",""coordinates"":[]}"
2_20210429T034531_20210429T035111_T46NGL,0.24441942840621192,2021-04-29,29,04,2021,"{""type"":""MultiPoint"",""coordinates"":[]}"
2_20210524T034539_20210524T040148_T46NGL,0.26464541512400397,2021-05-24,24,05,2021,"{""type"":""MultiPoint"",""coordinates"":[]}"
2_20210701T035541_20210701T041218_T46NGL,0.34353387746732506,2021-07-01,01,07,2021,"{""type"":""MultiPoint"",""coordinates"":[]}"
2_20210701T035541_20210701T041218_T46NGM,0.28096297926448616,2021-07-01,01,07,2021,"{""type"":""MultiPoint"",""coordinates"":[]}"
2_20210703T034539_20210703T040023_T46NGL,0.27617149401713825,2021-07-03,03,07,2021,"{""type"":""MultiPoint"",""coordinates"":[]}"
2_20210703T034539_20210703T040023_T46NHM,0.2725547508305769,2021-07-03,03,07,2021,"{""type"":""MultiPoint"",""coordinates"":[]}"
2_20210716T035539_20210716T041211_T46NGL,0.3034888146153045,2021-07-16,16,07,2021,"{""type"":""MultiPoint"",""coordinates"":[]}"
2_20210718T034541_20210718T040120_T46NHL,0.25566407634495414,2021-07-18,18,07,2021,"{""type"":""MultiPoint"",""coordinates"":[]}"
2_20210726T035539_20210726T041051_T46NGM,0.19894447784745764,2021-07-26,26,07,2021,"{""type"":""MultiPoint"",""coordinates"":[]}"
2_20210728T034541_20210728T035913_T46NGL,0.2805399222759516,2021-07-28,28,07,2021,"{""type"":""MultiPoint"",""coordinates"":[]}"
2_20210728T034541_20210728T035913_T46NGM,0.23992759937340813,2021-07-28,28,07,2021,"{""type"":""MultiPoint"",""coordinates"":[]}"
2_20210728T034541_20210728T035913_T46NHL,0.3224035322337707,2021-07-28,28,07,2021,"{""type"":""MultiPoint"",""coordinates"":[]}"
2_20210728T034541_20210728T035913_T46NHM,0.2786024734892852,2021-07-28,28,07,2021,"{""type"":""MultiPoint"",""coordinates"":[]}"
2_20210807T034541_20210807T035116_T46NGM,0.23381935327078385,2021-08-07,07,08,2021,"{""type"":""MultiPoint"",""coordinates"":[]}"
2_20210817T034541_20210817T040050_T46NGL,0.2385520532628943,2021-08-17,17,08,2021,"{""type"":""MultiPoint"",""coordinates"":[]}"
2_20210817T034541_20210817T040050_T46NHL,0.21120934639290725,2021-08-17,17,08,2021,"{""type"":""MultiPoint"",""coordinates"":[]}"
2_20210906T034541_20210906T035114_T46NGL,0.27264315579095094,2021-09-06,06,09,2021,"{""type"":""MultiPoint"",""coordinates"":[]}"
2_20210906T034541_20210906T035114_T46NGM,0.21091091560613479,2021-09-06,06,09,2021,"{""type"":""MultiPoint"",""coordinates"":[]}"
2_20210906T034541_20210906T035114_T46NHL,0.3144273731923096,2021-09-06,06,09,2021,"{""type"":""MultiPoint"",""coordinates"":[]}"
2_20210906T034541_20210906T035114_T46NHM,0.20821991932823,2021-09-06,06,09,2021,"{""type"":""MultiPoint"",""coordinates"":[]}"
2_20210924T035539_20210924T040703_T46NGL,0.3154311808035268,2021-09-24,24,09,2021,"{""type"":""MultiPoint"",""coordinates"":[]}"
2_20211004T035609_20211004T040733_T46NGL,0.3357337217732088,2021-10-04,04,10,2021,"{""type"":""MultiPoint"",""coordinates"":[]}"
2_20211004T035609_20211004T040733_T46NGM,0.2693480652962193,2021-10-04,04,10,2021,"{""type"":""MultiPoint"",""coordinates"":[]}"
2_20211213T040149_20211213T041507_T46NGL,0.3101065906570165,2021-12-13,13,12,2021,"{""type"":""MultiPoint"",""coordinates"":[]}"
2_20211213T040149_20211213T041507_T46NGM,0.27966336556923294,2021-12-13,13,12,2021,"{""type"":""MultiPoint"",""coordinates"":[]}"
2_20211225T035151_20211225T040145_T46NGL,0.2753745204832933,2021-12-25,25,12,2021,"{""type"":""MultiPoint"",""coordinates"":[]}"
2_20211225T035151_20211225T040145_T46NGM,0.23138781874877845,2021-12-25,25,12,2021,"{""type"":""MultiPoint"",""coordinates"":[]}"
2_20211225T035151_20211225T040145_T46NHL,0.28020538296803515,2021-12-25,25,12,2021,"{""type"":""MultiPoint"",""coordinates"":[]}"
2_20211225T035151_20211225T040145_T46NHM,0.2571177508388699,2021-12-25,25,12,2021,"{""type"":""MultiPoint"",""coordinates"":[]}"
2_20211228T040201_20211228T041623_T46NGL,0.36947009120738306,2021-12-28,28,12,2021,"{""type"":""MultiPoint"",""coordinates"":[]}"
2_20211228T040201_20211228T041623_T46NGM,0.2976516566485765,2021-12-28,28,12,2021,"{""type"":""MultiPoint"",""coordinates"":[]}"
2_20220107T040141_20220107T040838_T46NGM,0.2973119147062071,2022-01-07,07,01,2022,"{""type"":""MultiPoint"",""coordinates"":[]}"
2_20220112T040119_20220112T041128_T46NGL,0.25738752360774525,2022-01-12,12,01,2022,"{""type"":""MultiPoint"",""coordinates"":[]}"
2_20220112T040119_20220112T041128_T46NGM,0.24901025838361965,2022-01-12,12,01,2022,"{""type"":""MultiPoint"",""coordinates"":[]}"
2_20220114T035121_20220114T040329_T46NHL,0.3268632951329779,2022-01-14,14,01,2022,"{""type"":""MultiPoint"",""coordinates"":[]}"
2_20220114T035121_20220114T040329_T46NHM,0.244068253097663,2022-01-14,14,01,2022,"{""type"":""MultiPoint"",""coordinates"":[]}"
2_20220117T040111_20220117T041424_T46NGL,0.34618295728601683,2022-01-17,17,01,2022,"{""type"":""MultiPoint"",""coordinates"":[]}"
2_20220122T040049_20220122T041623_T46NGL,0.32673488483297025,2022-01-22,22,01,2022,"{""type"":""MultiPoint"",""coordinates"":[]}"
2_20220122T040049_20220122T041623_T46NGM,0.2746201788039119,2022-01-22,22,01,2022,"{""type"":""MultiPoint"",""coordinates"":[]}"
2_20220129T035009_20220129T040340_T46NGL,0.18319143180501254,2022-01-29,29,01,2022,"{""type"":""MultiPoint"",""coordinates"":[]}"
2_20220218T034809_20220218T040535_T46NHM,0.14566716451408013,2022-02-18,18,02,2022,"{""type"":""MultiPoint"",""coordinates"":[]}"
2_20220221T035759_20220221T041041_T46NGL,0.17680716070383196,2022-02-21,21,02,2022,"{""type"":""MultiPoint"",""coordinates"":[]}"
2_20220313T035539_20220313T040827_T46NGL,0.1655174091499377,2022-03-13,13,03,2022,"{""type"":""MultiPoint"",""coordinates"":[]}"
2_20220313T035539_20220313T040827_T46NGM,0.15248865116328522,2022-03-13,13,03,2022,"{""type"":""MultiPoint"",""coordinates"":[]}"
2_20220330T034529_20220330T035751_T46NGM,0.15679647529298002,2022-03-30,30,03,2022,"{""type"":""MultiPoint"",""coordinates"":[]}"
2_20220330T034529_20220330T035751_T46NHM,0.18711863882862725,2022-03-30,30,03,2022,"{""type"":""MultiPoint"",""coordinates"":[]}"
2_20220404T034541_20220404T035111_T46NGL,0.17253261036095666,2022-04-04,04,04,2022,"{""type"":""MultiPoint"",""coordinates"":[]}"
2_20220407T035541_20220407T041444_T46NGL,0.1878545420104199,2022-04-07,07,04,2022,"{""type"":""MultiPoint"",""coordinates"":[]}"
2_20220412T035539_20220412T041002_T46NGM,0.15477531937135167,2022-04-12,12,04,2022,"{""type"":""MultiPoint"",""coordinates"":[]}"
2_20220414T034541_20220414T035112_T46NGL,0.17269479310424005,2022-04-14,14,04,2022,"{""type"":""MultiPoint"",""coordinates"":[]}"
2_20220414T034541_20220414T035112_T46NGM,0.14961400528279797,2022-04-14,14,04,2022,"{""type"":""MultiPoint"",""coordinates"":[]}"
2_20220414T034541_20220414T035112_T46NHL,0.1950117584313595,2022-04-14,14,04,2022,"{""type"":""MultiPoint"",""coordinates"":[]}"
2_20220414T034541_20220414T035112_T46NHM,0.19186793343068856,2022-04-14,14,04,2022,"{""type"":""MultiPoint"",""coordinates"":[]}"
2_20220417T035541_20220417T040926_T46NGM,0.15465674729650414,2022-04-17,17,04,2022,"{""type"":""MultiPoint"",""coordinates"":[]}"
2_20220417T035541_20220417T041646_T46NGL,0.16638176293070822,2022-04-17,17,04,2022,"{""type"":""MultiPoint"",""coordinates"":[]}"
2_20220422T035529_20220422T041055_T46NGL,0.17496997916982265,2022-04-22,22,04,2022,"{""type"":""MultiPoint"",""coordinates"":[]}"
2_20220422T035529_20220422T041055_T46NGM,0.13916763167637547,2022-04-22,22,04,2022,"{""type"":""MultiPoint"",""coordinates"":[]}"
2_20220613T034551_20220613T040018_T46NGL,0.20349250525601403,2022-06-13,13,06,2022,"{""type"":""MultiPoint"",""coordinates"":[]}"
2_20220613T034551_20220613T040018_T46NHL,0.24160253663644513,2022-06-13,13,06,2022,"{""type"":""MultiPoint"",""coordinates"":[]}"
2_20220706T035551_20220706T040719_T46NGL,0.21585838346764033,2022-07-06,06,07,2022,"{""type"":""MultiPoint"",""coordinates"":[]}"
2_20220718T034539_20220718T035932_T46NHL,0.25121635888067717,2022-07-18,18,07,2022,"{""type"":""MultiPoint"",""coordinates"":[]}"
2_20220810T035539_20220810T041027_T46NGL,0.24035678825394108,2022-08-10,10,08,2022,"{""type"":""MultiPoint"",""coordinates"":[]}"
2_20220810T035539_20220810T041027_T46NGM,0.1913723474014212,2022-08-10,10,08,2022,"{""type"":""MultiPoint"",""coordinates"":[]}"
2_20220916T034539_20220916T040020_T46NGM,0.15448354549289592,2022-09-16,16,09,2022,"{""type"":""MultiPoint"",""coordinates"":[]}"
2_20220916T034539_20220916T040020_T46NHM,0.19213056910508855,2022-09-16,16,09,2022,"{""type"":""MultiPoint"",""coordinates"":[]}"
2_20220919T035539_20220919T040627_T46NGL,0.1975127517501805,2022-09-19,19,09,2022,"{""type"":""MultiPoint"",""coordinates"":[]}"
2_20221125T035059_20221125T040200_T46NGM,0.1521818788659764,2022-11-25,25,11,2022,"{""type"":""MultiPoint"",""coordinates"":[]}"
2_20221128T040119_20221128T040953_T46NGL,0.1793192857113168,2022-11-28,28,11,2022,"{""type"":""MultiPoint"",""coordinates"":[]}"
2_20221223T040151_20221223T041453_T46NGL,0.1970571951171169,2022-12-23,23,12,2022,"{""type"":""MultiPoint"",""coordinates"":[]}"
2_20221223T040151_20221223T041453_T46NGM,0.17855043650725108,2022-12-23,23,12,2022,"{""type"":""MultiPoint"",""coordinates"":[]}"
2_20230109T035131_20230109T040251_T46NGL,0.16678536973036553,2023-01-09,09,01,2023,"{""type"":""MultiPoint"",""coordinates"":[]}"
2_20230109T035131_20230109T040251_T46NHL,0.16522548972725476,2023-01-09,09,01,2023,"{""type"":""MultiPoint"",""coordinates"":[]}"
2_20230218T034811_20230218T040329_T46NGL,0.1731227720750486,2023-02-18,18,02,2023,"{""type"":""MultiPoint"",""coordinates"":[]}"
2_20230218T034811_20230218T040329_T46NHL,0.1515948690301915,2023-02-18,18,02,2023,"{""type"":""MultiPoint"",""coordinates"":[]}"
2_20230226T035729_20230226T040442_T46NGL,0.13235187793065264,2023-02-26,26,02,2023,"{""type"":""MultiPoint"",""coordinates"":[]}"
2_20230308T035619_20230308T041559_T46NGL,0.2119045994575933,2023-03-08,08,03,2023,"{""type"":""MultiPoint"",""coordinates"":[]}"
2_20230422T035541_20230422T040458_T46NGL,0.16569440098223873,2023-04-22,22,04,2023,"{""type"":""MultiPoint"",""coordinates"":[]}"
2_20230422T035541_20230422T040458_T46NGM,0.12605799327662376,2023-04-22,22,04,2023,"{""type"":""MultiPoint"",""coordinates"":[]}"
2_20230512T035541_20230512T040548_T46NGL,0.17898051903270984,2023-05-12,12,05,2023,"{""type"":""MultiPoint"",""coordinates"":[]}"
2_20230512T035541_20230512T040548_T46NGM,0.1344657824345951,2023-05-12,12,05,2023,"{""type"":""MultiPoint"",""coordinates"":[]}"
2_20230514T034539_20230514T040011_T46NGL,0.20251343583234396,2023-05-14,14,05,2023,"{""type"":""MultiPoint"",""coordinates"":[]}"
2_20230514T034539_20230514T040011_T46NGM,0.15741778227215358,2023-05-14,14,05,2023,"{""type"":""MultiPoint"",""coordinates"":[]}"
2_20230514T034539_20230514T040011_T46NHL,0.2174265575659707,2023-05-14,14,05,2023,"{""type"":""MultiPoint"",""coordinates"":[]}"
2_20230514T034539_20230514T040011_T46NHM,0.20044493615172623,2023-05-14,14,05,2023,"{""type"":""MultiPoint"",""coordinates"":[]}"
2_20230527T035539_20230527T041014_T46NGL,0.2065015082094177,2023-05-27,27,05,2023,"{""type"":""MultiPoint"",""coordinates"":[]}"
2_20230527T035539_20230527T041014_T46NGM,0.1353726515508086,2023-05-27,27,05,2023,"{""type"":""MultiPoint"",""coordinates"":[]}"
2_20230529T034541_20230529T035746_T46NHL,0.1605757164448427,2023-05-29,29,05,2023,"{""type"":""MultiPoint"",""coordinates"":[]}"
2_20230611T035541_20230611T040550_T46NGL,0.19660057941508663,2023-06-11,11,06,2023,"{""type"":""MultiPoint"",""coordinates"":[]}"
2_20230611T035541_20230611T040550_T46NGM,0.14300224314794896,2023-06-11,11,06,2023,"{""type"":""MultiPoint"",""coordinates"":[]}"
2_20230621T035541_20230621T040644_T46NGL,0.2337846957902058,2023-06-21,21,06,2023,"{""type"":""MultiPoint"",""coordinates"":[]}"
2_20230621T035541_20230621T040644_T46NGM,0.14931476363932525,2023-06-21,21,06,2023,"{""type"":""MultiPoint"",""coordinates"":[]}"
2_20230718T034541_20230718T035533_T46NHM,0.16096856433367904,2023-07-18,18,07,2023,"{""type"":""MultiPoint"",""coordinates"":[]}"
2_20230723T034539_20230723T040005_T46NGM,0.1329799490448361,2023-07-23,23,07,2023,"{""type"":""MultiPoint"",""coordinates"":[]}"
2_20230805T035539_20230805T041014_T46NGM,0.15223161725946485,2023-08-05,05,08,2023,"{""type"":""MultiPoint"",""coordinates"":[]}"
2_20230817T034541_20230817T040240_T46NGL,0.17514376089601952,2023-08-17,17,08,2023,"{""type"":""MultiPoint"",""coordinates"":[]}"
2_20230820T035541_20230820T041055_T46NGL,0.20503174484562994,2023-08-20,20,08,2023,"{""type"":""MultiPoint"",""coordinates"":[]}"
2_20230820T035541_20230820T041055_T46NGM,0.1477138789223795,2023-08-20,20,08,2023,"{""type"":""MultiPoint"",""coordinates"":[]}"
2_20230822T034539_20230822T040455_T46NGL,0.18256089935637534,2023-08-22,22,08,2023,"{""type"":""MultiPoint"",""coordinates"":[]}"
2_20230822T034539_20230822T040455_T46NGM,0.1143348682819892,2023-08-22,22,08,2023,"{""type"":""MultiPoint"",""coordinates"":[]}"
2_20230822T034539_20230822T040455_T46NHM,0.1665932585274747,2023-08-22,22,08,2023,"{""type"":""MultiPoint"",""coordinates"":[]}"
2_20230909T035541_20230909T041054_T46NGM,0.1500165809247428,2023-09-09,09,09,2023,"{""type"":""MultiPoint"",""coordinates"":[]}"
2_20230911T034539_20230911T040618_T46NHL,0.2277195636043514,2023-09-11,11,09,2023,"{""type"":""MultiPoint"",""coordinates"":[]}"
2_20231001T034549_20231001T040014_T46NGL,0.16713599675388568,2023-10-01,01,10,2023,"{""type"":""MultiPoint"",""coordinates"":[]}"
2_20231001T034549_20231001T040014_T46NGM,0.12301365523205134,2023-10-01,01,10,2023,"{""type"":""MultiPoint"",""coordinates"":[]}"
2_20231001T034549_20231001T040014_T46NHM,0.16779820655391328,2023-10-01,01,10,2023,"{""type"":""MultiPoint"",""coordinates"":[]}"
2_20231026T034831_20231026T040603_T46NGM,0.13060502831158724,2023-10-26,26,10,2023,"{""type"":""MultiPoint"",""coordinates"":[]}"
2_20231026T034831_20231026T040603_T46NHM,0.17447282474848952,2023-10-26,26,10,2023,"{""type"":""MultiPoint"",""coordinates"":[]}"
2_20231029T035851_20231029T041056_T46NGL,0.20190128567890733,2023-10-29,29,10,2023,"{""type"":""MultiPoint"",""coordinates"":[]}"
2_20231029T035851_20231029T041056_T46NGM,0.15679251301974712,2023-10-29,29,10,2023,"{""type"":""MultiPoint"",""coordinates"":[]}"
2_20231208T040141_20231208T041105_T46NGL,0.14623577813124383,2023-12-08,08,12,2023,"{""type"":""MultiPoint"",""coordinates"":[]}"
2_20231213T040149_20231213T041047_T46NGL,0.14991212269125093,2023-12-13,13,12,2023,"{""type"":""MultiPoint"",""coordinates"":[]}"
2_20231213T040149_20231213T041047_T46NGM,0.13604776072495253,2023-12-13,13,12,2023,"{""type"":""MultiPoint"",""coordinates"":[]}"
2_20231228T040151_20231228T041354_T46NGM,0.14825680682653625,2023-12-28,28,12,2023,"{""type"":""MultiPoint"",""coordinates"":[]}"
2_20240102T040149_20240102T041205_T46NGL,0.1780033559394506,2024-01-02,02,01,2024,"{""type"":""MultiPoint"",""coordinates"":[]}"
2_20240114T035111_20240114T040310_T46NGM,0.15065626661402995,2024-01-14,14,01,2024,"{""type"":""MultiPoint"",""coordinates"":[]}"
2_20240114T035111_20240114T040310_T46NHL,0.20098145998282163,2024-01-14,14,01,2024,"{""type"":""MultiPoint"",""coordinates"":[]}"
2_20240114T035111_20240114T040310_T46NHM,0.165791856335835,2024-01-14,14,01,2024,"{""type"":""MultiPoint"",""coordinates"":[]}"
2_20240122T040059_20240122T041121_T46NGL,0.15666859096213648,2024-01-22,22,01,2024,"{""type"":""MultiPoint"",""coordinates"":[]}"
2_20240122T040059_20240122T041121_T46NGM,0.1467687690533758,2024-01-22,22,01,2024,"{""type"":""MultiPoint"",""coordinates"":[]}"
2_20240201T040009_20240201T041401_T46NGL,0.17246350641215327,2024-02-01,01,02,2024,"{""type"":""MultiPoint"",""coordinates"":[]}"
2_20240201T040009_20240201T041401_T46NGM,0.16370594981004483,2024-02-01,01,02,2024,"{""type"":""MultiPoint"",""coordinates"":[]}"
2_20240203T034951_20240203T040146_T46NHM,0.14679678059426451,2024-02-03,03,02,2024,"{""type"":""MultiPoint"",""coordinates"":[]}"
2_20240208T034929_20240208T040544_T46NGL,0.1665004779717067,2024-02-08,08,02,2024,"{""type"":""MultiPoint"",""coordinates"":[]}"
2_20240208T034929_20240208T040544_T46NHL,0.16949116648637827,2024-02-08,08,02,2024,"{""type"":""MultiPoint"",""coordinates"":[]}"
2_20240211T035909_20240211T041151_T46NGL,0.1817780008367475,2024-02-11,11,02,2024,"{""type"":""MultiPoint"",""coordinates"":[]}"
2_20240211T035909_20240211T041151_T46NGM,0.15170347578752783,2024-02-11,11,02,2024,"{""type"":""MultiPoint"",""coordinates"":[]}"
2_20240213T034851_20240213T040438_T46NGL,0.12304134558920231,2024-02-13,13,02,2024,"{""type"":""MultiPoint"",""coordinates"":[]}"
2_20240213T034851_20240213T040438_T46NGM,0.1311750668598468,2024-02-13,13,02,2024,"{""type"":""MultiPoint"",""coordinates"":[]}"
2_20240213T034851_20240213T040438_T46NHL,0.1156195612862113,2024-02-13,13,02,2024,"{""type"":""MultiPoint"",""coordinates"":[]}"
2_20240213T034851_20240213T040438_T46NHM,0.1618488963993944,2024-02-13,13,02,2024,"{""type"":""MultiPoint"",""coordinates"":[]}"
2_20240218T034819_20240218T040333_T46NHM,0.15670548054070882,2024-02-18,18,02,2024,"{""type"":""MultiPoint"",""coordinates"":[]}"
2_20240221T035809_20240221T040947_T46NGL,0.16165759565258161,2024-02-21,21,02,2024,"{""type"":""MultiPoint"",""coordinates"":[]}"
2_20240221T035809_20240221T040947_T46NGM,0.1507239194158081,2024-02-21,21,02,2024,"{""type"":""MultiPoint"",""coordinates"":[]}"
2_20240223T034741_20240223T040224_T46NGL,0.14242284140713635,2024-02-23,23,02,2024,"{""type"":""MultiPoint"",""coordinates"":[]}"
2_20240223T034741_20240223T040224_T46NGM,0.12581731420369557,2024-02-23,23,02,2024,"{""type"":""MultiPoint"",""coordinates"":[]}"
2_20240223T034741_20240223T040224_T46NHL,0.1521550866224604,2024-02-23,23,02,2024,"{""type"":""MultiPoint"",""coordinates"":[]}"
2_20240223T034741_20240223T040224_T46NHM,0.14854263512216465,2024-02-23,23,02,2024,"{""type"":""MultiPoint"",""coordinates"":[]}"
2_20240226T035731_20240226T041547_T46NGL,0.1607767050812392,2024-02-26,26,02,2024,"{""type"":""MultiPoint"",""coordinates"":[]}"
2_20240226T035731_20240226T041547_T46NGM,0.14929953372815155,2024-02-26,26,02,2024,"{""type"":""MultiPoint"",""coordinates"":[]}"
2_20240228T034709_20240228T040135_T46NGL,0.1548579599765721,2024-02-28,28,02,2024,"{""type"":""MultiPoint"",""coordinates"":[]}"
2_20240228T034709_20240228T040135_T46NHM,0.13789436214170592,2024-02-28,28,02,2024,"{""type"":""MultiPoint"",""coordinates"":[]}"
2_20240312T035539_20240312T040521_T46NGL,0.1623689953434451,2024-03-12,12,03,2024,"{""type"":""MultiPoint"",""coordinates"":[]}"
2_20240312T035539_20240312T040521_T46NGM,0.13717217074996502,2024-03-12,12,03,2024,"{""type"":""MultiPoint"",""coordinates"":[]}"
2_20240314T034531_20240314T035814_T46NGL,0.1709784213329859,2024-03-14,14,03,2024,"{""type"":""MultiPoint"",""coordinates"":[]}"
2_20240314T034531_20240314T035814_T46NGM,0.12364394895490118,2024-03-14,14,03,2024,"{""type"":""MultiPoint"",""coordinates"":[]}"
2_20240314T034531_20240314T035814_T46NHL,0.19425320989970765,2024-03-14,14,03,2024,"{""type"":""MultiPoint"",""coordinates"":[]}"
2_20240314T034531_20240314T035814_T46NHM,0.1618899965381285,2024-03-14,14,03,2024,"{""type"":""MultiPoint"",""coordinates"":[]}"
2_20240317T035541_20240317T041241_T46NGM,0.14416978246429832,2024-03-17,17,03,2024,"{""type"":""MultiPoint"",""coordinates"":[]}"
2_20240319T034529_20240319T040001_T46NGL,0.1323024997352208,2024-03-19,19,03,2024,"{""type"":""MultiPoint"",""coordinates"":[]}"
2_20240319T034529_20240319T040001_T46NGM,0.1119575823877248,2024-03-19,19,03,2024,"{""type"":""MultiPoint"",""coordinates"":[]}"
2_20240319T034529_20240319T040001_T46NHL,0.17123504773115544,2024-03-19,19,03,2024,"{""type"":""MultiPoint"",""coordinates"":[]}"
2_20240319T034529_20240319T040001_T46NHM,0.14018350009812594,2024-03-19,19,03,2024,"{""type"":""MultiPoint"",""coordinates"":[]}"
2_20240322T035539_20240322T041512_T46NGM,0.13685815826583897,2024-03-22,22,03,2024,"{""type"":""MultiPoint"",""coordinates"":[]}"
2_20240324T034531_20240324T040137_T46NGL,0.13455774236562795,2024-03-24,24,03,2024,"{""type"":""MultiPoint"",""coordinates"":[]}"
2_20240324T034531_20240324T040137_T46NGM,0.10922381804293262,2024-03-24,24,03,2024,"{""type"":""MultiPoint"",""coordinates"":[]}"
2_20240324T034531_20240324T040137_T46NHL,0.15072056035785453,2024-03-24,24,03,2024,"{""type"":""MultiPoint"",""coordinates"":[]}"
2_20240324T034531_20240324T040137_T46NHM,0.14918064168010176,2024-03-24,24,03,2024,"{""type"":""MultiPoint"",""coordinates"":[]}"
2_20240329T034539_20240329T040002_T46NGL,0.1554306570104379,2024-03-29,29,03,2024,"{""type"":""MultiPoint"",""coordinates"":[]}"
2_20240329T034539_20240329T040002_T46NGM,0.11938037124811807,2024-03-29,29,03,2024,"{""type"":""MultiPoint"",""coordinates"":[]}"
2_20240406T035531_20240406T041615_T46NGM,0.13910922197467707,2024-04-06,06,04,2024,"{""type"":""MultiPoint"",""coordinates"":[]}"
2_20240408T034529_20240408T035958_T46NGM,0.12001276962320016,2024-04-08,08,04,2024,"{""type"":""MultiPoint"",""coordinates"":[]}"
2_20240408T034529_20240408T035958_T46NHM,0.16277982106644467,2024-04-08,08,04,2024,"{""type"":""MultiPoint"",""coordinates"":[]}"
2_20240421T035539_20240421T041009_T46NGL,0.19076274028651027,2024-04-21,21,04,2024,"{""type"":""MultiPoint"",""coordinates"":[]}"
2_20240605T035541_20240605T041202_T46NGL,0.200236888852692,2024-06-05,05,06,2024,"{""type"":""MultiPoint"",""coordinates"":[]}"
2_20240612T034541_20240612T040446_T46NHM,0.20761312366619278,2024-06-12,12,06,2024,"{""type"":""MultiPoint"",""coordinates"":[]}"
2_20240615T035541_20240615T041301_T46NGM,0.1422517188752025,2024-06-15,15,06,2024,"{""type"":""MultiPoint"",""coordinates"":[]}"
2_20240627T034539_20240627T040003_T46NHM,0.17898444426869134,2024-06-27,27,06,2024,"{""type"":""MultiPoint"",""coordinates"":[]}"
2_20240816T034539_20240816T040617_T46NGM,0.1559947849742526,2024-08-16,16,08,2024,"{""type"":""MultiPoint"",""coordinates"":[]}"
2_20240816T034539_20240816T040617_T46NHM,0.17168878844705723,2024-08-16,16,08,2024,"{""type"":""MultiPoint"",""coordinates"":[]}"
2_20240829T035539_20240829T041406_T46NGL,0.2002640088911337,2024-08-29,29,08,2024,"{""type"":""MultiPoint"",""coordinates"":[]}"
2_20240829T035539_20240829T041406_T46NGM,0.15842163475251866,2024-08-29,29,08,2024,"{""type"":""MultiPoint"",""coordinates"":[]}"
2_20240915T034529_20240915T035607_T46NHM,0.1316820133607908,2024-09-15,15,09,2024,"{""type"":""MultiPoint"",""coordinates"":[]}"
2_20241015T034629_20241015T035835_T46NGL,0.16691352896055797,2024-10-15,15,10,2024,"{""type"":""MultiPoint"",""coordinates"":[]}"
2_20241020T034801_20241020T040248_T46NGM,0.14765270679854112,2024-10-20,20,10,2024,"{""type"":""MultiPoint"",""coordinates"":[]}"
2_20241023T035821_20241023T041010_T46NGL,0.2383435569034914,2024-10-23,23,10,2024,"{""type"":""MultiPoint"",""coordinates"":[]}"
2_20241023T035821_20241023T041010_T46NGM,0.17659988752909808,2024-10-23,23,10,2024,"{""type"":""MultiPoint"",""coordinates"":[]}"
2_20241028T035759_20241028T040938_T46NGL,0.1704149345087127,2024-10-28,28,10,2024,"{""type"":""MultiPoint"",""coordinates"":[]}"
2_20241028T035759_20241028T040938_T46NGM,0.14923286726501933,2024-10-28,28,10,2024,"{""type"":""MultiPoint"",""coordinates"":[]}"
2_20241104T034829_20241104T040307_T46NGM,0.13953642290260915,2024-11-04,04,11,2024,"{""type"":""MultiPoint"",""coordinates"":[]}"
2_20241107T035849_20241107T041010_T46NGL,0.18997247099562217,2024-11-07,07,11,2024,"{""type"":""MultiPoint"",""coordinates"":[]}"
2_20241107T035849_20241107T041010_T46NGM,0.14881934132808936,2024-11-07,07,11,2024,"{""type"":""MultiPoint"",""coordinates"":[]}"
2_20250101T040151_20250101T041354_T46NGL,0.17969876961868606,2025-01-01,01,01,2025,"{""type"":""MultiPoint"",""coordinates"":[]}"
2_20250131T040031_20250131T041554_T46NGL,0.21811032551662637,2025-01-31,31,01,2025,"{""type"":""MultiPoint"",""coordinates"":[]}"
2_20250131T040031_20250131T041554_T46NGM,0.18448889281192057,2025-01-31,31,01,2025,"{""type"":""MultiPoint"",""coordinates"":[]}"
2_20250207T034951_20250207T040322_T46NGM,0.12682170900720416,2025-02-07,07,02,2025,"{""type"":""MultiPoint"",""coordinates"":[]}"
2_20250217T034851_20250217T040119_T46NGL,0.16562332118770476,2025-02-17,17,02,2025,"{""type"":""MultiPoint"",""coordinates"":[]}"
2_20250302T035721_20250302T040537_T46NGL,0.17604608765262936,2025-03-02,02,03,2025,"{""type"":""MultiPoint"",""coordinates"":[]}"
2_20250324T034539_20250324T040146_T46NGL,0.14953713052437392,2025-03-24,24,03,2025,"{""type"":""MultiPoint"",""coordinates"":[]}"
2_20250324T034539_20250324T040146_T46NGM,0.14082429579597885,2025-03-24,24,03,2025,"{""type"":""MultiPoint"",""coordinates"":[]}"
2_20250324T034539_20250324T040146_T46NHL,0.1729500917659943,2025-03-24,24,03,2025,"{""type"":""MultiPoint"",""coordinates"":[]}"
