system:index,NDVI,date,day,month,year,.geo
1_1_1_LT05_131056_20050122,0.45727017996597374,2005-01-22,22,01,2005,"{""type"":""MultiPoint"",""coordinates"":[]}"
1_1_1_LT05_131056_20050223,0.42203727894589094,2005-02-23,23,02,2005,"{""type"":""MultiPoint"",""coordinates"":[]}"
1_1_1_LT05_131056_20050311,0.5199751791366625,2005-03-11,11,03,2005,"{""type"":""MultiPoint"",""coordinates"":[]}"
1_1_1_LT05_131056_20050327,0.5876886221490573,2005-03-27,27,03,2005,"{""type"":""MultiPoint"",""coordinates"":[]}"
1_1_1_LT05_131056_20050412,0.4898537633861167,2005-04-12,12,04,2005,"{""type"":""MultiPoint"",""coordinates"":[]}"
1_1_1_LT05_131056_20060704,0.6260324561516343,2006-07-04,04,07,2006,"{""type"":""MultiPoint"",""coordinates"":[]}"
1_1_1_LT05_131056_20060821,0.5823283310181196,2006-08-21,21,08,2006,"{""type"":""MultiPoint"",""coordinates"":[]}"
1_1_1_LT05_131056_20061008,0.617240062543783,2006-10-08,08,10,2006,"{""type"":""MultiPoint"",""coordinates"":[]}"
1_1_1_LT05_131056_20070213,0.3875086619785363,2007-02-13,13,02,2007,"{""type"":""MultiPoint"",""coordinates"":[]}"
1_1_1_LT05_131056_20070317,0.4312481398355933,2007-03-17,17,03,2007,"{""type"":""MultiPoint"",""coordinates"":[]}"
1_1_1_LT05_131056_20070418,0.545549854013077,2007-04-18,18,04,2007,"{""type"":""MultiPoint"",""coordinates"":[]}"
1_1_1_LT05_131056_20070520,0.5567492399408398,2007-05-20,20,05,2007,"{""type"":""MultiPoint"",""coordinates"":[]}"
1_1_1_LT05_131056_20080810,0.5750769239019293,2008-08-10,10,08,2008,"{""type"":""MultiPoint"",""coordinates"":[]}"
1_1_1_LT05_131056_20090218,0.3695873586361904,2009-02-18,18,02,2009,"{""type"":""MultiPoint"",""coordinates"":[]}"
1_1_1_LT05_131056_20090306,0.45537649302918604,2009-03-06,06,03,2009,"{""type"":""MultiPoint"",""coordinates"":[]}"
1_1_1_LT05_131056_20090423,0.6393903865565124,2009-04-23,23,04,2009,"{""type"":""MultiPoint"",""coordinates"":[]}"
1_1_1_LT05_131056_20100205,0.4866850917296951,2010-02-05,05,02,2010,"{""type"":""MultiPoint"",""coordinates"":[]}"
1_1_1_LT05_131056_20110208,0.504792712818112,2011-02-08,08,02,2011,"{""type"":""MultiPoint"",""coordinates"":[]}"
1_1_1_LT05_131057_20050207,0.17815674026694772,2005-02-07,07,02,2005,"{""type"":""MultiPoint"",""coordinates"":[]}"
1_1_1_LT05_131057_20050223,0.5142355154616849,2005-02-23,23,02,2005,"{""type"":""MultiPoint"",""coordinates"":[]}"
1_1_1_LT05_131057_20050311,0.6838547693748364,2005-03-11,11,03,2005,"{""type"":""MultiPoint"",""coordinates"":[]}"
1_1_1_LT05_131057_20050327,0.6096849044984898,2005-03-27,27,03,2005,"{""type"":""MultiPoint"",""coordinates"":[]}"
1_1_1_LT05_131057_20050412,0.39729677754484377,2005-04-12,12,04,2005,"{""type"":""MultiPoint"",""coordinates"":[]}"
1_1_1_LT05_131057_20050717,0.6352113606704427,2005-07-17,17,07,2005,"{""type"":""MultiPoint"",""coordinates"":[]}"
1_1_1_LT05_131057_20060210,0.5305462925145631,2006-02-10,10,02,2006,"{""type"":""MultiPoint"",""coordinates"":[]}"
1_1_1_LT05_131057_20060704,0.6867712574023781,2006-07-04,04,07,2006,"{""type"":""MultiPoint"",""coordinates"":[]}"
1_1_1_LT05_131057_20061008,0.6300779107214988,2006-10-08,08,10,2006,"{""type"":""MultiPoint"",""coordinates"":[]}"
1_1_1_LT05_131057_20070213,0.24017103801212578,2007-02-13,13,02,2007,"{""type"":""MultiPoint"",""coordinates"":[]}"
1_1_1_LT05_131057_20070520,0.5211073794616041,2007-05-20,20,05,2007,"{""type"":""MultiPoint"",""coordinates"":[]}"
1_1_1_LT05_131057_20070824,0.3428379931073746,2007-08-24,24,08,2007,"{""type"":""MultiPoint"",""coordinates"":[]}"
1_1_1_LT05_131057_20080810,0.7210085504942105,2008-08-10,10,08,2008,"{""type"":""MultiPoint"",""coordinates"":[]}"
1_1_1_LT05_131057_20090202,0.49118875811833224,2009-02-02,02,02,2009,"{""type"":""MultiPoint"",""coordinates"":[]}"
1_1_1_LT05_131057_20090218,0.36568979159043696,2009-02-18,18,02,2009,"{""type"":""MultiPoint"",""coordinates"":[]}"
1_1_1_LT05_131057_20090509,0.4356072057168951,2009-05-09,09,05,2009,"{""type"":""MultiPoint"",""coordinates"":[]}"
1_1_1_LT05_131057_20090610,0.6441835119696007,2009-06-10,10,06,2009,"{""type"":""MultiPoint"",""coordinates"":[]}"
1_1_1_LT05_131057_20091101,0.1543471084491064,2009-11-01,01,11,2009,"{""type"":""MultiPoint"",""coordinates"":[]}"
1_1_1_LT05_131057_20091117,0.48375446009530915,2009-11-17,17,11,2009,"{""type"":""MultiPoint"",""coordinates"":[]}"
1_1_1_LT05_131057_20110208,0.5211742441433106,2011-02-08,08,02,2011,"{""type"":""MultiPoint"",""coordinates"":[]}"
1_1_1_LT05_131057_20110312,0.36548072755023236,2011-03-12,12,03,2011,"{""type"":""MultiPoint"",""coordinates"":[]}"
1_1_1_LT05_132056_20050214,0.500161788897854,2005-02-14,14,02,2005,"{""type"":""MultiPoint"",""coordinates"":[]}"
1_1_1_LT05_132056_20050419,0.501635556771585,2005-04-19,19,04,2005,"{""type"":""MultiPoint"",""coordinates"":[]}"
1_1_1_LT05_132056_20050521,0.512919720553761,2005-05-21,21,05,2005,"{""type"":""MultiPoint"",""coordinates"":[]}"
1_1_1_LT05_132056_20050606,0.56282323328877,2005-06-06,06,06,2005,"{""type"":""MultiPoint"",""coordinates"":[]}"
1_1_1_LT05_132056_20050910,0.5051667641913277,2005-09-10,10,09,2005,"{""type"":""MultiPoint"",""coordinates"":[]}"
1_1_1_LT05_132056_20060201,0.46393220596674095,2006-02-01,01,02,2006,"{""type"":""MultiPoint"",""coordinates"":[]}"
1_1_1_LT05_132056_20060217,0.3621061413086281,2006-02-17,17,02,2006,"{""type"":""MultiPoint"",""coordinates"":[]}"
1_1_1_LT05_132056_20060406,0.5177081698116154,2006-04-06,06,04,2006,"{""type"":""MultiPoint"",""coordinates"":[]}"
1_1_1_LT05_132056_20060508,0.5485498819480218,2006-05-08,08,05,2006,"{""type"":""MultiPoint"",""coordinates"":[]}"
1_1_2_LE07_131056_20120322,0.6149076621452003,2012-03-22,22,03,2012,"{""type"":""MultiPoint"",""coordinates"":[]}"
1_1_2_LE07_131056_20130309,0.4517632585539684,2013-03-09,09,03,2013,"{""type"":""MultiPoint"",""coordinates"":[]}"
1_1_2_LE07_131057_20120322,0.5251156152127665,2012-03-22,22,03,2012,"{""type"":""MultiPoint"",""coordinates"":[]}"
1_1_2_LE07_131057_20120423,0.531530361564593,2012-04-23,23,04,2012,"{""type"":""MultiPoint"",""coordinates"":[]}"
1_1_2_LE07_131057_20130309,0.33353484520900695,2013-03-09,09,03,2013,"{""type"":""MultiPoint"",""coordinates"":[]}"
1_2_LC08_131056_20140216,0.47340461261521694,2014-02-16,16,02,2014,"{""type"":""MultiPoint"",""coordinates"":[]}"
1_2_LC08_131056_20140320,0.4087572641990823,2014-03-20,20,03,2014,"{""type"":""MultiPoint"",""coordinates"":[]}"
1_2_LC08_131056_20141115,0.645693617703962,2014-11-15,15,11,2014,"{""type"":""MultiPoint"",""coordinates"":[]}"
1_2_LC08_131056_20150118,0.6937634947467477,2015-01-18,18,01,2015,"{""type"":""MultiPoint"",""coordinates"":[]}"
1_2_LC08_131057_20140115,0.43276923764950265,2014-01-15,15,01,2014,"{""type"":""MultiPoint"",""coordinates"":[]}"
1_2_LC08_131057_20140216,0.5532014244536327,2014-02-16,16,02,2014,"{""type"":""MultiPoint"",""coordinates"":[]}"
1_2_LC08_131057_20140523,0.5906177804968833,2014-05-23,23,05,2014,"{""type"":""MultiPoint"",""coordinates"":[]}"
1_2_LC08_131057_20141030,0.3192346118841199,2014-10-30,30,10,2014,"{""type"":""MultiPoint"",""coordinates"":[]}"
1_2_LC08_131057_20150102,0.42730846872481343,2015-01-02,02,01,2015,"{""type"":""MultiPoint"",""coordinates"":[]}"
1_2_LC08_131057_20150118,0.7268893651142808,2015-01-18,18,01,2015,"{""type"":""MultiPoint"",""coordinates"":[]}"
1_2_LC08_131057_20150627,0.6821800710262829,2015-06-27,27,06,2015,"{""type"":""MultiPoint"",""coordinates"":[]}"
1_2_LO08_131056_20140304,0.4563488236534248,2014-03-04,04,03,2014,"{""type"":""MultiPoint"",""coordinates"":[]}"
2_20160109T040132_20160109T040826_T46NGL,0.47996138520069886,2016-01-09,09,01,2016,"{""type"":""MultiPoint"",""coordinates"":[]}"
2_20160109T040132_20160109T040826_T46NGM,0.40314361325289255,2016-01-09,09,01,2016,"{""type"":""MultiPoint"",""coordinates"":[]}"
2_20160109T041735_20160109T112007_T46NGL,0.47996138520069886,2016-01-09,09,01,2016,"{""type"":""MultiPoint"",""coordinates"":[]}"
2_20160109T041735_20160109T112007_T46NGM,0.4031436132528926,2016-01-09,09,01,2016,"{""type"":""MultiPoint"",""coordinates"":[]}"
2_20160218T035822_20160218T041457_T46NGL,0.6848810570405038,2016-02-18,18,02,2016,"{""type"":""MultiPoint"",""coordinates"":[]}"
2_20160218T035822_20160218T041457_T46NGM,0.6119721345989545,2016-02-18,18,02,2016,"{""type"":""MultiPoint"",""coordinates"":[]}"
2_20160218T041457_20160409T032352_T46NGL,0.6848810570405038,2016-02-18,18,02,2016,"{""type"":""MultiPoint"",""coordinates"":[]}"
2_20160218T041457_20160409T032352_T46NGM,0.6119721345989545,2016-02-18,18,02,2016,"{""type"":""MultiPoint"",""coordinates"":[]}"
2_20160319T035552_20160319T040941_T46NGL,0.45320627865821006,2016-03-19,19,03,2016,"{""type"":""MultiPoint"",""coordinates"":[]}"
2_20160319T035552_20160319T040941_T46NGM,0.3830202972221142,2016-03-19,19,03,2016,"{""type"":""MultiPoint"",""coordinates"":[]}"
2_20160319T040941_20160319T111731_T46NGL,0.45320627865821006,2016-03-19,19,03,2016,"{""type"":""MultiPoint"",""coordinates"":[]}"
2_20160319T040941_20160319T111731_T46NGM,0.3830202972221143,2016-03-19,19,03,2016,"{""type"":""MultiPoint"",""coordinates"":[]}"
2_20160727T035542_20160727T041018_T46NGL,0.6973200635948198,2016-07-27,27,07,2016,"{""type"":""MultiPoint"",""coordinates"":[]}"
2_20160727T035542_20160727T041018_T46NGM,0.5837607592325187,2016-07-27,27,07,2016,"{""type"":""MultiPoint"",""coordinates"":[]}"
2_20160727T041018_20160727T093208_T46NGL,0.6973200635948198,2016-07-27,27,07,2016,"{""type"":""MultiPoint"",""coordinates"":[]}"
2_20160727T041018_20160727T093208_T46NGM,0.5837607592325187,2016-07-27,27,07,2016,"{""type"":""MultiPoint"",""coordinates"":[]}"
2_20161012T034702_20161012T040251_T46NGM,0.40740921136669805,2016-10-12,12,10,2016,"{""type"":""MultiPoint"",""coordinates"":[]}"
2_20161012T034702_20161012T040251_T46NHM,0.43689338080256646,2016-10-12,12,10,2016,"{""type"":""MultiPoint"",""coordinates"":[]}"
2_20161012T034702_20161012T091659_T46NGM,0.40740921136669805,2016-10-12,12,10,2016,"{""type"":""MultiPoint"",""coordinates"":[]}"
2_20161012T034702_20161012T091659_T46NHM,0.43689338080256646,2016-10-12,12,10,2016,"{""type"":""MultiPoint"",""coordinates"":[]}"
2_20161101T034912_20161101T040626_T46NGM,0.45726508736238536,2016-11-01,01,11,2016,"{""type"":""MultiPoint"",""coordinates"":[]}"
2_20161101T034912_20161101T104624_T46NGM,0.4572650873623853,2016-11-01,01,11,2016,"{""type"":""MultiPoint"",""coordinates"":[]}"
2_20170209T034911_20170209T035553_T46NGL,0.24263732662120902,2017-02-09,09,02,2017,"{""type"":""MultiPoint"",""coordinates"":[]}"
2_20170209T034911_20170209T035553_T46NGM,0.4843834827579135,2017-02-09,09,02,2017,"{""type"":""MultiPoint"",""coordinates"":[]}"
2_20170209T034911_20170209T035553_T46NHM,0.34443473553826925,2017-02-09,09,02,2017,"{""type"":""MultiPoint"",""coordinates"":[]}"
2_20170209T034911_20170209T040642_T46NGL,0.47583487444674777,2017-02-09,09,02,2017,"{""type"":""MultiPoint"",""coordinates"":[]}"
2_20170209T034911_20170209T040642_T46NHL,0.36441381405738094,2017-02-09,09,02,2017,"{""type"":""MultiPoint"",""coordinates"":[]}"
2_20170212T035851_20170212T041300_T46NGL,0.2138883852954737,2017-02-12,12,02,2017,"{""type"":""MultiPoint"",""coordinates"":[]}"
2_20170314T035531_20170314T041026_T46NGL,0.6821887589572302,2017-03-14,14,03,2017,"{""type"":""MultiPoint"",""coordinates"":[]}"
2_20170314T035531_20170314T041026_T46NGM,0.5728833244434938,2017-03-14,14,03,2017,"{""type"":""MultiPoint"",""coordinates"":[]}"
2_20170403T035531_20170403T041216_T46NGL,0.5917554492422419,2017-04-03,03,04,2017,"{""type"":""MultiPoint"",""coordinates"":[]}"
2_20170423T035541_20170423T041029_T46NGL,0.3210026157329298,2017-04-23,23,04,2017,"{""type"":""MultiPoint"",""coordinates"":[]}"
2_20170619T034531_20170619T040640_T46NGL,0.641684119629256,2017-06-19,19,06,2017,"{""type"":""MultiPoint"",""coordinates"":[]}"
2_20170619T034531_20170619T040640_T46NGM,,2017-06-19,19,06,2017,"{""type"":""MultiPoint"",""coordinates"":[]}"
2_20170619T034531_20170619T040640_T46NHL,0.6317457950024307,2017-06-19,19,06,2017,"{""type"":""MultiPoint"",""coordinates"":[]}"
2_20170702T035541_20170702T041623_T46NGM,0.4864511060324807,2017-07-02,02,07,2017,"{""type"":""MultiPoint"",""coordinates"":[]}"
2_20170709T034531_20170709T035631_T46NGM,0.525426151590673,2017-07-09,09,07,2017,"{""type"":""MultiPoint"",""coordinates"":[]}"
2_20170709T034531_20170709T035631_T46NHL,0.35440420494033836,2017-07-09,09,07,2017,"{""type"":""MultiPoint"",""coordinates"":[]}"
2_20170709T034531_20170709T035631_T46NHM,0.5694741435863094,2017-07-09,09,07,2017,"{""type"":""MultiPoint"",""coordinates"":[]}"
2_20170724T034539_20170724T035631_T46NGL,0.6718095423939994,2017-07-24,24,07,2017,"{""type"":""MultiPoint"",""coordinates"":[]}"
2_20170724T034539_20170724T035631_T46NGM,0.5920287340281912,2017-07-24,24,07,2017,"{""type"":""MultiPoint"",""coordinates"":[]}"
2_20170724T034539_20170724T035631_T46NHL,0.739782723998433,2017-07-24,24,07,2017,"{""type"":""MultiPoint"",""coordinates"":[]}"
2_20170724T034539_20170724T035631_T46NHM,0.6661951217723255,2017-07-24,24,07,2017,"{""type"":""MultiPoint"",""coordinates"":[]}"
2_20171005T035609_20171005T041105_T46NGL,0.48583653684346795,2017-10-05,05,10,2017,"{""type"":""MultiPoint"",""coordinates"":[]}"
2_20171005T035609_20171005T041105_T46NGM,0.4668326815225147,2017-10-05,05,10,2017,"{""type"":""MultiPoint"",""coordinates"":[]}"
2_20171012T034649_20171012T035743_T46NGM,0.5005737931093647,2017-10-12,12,10,2017,"{""type"":""MultiPoint"",""coordinates"":[]}"
2_20171012T034649_20171012T035743_T46NHM,0.7015109626725722,2017-10-12,12,10,2017,"{""type"":""MultiPoint"",""coordinates"":[]}"
2_20171017T034731_20171017T040104_T46NGL,0.6870523706383335,2017-10-17,17,10,2017,"{""type"":""MultiPoint"",""coordinates"":[]}"
2_20171017T034731_20171017T040104_T46NGM,0.6223472553964183,2017-10-17,17,10,2017,"{""type"":""MultiPoint"",""coordinates"":[]}"
2_20171017T034731_20171017T040104_T46NHL,0.7374971439796877,2017-10-17,17,10,2017,"{""type"":""MultiPoint"",""coordinates"":[]}"
2_20171020T035801_20171020T040930_T46NGL,0.712151289431846,2017-10-20,20,10,2017,"{""type"":""MultiPoint"",""coordinates"":[]}"
2_20171020T035801_20171020T040930_T46NGM,0.5863326739945512,2017-10-20,20,10,2017,"{""type"":""MultiPoint"",""coordinates"":[]}"
2_20171216T035141_20171216T035747_T46NGL,0.4797509968073516,2017-12-16,16,12,2017,"{""type"":""MultiPoint"",""coordinates"":[]}"
2_20171216T035141_20171216T035747_T46NGM,0.40141255789200664,2017-12-16,16,12,2017,"{""type"":""MultiPoint"",""coordinates"":[]}"
2_20171216T035141_20171216T035747_T46NHL,0.4183493730306398,2017-12-16,16,12,2017,"{""type"":""MultiPoint"",""coordinates"":[]}"
2_20171216T035141_20171216T035747_T46NHM,0.47141792818190176,2017-12-16,16,12,2017,"{""type"":""MultiPoint"",""coordinates"":[]}"
2_20171219T040151_20171219T040906_T46NGL,0.006787869603091805,2017-12-19,19,12,2017,"{""type"":""MultiPoint"",""coordinates"":[]}"
2_20180113T040119_20180113T040832_T46NGL,0.40220938916184856,2018-01-13,13,01,2018,"{""type"":""MultiPoint"",""coordinates"":[]}"
2_20180125T035031_20180125T040023_T46NHM,0.17925636169485992,2018-01-25,25,01,2018,"{""type"":""MultiPoint"",""coordinates"":[]}"
2_20180130T034959_20180130T035717_T46NGL,0.38651196231843876,2018-01-30,30,01,2018,"{""type"":""MultiPoint"",""coordinates"":[]}"
2_20180130T034959_20180130T035717_T46NGM,0.3756107095146279,2018-01-30,30,01,2018,"{""type"":""MultiPoint"",""coordinates"":[]}"
2_20180130T034959_20180130T035717_T46NHM,0.4908647009813275,2018-01-30,30,01,2018,"{""type"":""MultiPoint"",""coordinates"":[]}"
2_20180202T035949_20180202T041629_T46NGL,0.41385918739294525,2018-02-02,02,02,2018,"{""type"":""MultiPoint"",""coordinates"":[]}"
2_20180202T035949_20180202T041629_T46NGM,0.5506706827866561,2018-02-02,02,02,2018,"{""type"":""MultiPoint"",""coordinates"":[]}"
2_20180209T034909_20180209T040520_T46NGM,0.3733354664492461,2018-02-09,09,02,2018,"{""type"":""MultiPoint"",""coordinates"":[]}"
2_20180209T034909_20180209T040520_T46NHM,0.4755829860473712,2018-02-09,09,02,2018,"{""type"":""MultiPoint"",""coordinates"":[]}"
2_20180212T035849_20180212T041426_T46NGL,0.6643229603229885,2018-02-12,12,02,2018,"{""type"":""MultiPoint"",""coordinates"":[]}"
2_20180212T035849_20180212T041426_T46NGM,0.5969989381148093,2018-02-12,12,02,2018,"{""type"":""MultiPoint"",""coordinates"":[]}"
2_20180214T034841_20180214T040242_T46NGL,0.5661334606987566,2018-02-14,14,02,2018,"{""type"":""MultiPoint"",""coordinates"":[]}"
2_20180214T034841_20180214T040242_T46NHL,0.5828890898956709,2018-02-14,14,02,2018,"{""type"":""MultiPoint"",""coordinates"":[]}"
2_20180217T035821_20180217T041438_T46NGL,0.5952410132354039,2018-02-17,17,02,2018,"{""type"":""MultiPoint"",""coordinates"":[]}"
2_20180217T035821_20180217T041438_T46NGM,0.45706766913314495,2018-02-17,17,02,2018,"{""type"":""MultiPoint"",""coordinates"":[]}"
2_20180219T034759_20180219T040506_T46NGL,0.3976896790796122,2018-02-19,19,02,2018,"{""type"":""MultiPoint"",""coordinates"":[]}"
2_20180219T034759_20180219T040506_T46NGM,0.3453570802746376,2018-02-19,19,02,2018,"{""type"":""MultiPoint"",""coordinates"":[]}"
2_20180219T034759_20180219T040506_T46NHM,0.37652802097253635,2018-02-19,19,02,2018,"{""type"":""MultiPoint"",""coordinates"":[]}"
2_20180309T035601_20180309T041201_T46NGM,0.3236049702085469,2018-03-09,09,03,2018,"{""type"":""MultiPoint"",""coordinates"":[]}"
2_20180311T034539_20180311T035740_T46NGL,0.39972819638814283,2018-03-11,11,03,2018,"{""type"":""MultiPoint"",""coordinates"":[]}"
2_20180311T034539_20180311T035740_T46NHM,0.2999940762069019,2018-03-11,11,03,2018,"{""type"":""MultiPoint"",""coordinates"":[]}"
2_20180314T035529_20180314T040715_T46NGL,0.6808176515123383,2018-03-14,14,03,2018,"{""type"":""MultiPoint"",""coordinates"":[]}"
2_20180314T035529_20180314T040715_T46NGM,0.5850061104841765,2018-03-14,14,03,2018,"{""type"":""MultiPoint"",""coordinates"":[]}"
2_20180314T035529_20180314T041638_T46NGL,0.6526537995143454,2018-03-14,14,03,2018,"{""type"":""MultiPoint"",""coordinates"":[]}"
2_20180314T035529_20180314T041638_T46NGM,0.5850061104841765,2018-03-14,14,03,2018,"{""type"":""MultiPoint"",""coordinates"":[]}"
2_20180319T035531_20180319T040557_T46NGM,0.3858147873692195,2018-03-19,19,03,2018,"{""type"":""MultiPoint"",""coordinates"":[]}"
2_20180321T034529_20180321T040215_T46NGL,0.531428727276743,2018-03-21,21,03,2018,"{""type"":""MultiPoint"",""coordinates"":[]}"
2_20180403T035539_20180403T040821_T46NGL,0.4634030600680486,2018-04-03,03,04,2018,"{""type"":""MultiPoint"",""coordinates"":[]}"
2_20180413T035539_20180413T041448_T46NGM,0.20155519576356676,2018-04-13,13,04,2018,"{""type"":""MultiPoint"",""coordinates"":[]}"
2_20180428T035541_20180428T035843_T46NGL,0.6526482279545529,2018-04-28,28,04,2018,"{""type"":""MultiPoint"",""coordinates"":[]}"
2_20180428T035541_20180428T035843_T46NGM,0.5764124169656002,2018-04-28,28,04,2018,"{""type"":""MultiPoint"",""coordinates"":[]}"
2_20180510T034539_20180510T040549_T46NHM,0.47040160185318114,2018-05-10,10,05,2018,"{""type"":""MultiPoint"",""coordinates"":[]}"
2_20180513T035539_20180513T041015_T46NGL,0.3788443821389944,2018-05-13,13,05,2018,"{""type"":""MultiPoint"",""coordinates"":[]}"
2_20180513T035539_20180513T041015_T46NGM,0.40956457837821925,2018-05-13,13,05,2018,"{""type"":""MultiPoint"",""coordinates"":[]}"
2_20180515T034541_20180515T034939_T46NGM,0.42091777461856694,2018-05-15,15,05,2018,"{""type"":""MultiPoint"",""coordinates"":[]}"
2_20180515T034541_20180515T034939_T46NHM,0.5368095479023782,2018-05-15,15,05,2018,"{""type"":""MultiPoint"",""coordinates"":[]}"
2_20180525T034541_20180525T040613_T46NHM,0.68593986930106,2018-05-25,25,05,2018,"{""type"":""MultiPoint"",""coordinates"":[]}"
2_20180602T035709_20180602T041116_T46NGM,0.49003147700026034,2018-06-02,02,06,2018,"{""type"":""MultiPoint"",""coordinates"":[]}"
2_20180612T035539_20180612T041553_T46NGL,0.6950913331977996,2018-06-12,12,06,2018,"{""type"":""MultiPoint"",""coordinates"":[]}"
2_20180612T035539_20180612T041553_T46NGM,0.5862112029121785,2018-06-12,12,06,2018,"{""type"":""MultiPoint"",""coordinates"":[]}"
2_20180614T034531_20180614T035000_T46NGM,0.5816380037533415,2018-06-14,14,06,2018,"{""type"":""MultiPoint"",""coordinates"":[]}"
2_20180622T035539_20180622T041638_T46NGL,0.613104095619055,2018-06-22,22,06,2018,"{""type"":""MultiPoint"",""coordinates"":[]}"
2_20180622T035539_20180622T041638_T46NGM,0.5545759463215062,2018-06-22,22,06,2018,"{""type"":""MultiPoint"",""coordinates"":[]}"
2_20180624T034531_20180624T040648_T46NGM,0.24985720765577216,2018-06-24,24,06,2018,"{""type"":""MultiPoint"",""coordinates"":[]}"
2_20180704T034541_20180704T040055_T46NGL,0.6609151435212507,2018-07-04,04,07,2018,"{""type"":""MultiPoint"",""coordinates"":[]}"
2_20180704T034541_20180704T040055_T46NHL,0.730506983753013,2018-07-04,04,07,2018,"{""type"":""MultiPoint"",""coordinates"":[]}"
2_20180712T035539_20180712T041232_T46NGL,0.4428789301626582,2018-07-12,12,07,2018,"{""type"":""MultiPoint"",""coordinates"":[]}"
2_20180719T034529_20180719T040418_T46NGM,0.4819224601907747,2018-07-19,19,07,2018,"{""type"":""MultiPoint"",""coordinates"":[]}"
2_20180724T034541_20180724T035939_T46NGM,0.562962019140757,2018-07-24,24,07,2018,"{""type"":""MultiPoint"",""coordinates"":[]}"
2_20180803T034541_20180803T035751_T46NGL,0.6062100831234082,2018-08-03,03,08,2018,"{""type"":""MultiPoint"",""coordinates"":[]}"
2_20180803T034541_20180803T035751_T46NGM,0.5081079892198405,2018-08-03,03,08,2018,"{""type"":""MultiPoint"",""coordinates"":[]}"
2_20180803T034541_20180803T035751_T46NHM,0.6068346384321124,2018-08-03,03,08,2018,"{""type"":""MultiPoint"",""coordinates"":[]}"
2_20180912T034531_20180912T034835_T46NGL,0.5143730294844299,2018-09-12,12,09,2018,"{""type"":""MultiPoint"",""coordinates"":[]}"
2_20180912T034531_20180912T034835_T46NGM,0.486436206225406,2018-09-12,12,09,2018,"{""type"":""MultiPoint"",""coordinates"":[]}"
2_20180920T035529_20180920T041248_T46NGL,0.6093411165506456,2018-09-20,20,09,2018,"{""type"":""MultiPoint"",""coordinates"":[]}"
2_20180927T034529_20180927T040149_T46NGL,0.5780106684948941,2018-09-27,27,09,2018,"{""type"":""MultiPoint"",""coordinates"":[]}"
2_20180927T034529_20180927T040149_T46NHL,0.6218228863966497,2018-09-27,27,09,2018,"{""type"":""MultiPoint"",""coordinates"":[]}"
2_20181020T035759_20181020T041531_T46NGL,0.5155494667757029,2018-10-20,20,10,2018,"{""type"":""MultiPoint"",""coordinates"":[]}"
2_20181020T035759_20181020T041531_T46NGM,0.5216094896159293,2018-10-20,20,10,2018,"{""type"":""MultiPoint"",""coordinates"":[]}"
2_20181022T034801_20181022T040326_T46NGL,0.5841578312061791,2018-10-22,22,10,2018,"{""type"":""MultiPoint"",""coordinates"":[]}"
2_20181022T034801_20181022T040326_T46NGM,0.47937095726364215,2018-10-22,22,10,2018,"{""type"":""MultiPoint"",""coordinates"":[]}"
2_20181022T034801_20181022T040326_T46NHL,0.6785498944476187,2018-10-22,22,10,2018,"{""type"":""MultiPoint"",""coordinates"":[]}"
2_20181027T034839_20181027T040557_T46NGM,0.5000782841234881,2018-10-27,27,10,2018,"{""type"":""MultiPoint"",""coordinates"":[]}"
2_20181030T035859_20181030T041503_T46NGL,0.1983788202480393,2018-10-30,30,10,2018,"{""type"":""MultiPoint"",""coordinates"":[]}"
2_20181030T035859_20181030T041503_T46NGM,0.2657221407025031,2018-10-30,30,10,2018,"{""type"":""MultiPoint"",""coordinates"":[]}"
2_20181129T040119_20181129T041329_T46NGL,0.35119669103878354,2018-11-29,29,11,2018,"{""type"":""MultiPoint"",""coordinates"":[]}"
2_20181209T040139_20181209T041359_T46NGL,0.4678006066587172,2018-12-09,09,12,2018,"{""type"":""MultiPoint"",""coordinates"":[]}"
2_20181209T040139_20181209T041359_T46NGM,0.45906855106267075,2018-12-09,09,12,2018,"{""type"":""MultiPoint"",""coordinates"":[]}"
2_20181221T035141_20181221T035144_T46NGL,0.5541805836012761,2018-12-21,21,12,2018,"{""type"":""MultiPoint"",""coordinates"":[]}"
2_20181221T035141_20181221T035144_T46NHL,0.5352794108642462,2018-12-21,21,12,2018,"{""type"":""MultiPoint"",""coordinates"":[]}"
2_20181221T035141_20181221T035144_T46NHM,0.5039686192491101,2018-12-21,21,12,2018,"{""type"":""MultiPoint"",""coordinates"":[]}"
2_20181229T040149_20181229T041305_T46NGM,0.36215036333637857,2018-12-29,29,12,2018,"{""type"":""MultiPoint"",""coordinates"":[]}"
2_20181231T035141_20181231T035833_T46NGL,0.6170161967870702,2018-12-31,31,12,2018,"{""type"":""MultiPoint"",""coordinates"":[]}"
2_20190105T035139_20190105T040246_T46NGL,0.6645121128490563,2019-01-05,05,01,2019,"{""type"":""MultiPoint"",""coordinates"":[]}"
2_20190105T035139_20190105T040246_T46NGM,0.6123398195456691,2019-01-05,05,01,2019,"{""type"":""MultiPoint"",""coordinates"":[]}"
2_20190105T035139_20190105T040246_T46NHL,0.7116905062188231,2019-01-05,05,01,2019,"{""type"":""MultiPoint"",""coordinates"":[]}"
2_20190105T035139_20190105T040246_T46NHM,0.7045220740639017,2019-01-05,05,01,2019,"{""type"":""MultiPoint"",""coordinates"":[]}"
2_20190113T040121_20190113T040442_T46NGL,0.6545996104930504,2019-01-13,13,01,2019,"{""type"":""MultiPoint"",""coordinates"":[]}"
2_20190113T040121_20190113T040442_T46NGM,0.5551518404222702,2019-01-13,13,01,2019,"{""type"":""MultiPoint"",""coordinates"":[]}"
2_20190115T035119_20190115T040213_T46NGM,0.4548589979614998,2019-01-15,15,01,2019,"{""type"":""MultiPoint"",""coordinates"":[]}"
2_20190115T035119_20190115T040213_T46NHM,0.49959901006019475,2019-01-15,15,01,2019,"{""type"":""MultiPoint"",""coordinates"":[]}"
2_20190123T040041_20190123T040424_T46NGL,0.6611464818030268,2019-01-23,23,01,2019,"{""type"":""MultiPoint"",""coordinates"":[]}"
2_20190123T040041_20190123T040424_T46NGM,0.5909877767145059,2019-01-23,23,01,2019,"{""type"":""MultiPoint"",""coordinates"":[]}"
2_20190125T035039_20190125T040100_T46NGL,0.4367558365576695,2019-01-25,25,01,2019,"{""type"":""MultiPoint"",""coordinates"":[]}"
2_20190125T035039_20190125T040100_T46NGM,0.3332653296796967,2019-01-25,25,01,2019,"{""type"":""MultiPoint"",""coordinates"":[]}"
2_20190125T035039_20190125T040100_T46NHM,0.1292825753357361,2019-01-25,25,01,2019,"{""type"":""MultiPoint"",""coordinates"":[]}"
2_20190130T035011_20190130T035120_T46NGL,0.3703540211559757,2019-01-30,30,01,2019,"{""type"":""MultiPoint"",""coordinates"":[]}"
2_20190207T035929_20190207T040937_T46NGL,0.6258207637869997,2019-02-07,07,02,2019,"{""type"":""MultiPoint"",""coordinates"":[]}"
2_20190207T035929_20190207T040937_T46NGM,0.6083831628541562,2019-02-07,07,02,2019,"{""type"":""MultiPoint"",""coordinates"":[]}"
2_20190209T034911_20190209T035523_T46NGL,0.49545229738752394,2019-02-09,09,02,2019,"{""type"":""MultiPoint"",""coordinates"":[]}"
2_20190209T034911_20190209T035523_T46NGM,0.5836973304149476,2019-02-09,09,02,2019,"{""type"":""MultiPoint"",""coordinates"":[]}"
2_20190209T034911_20190209T035523_T46NHL,0.5370355967688903,2019-02-09,09,02,2019,"{""type"":""MultiPoint"",""coordinates"":[]}"
2_20190209T034911_20190209T035523_T46NHM,0.6800311575399419,2019-02-09,09,02,2019,"{""type"":""MultiPoint"",""coordinates"":[]}"
2_20190212T035901_20190212T040026_T46NGL,0.6585387309397691,2019-02-12,12,02,2019,"{""type"":""MultiPoint"",""coordinates"":[]}"
2_20190212T035901_20190212T040026_T46NGM,0.6344992119972777,2019-02-12,12,02,2019,"{""type"":""MultiPoint"",""coordinates"":[]}"
2_20190214T034849_20190214T035821_T46NGL,0.5065176971660817,2019-02-14,14,02,2019,"{""type"":""MultiPoint"",""coordinates"":[]}"
2_20190214T034849_20190214T035821_T46NGM,0.4361799919974477,2019-02-14,14,02,2019,"{""type"":""MultiPoint"",""coordinates"":[]}"
2_20190214T034849_20190214T035821_T46NHL,0.4100021831459224,2019-02-14,14,02,2019,"{""type"":""MultiPoint"",""coordinates"":[]}"
2_20190214T034849_20190214T035821_T46NHM,0.3760320699661559,2019-02-14,14,02,2019,"{""type"":""MultiPoint"",""coordinates"":[]}"
2_20190219T034811_20190219T034942_T46NGL,0.5181493254949997,2019-02-19,19,02,2019,"{""type"":""MultiPoint"",""coordinates"":[]}"
2_20190219T034811_20190219T034942_T46NGM,0.49047011202242874,2019-02-19,19,02,2019,"{""type"":""MultiPoint"",""coordinates"":[]}"
2_20190219T034811_20190219T034942_T46NHL,0.5354380760741462,2019-02-19,19,02,2019,"{""type"":""MultiPoint"",""coordinates"":[]}"
2_20190219T034811_20190219T034942_T46NHM,0.5700641323228953,2019-02-19,19,02,2019,"{""type"":""MultiPoint"",""coordinates"":[]}"
2_20190222T035751_20190222T041519_T46NGL,0.5353906866949653,2019-02-22,22,02,2019,"{""type"":""MultiPoint"",""coordinates"":[]}"
2_20190222T035751_20190222T041519_T46NGM,0.4810266254188666,2019-02-22,22,02,2019,"{""type"":""MultiPoint"",""coordinates"":[]}"
2_20190227T035719_20190227T041338_T46NGL,0.23634002513385166,2019-02-27,27,02,2019,"{""type"":""MultiPoint"",""coordinates"":[]}"
2_20190227T035719_20190227T041338_T46NGM,0.35185762400488396,2019-02-27,27,02,2019,"{""type"":""MultiPoint"",""coordinates"":[]}"
2_20190304T035641_20190304T040110_T46NGM,0.4783261667685325,2019-03-04,04,03,2019,"{""type"":""MultiPoint"",""coordinates"":[]}"
2_20190309T035609_20190309T041252_T46NGL,0.3992851612225613,2019-03-09,09,03,2019,"{""type"":""MultiPoint"",""coordinates"":[]}"
2_20190311T034541_20190311T035011_T46NGM,0.5001466188760648,2019-03-11,11,03,2019,"{""type"":""MultiPoint"",""coordinates"":[]}"
2_20190311T034541_20190311T035011_T46NHM,0.6254036247053968,2019-03-11,11,03,2019,"{""type"":""MultiPoint"",""coordinates"":[]}"
2_20190316T034529_20190316T040428_T46NGL,0.43585345304742895,2019-03-16,16,03,2019,"{""type"":""MultiPoint"",""coordinates"":[]}"
2_20190324T035541_20190324T040928_T46NGM,0.37433683926279604,2019-03-24,24,03,2019,"{""type"":""MultiPoint"",""coordinates"":[]}"
2_20190326T034539_20190326T040312_T46NGL,0.586114083637122,2019-03-26,26,03,2019,"{""type"":""MultiPoint"",""coordinates"":[]}"
2_20190326T034539_20190326T040312_T46NHL,0.6546473846080253,2019-03-26,26,03,2019,"{""type"":""MultiPoint"",""coordinates"":[]}"
2_20190331T034531_20190331T040123_T46NGL,0.5539746481870692,2019-03-31,31,03,2019,"{""type"":""MultiPoint"",""coordinates"":[]}"
2_20190331T034531_20190331T040123_T46NGM,0.5254912950125668,2019-03-31,31,03,2019,"{""type"":""MultiPoint"",""coordinates"":[]}"
2_20190403T035711_20190403T041225_T46NGL,0.37389938016429375,2019-04-03,03,04,2019,"{""type"":""MultiPoint"",""coordinates"":[]}"
2_20190403T035711_20190403T041225_T46NGM,0.46727593670028067,2019-04-03,03,04,2019,"{""type"":""MultiPoint"",""coordinates"":[]}"
2_20190405T034539_20190405T040539_T46NGL,0.6629922573869929,2019-04-05,05,04,2019,"{""type"":""MultiPoint"",""coordinates"":[]}"
2_20190405T034539_20190405T040539_T46NGM,0.5570771049620086,2019-04-05,05,04,2019,"{""type"":""MultiPoint"",""coordinates"":[]}"
2_20190408T035539_20190408T041451_T46NGL,0.4634597485527225,2019-04-08,08,04,2019,"{""type"":""MultiPoint"",""coordinates"":[]}"
2_20190408T035539_20190408T041451_T46NGM,0.460548320402798,2019-04-08,08,04,2019,"{""type"":""MultiPoint"",""coordinates"":[]}"
2_20190418T035539_20190418T041612_T46NGM,0.3449900527783995,2019-04-18,18,04,2019,"{""type"":""MultiPoint"",""coordinates"":[]}"
2_20190503T035541_20190503T041632_T46NGL,0.6340820453256323,2019-05-03,03,05,2019,"{""type"":""MultiPoint"",""coordinates"":[]}"
2_20190503T035541_20190503T041632_T46NGM,0.5333649187926541,2019-05-03,03,05,2019,"{""type"":""MultiPoint"",""coordinates"":[]}"
2_20190513T035541_20190513T040938_T46NGL,0.4553060233341935,2019-05-13,13,05,2019,"{""type"":""MultiPoint"",""coordinates"":[]}"
2_20190513T035541_20190513T040938_T46NGM,0.4593664439176782,2019-05-13,13,05,2019,"{""type"":""MultiPoint"",""coordinates"":[]}"
2_20190518T035549_20190518T041619_T46NGL,0.45556740776449917,2019-05-18,18,05,2019,"{""type"":""MultiPoint"",""coordinates"":[]}"
2_20190518T035549_20190518T041619_T46NGM,0.4143750682621633,2019-05-18,18,05,2019,"{""type"":""MultiPoint"",""coordinates"":[]}"
2_20190520T034541_20190520T040004_T46NGL,0.570878534137667,2019-05-20,20,05,2019,"{""type"":""MultiPoint"",""coordinates"":[]}"
2_20190520T034541_20190520T040004_T46NGM,0.5342757179708375,2019-05-20,20,05,2019,"{""type"":""MultiPoint"",""coordinates"":[]}"
2_20190612T035541_20190612T041024_T46NGL,0.5395275273443675,2019-06-12,12,06,2019,"{""type"":""MultiPoint"",""coordinates"":[]}"
2_20190614T034539_20190614T040608_T46NGL,0.6775916850605436,2019-06-14,14,06,2019,"{""type"":""MultiPoint"",""coordinates"":[]}"
2_20190614T034539_20190614T040608_T46NGM,0.6356508310591684,2019-06-14,14,06,2019,"{""type"":""MultiPoint"",""coordinates"":[]}"
2_20190614T034539_20190614T040608_T46NHL,0.6546872583292452,2019-06-14,14,06,2019,"{""type"":""MultiPoint"",""coordinates"":[]}"
2_20190614T034539_20190614T040608_T46NHM,0.714513660660655,2019-06-14,14,06,2019,"{""type"":""MultiPoint"",""coordinates"":[]}"
2_20190619T034541_20190619T035128_T46NGL,0.5388079391700137,2019-06-19,19,06,2019,"{""type"":""MultiPoint"",""coordinates"":[]}"
2_20190619T034541_20190619T035128_T46NHL,0.5219383303431577,2019-06-19,19,06,2019,"{""type"":""MultiPoint"",""coordinates"":[]}"
2_20190619T034541_20190619T035128_T46NHM,0.48462107269838334,2019-06-19,19,06,2019,"{""type"":""MultiPoint"",""coordinates"":[]}"
2_20190627T035549_20190627T041022_T46NGL,0.6726523447692704,2019-06-27,27,06,2019,"{""type"":""MultiPoint"",""coordinates"":[]}"
2_20190707T035549_20190707T041546_T46NGL,0.6914387459470425,2019-07-07,07,07,2019,"{""type"":""MultiPoint"",""coordinates"":[]}"
2_20190707T035549_20190707T041546_T46NGM,0.5700032016512856,2019-07-07,07,07,2019,"{""type"":""MultiPoint"",""coordinates"":[]}"
2_20190722T035541_20190722T040013_T46NGL,0.677313481428593,2019-07-22,22,07,2019,"{""type"":""MultiPoint"",""coordinates"":[]}"
2_20190727T035549_20190727T040935_T46NGL,0.7055086168511824,2019-07-27,27,07,2019,"{""type"":""MultiPoint"",""coordinates"":[]}"
2_20190727T035549_20190727T040935_T46NGM,0.5804358101254122,2019-07-27,27,07,2019,"{""type"":""MultiPoint"",""coordinates"":[]}"
2_20190729T034541_20190729T040103_T46NGL,0.6956326765349765,2019-07-29,29,07,2019,"{""type"":""MultiPoint"",""coordinates"":[]}"
2_20190729T034541_20190729T040103_T46NGM,0.5947509303688121,2019-07-29,29,07,2019,"{""type"":""MultiPoint"",""coordinates"":[]}"
2_20190729T034541_20190729T040103_T46NHL,0.7478874116659832,2019-07-29,29,07,2019,"{""type"":""MultiPoint"",""coordinates"":[]}"
2_20190729T034541_20190729T040103_T46NHM,0.6684870959843474,2019-07-29,29,07,2019,"{""type"":""MultiPoint"",""coordinates"":[]}"
2_20190806T035549_20190806T041614_T46NGL,0.684715020990516,2019-08-06,06,08,2019,"{""type"":""MultiPoint"",""coordinates"":[]}"
2_20190806T035549_20190806T041614_T46NGM,0.5736545617113491,2019-08-06,06,08,2019,"{""type"":""MultiPoint"",""coordinates"":[]}"
2_20190818T034541_20190818T040314_T46NGL,0.6275412450257448,2019-08-18,18,08,2019,"{""type"":""MultiPoint"",""coordinates"":[]}"
2_20190818T034541_20190818T040314_T46NGM,0.5578404612205504,2019-08-18,18,08,2019,"{""type"":""MultiPoint"",""coordinates"":[]}"
2_20190818T034541_20190818T040314_T46NHL,0.589912766779058,2019-08-18,18,08,2019,"{""type"":""MultiPoint"",""coordinates"":[]}"
2_20190818T034541_20190818T040314_T46NHM,0.6121054856586764,2019-08-18,18,08,2019,"{""type"":""MultiPoint"",""coordinates"":[]}"
2_20190831T035541_20190831T041629_T46NGL,0.6364036018054171,2019-08-31,31,08,2019,"{""type"":""MultiPoint"",""coordinates"":[]}"
2_20190902T034539_20190902T040227_T46NGL,0.3637954053332821,2019-09-02,02,09,2019,"{""type"":""MultiPoint"",""coordinates"":[]}"
2_20190902T034539_20190902T040227_T46NHL,0.2932881803138183,2019-09-02,02,09,2019,"{""type"":""MultiPoint"",""coordinates"":[]}"
2_20190907T034531_20190907T040434_T46NGL,0.573002825149683,2019-09-07,07,09,2019,"{""type"":""MultiPoint"",""coordinates"":[]}"
2_20190907T034531_20190907T040434_T46NGM,0.4164516586466941,2019-09-07,07,09,2019,"{""type"":""MultiPoint"",""coordinates"":[]}"
2_20190907T034531_20190907T040434_T46NHM,0.5430990797101308,2019-09-07,07,09,2019,"{""type"":""MultiPoint"",""coordinates"":[]}"
2_20190917T034531_20190917T040224_T46NGL,0.640321520069468,2019-09-17,17,09,2019,"{""type"":""MultiPoint"",""coordinates"":[]}"
2_20190917T034531_20190917T040224_T46NGM,0.575168554341721,2019-09-17,17,09,2019,"{""type"":""MultiPoint"",""coordinates"":[]}"
2_20191030T035901_20191030T040546_T46NGL,0.12721132833356272,2019-10-30,30,10,2019,"{""type"":""MultiPoint"",""coordinates"":[]}"
2_20191101T034909_20191101T035843_T46NGM,0.4741217730621394,2019-11-01,01,11,2019,"{""type"":""MultiPoint"",""coordinates"":[]}"
2_20191109T040001_20191109T040459_T46NGL,0.5793538680518163,2019-11-09,09,11,2019,"{""type"":""MultiPoint"",""coordinates"":[]}"
2_20191111T034959_20191111T035943_T46NGL,0.4530001555432478,2019-11-11,11,11,2019,"{""type"":""MultiPoint"",""coordinates"":[]}"
2_20191121T035039_20191121T040112_T46NGL,0.39669968167036024,2019-11-21,21,11,2019,"{""type"":""MultiPoint"",""coordinates"":[]}"
2_20191126T035101_20191126T035753_T46NHM,0.2877567692048189,2019-11-26,26,11,2019,"{""type"":""MultiPoint"",""coordinates"":[]}"
2_20191211T035139_20191211T040305_T46NGM,0.29637650041677926,2019-12-11,11,12,2019,"{""type"":""MultiPoint"",""coordinates"":[]}"
2_20191214T040149_20191214T041420_T46NGL,0.22916359373805242,2019-12-14,14,12,2019,"{""type"":""MultiPoint"",""coordinates"":[]}"
2_20191219T040151_20191219T040855_T46NGL,0.57845037313862,2019-12-19,19,12,2019,"{""type"":""MultiPoint"",""coordinates"":[]}"
2_20191224T040149_20191224T040824_T46NGL,0.6125208240661106,2019-12-24,24,12,2019,"{""type"":""MultiPoint"",""coordinates"":[]}"
2_20191226T035151_20191226T035837_T46NGL,0.44589975130373266,2019-12-26,26,12,2019,"{""type"":""MultiPoint"",""coordinates"":[]}"
2_20191226T035151_20191226T035837_T46NGM,0.3896213420057194,2019-12-26,26,12,2019,"{""type"":""MultiPoint"",""coordinates"":[]}"
2_20191226T035151_20191226T035837_T46NHL,0.3757207057365118,2019-12-26,26,12,2019,"{""type"":""MultiPoint"",""coordinates"":[]}"
2_20191226T035151_20191226T035837_T46NHM,0.3676618117128869,2019-12-26,26,12,2019,"{""type"":""MultiPoint"",""coordinates"":[]}"
2_20191229T040151_20191229T040557_T46NGL,0.5009232989391676,2019-12-29,29,12,2019,"{""type"":""MultiPoint"",""coordinates"":[]}"
2_20191229T040151_20191229T040557_T46NGM,0.49719235957905844,2019-12-29,29,12,2019,"{""type"":""MultiPoint"",""coordinates"":[]}"
2_20191231T035149_20191231T040403_T46NGL,0.3323238055087454,2019-12-31,31,12,2019,"{""type"":""MultiPoint"",""coordinates"":[]}"
2_20191231T035149_20191231T040403_T46NHM,0.0672798252033234,2019-12-31,31,12,2019,"{""type"":""MultiPoint"",""coordinates"":[]}"
2_20200103T040149_20200103T041413_T46NGM,0.4473226939318974,2020-01-03,03,01,2020,"{""type"":""MultiPoint"",""coordinates"":[]}"
2_20200105T035141_20200105T035826_T46NGL,0.4605769819409717,2020-01-05,05,01,2020,"{""type"":""MultiPoint"",""coordinates"":[]}"
2_20200105T035141_20200105T035826_T46NGM,0.4352798297608832,2020-01-05,05,01,2020,"{""type"":""MultiPoint"",""coordinates"":[]}"
2_20200105T035141_20200105T035826_T46NHL,0.3943627730066233,2020-01-05,05,01,2020,"{""type"":""MultiPoint"",""coordinates"":[]}"
2_20200105T035141_20200105T035826_T46NHM,0.362186379943615,2020-01-05,05,01,2020,"{""type"":""MultiPoint"",""coordinates"":[]}"
2_20200108T040131_20200108T040823_T46NGL,0.5250444332626211,2020-01-08,08,01,2020,"{""type"":""MultiPoint"",""coordinates"":[]}"
2_20200108T040131_20200108T040823_T46NGM,0.469094415113014,2020-01-08,08,01,2020,"{""type"":""MultiPoint"",""coordinates"":[]}"
2_20200113T040119_20200113T041329_T46NGL,0.393922735042233,2020-01-13,13,01,2020,"{""type"":""MultiPoint"",""coordinates"":[]}"
2_20200115T035111_20200115T035801_T46NGL,0.5485574394570485,2020-01-15,15,01,2020,"{""type"":""MultiPoint"",""coordinates"":[]}"
2_20200115T035111_20200115T035801_T46NHL,0.6198298711616719,2020-01-15,15,01,2020,"{""type"":""MultiPoint"",""coordinates"":[]}"
2_20200118T040101_20200118T040809_T46NGM,0.3658596766208266,2020-01-18,18,01,2020,"{""type"":""MultiPoint"",""coordinates"":[]}"
2_20200120T035049_20200120T040137_T46NGM,0.3787696939783312,2020-01-20,20,01,2020,"{""type"":""MultiPoint"",""coordinates"":[]}"
2_20200120T035049_20200120T040137_T46NHM,0.369435928788873,2020-01-20,20,01,2020,"{""type"":""MultiPoint"",""coordinates"":[]}"
2_20200123T040039_20200123T041500_T46NGM,0.4823663906321182,2020-01-23,23,01,2020,"{""type"":""MultiPoint"",""coordinates"":[]}"
2_20200125T035031_20200125T035720_T46NHM,5.924103636909103E-4,2020-01-25,25,01,2020,"{""type"":""MultiPoint"",""coordinates"":[]}"
2_20200204T034941_20200204T035614_T46NGM,0.4336512281631657,2020-02-04,04,02,2020,"{""type"":""MultiPoint"",""coordinates"":[]}"
2_20200204T034941_20200204T035614_T46NHM,0.36024563388198694,2020-02-04,04,02,2020,"{""type"":""MultiPoint"",""coordinates"":[]}"
2_20200209T034909_20200209T035816_T46NGM,0.381723093158115,2020-02-09,09,02,2020,"{""type"":""MultiPoint"",""coordinates"":[]}"
2_20200209T034909_20200209T035816_T46NHM,0.30058635133731465,2020-02-09,09,02,2020,"{""type"":""MultiPoint"",""coordinates"":[]}"
2_20200214T034841_20200214T035327_T46NGL,0.49265615233806676,2020-02-14,14,02,2020,"{""type"":""MultiPoint"",""coordinates"":[]}"
2_20200214T034841_20200214T035327_T46NHM,0.4663203009679903,2020-02-14,14,02,2020,"{""type"":""MultiPoint"",""coordinates"":[]}"
2_20200217T035821_20200217T040431_T46NGL,0.22412650383869123,2020-02-17,17,02,2020,"{""type"":""MultiPoint"",""coordinates"":[]}"
2_20200222T035759_20200222T040947_T46NGL,0.45120603674323384,2020-02-22,22,02,2020,"{""type"":""MultiPoint"",""coordinates"":[]}"
2_20200222T035759_20200222T040947_T46NGM,0.4199946521359843,2020-02-22,22,02,2020,"{""type"":""MultiPoint"",""coordinates"":[]}"
2_20200224T034731_20200224T035208_T46NGL,0.31166946935468287,2020-02-24,24,02,2020,"{""type"":""MultiPoint"",""coordinates"":[]}"
2_20200224T034731_20200224T035208_T46NHM,0.19917008496632357,2020-02-24,24,02,2020,"{""type"":""MultiPoint"",""coordinates"":[]}"
2_20200227T035721_20200227T040223_T46NGL,0.6280439660281446,2020-02-27,27,02,2020,"{""type"":""MultiPoint"",""coordinates"":[]}"
2_20200227T035721_20200227T040223_T46NGM,0.49665816191765305,2020-02-27,27,02,2020,"{""type"":""MultiPoint"",""coordinates"":[]}"
2_20200229T034659_20200229T040415_T46NGM,0.40438778088266236,2020-02-29,29,02,2020,"{""type"":""MultiPoint"",""coordinates"":[]}"
2_20200229T034659_20200229T040415_T46NHM,0.3682975598655467,2020-02-29,29,02,2020,"{""type"":""MultiPoint"",""coordinates"":[]}"
2_20200303T035639_20200303T041325_T46NGL,0.5284001411378442,2020-03-03,03,03,2020,"{""type"":""MultiPoint"",""coordinates"":[]}"
2_20200308T035611_20200308T035808_T46NGM,0.3654713851894577,2020-03-08,08,03,2020,"{""type"":""MultiPoint"",""coordinates"":[]}"
2_20200308T035611_20200308T041639_T46NGM,0.4547857324176567,2020-03-08,08,03,2020,"{""type"":""MultiPoint"",""coordinates"":[]}"
2_20200313T035539_20200313T041213_T46NGL,0.5333218938300872,2020-03-13,13,03,2020,"{""type"":""MultiPoint"",""coordinates"":[]}"
2_20200313T035539_20200313T041213_T46NGM,0.40467123283089257,2020-03-13,13,03,2020,"{""type"":""MultiPoint"",""coordinates"":[]}"
2_20200318T035531_20200318T040004_T46NGM,0.2784775626292127,2020-03-18,18,03,2020,"{""type"":""MultiPoint"",""coordinates"":[]}"
2_20200323T035539_20200323T041532_T46NGL,0.6244170517262133,2020-03-23,23,03,2020,"{""type"":""MultiPoint"",""coordinates"":[]}"
2_20200323T035539_20200323T041532_T46NGM,0.4919237911399725,2020-03-23,23,03,2020,"{""type"":""MultiPoint"",""coordinates"":[]}"
2_20200325T034531_20200325T034958_T46NGM,0.3348482816456605,2020-03-25,25,03,2020,"{""type"":""MultiPoint"",""coordinates"":[]}"
2_20200325T034531_20200325T034958_T46NHM,0.40244217280502953,2020-03-25,25,03,2020,"{""type"":""MultiPoint"",""coordinates"":[]}"
2_20200409T034529_20200409T040445_T46NGM,0.3974901360682238,2020-04-09,09,04,2020,"{""type"":""MultiPoint"",""coordinates"":[]}"
2_20200419T034529_20200419T040538_T46NGL,0.47514963202989463,2020-04-19,19,04,2020,"{""type"":""MultiPoint"",""coordinates"":[]}"
2_20200419T034529_20200419T040538_T46NGM,0.44020575949160584,2020-04-19,19,04,2020,"{""type"":""MultiPoint"",""coordinates"":[]}"
2_20200419T034529_20200419T040538_T46NHL,0.5360006204851959,2020-04-19,19,04,2020,"{""type"":""MultiPoint"",""coordinates"":[]}"
2_20200427T035541_20200427T041631_T46NGL,0.23423492611452643,2020-04-27,27,04,2020,"{""type"":""MultiPoint"",""coordinates"":[]}"
2_20200429T034529_20200429T040640_T46NGM,0.5289132516424221,2020-04-29,29,04,2020,"{""type"":""MultiPoint"",""coordinates"":[]}"
2_20200429T034529_20200429T040640_T46NHM,0.6278829909620472,2020-04-29,29,04,2020,"{""type"":""MultiPoint"",""coordinates"":[]}"
2_20200603T034541_20200603T040644_T46NGL,0.5398085680863451,2020-06-03,03,06,2020,"{""type"":""MultiPoint"",""coordinates"":[]}"
2_20200603T034541_20200603T040644_T46NGM,0.5005558046694055,2020-06-03,03,06,2020,"{""type"":""MultiPoint"",""coordinates"":[]}"
2_20200603T034541_20200603T040644_T46NHM,0.5116116353196866,2020-06-03,03,06,2020,"{""type"":""MultiPoint"",""coordinates"":[]}"
2_20200608T034539_20200608T040603_T46NGL,0.6315115865437373,2020-06-08,08,06,2020,"{""type"":""MultiPoint"",""coordinates"":[]}"
2_20200613T034541_20200613T034917_T46NGM,0.506217354422615,2020-06-13,13,06,2020,"{""type"":""MultiPoint"",""coordinates"":[]}"
2_20200613T034541_20200613T034917_T46NHL,0.5647733401503394,2020-06-13,13,06,2020,"{""type"":""MultiPoint"",""coordinates"":[]}"
2_20200613T034541_20200613T034917_T46NHM,0.4752640616667027,2020-06-13,13,06,2020,"{""type"":""MultiPoint"",""coordinates"":[]}"
2_20200716T035541_20200716T040012_T46NGL,0.5808860812765811,2020-07-16,16,07,2020,"{""type"":""MultiPoint"",""coordinates"":[]}"
2_20200716T035541_20200716T040012_T46NGM,0.47908956160448485,2020-07-16,16,07,2020,"{""type"":""MultiPoint"",""coordinates"":[]}"
2_20200807T034539_20200807T040039_T46NHL,0.5822855775682166,2020-08-07,07,08,2020,"{""type"":""MultiPoint"",""coordinates"":[]}"
2_20200807T034539_20200807T040039_T46NHM,0.7168523397810685,2020-08-07,07,08,2020,"{""type"":""MultiPoint"",""coordinates"":[]}"
2_20200817T034539_20200817T040040_T46NGL,0.6819935348234599,2020-08-17,17,08,2020,"{""type"":""MultiPoint"",""coordinates"":[]}"
2_20200817T034539_20200817T040040_T46NGM,0.5926841363575286,2020-08-17,17,08,2020,"{""type"":""MultiPoint"",""coordinates"":[]}"
2_20200817T034539_20200817T040040_T46NHL,0.6786950821585891,2020-08-17,17,08,2020,"{""type"":""MultiPoint"",""coordinates"":[]}"
2_20200817T034539_20200817T040040_T46NHM,0.5519072790634445,2020-08-17,17,08,2020,"{""type"":""MultiPoint"",""coordinates"":[]}"
2_20200820T035539_20200820T041118_T46NGL,0.5349746567769883,2020-08-20,20,08,2020,"{""type"":""MultiPoint"",""coordinates"":[]}"
2_20200822T034541_20200822T040241_T46NGM,0.47167896142588844,2020-08-22,22,08,2020,"{""type"":""MultiPoint"",""coordinates"":[]}"
2_20200825T035541_20200825T041319_T46NGM,0.4444375373877503,2020-08-25,25,08,2020,"{""type"":""MultiPoint"",""coordinates"":[]}"
2_20201001T034551_20201001T040240_T46NGL,0.5190153266048502,2020-10-01,01,10,2020,"{""type"":""MultiPoint"",""coordinates"":[]}"
2_20201105T034939_20201105T040226_T46NGL,0.39122920063406436,2020-11-05,05,11,2020,"{""type"":""MultiPoint"",""coordinates"":[]}"
2_20201108T035959_20201108T041423_T46NGL,0.25682978555628455,2020-11-08,08,11,2020,"{""type"":""MultiPoint"",""coordinates"":[]}"
2_20201125T035059_20201125T040647_T46NHM,0.5199741118126,2020-11-25,25,11,2020,"{""type"":""MultiPoint"",""coordinates"":[]}"
2_20201208T040139_20201208T041337_T46NGM,0.4180432596533086,2020-12-08,08,12,2020,"{""type"":""MultiPoint"",""coordinates"":[]}"
2_20201223T040201_20201223T041215_T46NGL,0.7079631692968872,2020-12-23,23,12,2020,"{""type"":""MultiPoint"",""coordinates"":[]}"
2_20201223T040201_20201223T041646_T46NGL,0.6902080060590522,2020-12-23,23,12,2020,"{""type"":""MultiPoint"",""coordinates"":[]}"
2_20201223T040201_20201223T041646_T46NGM,0.7132643287010232,2020-12-23,23,12,2020,"{""type"":""MultiPoint"",""coordinates"":[]}"
2_20210104T035139_20210104T040638_T46NGL,0.4729372095897013,2021-01-04,04,01,2021,"{""type"":""MultiPoint"",""coordinates"":[]}"
2_20210114T035119_20210114T040548_T46NGL,0.36802682368384076,2021-01-14,14,01,2021,"{""type"":""MultiPoint"",""coordinates"":[]}"
2_20210122T040051_20210122T041350_T46NGL,0.5055591331915812,2021-01-22,22,01,2021,"{""type"":""MultiPoint"",""coordinates"":[]}"
2_20210122T040051_20210122T041350_T46NGM,0.44218250347008803,2021-01-22,22,01,2021,"{""type"":""MultiPoint"",""coordinates"":[]}"
2_20210124T035039_20210124T040556_T46NGL,0.512251929424239,2021-01-24,24,01,2021,"{""type"":""MultiPoint"",""coordinates"":[]}"
2_20210124T035039_20210124T040556_T46NHL,0.5187611595668741,2021-01-24,24,01,2021,"{""type"":""MultiPoint"",""coordinates"":[]}"
2_20210208T034921_20210208T035557_T46NGM,0.4714758917136534,2021-02-08,08,02,2021,"{""type"":""MultiPoint"",""coordinates"":[]}"
2_20210208T034921_20210208T035557_T46NHM,0.3977815750622863,2021-02-08,08,02,2021,"{""type"":""MultiPoint"",""coordinates"":[]}"
2_20210213T034849_20210213T040051_T46NGL,0.5447523380375339,2021-02-13,13,02,2021,"{""type"":""MultiPoint"",""coordinates"":[]}"
2_20210213T034849_20210213T040051_T46NGM,0.5603669702577506,2021-02-13,13,02,2021,"{""type"":""MultiPoint"",""coordinates"":[]}"
2_20210213T034849_20210213T040051_T46NHL,0.5524933961678465,2021-02-13,13,02,2021,"{""type"":""MultiPoint"",""coordinates"":[]}"
2_20210213T034849_20210213T040051_T46NHM,0.6812805133534343,2021-02-13,13,02,2021,"{""type"":""MultiPoint"",""coordinates"":[]}"
2_20210218T034811_20210218T035431_T46NGM,0.5747590041631824,2021-02-18,18,02,2021,"{""type"":""MultiPoint"",""coordinates"":[]}"
2_20210218T034811_20210218T035431_T46NHM,0.5269266479800722,2021-02-18,18,02,2021,"{""type"":""MultiPoint"",""coordinates"":[]}"
2_20210221T035801_20210221T040842_T46NGM,0.5490877616189961,2021-02-21,21,02,2021,"{""type"":""MultiPoint"",""coordinates"":[]}"
2_20210228T034701_20210228T035243_T46NGL,0.5283523916267917,2021-02-28,28,02,2021,"{""type"":""MultiPoint"",""coordinates"":[]}"
2_20210228T034701_20210228T035243_T46NGM,0.5078941843579449,2021-02-28,28,02,2021,"{""type"":""MultiPoint"",""coordinates"":[]}"
2_20210228T034701_20210228T035243_T46NHL,0.4253306286955737,2021-02-28,28,02,2021,"{""type"":""MultiPoint"",""coordinates"":[]}"
2_20210228T034701_20210228T035243_T46NHM,0.4754895118027042,2021-02-28,28,02,2021,"{""type"":""MultiPoint"",""coordinates"":[]}"
2_20210308T035609_20210308T040733_T46NGM,0.5256638029114866,2021-03-08,08,03,2021,"{""type"":""MultiPoint"",""coordinates"":[]}"
2_20210310T034551_20210310T035131_T46NGL,0.5358443382165307,2021-03-10,10,03,2021,"{""type"":""MultiPoint"",""coordinates"":[]}"
2_20210310T034551_20210310T035131_T46NHL,0.5490009263953033,2021-03-10,10,03,2021,"{""type"":""MultiPoint"",""coordinates"":[]}"
2_20210310T034551_20210310T035131_T46NHM,0.34925056011501826,2021-03-10,10,03,2021,"{""type"":""MultiPoint"",""coordinates"":[]}"
2_20210318T035539_20210318T041327_T46NGM,0.3564335737867591,2021-03-18,18,03,2021,"{""type"":""MultiPoint"",""coordinates"":[]}"
2_20210320T034531_20210320T040115_T46NHM,0.3384413055463204,2021-03-20,20,03,2021,"{""type"":""MultiPoint"",""coordinates"":[]}"
2_20210325T034539_20210325T040321_T46NGL,0.40178803404351754,2021-03-25,25,03,2021,"{""type"":""MultiPoint"",""coordinates"":[]}"
2_20210325T034539_20210325T040321_T46NHM,0.42093545529481835,2021-03-25,25,03,2021,"{""type"":""MultiPoint"",""coordinates"":[]}"
2_20210409T034531_20210409T035109_T46NGL,0.5936080808469832,2021-04-09,09,04,2021,"{""type"":""MultiPoint"",""coordinates"":[]}"
2_20210409T034531_20210409T035109_T46NGM,0.5275035867668142,2021-04-09,09,04,2021,"{""type"":""MultiPoint"",""coordinates"":[]}"
2_20210409T034531_20210409T035109_T46NHL,0.5482072527813748,2021-04-09,09,04,2021,"{""type"":""MultiPoint"",""coordinates"":[]}"
2_20210409T034531_20210409T035109_T46NHM,0.518558348442713,2021-04-09,09,04,2021,"{""type"":""MultiPoint"",""coordinates"":[]}"
2_20210412T035531_20210412T041453_T46NGL,0.22469652813034807,2021-04-12,12,04,2021,"{""type"":""MultiPoint"",""coordinates"":[]}"
2_20210422T035531_20210422T041211_T46NGL,0.48869988827017585,2021-04-22,22,04,2021,"{""type"":""MultiPoint"",""coordinates"":[]}"
2_20210422T035531_20210422T041211_T46NGM,0.41993643283949744,2021-04-22,22,04,2021,"{""type"":""MultiPoint"",""coordinates"":[]}"
2_20210422T035531_20210422T041642_T46NGM,0.5008127297832179,2021-04-22,22,04,2021,"{""type"":""MultiPoint"",""coordinates"":[]}"
2_20210429T034531_20210429T035111_T46NGL,0.5548129587409896,2021-04-29,29,04,2021,"{""type"":""MultiPoint"",""coordinates"":[]}"
2_20210524T034539_20210524T040148_T46NGL,0.5821049324667993,2021-05-24,24,05,2021,"{""type"":""MultiPoint"",""coordinates"":[]}"
2_20210701T035541_20210701T041218_T46NGL,0.6619106019996686,2021-07-01,01,07,2021,"{""type"":""MultiPoint"",""coordinates"":[]}"
2_20210701T035541_20210701T041218_T46NGM,0.5709663133857646,2021-07-01,01,07,2021,"{""type"":""MultiPoint"",""coordinates"":[]}"
2_20210703T034539_20210703T040023_T46NGL,0.5936049871046309,2021-07-03,03,07,2021,"{""type"":""MultiPoint"",""coordinates"":[]}"
2_20210703T034539_20210703T040023_T46NHM,0.6284337692519034,2021-07-03,03,07,2021,"{""type"":""MultiPoint"",""coordinates"":[]}"
2_20210716T035539_20210716T041211_T46NGL,0.539698637385464,2021-07-16,16,07,2021,"{""type"":""MultiPoint"",""coordinates"":[]}"
2_20210718T034541_20210718T040120_T46NHL,0.45891593548121973,2021-07-18,18,07,2021,"{""type"":""MultiPoint"",""coordinates"":[]}"
2_20210726T035539_20210726T041051_T46NGM,0.32701387138363613,2021-07-26,26,07,2021,"{""type"":""MultiPoint"",""coordinates"":[]}"
2_20210728T034541_20210728T035913_T46NGL,0.6203438451805731,2021-07-28,28,07,2021,"{""type"":""MultiPoint"",""coordinates"":[]}"
2_20210728T034541_20210728T035913_T46NGM,0.6076917718199907,2021-07-28,28,07,2021,"{""type"":""MultiPoint"",""coordinates"":[]}"
2_20210728T034541_20210728T035913_T46NHL,0.6458823883782441,2021-07-28,28,07,2021,"{""type"":""MultiPoint"",""coordinates"":[]}"
2_20210728T034541_20210728T035913_T46NHM,0.6929615618438204,2021-07-28,28,07,2021,"{""type"":""MultiPoint"",""coordinates"":[]}"
2_20210807T034541_20210807T035116_T46NGM,0.5815657892068772,2021-08-07,07,08,2021,"{""type"":""MultiPoint"",""coordinates"":[]}"
2_20210817T034541_20210817T040050_T46NGL,0.5337421006270578,2021-08-17,17,08,2021,"{""type"":""MultiPoint"",""coordinates"":[]}"
2_20210817T034541_20210817T040050_T46NHL,0.3809541617019564,2021-08-17,17,08,2021,"{""type"":""MultiPoint"",""coordinates"":[]}"
2_20210906T034541_20210906T035114_T46NGL,0.6707327048303419,2021-09-06,06,09,2021,"{""type"":""MultiPoint"",""coordinates"":[]}"
2_20210906T034541_20210906T035114_T46NGM,0.5852181103739862,2021-09-06,06,09,2021,"{""type"":""MultiPoint"",""coordinates"":[]}"
2_20210906T034541_20210906T035114_T46NHL,0.6974995874577675,2021-09-06,06,09,2021,"{""type"":""MultiPoint"",""coordinates"":[]}"
2_20210906T034541_20210906T035114_T46NHM,0.46480922413391007,2021-09-06,06,09,2021,"{""type"":""MultiPoint"",""coordinates"":[]}"
2_20210924T035539_20210924T040703_T46NGL,0.6340535741257907,2021-09-24,24,09,2021,"{""type"":""MultiPoint"",""coordinates"":[]}"
2_20211004T035609_20211004T040733_T46NGL,0.6900228407418895,2021-10-04,04,10,2021,"{""type"":""MultiPoint"",""coordinates"":[]}"
2_20211004T035609_20211004T040733_T46NGM,0.5961584673652179,2021-10-04,04,10,2021,"{""type"":""MultiPoint"",""coordinates"":[]}"
2_20211213T040149_20211213T041507_T46NGL,0.5462752655600982,2021-12-13,13,12,2021,"{""type"":""MultiPoint"",""coordinates"":[]}"
2_20211213T040149_20211213T041507_T46NGM,0.5152632296099288,2021-12-13,13,12,2021,"{""type"":""MultiPoint"",""coordinates"":[]}"
2_20211225T035151_20211225T040145_T46NGL,0.5570494237383037,2021-12-25,25,12,2021,"{""type"":""MultiPoint"",""coordinates"":[]}"
2_20211225T035151_20211225T040145_T46NGM,0.45168458885847607,2021-12-25,25,12,2021,"{""type"":""MultiPoint"",""coordinates"":[]}"
2_20211225T035151_20211225T040145_T46NHL,0.519527763297047,2021-12-25,25,12,2021,"{""type"":""MultiPoint"",""coordinates"":[]}"
2_20211225T035151_20211225T040145_T46NHM,0.3741974502934865,2021-12-25,25,12,2021,"{""type"":""MultiPoint"",""coordinates"":[]}"
2_20211228T040201_20211228T041623_T46NGL,0.6540158538855433,2021-12-28,28,12,2021,"{""type"":""MultiPoint"",""coordinates"":[]}"
2_20211228T040201_20211228T041623_T46NGM,0.5514538755078588,2021-12-28,28,12,2021,"{""type"":""MultiPoint"",""coordinates"":[]}"
2_20220107T040141_20220107T040838_T46NGM,0.5350830264568884,2022-01-07,07,01,2022,"{""type"":""MultiPoint"",""coordinates"":[]}"
2_20220112T040119_20220112T041128_T46NGL,0.4136626170294323,2022-01-12,12,01,2022,"{""type"":""MultiPoint"",""coordinates"":[]}"
2_20220112T040119_20220112T041128_T46NGM,0.42636995576658704,2022-01-12,12,01,2022,"{""type"":""MultiPoint"",""coordinates"":[]}"
2_20220114T035121_20220114T040329_T46NHL,0.6837641992593724,2022-01-14,14,01,2022,"{""type"":""MultiPoint"",""coordinates"":[]}"
2_20220114T035121_20220114T040329_T46NHM,0.5116913359150568,2022-01-14,14,01,2022,"{""type"":""MultiPoint"",""coordinates"":[]}"
2_20220117T040111_20220117T041424_T46NGL,0.6182606589260055,2022-01-17,17,01,2022,"{""type"":""MultiPoint"",""coordinates"":[]}"
2_20220122T040049_20220122T041623_T46NGL,0.6149978461447844,2022-01-22,22,01,2022,"{""type"":""MultiPoint"",""coordinates"":[]}"
2_20220122T040049_20220122T041623_T46NGM,0.5460333196409841,2022-01-22,22,01,2022,"{""type"":""MultiPoint"",""coordinates"":[]}"
2_20220129T035009_20220129T040340_T46NGL,0.3709863725154489,2022-01-29,29,01,2022,"{""type"":""MultiPoint"",""coordinates"":[]}"
2_20220218T034809_20220218T040535_T46NHM,0.22066836923949057,2022-02-18,18,02,2022,"{""type"":""MultiPoint"",""coordinates"":[]}"
2_20220221T035759_20220221T041041_T46NGL,0.29468754055487767,2022-02-21,21,02,2022,"{""type"":""MultiPoint"",""coordinates"":[]}"
2_20220313T035539_20220313T040827_T46NGL,0.2661709906036856,2022-03-13,13,03,2022,"{""type"":""MultiPoint"",""coordinates"":[]}"
2_20220313T035539_20220313T040827_T46NGM,0.2716519706683127,2022-03-13,13,03,2022,"{""type"":""MultiPoint"",""coordinates"":[]}"
2_20220330T034529_20220330T035751_T46NGM,0.2900230279227529,2022-03-30,30,03,2022,"{""type"":""MultiPoint"",""coordinates"":[]}"
2_20220330T034529_20220330T035751_T46NHM,0.24953713325671997,2022-03-30,30,03,2022,"{""type"":""MultiPoint"",""coordinates"":[]}"
2_20220404T034541_20220404T035111_T46NGL,0.3533403422148659,2022-04-04,04,04,2022,"{""type"":""MultiPoint"",""coordinates"":[]}"
2_20220407T035541_20220407T041444_T46NGL,0.35446107850308756,2022-04-07,07,04,2022,"{""type"":""MultiPoint"",""coordinates"":[]}"
2_20220412T035539_20220412T041002_T46NGM,0.31667011253711125,2022-04-12,12,04,2022,"{""type"":""MultiPoint"",""coordinates"":[]}"
2_20220414T034541_20220414T035112_T46NGL,0.3716202908173156,2022-04-14,14,04,2022,"{""type"":""MultiPoint"",""coordinates"":[]}"
2_20220414T034541_20220414T035112_T46NGM,0.36800574033714845,2022-04-14,14,04,2022,"{""type"":""MultiPoint"",""coordinates"":[]}"
2_20220414T034541_20220414T035112_T46NHL,0.37501722520565806,2022-04-14,14,04,2022,"{""type"":""MultiPoint"",""coordinates"":[]}"
2_20220414T034541_20220414T035112_T46NHM,0.3268593852018277,2022-04-14,14,04,2022,"{""type"":""MultiPoint"",""coordinates"":[]}"
2_20220417T035541_20220417T040926_T46NGM,0.2513687842587132,2022-04-17,17,04,2022,"{""type"":""MultiPoint"",""coordinates"":[]}"
2_20220417T035541_20220417T041646_T46NGL,0.2529075429248402,2022-04-17,17,04,2022,"{""type"":""MultiPoint"",""coordinates"":[]}"
2_20220422T035529_20220422T041055_T46NGL,0.2980985586603749,2022-04-22,22,04,2022,"{""type"":""MultiPoint"",""coordinates"":[]}"
2_20220422T035529_20220422T041055_T46NGM,0.2627267833703265,2022-04-22,22,04,2022,"{""type"":""MultiPoint"",""coordinates"":[]}"
2_20220613T034551_20220613T040018_T46NGL,0.4333719720222135,2022-06-13,13,06,2022,"{""type"":""MultiPoint"",""coordinates"":[]}"
2_20220613T034551_20220613T040018_T46NHL,0.4610394565864552,2022-06-13,13,06,2022,"{""type"":""MultiPoint"",""coordinates"":[]}"
2_20220706T035551_20220706T040719_T46NGL,0.36693462128854887,2022-07-06,06,07,2022,"{""type"":""MultiPoint"",""coordinates"":[]}"
2_20220718T034539_20220718T035932_T46NHL,0.42277058806108075,2022-07-18,18,07,2022,"{""type"":""MultiPoint"",""coordinates"":[]}"
2_20220810T035539_20220810T041027_T46NGL,0.4471055721624973,2022-08-10,10,08,2022,"{""type"":""MultiPoint"",""coordinates"":[]}"
2_20220810T035539_20220810T041027_T46NGM,0.39268453360168687,2022-08-10,10,08,2022,"{""type"":""MultiPoint"",""coordinates"":[]}"
2_20220916T034539_20220916T040020_T46NGM,0.3729785137449732,2022-09-16,16,09,2022,"{""type"":""MultiPoint"",""coordinates"":[]}"
2_20220916T034539_20220916T040020_T46NHM,0.4317606801204158,2022-09-16,16,09,2022,"{""type"":""MultiPoint"",""coordinates"":[]}"
2_20220919T035539_20220919T040627_T46NGL,0.34732893909860874,2022-09-19,19,09,2022,"{""type"":""MultiPoint"",""coordinates"":[]}"
2_20221125T035059_20221125T040200_T46NGM,0.32720402000143,2022-11-25,25,11,2022,"{""type"":""MultiPoint"",""coordinates"":[]}"
2_20221128T040119_20221128T040953_T46NGL,0.2820193323783683,2022-11-28,28,11,2022,"{""type"":""MultiPoint"",""coordinates"":[]}"
2_20221223T040151_20221223T041453_T46NGL,0.3464647377984828,2022-12-23,23,12,2022,"{""type"":""MultiPoint"",""coordinates"":[]}"
2_20221223T040151_20221223T041453_T46NGM,0.3401997512415635,2022-12-23,23,12,2022,"{""type"":""MultiPoint"",""coordinates"":[]}"
2_20230109T035131_20230109T040251_T46NGL,0.3232570823609216,2023-01-09,09,01,2023,"{""type"":""MultiPoint"",""coordinates"":[]}"
2_20230109T035131_20230109T040251_T46NHL,0.29311578866435845,2023-01-09,09,01,2023,"{""type"":""MultiPoint"",""coordinates"":[]}"
2_20230218T034811_20230218T040329_T46NGL,0.3623212731469795,2023-02-18,18,02,2023,"{""type"":""MultiPoint"",""coordinates"":[]}"
2_20230218T034811_20230218T040329_T46NHL,0.29731076351597974,2023-02-18,18,02,2023,"{""type"":""MultiPoint"",""coordinates"":[]}"
2_20230226T035729_20230226T040442_T46NGL,0.04913694682233645,2023-02-26,26,02,2023,"{""type"":""MultiPoint"",""coordinates"":[]}"
2_20230308T035619_20230308T041559_T46NGL,0.3907378826773914,2023-03-08,08,03,2023,"{""type"":""MultiPoint"",""coordinates"":[]}"
2_20230422T035541_20230422T040458_T46NGL,0.21243773532441163,2023-04-22,22,04,2023,"{""type"":""MultiPoint"",""coordinates"":[]}"
2_20230422T035541_20230422T040458_T46NGM,0.2685947330358191,2023-04-22,22,04,2023,"{""type"":""MultiPoint"",""coordinates"":[]}"
2_20230512T035541_20230512T040548_T46NGL,0.3123603409455526,2023-05-12,12,05,2023,"{""type"":""MultiPoint"",""coordinates"":[]}"
2_20230512T035541_20230512T040548_T46NGM,0.29656776548345465,2023-05-12,12,05,2023,"{""type"":""MultiPoint"",""coordinates"":[]}"
2_20230514T034539_20230514T040011_T46NGL,0.4403805244990458,2023-05-14,14,05,2023,"{""type"":""MultiPoint"",""coordinates"":[]}"
2_20230514T034539_20230514T040011_T46NGM,0.405525955226095,2023-05-14,14,05,2023,"{""type"":""MultiPoint"",""coordinates"":[]}"
2_20230514T034539_20230514T040011_T46NHL,0.43843379556883805,2023-05-14,14,05,2023,"{""type"":""MultiPoint"",""coordinates"":[]}"
2_20230514T034539_20230514T040011_T46NHM,0.46265351429951174,2023-05-14,14,05,2023,"{""type"":""MultiPoint"",""coordinates"":[]}"
2_20230527T035539_20230527T041014_T46NGL,0.39148931055733593,2023-05-27,27,05,2023,"{""type"":""MultiPoint"",""coordinates"":[]}"
2_20230527T035539_20230527T041014_T46NGM,0.3348431581807753,2023-05-27,27,05,2023,"{""type"":""MultiPoint"",""coordinates"":[]}"
2_20230529T034541_20230529T035746_T46NHL,0.18213762228688668,2023-05-29,29,05,2023,"{""type"":""MultiPoint"",""coordinates"":[]}"
2_20230611T035541_20230611T040550_T46NGL,0.3457330295419036,2023-06-11,11,06,2023,"{""type"":""MultiPoint"",""coordinates"":[]}"
2_20230611T035541_20230611T040550_T46NGM,0.33510739409918905,2023-06-11,11,06,2023,"{""type"":""MultiPoint"",""coordinates"":[]}"
2_20230621T035541_20230621T040644_T46NGL,0.4268660068107253,2023-06-21,21,06,2023,"{""type"":""MultiPoint"",""coordinates"":[]}"
2_20230621T035541_20230621T040644_T46NGM,0.3494787353616415,2023-06-21,21,06,2023,"{""type"":""MultiPoint"",""coordinates"":[]}"
2_20230718T034541_20230718T035533_T46NHM,0.32948823382495906,2023-07-18,18,07,2023,"{""type"":""MultiPoint"",""coordinates"":[]}"
2_20230723T034539_20230723T040005_T46NGM,0.3337683843084948,2023-07-23,23,07,2023,"{""type"":""MultiPoint"",""coordinates"":[]}"
2_20230805T035539_20230805T041014_T46NGM,0.2954359149621927,2023-08-05,05,08,2023,"{""type"":""MultiPoint"",""coordinates"":[]}"
2_20230817T034541_20230817T040240_T46NGL,0.3452784432006279,2023-08-17,17,08,2023,"{""type"":""MultiPoint"",""coordinates"":[]}"
2_20230820T035541_20230820T041055_T46NGL,0.3261392337729593,2023-08-20,20,08,2023,"{""type"":""MultiPoint"",""coordinates"":[]}"
2_20230820T035541_20230820T041055_T46NGM,0.30312034310281694,2023-08-20,20,08,2023,"{""type"":""MultiPoint"",""coordinates"":[]}"
2_20230822T034539_20230822T040455_T46NGL,0.4068957025483065,2023-08-22,22,08,2023,"{""type"":""MultiPoint"",""coordinates"":[]}"
2_20230822T034539_20230822T040455_T46NGM,0.321414273068172,2023-08-22,22,08,2023,"{""type"":""MultiPoint"",""coordinates"":[]}"
2_20230822T034539_20230822T040455_T46NHM,0.3815211413803406,2023-08-22,22,08,2023,"{""type"":""MultiPoint"",""coordinates"":[]}"
2_20230909T035541_20230909T041054_T46NGM,0.33793695084384645,2023-09-09,09,09,2023,"{""type"":""MultiPoint"",""coordinates"":[]}"
2_20230911T034539_20230911T040618_T46NHL,0.4453516637462884,2023-09-11,11,09,2023,"{""type"":""MultiPoint"",""coordinates"":[]}"
2_20231001T034549_20231001T040014_T46NGL,0.34563198389185945,2023-10-01,01,10,2023,"{""type"":""MultiPoint"",""coordinates"":[]}"
2_20231001T034549_20231001T040014_T46NGM,0.3151685127284678,2023-10-01,01,10,2023,"{""type"":""MultiPoint"",""coordinates"":[]}"
2_20231001T034549_20231001T040014_T46NHM,0.3028367918532091,2023-10-01,01,10,2023,"{""type"":""MultiPoint"",""coordinates"":[]}"
2_20231026T034831_20231026T040603_T46NGM,0.2589847072873423,2023-10-26,26,10,2023,"{""type"":""MultiPoint"",""coordinates"":[]}"
2_20231026T034831_20231026T040603_T46NHM,0.2711618673100062,2023-10-26,26,10,2023,"{""type"":""MultiPoint"",""coordinates"":[]}"
2_20231029T035851_20231029T041056_T46NGL,0.36614396138815264,2023-10-29,29,10,2023,"{""type"":""MultiPoint"",""coordinates"":[]}"
2_20231029T035851_20231029T041056_T46NGM,0.2914359048882818,2023-10-29,29,10,2023,"{""type"":""MultiPoint"",""coordinates"":[]}"
2_20231208T040141_20231208T041105_T46NGL,0.25035710222478524,2023-12-08,08,12,2023,"{""type"":""MultiPoint"",""coordinates"":[]}"
2_20231213T040149_20231213T041047_T46NGL,0.17423776097319876,2023-12-13,13,12,2023,"{""type"":""MultiPoint"",""coordinates"":[]}"
2_20231213T040149_20231213T041047_T46NGM,0.13589527196635917,2023-12-13,13,12,2023,"{""type"":""MultiPoint"",""coordinates"":[]}"
2_20231228T040151_20231228T041354_T46NGM,0.21357300424789735,2023-12-28,28,12,2023,"{""type"":""MultiPoint"",""coordinates"":[]}"
2_20240102T040149_20240102T041205_T46NGL,0.32213326612512,2024-01-02,02,01,2024,"{""type"":""MultiPoint"",""coordinates"":[]}"
2_20240114T035111_20240114T040310_T46NGM,0.33555991914910166,2024-01-14,14,01,2024,"{""type"":""MultiPoint"",""coordinates"":[]}"
2_20240114T035111_20240114T040310_T46NHL,0.4013252909631865,2024-01-14,14,01,2024,"{""type"":""MultiPoint"",""coordinates"":[]}"
2_20240114T035111_20240114T040310_T46NHM,0.33787497889099144,2024-01-14,14,01,2024,"{""type"":""MultiPoint"",""coordinates"":[]}"
2_20240122T040059_20240122T041121_T46NGL,0.27313197524487065,2024-01-22,22,01,2024,"{""type"":""MultiPoint"",""coordinates"":[]}"
2_20240122T040059_20240122T041121_T46NGM,0.26147125443998315,2024-01-22,22,01,2024,"{""type"":""MultiPoint"",""coordinates"":[]}"
2_20240201T040009_20240201T041401_T46NGL,0.302493249526946,2024-02-01,01,02,2024,"{""type"":""MultiPoint"",""coordinates"":[]}"
2_20240201T040009_20240201T041401_T46NGM,0.26970843539470796,2024-02-01,01,02,2024,"{""type"":""MultiPoint"",""coordinates"":[]}"
2_20240203T034951_20240203T040146_T46NHM,0.24369836840313294,2024-02-03,03,02,2024,"{""type"":""MultiPoint"",""coordinates"":[]}"
2_20240208T034929_20240208T040544_T46NGL,0.33674780881503275,2024-02-08,08,02,2024,"{""type"":""MultiPoint"",""coordinates"":[]}"
2_20240208T034929_20240208T040544_T46NHL,0.3316677325894302,2024-02-08,08,02,2024,"{""type"":""MultiPoint"",""coordinates"":[]}"
2_20240211T035909_20240211T041151_T46NGL,0.3286598977535813,2024-02-11,11,02,2024,"{""type"":""MultiPoint"",""coordinates"":[]}"
2_20240211T035909_20240211T041151_T46NGM,0.27179581812427606,2024-02-11,11,02,2024,"{""type"":""MultiPoint"",""coordinates"":[]}"
2_20240213T034851_20240213T040438_T46NGL,0.1928367661340233,2024-02-13,13,02,2024,"{""type"":""MultiPoint"",""coordinates"":[]}"
2_20240213T034851_20240213T040438_T46NGM,0.22273443875560286,2024-02-13,13,02,2024,"{""type"":""MultiPoint"",""coordinates"":[]}"
2_20240213T034851_20240213T040438_T46NHL,0.10532345730261945,2024-02-13,13,02,2024,"{""type"":""MultiPoint"",""coordinates"":[]}"
2_20240213T034851_20240213T040438_T46NHM,0.11715423442415798,2024-02-13,13,02,2024,"{""type"":""MultiPoint"",""coordinates"":[]}"
2_20240218T034819_20240218T040333_T46NHM,0.250976687031701,2024-02-18,18,02,2024,"{""type"":""MultiPoint"",""coordinates"":[]}"
2_20240221T035809_20240221T040947_T46NGL,0.30516903145441776,2024-02-21,21,02,2024,"{""type"":""MultiPoint"",""coordinates"":[]}"
2_20240221T035809_20240221T040947_T46NGM,0.3059694232414969,2024-02-21,21,02,2024,"{""type"":""MultiPoint"",""coordinates"":[]}"
2_20240223T034741_20240223T040224_T46NGL,0.2853020477955929,2024-02-23,23,02,2024,"{""type"":""MultiPoint"",""coordinates"":[]}"
2_20240223T034741_20240223T040224_T46NGM,0.24463955853126862,2024-02-23,23,02,2024,"{""type"":""MultiPoint"",""coordinates"":[]}"
2_20240223T034741_20240223T040224_T46NHL,0.2816670141677434,2024-02-23,23,02,2024,"{""type"":""MultiPoint"",""coordinates"":[]}"
2_20240223T034741_20240223T040224_T46NHM,0.2615072422016112,2024-02-23,23,02,2024,"{""type"":""MultiPoint"",""coordinates"":[]}"
2_20240226T035731_20240226T041547_T46NGL,0.28157335697209807,2024-02-26,26,02,2024,"{""type"":""MultiPoint"",""coordinates"":[]}"
2_20240226T035731_20240226T041547_T46NGM,0.3251603171267817,2024-02-26,26,02,2024,"{""type"":""MultiPoint"",""coordinates"":[]}"
2_20240228T034709_20240228T040135_T46NGL,0.3189376088946619,2024-02-28,28,02,2024,"{""type"":""MultiPoint"",""coordinates"":[]}"
2_20240228T034709_20240228T040135_T46NHM,0.17263797237516756,2024-02-28,28,02,2024,"{""type"":""MultiPoint"",""coordinates"":[]}"
2_20240312T035539_20240312T040521_T46NGL,0.27458979773319636,2024-03-12,12,03,2024,"{""type"":""MultiPoint"",""coordinates"":[]}"
2_20240312T035539_20240312T040521_T46NGM,0.3188248994631128,2024-03-12,12,03,2024,"{""type"":""MultiPoint"",""coordinates"":[]}"
2_20240314T034531_20240314T035814_T46NGL,0.4150626081400318,2024-03-14,14,03,2024,"{""type"":""MultiPoint"",""coordinates"":[]}"
2_20240314T034531_20240314T035814_T46NGM,0.35726097649151967,2024-03-14,14,03,2024,"{""type"":""MultiPoint"",""coordinates"":[]}"
2_20240314T034531_20240314T035814_T46NHL,0.420192974239869,2024-03-14,14,03,2024,"{""type"":""MultiPoint"",""coordinates"":[]}"
2_20240314T034531_20240314T035814_T46NHM,0.38703891921264133,2024-03-14,14,03,2024,"{""type"":""MultiPoint"",""coordinates"":[]}"
2_20240317T035541_20240317T041241_T46NGM,0.3425807729502609,2024-03-17,17,03,2024,"{""type"":""MultiPoint"",""coordinates"":[]}"
2_20240319T034529_20240319T040001_T46NGL,0.30973263106192095,2024-03-19,19,03,2024,"{""type"":""MultiPoint"",""coordinates"":[]}"
2_20240319T034529_20240319T040001_T46NGM,0.30223636665324755,2024-03-19,19,03,2024,"{""type"":""MultiPoint"",""coordinates"":[]}"
2_20240319T034529_20240319T040001_T46NHL,0.3636483347491209,2024-03-19,19,03,2024,"{""type"":""MultiPoint"",""coordinates"":[]}"
2_20240319T034529_20240319T040001_T46NHM,0.27795329485868125,2024-03-19,19,03,2024,"{""type"":""MultiPoint"",""coordinates"":[]}"
2_20240322T035539_20240322T041512_T46NGM,0.2709815291907368,2024-03-22,22,03,2024,"{""type"":""MultiPoint"",""coordinates"":[]}"
2_20240324T034531_20240324T040137_T46NGL,0.3173068199857125,2024-03-24,24,03,2024,"{""type"":""MultiPoint"",""coordinates"":[]}"
2_20240324T034531_20240324T040137_T46NGM,0.2897937464021888,2024-03-24,24,03,2024,"{""type"":""MultiPoint"",""coordinates"":[]}"
2_20240324T034531_20240324T040137_T46NHL,0.3187651059708291,2024-03-24,24,03,2024,"{""type"":""MultiPoint"",""coordinates"":[]}"
2_20240324T034531_20240324T040137_T46NHM,0.3545843403579871,2024-03-24,24,03,2024,"{""type"":""MultiPoint"",""coordinates"":[]}"
2_20240329T034539_20240329T040002_T46NGL,0.3664729008861635,2024-03-29,29,03,2024,"{""type"":""MultiPoint"",""coordinates"":[]}"
2_20240329T034539_20240329T040002_T46NGM,0.2795762773997485,2024-03-29,29,03,2024,"{""type"":""MultiPoint"",""coordinates"":[]}"
2_20240406T035531_20240406T041615_T46NGM,0.3186014061924972,2024-04-06,06,04,2024,"{""type"":""MultiPoint"",""coordinates"":[]}"
2_20240408T034529_20240408T035958_T46NGM,0.2901291823484155,2024-04-08,08,04,2024,"{""type"":""MultiPoint"",""coordinates"":[]}"
2_20240408T034529_20240408T035958_T46NHM,0.3704289781766077,2024-04-08,08,04,2024,"{""type"":""MultiPoint"",""coordinates"":[]}"
2_20240421T035539_20240421T041009_T46NGL,0.26271786203322023,2024-04-21,21,04,2024,"{""type"":""MultiPoint"",""coordinates"":[]}"
2_20240605T035541_20240605T041202_T46NGL,0.3540714128421892,2024-06-05,05,06,2024,"{""type"":""MultiPoint"",""coordinates"":[]}"
2_20240612T034541_20240612T040446_T46NHM,0.43500693698206183,2024-06-12,12,06,2024,"{""type"":""MultiPoint"",""coordinates"":[]}"
2_20240615T035541_20240615T041301_T46NGM,0.3027889376575337,2024-06-15,15,06,2024,"{""type"":""MultiPoint"",""coordinates"":[]}"
2_20240627T034539_20240627T040003_T46NHM,0.342709829411018,2024-06-27,27,06,2024,"{""type"":""MultiPoint"",""coordinates"":[]}"
2_20240816T034539_20240816T040617_T46NGM,0.22794429413096354,2024-08-16,16,08,2024,"{""type"":""MultiPoint"",""coordinates"":[]}"
2_20240816T034539_20240816T040617_T46NHM,0.24173347868422368,2024-08-16,16,08,2024,"{""type"":""MultiPoint"",""coordinates"":[]}"
2_20240829T035539_20240829T041406_T46NGL,0.368787577212043,2024-08-29,29,08,2024,"{""type"":""MultiPoint"",""coordinates"":[]}"
2_20240829T035539_20240829T041406_T46NGM,0.3443531680122444,2024-08-29,29,08,2024,"{""type"":""MultiPoint"",""coordinates"":[]}"
2_20240915T034529_20240915T035607_T46NHM,0.15630612510154324,2024-09-15,15,09,2024,"{""type"":""MultiPoint"",""coordinates"":[]}"
2_20241015T034629_20241015T035835_T46NGL,0.32590327928806345,2024-10-15,15,10,2024,"{""type"":""MultiPoint"",""coordinates"":[]}"
2_20241020T034801_20241020T040248_T46NGM,0.37257871750717264,2024-10-20,20,10,2024,"{""type"":""MultiPoint"",""coordinates"":[]}"
2_20241023T035821_20241023T041010_T46NGL,0.4407524310864695,2024-10-23,23,10,2024,"{""type"":""MultiPoint"",""coordinates"":[]}"
2_20241023T035821_20241023T041010_T46NGM,0.3795871810255887,2024-10-23,23,10,2024,"{""type"":""MultiPoint"",""coordinates"":[]}"
2_20241028T035759_20241028T040938_T46NGL,0.2798323919153535,2024-10-28,28,10,2024,"{""type"":""MultiPoint"",""coordinates"":[]}"
2_20241028T035759_20241028T040938_T46NGM,0.30659635539188046,2024-10-28,28,10,2024,"{""type"":""MultiPoint"",""coordinates"":[]}"
2_20241104T034829_20241104T040307_T46NGM,0.32636222361096334,2024-11-04,04,11,2024,"{""type"":""MultiPoint"",""coordinates"":[]}"
2_20241107T035849_20241107T041010_T46NGL,0.3106737354090754,2024-11-07,07,11,2024,"{""type"":""MultiPoint"",""coordinates"":[]}"
2_20241107T035849_20241107T041010_T46NGM,0.3012818752939666,2024-11-07,07,11,2024,"{""type"":""MultiPoint"",""coordinates"":[]}"
2_20250101T040151_20250101T041354_T46NGL,0.2823592350031113,2025-01-01,01,01,2025,"{""type"":""MultiPoint"",""coordinates"":[]}"
2_20250131T040031_20250131T041554_T46NGL,0.4010956144882752,2025-01-31,31,01,2025,"{""type"":""MultiPoint"",""coordinates"":[]}"
2_20250131T040031_20250131T041554_T46NGM,0.3683197343638498,2025-01-31,31,01,2025,"{""type"":""MultiPoint"",""coordinates"":[]}"
2_20250207T034951_20250207T040322_T46NGM,0.24690414559698093,2025-02-07,07,02,2025,"{""type"":""MultiPoint"",""coordinates"":[]}"
2_20250217T034851_20250217T040119_T46NGL,0.3438398834928616,2025-02-17,17,02,2025,"{""type"":""MultiPoint"",""coordinates"":[]}"
2_20250302T035721_20250302T040537_T46NGL,0.28815280685987144,2025-03-02,02,03,2025,"{""type"":""MultiPoint"",""coordinates"":[]}"
2_20250324T034539_20250324T040146_T46NGL,0.33149419063873625,2025-03-24,24,03,2025,"{""type"":""MultiPoint"",""coordinates"":[]}"
2_20250324T034539_20250324T040146_T46NGM,0.322741407752063,2025-03-24,24,03,2025,"{""type"":""MultiPoint"",""coordinates"":[]}"
2_20250324T034539_20250324T040146_T46NHL,0.3660202581119713,2025-03-24,24,03,2025,"{""type"":""MultiPoint"",""coordinates"":[]}"
