Date,Year,Month,Day,RH
2005-01-01,2005,1,1,5
2005-01-02,2005,1,2,5
2005-01-03,2005,1,3,5
2005-01-04,2005,1,4,5
2005-01-05,2005,1,5,5
2005-01-06,2005,1,6,5
2005-01-07,2005,1,7,5
2005-01-08,2005,1,8,5
2005-01-09,2005,1,9,5
2005-01-10,2005,1,10,5
2005-01-11,2005,1,11,5
2005-01-12,2005,1,12,5
2005-01-13,2005,1,13,5
2005-01-14,2005,1,14,5
2005-01-15,2005,1,15,5
2005-01-16,2005,1,16,5
2005-01-17,2005,1,17,5
2005-01-18,2005,1,18,5
2005-01-19,2005,1,19,5
2005-01-20,2005,1,20,5
2005-01-21,2005,1,21,5
2005-01-22,2005,1,22,5
2005-01-23,2005,1,23,5
2005-01-24,2005,1,24,5
2005-01-25,2005,1,25,5
2005-01-26,2005,1,26,5
2005-01-27,2005,1,27,5
2005-01-28,2005,1,28,5
2005-01-29,2005,1,29,5
2005-01-30,2005,1,30,5
2005-01-31,2005,1,31,5
2005-02-01,2005,2,1,5
2005-02-02,2005,2,2,5
2005-02-03,2005,2,3,5
2005-02-04,2005,2,4,5
2005-02-05,2005,2,5,5
2005-02-06,2005,2,6,5
2005-02-07,2005,2,7,5
2005-02-08,2005,2,8,5
2005-02-09,2005,2,9,5
2005-02-10,2005,2,10,5
2005-02-11,2005,2,11,5
2005-02-12,2005,2,12,5
2005-02-13,2005,2,13,5
2005-02-14,2005,2,14,5
2005-02-15,2005,2,15,5
2005-02-16,2005,2,16,5
2005-02-17,2005,2,17,5
2005-02-18,2005,2,18,5
2005-02-19,2005,2,19,5
2005-02-20,2005,2,20,5
2005-02-21,2005,2,21,5
2005-02-22,2005,2,22,5
2005-02-23,2005,2,23,5
2005-02-24,2005,2,24,5
2005-02-25,2005,2,25,5
2005-02-26,2005,2,26,5
2005-02-27,2005,2,27,5
2005-02-28,2005,2,28,5
2005-03-01,2005,3,1,5
2005-03-02,2005,3,2,5
2005-03-03,2005,3,3,5
2005-03-04,2005,3,4,5
2005-03-05,2005,3,5,5
2005-03-06,2005,3,6,5
2005-03-07,2005,3,7,5
2005-03-08,2005,3,8,5
2005-03-09,2005,3,9,5
2005-03-10,2005,3,10,5
2005-03-11,2005,3,11,5
2005-03-12,2005,3,12,5
2005-03-13,2005,3,13,5
2005-03-14,2005,3,14,5
2005-03-15,2005,3,15,5
2005-03-16,2005,3,16,5
2005-03-17,2005,3,17,5
2005-03-18,2005,3,18,5
2005-03-19,2005,3,19,5
2005-03-20,2005,3,20,5
2006-09-12,2006,9,12,1
2006-09-13,2006,9,13,1
2006-09-14,2006,9,14,1
2006-09-15,2006,9,15,1
2006-09-16,2006,9,16,1
2006-09-17,2006,9,17,1
2006-09-18,2006,9,18,1
2006-09-19,2006,9,19,1
2006-09-20,2006,9,20,1
2006-09-21,2006,9,21,1
2006-09-22,2006,9,22,1
2006-09-23,2006,9,23,1
2006-09-24,2006,9,24,1
2006-09-25,2006,9,25,1
2006-09-26,2006,9,26,1
2006-09-27,2006,9,27,1
2006-09-28,2006,9,28,1
2006-09-29,2006,9,29,1
2006-09-30,2006,9,30,1
2006-10-01,2006,10,1,1
2006-10-02,2006,10,2,1
2006-10-03,2006,10,3,1
2006-10-04,2006,10,4,1
2006-10-05,2006,10,5,1
2006-10-06,2006,10,6,1
2006-10-07,2006,10,7,1
2006-10-08,2006,10,8,1
2006-10-09,2006,10,9,1
2006-10-10,2006,10,10,1
2006-10-11,2006,10,11,1
2006-10-12,2006,10,12,1
2006-10-13,2006,10,13,1
2006-10-14,2006,10,14,1
2006-10-15,2006,10,15,1
2006-10-16,2006,10,16,1
2006-10-17,2006,10,17,1
2006-10-18,2006,10,18,1
2006-10-19,2006,10,19,1
2006-10-20,2006,10,20,1
2006-10-21,2006,10,21,1
2006-10-22,2006,10,22,1
2006-10-23,2006,10,23,1
2006-10-24,2006,10,24,1
2006-10-25,2006,10,25,1
2006-10-26,2006,10,26,1
2006-10-27,2006,10,27,1
2006-10-28,2006,10,28,1
2006-10-29,2006,10,29,1
2006-10-30,2006,10,30,1
2006-10-31,2006,10,31,1
2007-09-29,2007,9,29,1
2007-09-30,2007,9,30,1
2007-10-01,2007,10,1,1
2007-10-02,2007,10,2,1
2007-10-03,2007,10,3,1
2007-10-04,2007,10,4,1
2007-10-05,2007,10,5,1
2007-10-06,2007,10,6,1
2007-10-07,2007,10,7,1
2007-10-08,2007,10,8,1
2007-10-09,2007,10,9,1
2007-10-10,2007,10,10,1
2007-10-11,2007,10,11,1
2007-10-12,2007,10,12,1
2007-10-13,2007,10,13,1
2007-10-14,2007,10,14,1
2007-10-15,2007,10,15,1
2007-10-16,2007,10,16,1
2007-10-17,2007,10,17,1
2007-10-18,2007,10,18,1
2007-10-19,2007,10,19,1
2007-10-20,2007,10,20,1
2007-10-21,2007,10,21,1
2007-10-22,2007,10,22,1
2007-10-23,2007,10,23,1
2007-10-24,2007,10,24,1
2007-10-25,2007,10,25,1
2007-10-26,2007,10,26,1
2007-10-27,2007,10,27,1
2007-10-28,2007,10,28,1
2007-10-29,2007,10,29,1
2007-10-30,2007,10,30,1
2007-10-31,2007,10,31,1
2007-11-01,2007,11,1,1
2007-11-02,2007,11,2,1
2007-11-03,2007,11,3,1
2007-11-04,2007,11,4,1
2007-11-05,2007,11,5,1
2007-11-06,2007,11,6,1
2007-11-07,2007,11,7,1
2007-11-08,2007,11,8,1
2007-11-09,2007,11,9,1
2007-11-10,2007,11,10,1
2007-11-11,2007,11,11,1
2007-11-12,2007,11,12,1
2007-11-13,2007,11,13,1
2007-11-14,2007,11,14,1
2007-11-15,2007,11,15,1
2007-11-16,2007,11,16,1
2007-11-17,2007,11,17,1
2007-11-18,2007,11,18,1
2007-11-19,2007,11,19,1
2007-11-20,2007,11,20,1
2007-11-21,2007,11,21,1
2007-11-22,2007,11,22,1
2007-11-23,2007,11,23,1
2007-11-24,2007,11,24,1
2007-11-25,2007,11,25,1
2007-11-26,2007,11,26,1
2007-11-27,2007,11,27,1
2007-11-28,2007,11,28,1
2007-11-29,2007,11,29,1
2007-11-30,2007,11,30,1
2007-12-01,2007,12,1,1
2007-12-02,2007,12,2,1
2007-12-03,2007,12,3,1
2007-12-04,2007,12,4,1
2007-12-05,2007,12,5,1
2007-12-06,2007,12,6,1
2007-12-07,2007,12,7,1
2007-12-08,2007,12,8,1
2007-12-09,2007,12,9,1
2007-12-10,2007,12,10,1
2007-12-11,2007,12,11,1
2007-12-12,2007,12,12,1
2007-12-13,2007,12,13,1
2007-12-14,2007,12,14,1
2007-12-15,2007,12,15,1
2007-12-16,2007,12,16,1
2007-12-17,2007,12,17,1
2007-12-18,2007,12,18,1
2007-12-19,2007,12,19,1
2007-12-20,2007,12,20,1
2007-12-21,2007,12,21,1
2007-12-22,2007,12,22,1
2007-12-23,2007,12,23,1
2007-12-24,2007,12,24,1
2007-12-25,2007,12,25,1
2007-12-26,2007,12,26,1
2007-12-27,2007,12,27,1
2007-12-28,2007,12,28,1
2007-12-29,2007,12,29,1
2007-12-30,2007,12,30,1
2007-12-31,2007,12,31,1
2008-01-01,2008,1,1,1
2008-01-02,2008,1,2,1
2008-01-03,2008,1,3,1
2008-01-04,2008,1,4,1
2008-01-05,2008,1,5,1
2008-01-06,2008,1,6,1
2008-01-07,2008,1,7,1
2008-01-08,2008,1,8,1
2008-01-09,2008,1,9,1
2008-01-10,2008,1,10,1
2008-01-11,2008,1,11,1
2008-01-12,2008,1,12,1
2008-01-13,2008,1,13,1
2008-01-14,2008,1,14,1
2008-01-15,2008,1,15,1
2008-01-16,2008,1,16,1
2008-01-17,2008,1,17,1
2008-01-18,2008,1,18,1
2008-01-19,2008,1,19,1
2008-01-20,2008,1,20,1
2008-01-21,2008,1,21,1
2008-01-22,2008,1,22,1
2008-01-23,2008,1,23,1
2008-01-24,2008,1,24,1
2008-01-25,2008,1,25,1
2008-01-26,2008,1,26,1
2008-01-27,2008,1,27,1
2008-01-28,2008,1,28,1
2008-01-29,2008,1,29,1
2008-01-30,2008,1,30,1
2008-01-31,2008,1,31,1
2008-02-01,2008,2,1,1
2008-02-02,2008,2,2,1
2008-02-03,2008,2,3,1
2008-02-04,2008,2,4,1
2008-02-05,2008,2,5,1
2008-02-06,2008,2,6,1
2008-02-07,2008,2,7,1
2008-02-08,2008,2,8,1
2008-02-09,2008,2,9,1
2008-02-10,2008,2,10,1
2008-02-11,2008,2,11,1
2008-02-12,2008,2,12,1
2008-02-13,2008,2,13,1
2008-02-14,2008,2,14,1
2008-02-15,2008,2,15,1
2008-02-16,2008,2,16,1
2008-02-17,2008,2,17,1
2008-02-18,2008,2,18,1
2008-02-19,2008,2,19,1
2008-02-20,2008,2,20,1
2008-02-21,2008,2,21,1
2008-02-22,2008,2,22,1
2008-02-23,2008,2,23,1
2008-02-24,2008,2,24,1
2008-02-25,2008,2,25,1
2008-02-26,2008,2,26,1
2008-02-27,2008,2,27,1
2008-02-28,2008,2,28,1
2008-02-29,2008,2,29,1
2008-03-01,2008,3,1,1
2008-03-02,2008,3,2,1
2008-03-03,2008,3,3,1
2008-03-04,2008,3,4,1
2008-03-05,2008,3,5,1
2008-03-06,2008,3,6,1
2008-03-07,2008,3,7,1
2008-03-08,2008,3,8,1
2008-03-09,2008,3,9,1
2008-03-10,2008,3,10,1
2008-03-11,2008,3,11,1
2008-03-12,2008,3,12,1
2008-03-13,2008,3,13,1
2008-03-14,2008,3,14,1
2008-03-15,2008,3,15,1
2008-03-16,2008,3,16,1
2008-03-17,2008,3,17,1
2008-03-18,2008,3,18,1
2008-03-19,2008,3,19,1
2008-03-20,2008,3,20,1
2008-03-21,2008,3,21,1
2008-03-22,2008,3,22,1
2008-03-23,2008,3,23,1
2008-03-24,2008,3,24,1
2008-03-25,2008,3,25,1
2008-03-26,2008,3,26,1
2008-03-27,2008,3,27,1
2008-03-28,2008,3,28,1
2008-03-29,2008,3,29,1
2008-03-30,2008,3,30,1
2008-03-31,2008,3,31,1
2008-04-01,2008,4,1,1
2008-04-02,2008,4,2,1
2008-04-03,2008,4,3,1
2008-04-04,2008,4,4,1
2008-04-05,2008,4,5,1
2008-04-06,2008,4,6,1
2008-04-07,2008,4,7,1
2008-04-08,2008,4,8,1
2008-04-09,2008,4,9,1
2008-04-10,2008,4,10,1
2008-04-11,2008,4,11,1
2008-04-12,2008,4,12,1
2008-04-13,2008,4,13,1
2008-04-14,2008,4,14,1
2008-04-15,2008,4,15,1
2008-04-16,2008,4,16,1
2008-04-17,2008,4,17,1
2008-04-18,2008,4,18,1
2008-04-19,2008,4,19,1
2008-04-20,2008,4,20,1
2008-04-21,2008,4,21,1
2008-04-22,2008,4,22,1
2008-04-23,2008,4,23,1
2008-04-24,2008,4,24,1
2008-04-25,2008,4,25,1
2008-04-26,2008,4,26,1
2008-04-27,2008,4,27,1
2008-04-28,2008,4,28,1
2008-04-29,2008,4,29,1
2008-04-30,2008,4,30,1
2008-05-01,2008,5,1,1
2008-05-02,2008,5,2,1
2008-05-03,2008,5,3,1
2008-05-04,2008,5,4,1
2008-05-05,2008,5,5,1
2008-05-06,2008,5,6,1
2008-05-07,2008,5,7,1
2008-05-08,2008,5,8,1
2008-05-09,2008,5,9,1
2008-05-10,2008,5,10,1
2008-05-11,2008,5,11,1
2008-05-12,2008,5,12,1
2008-05-13,2008,5,13,1
2008-05-14,2008,5,14,1
2008-05-15,2008,5,15,1
2008-05-16,2008,5,16,1
2008-05-17,2008,5,17,1
2008-05-18,2008,5,18,1
2008-05-19,2008,5,19,1
2008-05-20,2008,5,20,1
2008-05-21,2008,5,21,1
2008-05-22,2008,5,22,1
2008-05-23,2008,5,23,1
2008-05-24,2008,5,24,1
2008-05-25,2008,5,25,1
2008-05-26,2008,5,26,1
2008-05-27,2008,5,27,1
2008-05-28,2008,5,28,1
2008-05-29,2008,5,29,1
2008-05-30,2008,5,30,1
2008-05-31,2008,5,31,1
2008-06-01,2008,6,1,1
2008-06-02,2008,6,2,1
2008-06-03,2008,6,3,1
2008-06-04,2008,6,4,1
2008-06-05,2008,6,5,1
2008-06-06,2008,6,6,1
2008-06-07,2008,6,7,1
2008-06-08,2008,6,8,1
2008-06-09,2008,6,9,1
2008-06-10,2008,6,10,1
2008-06-11,2008,6,11,1
2008-06-12,2008,6,12,1
2008-06-13,2008,6,13,1
2008-06-14,2008,6,14,1
2008-06-15,2008,6,15,1
2008-06-16,2008,6,16,1
2008-06-17,2008,6,17,1
2008-06-18,2008,6,18,1
2008-06-19,2008,6,19,1
2008-06-20,2008,6,20,1
2008-06-21,2008,6,21,1
2008-06-22,2008,6,22,1
2008-06-23,2008,6,23,1
2008-06-24,2008,6,24,1
2008-06-25,2008,6,25,1
2008-06-26,2008,6,26,1
2008-06-27,2008,6,27,1
2008-06-28,2008,6,28,1
2008-06-29,2008,6,29,1
2008-06-30,2008,6,30,1
2008-07-01,2008,7,1,1
2008-07-02,2008,7,2,1
2008-07-03,2008,7,3,1
2008-07-04,2008,7,4,1
2008-07-05,2008,7,5,1
2008-07-06,2008,7,6,1
2008-07-07,2008,7,7,1
2008-07-08,2008,7,8,1
2008-07-09,2008,7,9,1
2008-07-10,2008,7,10,1
2008-07-11,2008,7,11,1
2008-07-12,2008,7,12,1
2008-07-13,2008,7,13,1
2008-07-14,2008,7,14,1
2008-07-15,2008,7,15,1
2008-07-16,2008,7,16,1
2008-07-17,2008,7,17,1
2008-07-18,2008,7,18,1
2008-07-19,2008,7,19,1
2008-07-20,2008,7,20,1
2008-07-21,2008,7,21,1
2008-07-22,2008,7,22,1
2008-07-23,2008,7,23,1
2008-07-24,2008,7,24,1
2008-07-25,2008,7,25,1
2008-07-26,2008,7,26,1
2008-07-27,2008,7,27,1
2008-07-28,2008,7,28,1
2008-07-29,2008,7,29,1
2008-07-30,2008,7,30,1
2008-07-31,2008,7,31,1
2008-08-01,2008,8,1,1
2008-08-02,2008,8,2,1
2008-08-03,2008,8,3,1
2008-08-04,2008,8,4,1
2008-08-05,2008,8,5,1
2008-08-06,2008,8,6,1
2008-08-07,2008,8,7,1
2008-08-08,2008,8,8,1
2008-08-09,2008,8,9,1
2008-08-10,2008,8,10,1
2008-08-11,2008,8,11,1
2008-08-12,2008,8,12,1
2008-08-13,2008,8,13,1
2008-08-14,2008,8,14,1
2008-08-15,2008,8,15,1
2008-08-16,2008,8,16,1
2008-08-17,2008,8,17,1
2008-08-18,2008,8,18,1
2008-08-19,2008,8,19,1
2008-08-20,2008,8,20,1
2008-08-21,2008,8,21,1
2008-08-22,2008,8,22,1
2008-08-23,2008,8,23,1
2008-08-24,2008,8,24,1
2008-08-25,2008,8,25,1
2008-08-26,2008,8,26,1
2008-08-27,2008,8,27,1
2008-08-28,2008,8,28,1
2008-08-29,2008,8,29,1
2008-08-30,2008,8,30,1
2008-08-31,2008,8,31,1
2008-09-01,2008,9,1,1
2008-09-02,2008,9,2,1
2008-09-03,2008,9,3,1
2008-09-04,2008,9,4,1
2008-09-05,2008,9,5,1
2008-09-06,2008,9,6,1
2008-09-07,2008,9,7,1
2008-09-08,2008,9,8,1
2008-09-09,2008,9,9,1
2008-09-10,2008,9,10,1
2008-09-11,2008,9,11,1
2008-09-12,2008,9,12,1
2008-09-13,2008,9,13,1
2008-09-14,2008,9,14,1
2008-09-15,2008,9,15,1
2008-09-16,2008,9,16,1
2008-09-17,2008,9,17,1
2008-09-18,2008,9,18,1
2008-09-19,2008,9,19,1
2008-09-20,2008,9,20,1
2008-09-21,2008,9,21,1
2008-09-22,2008,9,22,1
2008-09-23,2008,9,23,1
2008-09-24,2008,9,24,1
2008-09-25,2008,9,25,1
2008-09-26,2008,9,26,1
2008-09-27,2008,9,27,1
2008-09-28,2008,9,28,1
2008-09-29,2008,9,29,1
2008-09-30,2008,9,30,1
2008-10-01,2008,10,1,1
2008-10-02,2008,10,2,1
2008-10-03,2008,10,3,1
2008-10-04,2008,10,4,1
2008-10-05,2008,10,5,1
2008-10-06,2008,10,6,1
2008-10-07,2008,10,7,1
2008-10-08,2008,10,8,1
2008-10-09,2008,10,9,1
2008-10-10,2008,10,10,1
2008-10-11,2008,10,11,1
2008-10-12,2008,10,12,1
2008-10-13,2008,10,13,1
2008-10-14,2008,10,14,1
2008-10-15,2008,10,15,1
2008-10-16,2008,10,16,1
2008-10-17,2008,10,17,1
2008-10-18,2008,10,18,1
2008-10-19,2008,10,19,1
2008-10-20,2008,10,20,1
2008-10-21,2008,10,21,1
2008-10-22,2008,10,22,1
2008-10-23,2008,10,23,1
2008-10-24,2008,10,24,1
2008-10-25,2008,10,25,1
2008-10-26,2008,10,26,1
2008-10-27,2008,10,27,1
2008-10-28,2008,10,28,1
2008-10-29,2008,10,29,1
2008-10-30,2008,10,30,1
2008-10-31,2008,10,31,1
2008-11-01,2008,11,1,1
2008-11-02,2008,11,2,1
2008-11-03,2008,11,3,1
2008-11-04,2008,11,4,1
2008-11-05,2008,11,5,1
2008-11-06,2008,11,6,1
2008-11-07,2008,11,7,1
2008-11-08,2008,11,8,1
2008-11-09,2008,11,9,1
2008-11-10,2008,11,10,1
2008-11-11,2008,11,11,1
2008-11-12,2008,11,12,1
2008-11-13,2008,11,13,1
2008-11-14,2008,11,14,1
2008-11-15,2008,11,15,1
2008-11-16,2008,11,16,1
2008-11-17,2008,11,17,1
2008-11-18,2008,11,18,1
2008-11-19,2008,11,19,1
2008-11-20,2008,11,20,1
2008-11-21,2008,11,21,1
2008-11-22,2008,11,22,1
2008-11-23,2008,11,23,1
2008-11-24,2008,11,24,1
2008-11-25,2008,11,25,1
2008-11-26,2008,11,26,1
2008-11-27,2008,11,27,1
2008-11-28,2008,11,28,1
2008-11-29,2008,11,29,1
2008-11-30,2008,11,30,1
2008-12-01,2008,12,1,1
2008-12-02,2008,12,2,1
2008-12-03,2008,12,3,1
2008-12-04,2008,12,4,1
2008-12-05,2008,12,5,1
2008-12-06,2008,12,6,1
2008-12-07,2008,12,7,1
2008-12-08,2008,12,8,1
2008-12-09,2008,12,9,1
2008-12-10,2008,12,10,1
2008-12-11,2008,12,11,1
2008-12-12,2008,12,12,1
2008-12-13,2008,12,13,1
2008-12-14,2008,12,14,1
2008-12-15,2008,12,15,1
2008-12-16,2008,12,16,1
2008-12-17,2008,12,17,1
2008-12-18,2008,12,18,1
2008-12-19,2008,12,19,1
2008-12-20,2008,12,20,1
2008-12-21,2008,12,21,1
2008-12-22,2008,12,22,1
2008-12-23,2008,12,23,1
2008-12-24,2008,12,24,1
2008-12-25,2008,12,25,1
2008-12-26,2008,12,26,1
2008-12-27,2008,12,27,1
2008-12-28,2008,12,28,1
2008-12-29,2008,12,29,1
2008-12-30,2008,12,30,1
2008-12-31,2008,12,31,1
2009-01-01,2009,1,1,1
2009-01-02,2009,1,2,1
2009-01-03,2009,1,3,1
2009-01-04,2009,1,4,1
2009-01-05,2009,1,5,1
2009-01-06,2009,1,6,1
2009-01-07,2009,1,7,1
2009-01-08,2009,1,8,1
2009-01-09,2009,1,9,1
2009-01-10,2009,1,10,1
2009-01-11,2009,1,11,1
2009-01-12,2009,1,12,1
2009-01-13,2009,1,13,1
2009-01-14,2009,1,14,1
2009-01-15,2009,1,15,1
2009-01-16,2009,1,16,1
2009-01-17,2009,1,17,1
2009-01-18,2009,1,18,1
2009-01-19,2009,1,19,1
2009-01-20,2009,1,20,1
2009-01-21,2009,1,21,1
2009-01-22,2009,1,22,1
2009-01-23,2009,1,23,1
2009-01-24,2009,1,24,1
2009-01-25,2009,1,25,1
2009-01-26,2009,1,26,1
2009-01-27,2009,1,27,1
2009-01-28,2009,1,28,1
2009-01-29,2009,1,29,1
2009-01-30,2009,1,30,1
2009-01-31,2009,1,31,1
2009-02-01,2009,2,1,1
2009-02-02,2009,2,2,1
2009-02-03,2009,2,3,1
2009-02-04,2009,2,4,1
2009-02-05,2009,2,5,1
2009-02-06,2009,2,6,1
2009-02-07,2009,2,7,1
2009-02-08,2009,2,8,1
2009-02-09,2009,2,9,1
2009-02-10,2009,2,10,1
2009-02-11,2009,2,11,1
2009-02-12,2009,2,12,1
2009-02-13,2009,2,13,1
2009-02-14,2009,2,14,1
2009-02-15,2009,2,15,1
2009-02-16,2009,2,16,1
2009-02-17,2009,2,17,1
2009-02-18,2009,2,18,1
2009-07-31,2009,7,31,5
2009-08-01,2009,8,1,5
2009-08-02,2009,8,2,5
2009-08-03,2009,8,3,5
2009-08-04,2009,8,4,5
2009-08-05,2009,8,5,5
2009-08-06,2009,8,6,5
2009-08-07,2009,8,7,5
2009-08-08,2009,8,8,5
2009-08-09,2009,8,9,5
2009-08-10,2009,8,10,5
2009-08-11,2009,8,11,5
2009-08-12,2009,8,12,5
2009-08-13,2009,8,13,5
2009-08-14,2009,8,14,5
2009-08-15,2009,8,15,5
2009-08-16,2009,8,16,5
2009-08-17,2009,8,17,5
2009-08-18,2009,8,18,5
2009-08-19,2009,8,19,5
2009-08-20,2009,8,20,5
2009-08-21,2009,8,21,5
2009-08-22,2009,8,22,5
2009-08-23,2009,8,23,5
2009-08-24,2009,8,24,5
2009-08-25,2009,8,25,5
2009-08-26,2009,8,26,5
2009-08-27,2009,8,27,5
2009-08-28,2009,8,28,5
2009-08-29,2009,8,29,5
2009-08-30,2009,8,30,5
2009-08-31,2009,8,31,5
2009-09-01,2009,9,1,5
2009-09-02,2009,9,2,5
2009-09-03,2009,9,3,5
2009-09-04,2009,9,4,5
2009-09-05,2009,9,5,5
2009-09-06,2009,9,6,5
2009-09-07,2009,9,7,5
2009-09-08,2009,9,8,5
2009-09-09,2009,9,9,5
2009-09-10,2009,9,10,5
2009-09-11,2009,9,11,5
2009-09-12,2009,9,12,5
2009-09-13,2009,9,13,5
2009-09-14,2009,9,14,5
2009-09-15,2009,9,15,5
2009-09-16,2009,9,16,5
2009-09-17,2009,9,17,5
2009-09-18,2009,9,18,5
2009-09-19,2009,9,19,5
2009-09-20,2009,9,20,5
2009-09-21,2009,9,21,5
2009-09-22,2009,9,22,5
2009-09-23,2009,9,23,5
2009-09-24,2009,9,24,5
2009-09-25,2009,9,25,5
2009-09-26,2009,9,26,5
2009-09-27,2009,9,27,5
2009-09-28,2009,9,28,5
2009-09-29,2009,9,29,5
2009-09-30,2009,9,30,5
2009-10-01,2009,10,1,5
2009-10-02,2009,10,2,5
2009-10-03,2009,10,3,5
2009-10-04,2009,10,4,5
2009-10-05,2009,10,5,5
2009-10-06,2009,10,6,5
2009-10-07,2009,10,7,5
2009-10-08,2009,10,8,5
2009-10-09,2009,10,9,5
2009-10-10,2009,10,10,5
2009-10-11,2009,10,11,5
2009-10-12,2009,10,12,5
2009-10-13,2009,10,13,5
2009-10-14,2009,10,14,5
2009-10-15,2009,10,15,5
2009-10-16,2009,10,16,5
2009-10-17,2009,10,17,5
2009-10-18,2009,10,18,5
2009-10-19,2009,10,19,5
2009-10-20,2009,10,20,5
2009-10-21,2009,10,21,5
2009-10-22,2009,10,22,5
2009-10-23,2009,10,23,5
2009-10-24,2009,10,24,5
2009-10-25,2009,10,25,5
2009-10-26,2009,10,26,5
2009-10-27,2009,10,27,5
2009-10-28,2009,10,28,5
2009-10-29,2009,10,29,5
2009-10-30,2009,10,30,5
2009-10-31,2009,10,31,5
2009-11-01,2009,11,1,5
2009-11-02,2009,11,2,5
2009-11-03,2009,11,3,5
2009-11-04,2009,11,4,5
2009-11-05,2009,11,5,5
2009-11-06,2009,11,6,5
2009-11-07,2009,11,7,5
2009-11-08,2009,11,8,5
2009-11-09,2009,11,9,5
2009-11-10,2009,11,10,5
2009-11-11,2009,11,11,5
2009-11-12,2009,11,12,5
2009-11-13,2009,11,13,5
2009-11-14,2009,11,14,5
2009-11-15,2009,11,15,5
2009-11-16,2009,11,16,5
2009-11-17,2009,11,17,5
2009-11-18,2009,11,18,5
2009-11-19,2009,11,19,5
2009-11-20,2009,11,20,5
2009-11-21,2009,11,21,5
2009-11-22,2009,11,22,5
2009-11-23,2009,11,23,5
2009-11-24,2009,11,24,5
2009-11-25,2009,11,25,5
2009-11-26,2009,11,26,5
2009-11-27,2009,11,27,5
2009-11-28,2009,11,28,5
2009-11-29,2009,11,29,5
2009-11-30,2009,11,30,5
2009-12-01,2009,12,1,5
2009-12-02,2009,12,2,5
2009-12-03,2009,12,3,5
2009-12-04,2009,12,4,5
2009-12-05,2009,12,5,5
2009-12-06,2009,12,6,5
2009-12-07,2009,12,7,5
2009-12-08,2009,12,8,5
2009-12-09,2009,12,9,5
2009-12-10,2009,12,10,5
2009-12-11,2009,12,11,5
2009-12-12,2009,12,12,5
2009-12-13,2009,12,13,5
2009-12-14,2009,12,14,5
2009-12-15,2009,12,15,5
2009-12-16,2009,12,16,5
2009-12-17,2009,12,17,5
2009-12-18,2009,12,18,5
2009-12-19,2009,12,19,5
2009-12-20,2009,12,20,5
2009-12-21,2009,12,21,5
2009-12-22,2009,12,22,5
2009-12-23,2009,12,23,5
2009-12-24,2009,12,24,5
2009-12-25,2009,12,25,5
2009-12-26,2009,12,26,5
2009-12-27,2009,12,27,5
2009-12-28,2009,12,28,5
2009-12-29,2009,12,29,5
2009-12-30,2009,12,30,5
2009-12-31,2009,12,31,5
2010-01-01,2010,1,1,5
2010-01-02,2010,1,2,5
2010-01-03,2010,1,3,5
2010-01-04,2010,1,4,5
2010-01-05,2010,1,5,5
2010-01-06,2010,1,6,5
2010-01-07,2010,1,7,5
2010-01-08,2010,1,8,5
2010-01-09,2010,1,9,5
2010-01-10,2010,1,10,5
2010-01-11,2010,1,11,5
2010-01-12,2010,1,12,5
2010-01-13,2010,1,13,5
2010-01-14,2010,1,14,5
2010-01-15,2010,1,15,5
2010-01-16,2010,1,16,5
2010-01-17,2010,1,17,5
2010-01-18,2010,1,18,5
2010-01-19,2010,1,19,5
2010-01-20,2010,1,20,5
2010-01-21,2010,1,21,5
2010-01-22,2010,1,22,5
2010-01-23,2010,1,23,5
2010-01-24,2010,1,24,5
2010-01-25,2010,1,25,5
2010-01-26,2010,1,26,5
2010-01-27,2010,1,27,5
2010-01-28,2010,1,28,5
2010-01-29,2010,1,29,5
2010-01-30,2010,1,30,5
2010-01-31,2010,1,31,5
2010-02-01,2010,2,1,5
2010-02-02,2010,2,2,5
2010-02-03,2010,2,3,5
2010-02-04,2010,2,4,5
2010-02-05,2010,2,5,5
2010-02-06,2010,2,6,5
2010-02-07,2010,2,7,5
2010-02-08,2010,2,8,5
2010-02-09,2010,2,9,5
2010-02-10,2010,2,10,5
2010-02-11,2010,2,11,5
2010-02-12,2010,2,12,5
2010-02-13,2010,2,13,5
2010-02-14,2010,2,14,5
2010-02-15,2010,2,15,5
2010-02-16,2010,2,16,5
2010-02-17,2010,2,17,5
2010-02-18,2010,2,18,5
2010-02-19,2010,2,19,5
2010-02-20,2010,2,20,5
2010-02-21,2010,2,21,5
2010-02-22,2010,2,22,5
2010-02-23,2010,2,23,5
2010-02-24,2010,2,24,5
2010-02-25,2010,2,25,5
2010-02-26,2010,2,26,5
2010-02-27,2010,2,27,5
2010-02-28,2010,2,28,5
2010-03-01,2010,3,1,5
2010-03-02,2010,3,2,5
2010-03-03,2010,3,3,5
2010-03-04,2010,3,4,5
2010-03-05,2010,3,5,5
2010-03-06,2010,3,6,5
2010-03-07,2010,3,7,5
2010-03-08,2010,3,8,5
2010-03-09,2010,3,9,5
2010-03-10,2010,3,10,5
2010-03-11,2010,3,11,5
2010-03-12,2010,3,12,5
2010-03-13,2010,3,13,5
2010-03-14,2010,3,14,5
2010-03-15,2010,3,15,5
2010-03-16,2010,3,16,5
2010-03-17,2010,3,17,5
2010-03-18,2010,3,18,5
2010-03-19,2010,3,19,5
2010-03-20,2010,3,20,5
2010-03-21,2010,3,21,5
2010-03-22,2010,3,22,5
2010-03-23,2010,3,23,5
2010-03-24,2010,3,24,5
2010-03-25,2010,3,25,5
2010-03-26,2010,3,26,5
2010-03-27,2010,3,27,5
2010-03-28,2010,3,28,5
2010-03-29,2010,3,29,5
2010-03-30,2010,3,30,5
2010-03-31,2010,3,31,5
2010-04-01,2010,4,1,5
2010-04-02,2010,4,2,5
2010-04-03,2010,4,3,5
2010-04-04,2010,4,4,5
2010-04-05,2010,4,5,5
2010-04-06,2010,4,6,5
2010-04-07,2010,4,7,5
2010-04-08,2010,4,8,5
2010-04-09,2010,4,9,5
2010-04-10,2010,4,10,5
2010-04-11,2010,4,11,5
2010-04-12,2010,4,12,5
2010-04-13,2010,4,13,5
2010-04-14,2010,4,14,5
2010-04-15,2010,4,15,5
2010-04-16,2010,4,16,5
2010-04-17,2010,4,17,5
2010-04-18,2010,4,18,5
2010-04-19,2010,4,19,5
2010-04-20,2010,4,20,5
2010-04-21,2010,4,21,5
2010-04-22,2010,4,22,5
2010-04-23,2010,4,23,5
2010-04-24,2010,4,24,5
2010-04-25,2010,4,25,5
2010-04-26,2010,4,26,5
2010-04-27,2010,4,27,5
2010-04-28,2010,4,28,5
2010-04-29,2010,4,29,5
2010-04-30,2010,4,30,5
2010-05-01,2010,5,1,5
2010-05-02,2010,5,2,5
2010-05-03,2010,5,3,5
2010-05-04,2010,5,4,5
2010-05-05,2010,5,5,5
2010-05-06,2010,5,6,5
2010-05-07,2010,5,7,5
2010-05-08,2010,5,8,5
2010-05-09,2010,5,9,5
2010-05-10,2010,5,10,5
2010-05-11,2010,5,11,5
2010-05-12,2010,5,12,5
2010-05-13,2010,5,13,5
2010-05-14,2010,5,14,5
2010-05-15,2010,5,15,5
2010-05-16,2010,5,16,5
2010-05-17,2010,5,17,5
2010-05-18,2010,5,18,5
2010-05-19,2010,5,19,5
2010-05-20,2010,5,20,5
2010-05-21,2010,5,21,5
2010-05-22,2010,5,22,5
2010-05-23,2010,5,23,5
2010-05-24,2010,5,24,5
2010-05-25,2010,5,25,5
2010-05-26,2010,5,26,5
2010-05-27,2010,5,27,5
2010-05-28,2010,5,28,5
2010-05-29,2010,5,29,5
2010-05-30,2010,5,30,5
2010-05-31,2010,5,31,5
2010-06-01,2010,6,1,5
2010-06-02,2010,6,2,5
2010-06-03,2010,6,3,5
2010-06-04,2010,6,4,5
2010-06-05,2010,6,5,5
2010-06-06,2010,6,6,5
2010-06-07,2010,6,7,5
2010-06-08,2010,6,8,5
2010-06-09,2010,6,9,5
2010-06-10,2010,6,10,5
2010-06-11,2010,6,11,5
2010-06-12,2010,6,12,5
2010-06-13,2010,6,13,5
2010-06-14,2010,6,14,5
2010-06-15,2010,6,15,5
2010-06-16,2010,6,16,5
2010-06-17,2010,6,17,5
2010-06-18,2010,6,18,5
2010-06-19,2010,6,19,5
2010-06-20,2010,6,20,5
2010-06-21,2010,6,21,5
2010-06-22,2010,6,22,5
2010-06-23,2010,6,23,5
2010-06-24,2010,6,24,5
2010-06-25,2010,6,25,5
2010-06-26,2010,6,26,5
2010-06-27,2010,6,27,5
2010-06-28,2010,6,28,5
2010-06-29,2010,6,29,5
2010-06-30,2010,6,30,5
2010-07-01,2010,7,1,5
2010-07-02,2010,7,2,5
2010-07-03,2010,7,3,5
2010-07-04,2010,7,4,5
2010-07-05,2010,7,5,5
2010-07-06,2010,7,6,5
2010-07-07,2010,7,7,5
2010-07-08,2010,7,8,5
2010-07-09,2010,7,9,5
2010-07-10,2010,7,10,5
2010-07-11,2010,7,11,5
2010-07-12,2010,7,12,0
2010-07-13,2010,7,13,1
2010-07-14,2010,7,14,1
2010-07-15,2010,7,15,1
2010-07-16,2010,7,16,1
2010-07-17,2010,7,17,1
2010-07-18,2010,7,18,1
2010-07-19,2010,7,19,1
2010-07-20,2010,7,20,1
2010-07-21,2010,7,21,1
2010-07-22,2010,7,22,1
2010-07-23,2010,7,23,1
2010-07-24,2010,7,24,1
2010-07-25,2010,7,25,1
2010-07-26,2010,7,26,1
2010-07-27,2010,7,27,1
2010-07-28,2010,7,28,1
2010-07-29,2010,7,29,1
2010-07-30,2010,7,30,1
2010-07-31,2010,7,31,1
2010-08-01,2010,8,1,1
2010-08-02,2010,8,2,1
2010-08-03,2010,8,3,1
2010-08-04,2010,8,4,1
2010-08-05,2010,8,5,1
2010-08-06,2010,8,6,1
2010-08-07,2010,8,7,1
2010-08-08,2010,8,8,1
2010-08-09,2010,8,9,1
2010-08-10,2010,8,10,1
2010-08-11,2010,8,11,1
2010-08-12,2010,8,12,1
2010-08-13,2010,8,13,1
2010-08-14,2010,8,14,1
2010-08-15,2010,8,15,1
2010-08-16,2010,8,16,1
2010-08-17,2010,8,17,1
2010-08-18,2010,8,18,1
2010-08-19,2010,8,19,1
2010-08-20,2010,8,20,1
2010-08-21,2010,8,21,1
2010-08-22,2010,8,22,1
2010-08-23,2010,8,23,1
2010-08-24,2010,8,24,1
2010-08-25,2010,8,25,1
2010-08-26,2010,8,26,1
2010-08-27,2010,8,27,1
2010-08-28,2010,8,28,1
2010-08-29,2010,8,29,1
2010-08-30,2010,8,30,1
2010-08-31,2010,8,31,1
2010-09-01,2010,9,1,1
2010-09-02,2010,9,2,1
2010-09-03,2010,9,3,1
2010-09-04,2010,9,4,1
2010-09-05,2010,9,5,1
2010-09-06,2010,9,6,1
2010-09-07,2010,9,7,1
2010-09-08,2010,9,8,1
2010-09-09,2010,9,9,1
2010-09-10,2010,9,10,1
2010-09-11,2010,9,11,1
2010-09-12,2010,9,12,1
2010-09-13,2010,9,13,1
2010-09-14,2010,9,14,1
2010-09-15,2010,9,15,1
2010-09-16,2010,9,16,1
2010-09-17,2010,9,17,1
2010-09-18,2010,9,18,1
2010-09-19,2010,9,19,1
2010-09-20,2010,9,20,1
2010-09-21,2010,9,21,1
2010-09-22,2010,9,22,1
2010-09-23,2010,9,23,1
2010-09-24,2010,9,24,1
2010-09-25,2010,9,25,1
2010-09-26,2010,9,26,1
2010-09-27,2010,9,27,1
2010-09-28,2010,9,28,1
2010-09-29,2010,9,29,1
2010-09-30,2010,9,30,1
2010-10-01,2010,10,1,1
2010-10-02,2010,10,2,1
2010-10-03,2010,10,3,1
2010-10-04,2010,10,4,1
2010-10-05,2010,10,5,1
2010-10-06,2010,10,6,1
2010-10-07,2010,10,7,1
2010-10-08,2010,10,8,1
2010-10-09,2010,10,9,1
2010-10-10,2010,10,10,1
2010-10-11,2010,10,11,1
2010-10-12,2010,10,12,1
2010-10-13,2010,10,13,1
2010-10-14,2010,10,14,1
2010-10-15,2010,10,15,1
2010-10-16,2010,10,16,1
2010-10-17,2010,10,17,1
2010-10-18,2010,10,18,1
2010-10-19,2010,10,19,1
2010-10-20,2010,10,20,1
2010-10-21,2010,10,21,1
2010-10-22,2010,10,22,1
2010-10-23,2010,10,23,1
2010-10-24,2010,10,24,1
2010-10-25,2010,10,25,1
2010-10-26,2010,10,26,1
2010-10-27,2010,10,27,1
2010-10-28,2010,10,28,1
2010-10-29,2010,10,29,1
2010-10-30,2010,10,30,1
2010-10-31,2010,10,31,1
2010-11-01,2010,11,1,1
2010-11-02,2010,11,2,1
2010-11-03,2010,11,3,1
2010-11-04,2010,11,4,1
2010-11-05,2010,11,5,1
2010-11-06,2010,11,6,1
2010-11-07,2010,11,7,1
2010-11-08,2010,11,8,1
2010-11-09,2010,11,9,1
2010-11-10,2010,11,10,1
2010-11-11,2010,11,11,1
2010-11-12,2010,11,12,1
2010-11-13,2010,11,13,1
2010-11-14,2010,11,14,1
2010-11-15,2010,11,15,1
2010-11-16,2010,11,16,1
2010-11-17,2010,11,17,1
2010-11-18,2010,11,18,1
2010-11-19,2010,11,19,1
2010-11-20,2010,11,20,1
2010-11-21,2010,11,21,1
2010-11-22,2010,11,22,1
2010-11-23,2010,11,23,1
2010-11-24,2010,11,24,1
2010-11-25,2010,11,25,1
2010-11-26,2010,11,26,1
2010-11-27,2010,11,27,1
2010-11-28,2010,11,28,1
2010-11-29,2010,11,29,1
2010-11-30,2010,11,30,1
2010-12-01,2010,12,1,1
2010-12-02,2010,12,2,1
2010-12-03,2010,12,3,1
2010-12-04,2010,12,4,1
2010-12-05,2010,12,5,1
2010-12-06,2010,12,6,1
2010-12-07,2010,12,7,1
2010-12-08,2010,12,8,1
2010-12-09,2010,12,9,1
2010-12-10,2010,12,10,1
2010-12-11,2010,12,11,1
2010-12-12,2010,12,12,1
2010-12-13,2010,12,13,1
2010-12-14,2010,12,14,1
2010-12-15,2010,12,15,1
2010-12-16,2010,12,16,1
2010-12-17,2010,12,17,1
2010-12-18,2010,12,18,1
2010-12-19,2010,12,19,1
2010-12-20,2010,12,20,1
2010-12-21,2010,12,21,1
2010-12-22,2010,12,22,1
2010-12-23,2010,12,23,1
2010-12-24,2010,12,24,1
2010-12-25,2010,12,25,1
2010-12-26,2010,12,26,1
2010-12-27,2010,12,27,1
2010-12-28,2010,12,28,1
2010-12-29,2010,12,29,1
2010-12-30,2010,12,30,1
2010-12-31,2010,12,31,1
2011-01-01,2011,1,1,1
2011-01-02,2011,1,2,1
2011-01-03,2011,1,3,1
2011-01-04,2011,1,4,1
2011-01-05,2011,1,5,1
2011-01-06,2011,1,6,1
2011-01-07,2011,1,7,1
2011-01-08,2011,1,8,1
2011-01-09,2011,1,9,1
2011-01-10,2011,1,10,1
2011-01-11,2011,1,11,1
2011-01-12,2011,1,12,1
2011-01-13,2011,1,13,1
2011-01-14,2011,1,14,1
2011-01-15,2011,1,15,1
2011-01-16,2011,1,16,1
2011-01-17,2011,1,17,1
2011-01-18,2011,1,18,1
2011-01-19,2011,1,19,1
2011-01-20,2011,1,20,1
2011-01-21,2011,1,21,1
2011-01-22,2011,1,22,1
2011-01-23,2011,1,23,1
2011-01-24,2011,1,24,1
2011-01-25,2011,1,25,1
2011-01-26,2011,1,26,1
2011-01-27,2011,1,27,1
2011-01-28,2011,1,28,1
2011-01-29,2011,1,29,1
2011-01-30,2011,1,30,1
2011-01-31,2011,1,31,1
2011-02-01,2011,2,1,1
2011-02-02,2011,2,2,1
2011-02-03,2011,2,3,1
2011-02-04,2011,2,4,1
2011-02-05,2011,2,5,1
2011-02-06,2011,2,6,1
2011-02-07,2011,2,7,1
2011-02-08,2011,2,8,1
2011-02-09,2011,2,9,1
2011-02-10,2011,2,10,1
2011-02-11,2011,2,11,1
2011-02-12,2011,2,12,1
2011-02-13,2011,2,13,1
2011-02-14,2011,2,14,1
2011-02-15,2011,2,15,1
2011-02-16,2011,2,16,1
2011-02-17,2011,2,17,1
2011-02-18,2011,2,18,1
2011-02-19,2011,2,19,1
2011-02-20,2011,2,20,1
2011-02-21,2011,2,21,1
2011-02-22,2011,2,22,1
2011-02-23,2011,2,23,1
2011-02-24,2011,2,24,1
2011-02-25,2011,2,25,1
2011-02-26,2011,2,26,1
2011-02-27,2011,2,27,1
2011-02-28,2011,2,28,1
2011-03-01,2011,3,1,1
2011-03-02,2011,3,2,1
2011-03-03,2011,3,3,1
2011-03-04,2011,3,4,1
2011-03-05,2011,3,5,1
2011-03-06,2011,3,6,1
2011-03-07,2011,3,7,1
2011-03-08,2011,3,8,1
2011-03-09,2011,3,9,1
2011-03-10,2011,3,10,1
2011-03-11,2011,3,11,1
2011-03-12,2011,3,12,1
2011-03-13,2011,3,13,1
2011-03-14,2011,3,14,1
2011-03-15,2011,3,15,1
2011-03-16,2011,3,16,1
2011-03-17,2011,3,17,1
2011-03-18,2011,3,18,1
2011-03-19,2011,3,19,1
2011-03-20,2011,3,20,1
2011-03-21,2011,3,21,1
2011-03-22,2011,3,22,1
2011-03-23,2011,3,23,1
2011-03-24,2011,3,24,1
2011-03-25,2011,3,25,1
2011-03-26,2011,3,26,1
2011-03-27,2011,3,27,1
2011-03-28,2011,3,28,1
2011-03-29,2011,3,29,1
2011-03-30,2011,3,30,1
2011-03-31,2011,3,31,1
2011-04-01,2011,4,1,1
2011-04-02,2011,4,2,1
2011-04-03,2011,4,3,1
2011-04-04,2011,4,4,1
2011-04-05,2011,4,5,1
2011-04-06,2011,4,6,1
2011-04-07,2011,4,7,1
2011-04-08,2011,4,8,1
2011-04-09,2011,4,9,1
2011-04-10,2011,4,10,1
2011-04-11,2011,4,11,1
2011-04-12,2011,4,12,1
2011-04-13,2011,4,13,1
2011-04-14,2011,4,14,1
2011-04-15,2011,4,15,1
2011-04-16,2011,4,16,1
2011-04-17,2011,4,17,1
2011-04-18,2011,4,18,1
2011-04-19,2011,4,19,1
2011-04-20,2011,4,20,1
2011-04-21,2011,4,21,1
2011-04-22,2011,4,22,1
2011-04-23,2011,4,23,1
2011-04-24,2011,4,24,1
2011-04-25,2011,4,25,1
2011-04-26,2011,4,26,1
2011-04-27,2011,4,27,1
2011-04-28,2011,4,28,1
2011-04-29,2011,4,29,1
2011-04-30,2011,4,30,1
2011-05-01,2011,5,1,1
2011-05-02,2011,5,2,1
2011-05-03,2011,5,3,1
2011-05-04,2011,5,4,1
2011-05-05,2011,5,5,1
2011-05-06,2011,5,6,1
2011-05-07,2011,5,7,1
2011-05-08,2011,5,8,1
2011-05-09,2011,5,9,1
2011-05-10,2011,5,10,1
2011-05-11,2011,5,11,1
2011-05-12,2011,5,12,1
2011-05-13,2011,5,13,1
2011-05-14,2011,5,14,1
2011-05-15,2011,5,15,1
2011-05-16,2011,5,16,1
2011-05-17,2011,5,17,1
2011-05-18,2011,5,18,1
2011-05-19,2011,5,19,1
2011-05-20,2011,5,20,1
2011-05-21,2011,5,21,1
2011-05-22,2011,5,22,1
2011-05-23,2011,5,23,1
2011-05-24,2011,5,24,0
2011-05-25,2011,5,25,0
2011-05-26,2011,5,26,5
2011-05-27,2011,5,27,5
2011-05-28,2011,5,28,5
2011-05-29,2011,5,29,5
2011-05-30,2011,5,30,5
2011-05-31,2011,5,31,5
2011-06-01,2011,6,1,5
2011-06-02,2011,6,2,5
2011-06-03,2011,6,3,5
2011-06-04,2011,6,4,5
2011-06-05,2011,6,5,5
2011-06-06,2011,6,6,5
2011-06-07,2011,6,7,5
2011-06-08,2011,6,8,5
2011-06-09,2011,6,9,5
2011-06-10,2011,6,10,5
2011-06-11,2011,6,11,5
2011-06-12,2011,6,12,5
2011-06-13,2011,6,13,5
2011-06-14,2011,6,14,5
2011-06-15,2011,6,15,5
2011-06-16,2011,6,16,5
2011-06-17,2011,6,17,5
2011-06-18,2011,6,18,5
2011-06-19,2011,6,19,5
2011-06-20,2011,6,20,5
2011-06-21,2011,6,21,5
2011-06-22,2011,6,22,5
2011-06-23,2011,6,23,5
2011-06-24,2011,6,24,5
2011-06-25,2011,6,25,5
2011-06-26,2011,6,26,5
2011-06-27,2011,6,27,5
2011-06-28,2011,6,28,5
2011-06-29,2011,6,29,5
2011-06-30,2011,6,30,5
2011-07-01,2011,7,1,5
2011-07-02,2011,7,2,5
2011-07-03,2011,7,3,5
2011-07-04,2011,7,4,5
2011-07-05,2011,7,5,5
2011-07-06,2011,7,6,5
2011-07-07,2011,7,7,5
2011-07-08,2011,7,8,5
2011-07-09,2011,7,9,5
2011-07-10,2011,7,10,5
2011-07-11,2011,7,11,5
2011-07-12,2011,7,12,5
2011-07-13,2011,7,13,5
2011-07-14,2011,7,14,5
2011-07-15,2011,7,15,5
2011-07-16,2011,7,16,5
2011-07-17,2011,7,17,5
2011-07-18,2011,7,18,5
2011-07-19,2011,7,19,5
2011-07-20,2011,7,20,5
2011-07-21,2011,7,21,5
2011-07-22,2011,7,22,5
2011-07-23,2011,7,23,5
2011-07-24,2011,7,24,5
2011-07-25,2011,7,25,5
2011-07-26,2011,7,26,5
2011-07-27,2011,7,27,5
2011-07-28,2011,7,28,5
2011-07-29,2011,7,29,5
2011-07-30,2011,7,30,5
2011-07-31,2011,7,31,5
2011-08-01,2011,8,1,5
2011-08-02,2011,8,2,5
2011-08-03,2011,8,3,5
2011-08-04,2011,8,4,5
2011-08-05,2011,8,5,5
2011-08-06,2011,8,6,5
2011-08-07,2011,8,7,5
2011-08-08,2011,8,8,5
2011-08-09,2011,8,9,5
2011-08-10,2011,8,10,5
2011-08-11,2011,8,11,5
2011-08-12,2011,8,12,5
2011-08-13,2011,8,13,5
2011-08-14,2011,8,14,5
2011-08-15,2011,8,15,5
2011-08-16,2011,8,16,5
2011-08-17,2011,8,17,5
2011-08-18,2011,8,18,5
2011-08-19,2011,8,19,5
2011-08-20,2011,8,20,5
2011-08-21,2011,8,21,5
2011-08-22,2011,8,22,5
2011-08-23,2011,8,23,5
2011-08-24,2011,8,24,5
2011-08-25,2011,8,25,5
2011-08-26,2011,8,26,5
2011-08-27,2011,8,27,5
2011-08-28,2011,8,28,5
2011-08-29,2011,8,29,5
2011-08-30,2011,8,30,5
2011-08-31,2011,8,31,5
2011-09-01,2011,9,1,5
2011-09-02,2011,9,2,5
2011-09-03,2011,9,3,5
2011-09-04,2011,9,4,5
2011-09-05,2011,9,5,5
2011-09-06,2011,9,6,5
2011-09-07,2011,9,7,5
2011-09-08,2011,9,8,5
2011-09-09,2011,9,9,5
2011-09-10,2011,9,10,5
2011-09-11,2011,9,11,5
2011-09-12,2011,9,12,5
2011-09-13,2011,9,13,5
2011-09-14,2011,9,14,5
2011-09-15,2011,9,15,5
2011-09-16,2011,9,16,5
2011-09-17,2011,9,17,5
2011-09-18,2011,9,18,5
2011-09-19,2011,9,19,5
2011-09-20,2011,9,20,5
2011-09-21,2011,9,21,5
2011-09-22,2011,9,22,5
2011-09-23,2011,9,23,5
2011-09-24,2011,9,24,5
2011-09-25,2011,9,25,5
2011-09-26,2011,9,26,5
2011-09-27,2011,9,27,5
2011-09-28,2011,9,28,5
2011-09-29,2011,9,29,5
2011-09-30,2011,9,30,5
2011-10-01,2011,10,1,5
2011-10-02,2011,10,2,5
2011-10-03,2011,10,3,5
2011-10-04,2011,10,4,5
2011-10-05,2011,10,5,5
2011-10-06,2011,10,6,5
2011-10-07,2011,10,7,5
2011-10-08,2011,10,8,5
2011-10-09,2011,10,9,5
2011-10-10,2011,10,10,5
2011-10-11,2011,10,11,5
2011-10-12,2011,10,12,5
2011-10-13,2011,10,13,5
2011-10-14,2011,10,14,5
2011-10-15,2011,10,15,5
2011-10-16,2011,10,16,5
2011-10-17,2011,10,17,5
2011-10-18,2011,10,18,5
2011-10-19,2011,10,19,5
2011-10-20,2011,10,20,5
2011-10-21,2011,10,21,5
2011-10-22,2011,10,22,5
2011-10-23,2011,10,23,5
2011-10-24,2011,10,24,5
2011-10-25,2011,10,25,5
2011-10-26,2011,10,26,5
2011-10-27,2011,10,27,5
2011-10-28,2011,10,28,5
2011-10-29,2011,10,29,5
2011-10-30,2011,10,30,5
2011-10-31,2011,10,31,5
2011-11-01,2011,11,1,5
2011-11-02,2011,11,2,5
2011-11-03,2011,11,3,5
2011-11-04,2011,11,4,5
2011-11-05,2011,11,5,5
2011-11-06,2011,11,6,5
2011-11-07,2011,11,7,5
2011-11-08,2011,11,8,5
2011-11-09,2011,11,9,5
2011-11-10,2011,11,10,5
2011-11-11,2011,11,11,5
2011-11-12,2011,11,12,5
2011-11-13,2011,11,13,5
2011-11-14,2011,11,14,5
2011-11-15,2011,11,15,5
2011-11-16,2011,11,16,5
2011-11-17,2011,11,17,5
2011-11-18,2011,11,18,5
2011-11-19,2011,11,19,5
2011-11-20,2011,11,20,5
2011-11-21,2011,11,21,5
2011-11-22,2011,11,22,5
2011-11-23,2011,11,23,5
2011-11-24,2011,11,24,5
2011-11-25,2011,11,25,5
2011-11-26,2011,11,26,5
2011-11-27,2011,11,27,5
2011-11-28,2011,11,28,5
2011-11-29,2011,11,29,5
2011-11-30,2011,11,30,5
2011-12-01,2011,12,1,5
2011-12-02,2011,12,2,5
2011-12-03,2011,12,3,5
2011-12-04,2011,12,4,5
2011-12-05,2011,12,5,5
2011-12-06,2011,12,6,5
2011-12-07,2011,12,7,5
2011-12-08,2011,12,8,5
2011-12-09,2011,12,9,5
2011-12-10,2011,12,10,5
2011-12-11,2011,12,11,5
2011-12-12,2011,12,12,5
2011-12-13,2011,12,13,5
2011-12-14,2011,12,14,5
2011-12-15,2011,12,15,5
2011-12-16,2011,12,16,5
2011-12-17,2011,12,17,5
2011-12-18,2011,12,18,5
2011-12-19,2011,12,19,5
2011-12-20,2011,12,20,5
2011-12-21,2011,12,21,5
2011-12-22,2011,12,22,5
2011-12-23,2011,12,23,5
2011-12-24,2011,12,24,5
2011-12-25,2011,12,25,5
2011-12-26,2011,12,26,5
2011-12-27,2011,12,27,5
2011-12-28,2011,12,28,5
2011-12-29,2011,12,29,5
2011-12-30,2011,12,30,5
2011-12-31,2011,12,31,5
2012-01-01,2012,1,1,5
2012-01-02,2012,1,2,5
2012-01-03,2012,1,3,5
2012-01-04,2012,1,4,5
2012-01-05,2012,1,5,5
2012-01-06,2012,1,6,5
2012-01-07,2012,1,7,5
2012-01-08,2012,1,8,5
2012-01-09,2012,1,9,5
2012-01-10,2012,1,10,5
2012-01-11,2012,1,11,5
2012-01-12,2012,1,12,5
2012-01-13,2012,1,13,5
2012-01-14,2012,1,14,5
2012-01-15,2012,1,15,5
2012-01-16,2012,1,16,5
2012-01-17,2012,1,17,5
2012-01-18,2012,1,18,5
2012-01-19,2012,1,19,5
2012-01-20,2012,1,20,5
2012-01-21,2012,1,21,5
2012-01-22,2012,1,22,5
2012-01-23,2012,1,23,5
2012-01-24,2012,1,24,5
2012-01-25,2012,1,25,5
2012-01-26,2012,1,26,5
2012-01-27,2012,1,27,5
2012-01-28,2012,1,28,5
2012-01-29,2012,1,29,5
2012-01-30,2012,1,30,5
2012-01-31,2012,1,31,5
2012-02-01,2012,2,1,5
2012-02-02,2012,2,2,5
2012-02-03,2012,2,3,5
2012-02-04,2012,2,4,5
2012-02-05,2012,2,5,5
2012-02-06,2012,2,6,5
2012-02-07,2012,2,7,5
2012-02-08,2012,2,8,5
2012-02-09,2012,2,9,5
2012-02-10,2012,2,10,5
2012-02-11,2012,2,11,5
2012-02-12,2012,2,12,5
2012-02-13,2012,2,13,5
2012-02-14,2012,2,14,5
2012-02-15,2012,2,15,5
2012-02-16,2012,2,16,5
2012-02-17,2012,2,17,5
2012-02-18,2012,2,18,5
2012-02-19,2012,2,19,5
2012-02-20,2012,2,20,5
2012-02-21,2012,2,21,5
2012-02-22,2012,2,22,5
2012-02-23,2012,2,23,5
2012-02-24,2012,2,24,5
2012-02-25,2012,2,25,5
2012-02-26,2012,2,26,5
2012-02-27,2012,2,27,5
2012-02-28,2012,2,28,5
2012-02-29,2012,2,29,5
2012-03-01,2012,3,1,5
2012-03-02,2012,3,2,5
2012-03-03,2012,3,3,5
2012-03-04,2012,3,4,5
2012-03-05,2012,3,5,5
2012-03-06,2012,3,6,5
2012-03-07,2012,3,7,5
2012-03-08,2012,3,8,5
2012-03-09,2012,3,9,5
2012-03-10,2012,3,10,5
2012-03-11,2012,3,11,5
2012-03-12,2012,3,12,5
2012-03-13,2012,3,13,5
2012-03-14,2012,3,14,5
2012-03-15,2012,3,15,5
2012-03-16,2012,3,16,5
2012-03-17,2012,3,17,5
2012-03-18,2012,3,18,5
2012-03-19,2012,3,19,5
2012-03-20,2012,3,20,5
2012-03-21,2012,3,21,5
2012-03-22,2012,3,22,5
2012-03-23,2012,3,23,5
2012-03-24,2012,3,24,5
2012-03-25,2012,3,25,5
2012-03-26,2012,3,26,5
2012-03-27,2012,3,27,5
2012-03-28,2012,3,28,5
2012-03-29,2012,3,29,5
2012-03-30,2012,3,30,5
2012-03-31,2012,3,31,5
2012-04-01,2012,4,1,5
2012-04-02,2012,4,2,5
2012-04-03,2012,4,3,5
2012-04-04,2012,4,4,5
2012-04-05,2012,4,5,5
2012-04-06,2012,4,6,5
2012-04-07,2012,4,7,5
2012-04-08,2012,4,8,5
2012-04-09,2012,4,9,5
2012-04-10,2012,4,10,5
2012-04-11,2012,4,11,5
2012-04-12,2012,4,12,5
2012-04-13,2012,4,13,5
2012-04-14,2012,4,14,5
2012-04-15,2012,4,15,5
2012-04-16,2012,4,16,5
2012-04-17,2012,4,17,5
2012-04-18,2012,4,18,5
2012-04-19,2012,4,19,5
2012-04-20,2012,4,20,5
2012-04-21,2012,4,21,5
2012-04-22,2012,4,22,5
2012-04-23,2012,4,23,5
2012-04-24,2012,4,24,5
2012-04-25,2012,4,25,5
2012-04-26,2012,4,26,5
2012-04-27,2012,4,27,5
2012-04-28,2012,4,28,5
2012-04-29,2012,4,29,5
2012-04-30,2012,4,30,5
2012-05-01,2012,5,1,5
2012-05-02,2012,5,2,5
2012-05-03,2012,5,3,5
2012-05-04,2012,5,4,5
2012-05-05,2012,5,5,5
2012-05-06,2012,5,6,5
2012-05-07,2012,5,7,5
2012-05-08,2012,5,8,5
2012-05-09,2012,5,9,5
2012-05-10,2012,5,10,5
2012-05-11,2012,5,11,5
2012-05-12,2012,5,12,5
2012-05-13,2012,5,13,5
2012-05-14,2012,5,14,5
2012-05-15,2012,5,15,5
2012-05-16,2012,5,16,5
2012-05-17,2012,5,17,5
2012-05-18,2012,5,18,5
2012-05-19,2012,5,19,5
2012-05-20,2012,5,20,5
2012-05-21,2012,5,21,5
2012-05-22,2012,5,22,5
2012-05-23,2012,5,23,5
2012-05-24,2012,5,24,5
2012-05-25,2012,5,25,5
2012-05-26,2012,5,26,5
2012-05-27,2012,5,27,5
2012-05-28,2012,5,28,5
2012-05-29,2012,5,29,5
2012-05-30,2012,5,30,5
2012-05-31,2012,5,31,5
2012-06-01,2012,6,1,5
2012-06-02,2012,6,2,5
2012-06-03,2012,6,3,5
2012-06-04,2012,6,4,5
2012-06-05,2012,6,5,5
2012-06-06,2012,6,6,5
2012-06-07,2012,6,7,5
2012-06-08,2012,6,8,5
2012-06-09,2012,6,9,5
2012-06-10,2012,6,10,5
2012-06-11,2012,6,11,5
2012-06-12,2012,6,12,5
2012-06-13,2012,6,13,5
2012-06-14,2012,6,14,5
2012-06-15,2012,6,15,5
2012-06-16,2012,6,16,5
2012-06-17,2012,6,17,5
2012-06-18,2012,6,18,5
2012-06-19,2012,6,19,5
2012-06-20,2012,6,20,5
2012-06-21,2012,6,21,5
2012-06-22,2012,6,22,5
2012-06-23,2012,6,23,5
2012-06-24,2012,6,24,5
2012-06-25,2012,6,25,5
2012-06-26,2012,6,26,5
2012-06-27,2012,6,27,5
2012-06-28,2012,6,28,5
2012-06-29,2012,6,29,5
2012-06-30,2012,6,30,5
2012-07-01,2012,7,1,5
2012-07-02,2012,7,2,5
2012-07-03,2012,7,3,5
2012-07-04,2012,7,4,5
2012-07-05,2012,7,5,5
2012-07-06,2012,7,6,5
2012-07-07,2012,7,7,5
2012-07-08,2012,7,8,5
2012-07-09,2012,7,9,5
2012-07-10,2012,7,10,5
2012-07-11,2012,7,11,5
2012-07-12,2012,7,12,5
2012-07-13,2012,7,13,5
2012-07-14,2012,7,14,5
2012-07-15,2012,7,15,5
2012-07-16,2012,7,16,5
2012-07-17,2012,7,17,5
2012-07-18,2012,7,18,5
2012-07-19,2012,7,19,5
2012-07-20,2012,7,20,5
2012-07-21,2012,7,21,5
2012-07-22,2012,7,22,5
2012-07-23,2012,7,23,5
2012-07-24,2012,7,24,5
2012-07-25,2012,7,25,5
2012-07-26,2012,7,26,5
2012-07-27,2012,7,27,5
2012-07-28,2012,7,28,5
2012-07-29,2012,7,29,5
2012-07-30,2012,7,30,5
2012-07-31,2012,7,31,5
2012-08-01,2012,8,1,5
2012-08-02,2012,8,2,5
2012-08-03,2012,8,3,5
2012-08-04,2012,8,4,5
2012-08-05,2012,8,5,5
2012-08-06,2012,8,6,5
2012-08-07,2012,8,7,5
2012-08-08,2012,8,8,5
2012-08-09,2012,8,9,5
2012-08-10,2012,8,10,5
2012-08-11,2012,8,11,5
2012-08-12,2012,8,12,5
2012-08-13,2012,8,13,5
2012-08-14,2012,8,14,5
2012-08-15,2012,8,15,5
2012-08-16,2012,8,16,5
2012-08-17,2012,8,17,5
2012-08-18,2012,8,18,5
2012-08-19,2012,8,19,5
2012-08-20,2012,8,20,5
2012-08-21,2012,8,21,5
2012-08-22,2012,8,22,5
2012-08-23,2012,8,23,5
2012-08-24,2012,8,24,5
2012-08-25,2012,8,25,5
2012-08-26,2012,8,26,5
2012-08-27,2012,8,27,5
2012-08-28,2012,8,28,5
2012-08-29,2012,8,29,5
2012-08-30,2012,8,30,5
2012-08-31,2012,8,31,5
2012-09-01,2012,9,1,5
2012-09-02,2012,9,2,5
2012-09-03,2012,9,3,5
2012-09-04,2012,9,4,5
2012-09-05,2012,9,5,5
2012-09-06,2012,9,6,5
2012-09-07,2012,9,7,5
2012-09-08,2012,9,8,5
2012-09-09,2012,9,9,5
2012-09-10,2012,9,10,5
2012-09-11,2012,9,11,5
2012-09-12,2012,9,12,5
2012-09-13,2012,9,13,5
2012-09-14,2012,9,14,5
2012-09-15,2012,9,15,5
2012-09-16,2012,9,16,5
2012-09-17,2012,9,17,5
2012-09-18,2012,9,18,5
2012-09-19,2012,9,19,5
2012-09-20,2012,9,20,5
2012-09-21,2012,9,21,5
2012-09-22,2012,9,22,5
2012-09-23,2012,9,23,5
2012-09-24,2012,9,24,5
2012-09-25,2012,9,25,5
2012-09-26,2012,9,26,5
2012-09-27,2012,9,27,5
2012-09-28,2012,9,28,5
2012-09-29,2012,9,29,5
2012-09-30,2012,9,30,5
2012-10-01,2012,10,1,5
2012-10-02,2012,10,2,5
2012-10-03,2012,10,3,5
2012-10-04,2012,10,4,5
2012-10-05,2012,10,5,5
2012-10-06,2012,10,6,5
2012-10-07,2012,10,7,5
2012-10-08,2012,10,8,5
2012-10-09,2012,10,9,5
2012-10-10,2012,10,10,5
2012-10-11,2012,10,11,5
2012-10-12,2012,10,12,5
2012-10-13,2012,10,13,5
2012-10-14,2012,10,14,5
2012-10-15,2012,10,15,5
2012-10-16,2012,10,16,5
2012-10-17,2012,10,17,5
2012-10-18,2012,10,18,5
2012-10-19,2012,10,19,5
2012-10-20,2012,10,20,5
2012-10-21,2012,10,21,5
2012-10-22,2012,10,22,5
2012-10-23,2012,10,23,5
2012-10-24,2012,10,24,5
2012-10-25,2012,10,25,5
2012-10-26,2012,10,26,5
2012-10-27,2012,10,27,5
2012-10-28,2012,10,28,5
2012-10-29,2012,10,29,5
2012-10-30,2012,10,30,5
2012-10-31,2012,10,31,5
2012-11-01,2012,11,1,5
2012-11-02,2012,11,2,5
2012-11-03,2012,11,3,5
2012-11-04,2012,11,4,5
2012-11-05,2012,11,5,5
2012-11-06,2012,11,6,5
2012-11-07,2012,11,7,5
2012-11-08,2012,11,8,5
2012-11-09,2012,11,9,5
2012-11-10,2012,11,10,5
2012-11-11,2012,11,11,5
2012-11-12,2012,11,12,5
2012-11-13,2012,11,13,5
2012-11-14,2012,11,14,5
2012-11-15,2012,11,15,5
2012-11-16,2012,11,16,5
2012-11-17,2012,11,17,5
2012-11-18,2012,11,18,5
2012-11-19,2012,11,19,5
2012-11-20,2012,11,20,5
2012-11-21,2012,11,21,5
2012-11-22,2012,11,22,5
2012-11-23,2012,11,23,5
2012-11-24,2012,11,24,5
2012-11-25,2012,11,25,5
2012-11-26,2012,11,26,5
2012-11-27,2012,11,27,5
2012-11-28,2012,11,28,5
2012-11-29,2012,11,29,5
2012-11-30,2012,11,30,5
2012-12-01,2012,12,1,5
2012-12-02,2012,12,2,5
2012-12-03,2012,12,3,5
2012-12-04,2012,12,4,5
2012-12-05,2012,12,5,5
2012-12-06,2012,12,6,5
2012-12-07,2012,12,7,5
2012-12-08,2012,12,8,5
2012-12-09,2012,12,9,5
2012-12-10,2012,12,10,5
2012-12-11,2012,12,11,5
2012-12-12,2012,12,12,5
2012-12-13,2012,12,13,5
2012-12-14,2012,12,14,5
2012-12-15,2012,12,15,5
2012-12-16,2012,12,16,5
2012-12-17,2012,12,17,5
2012-12-18,2012,12,18,5
2012-12-19,2012,12,19,5
2012-12-20,2012,12,20,5
2012-12-21,2012,12,21,5
2012-12-22,2012,12,22,5
2012-12-23,2012,12,23,5
2012-12-24,2012,12,24,5
2012-12-25,2012,12,25,5
2012-12-26,2012,12,26,5
2012-12-27,2012,12,27,5
2012-12-28,2012,12,28,5
2012-12-29,2012,12,29,5
2012-12-30,2012,12,30,5
2012-12-31,2012,12,31,5
2013-01-01,2013,1,1,5
2013-01-02,2013,1,2,5
2013-01-03,2013,1,3,5
2013-01-04,2013,1,4,5
2013-01-05,2013,1,5,5
2013-01-06,2013,1,6,5
2013-01-07,2013,1,7,5
2013-01-08,2013,1,8,5
2013-01-09,2013,1,9,5
2013-01-10,2013,1,10,5
2013-01-11,2013,1,11,5
2013-01-12,2013,1,12,5
2013-01-13,2013,1,13,5
2013-01-14,2013,1,14,5
2013-01-15,2013,1,15,5
2013-01-16,2013,1,16,5
2013-01-17,2013,1,17,5
2013-01-18,2013,1,18,5
2013-01-19,2013,1,19,5
2013-01-20,2013,1,20,5
2013-01-21,2013,1,21,5
2013-01-22,2013,1,22,5
2013-01-23,2013,1,23,5
2013-01-24,2013,1,24,5
2013-01-25,2013,1,25,5
2013-01-26,2013,1,26,5
2013-01-27,2013,1,27,5
2013-01-28,2013,1,28,5
2013-01-29,2013,1,29,5
2013-01-30,2013,1,30,5
2013-01-31,2013,1,31,5
2013-02-01,2013,2,1,5
2013-02-02,2013,2,2,5
2013-02-03,2013,2,3,5
2013-02-04,2013,2,4,5
2013-02-05,2013,2,5,5
2013-02-06,2013,2,6,5
2013-02-07,2013,2,7,5
2013-02-08,2013,2,8,5
2013-02-09,2013,2,9,5
2013-02-10,2013,2,10,5
2013-02-11,2013,2,11,5
2013-02-12,2013,2,12,5
2013-02-13,2013,2,13,5
2013-02-14,2013,2,14,5
2013-02-15,2013,2,15,5
2013-02-16,2013,2,16,5
2013-02-17,2013,2,17,5
2013-02-18,2013,2,18,5
2013-02-19,2013,2,19,5
2013-02-20,2013,2,20,5
2013-02-21,2013,2,21,5
2013-02-22,2013,2,22,5
2013-02-23,2013,2,23,5
2013-02-24,2013,2,24,5
2013-02-25,2013,2,25,5
2013-02-26,2013,2,26,5
2013-02-27,2013,2,27,5
2013-02-28,2013,2,28,5
2013-03-01,2013,3,1,5
2013-03-02,2013,3,2,5
2013-03-03,2013,3,3,5
2013-03-04,2013,3,4,5
2013-03-05,2013,3,5,5
2013-03-06,2013,3,6,5
2013-03-07,2013,3,7,5
2013-03-08,2013,3,8,5
2013-03-09,2013,3,9,5
2013-03-10,2013,3,10,5
2013-03-11,2013,3,11,5
2013-03-12,2013,3,12,5
2013-03-13,2013,3,13,5
2013-03-14,2013,3,14,5
2013-03-15,2013,3,15,5
2013-03-16,2013,3,16,5
2013-03-17,2013,3,17,5
2013-03-18,2013,3,18,5
2013-03-19,2013,3,19,5
2013-03-20,2013,3,20,5
2013-03-21,2013,3,21,5
2013-03-22,2013,3,22,5
2013-03-23,2013,3,23,5
2013-03-24,2013,3,24,5
2013-03-25,2013,3,25,5
2013-03-26,2013,3,26,5
2013-03-27,2013,3,27,5
2013-03-28,2013,3,28,5
2013-03-29,2013,3,29,5
2013-03-30,2013,3,30,5
2013-03-31,2013,3,31,5
2013-04-01,2013,4,1,5
2013-04-02,2013,4,2,5
2013-04-03,2013,4,3,5
2013-04-04,2013,4,4,5
2013-04-05,2013,4,5,5
2013-04-06,2013,4,6,5
2013-04-07,2013,4,7,5
2013-04-08,2013,4,8,5
2013-04-09,2013,4,9,5
2013-04-10,2013,4,10,5
2013-04-11,2013,4,11,5
2013-04-12,2013,4,12,5
2013-04-13,2013,4,13,5
2013-04-14,2013,4,14,5
2013-04-15,2013,4,15,5
2013-04-16,2013,4,16,5
2013-04-17,2013,4,17,5
2013-04-18,2013,4,18,5
2013-04-19,2013,4,19,5
2013-04-20,2013,4,20,5
2013-04-21,2013,4,21,5
2013-04-22,2013,4,22,5
2013-04-23,2013,4,23,5
2013-04-24,2013,4,24,5
2013-04-25,2013,4,25,5
2013-04-26,2013,4,26,5
2013-04-27,2013,4,27,5
2013-04-28,2013,4,28,5
2013-04-29,2013,4,29,5
2013-04-30,2013,4,30,5
2013-05-01,2013,5,1,5
2013-05-02,2013,5,2,5
2013-05-03,2013,5,3,5
2013-05-04,2013,5,4,5
2013-05-05,2013,5,5,5
2013-05-06,2013,5,6,5
2013-05-07,2013,5,7,1
2013-05-08,2013,5,8,1
2013-05-09,2013,5,9,1
2013-05-10,2013,5,10,1
2013-05-11,2013,5,11,1
2013-05-12,2013,5,12,1
2013-05-13,2013,5,13,1
2013-05-14,2013,5,14,1
2013-05-15,2013,5,15,1
2013-05-16,2013,5,16,0
2013-05-17,2013,5,17,1
2013-05-18,2013,5,18,1
2013-05-19,2013,5,19,1
2013-05-20,2013,5,20,1
2013-05-21,2013,5,21,1
2013-05-22,2013,5,22,1
2013-05-23,2013,5,23,1
2013-05-24,2013,5,24,1
2013-05-25,2013,5,25,1
2013-05-26,2013,5,26,1
2013-05-27,2013,5,27,1
2013-05-28,2013,5,28,1
2013-05-29,2013,5,29,1
2013-05-30,2013,5,30,1
2013-05-31,2013,5,31,1
2013-06-01,2013,6,1,1
2013-06-02,2013,6,2,1
2013-06-03,2013,6,3,1
2013-06-04,2013,6,4,1
2013-06-05,2013,6,5,1
2013-06-06,2013,6,6,1
2013-06-07,2013,6,7,1
2013-06-08,2013,6,8,1
2013-06-09,2013,6,9,1
2013-06-10,2013,6,10,1
2013-06-11,2013,6,11,1
2013-06-12,2013,6,12,1
2013-06-13,2013,6,13,1
2013-06-14,2013,6,14,1
2013-06-15,2013,6,15,1
2013-06-16,2013,6,16,1
2013-06-17,2013,6,17,1
2013-06-18,2013,6,18,1
2013-06-19,2013,6,19,1
2013-06-20,2013,6,20,1
2013-06-21,2013,6,21,1
2013-06-22,2013,6,22,1
2013-06-23,2013,6,23,1
2013-06-24,2013,6,24,1
2013-06-25,2013,6,25,1
2013-06-26,2013,6,26,1
2013-06-27,2013,6,27,1
2013-06-28,2013,6,28,1
2013-06-29,2013,6,29,1
2013-06-30,2013,6,30,1
2013-07-01,2013,7,1,1
2013-07-02,2013,7,2,1
2013-07-03,2013,7,3,1
2013-07-04,2013,7,4,1
2013-07-05,2013,7,5,1
2013-07-06,2013,7,6,1
2013-07-07,2013,7,7,1
2013-07-08,2013,7,8,1
2013-07-09,2013,7,9,1
2013-07-10,2013,7,10,1
2013-07-11,2013,7,11,1
2013-07-12,2013,7,12,1
2013-07-13,2013,7,13,1
2013-07-14,2013,7,14,1
2013-07-15,2013,7,15,1
2013-07-16,2013,7,16,1
2013-07-17,2013,7,17,1
2013-07-18,2013,7,18,1
2013-07-19,2013,7,19,1
2013-07-20,2013,7,20,1
2013-07-21,2013,7,21,1
2013-07-22,2013,7,22,1
2013-07-23,2013,7,23,1
2013-07-24,2013,7,24,1
2013-07-25,2013,7,25,1
2013-07-26,2013,7,26,1
2013-07-27,2013,7,27,1
2013-07-28,2013,7,28,1
2013-07-29,2013,7,29,1
2013-07-30,2013,7,30,1
2013-07-31,2013,7,31,1
2013-08-01,2013,8,1,1
2013-08-02,2013,8,2,1
2013-08-03,2013,8,3,1
2013-08-04,2013,8,4,1
2013-08-05,2013,8,5,1
2013-08-06,2013,8,6,1
2013-08-07,2013,8,7,1
2013-08-08,2013,8,8,1
2013-08-09,2013,8,9,1
2013-08-10,2013,8,10,1
2013-08-11,2013,8,11,1
2013-08-12,2013,8,12,1
2013-08-13,2013,8,13,1
2013-08-14,2013,8,14,1
2013-08-15,2013,8,15,1
2013-08-16,2013,8,16,1
2013-08-17,2013,8,17,1
2013-08-18,2013,8,18,1
2013-08-19,2013,8,19,1
2013-08-20,2013,8,20,1
2013-08-21,2013,8,21,1
2013-08-22,2013,8,22,1
2013-08-23,2013,8,23,1
2013-08-24,2013,8,24,1
2013-08-25,2013,8,25,1
2013-08-26,2013,8,26,1
2013-08-27,2013,8,27,1
2013-08-28,2013,8,28,1
2013-08-29,2013,8,29,1
2013-08-30,2013,8,30,1
2013-08-31,2013,8,31,1
2013-09-01,2013,9,1,1
2013-09-02,2013,9,2,1
2013-09-03,2013,9,3,1
2013-09-04,2013,9,4,1
2013-09-05,2013,9,5,1
2013-09-06,2013,9,6,1
2013-09-07,2013,9,7,1
2013-09-08,2013,9,8,1
2013-09-09,2013,9,9,1
2013-09-10,2013,9,10,1
2013-09-11,2013,9,11,1
2013-09-12,2013,9,12,1
2013-09-13,2013,9,13,1
2013-09-14,2013,9,14,1
2013-09-15,2013,9,15,1
2013-09-16,2013,9,16,1
2013-09-17,2013,9,17,1
2013-09-18,2013,9,18,1
2013-09-19,2013,9,19,1
2013-09-20,2013,9,20,1
2013-09-21,2013,9,21,1
2013-09-22,2013,9,22,1
2013-09-23,2013,9,23,1
2013-09-24,2013,9,24,1
2013-09-25,2013,9,25,1
2013-09-26,2013,9,26,1
2013-09-27,2013,9,27,1
2013-09-28,2013,9,28,1
2013-09-29,2013,9,29,1
2013-09-30,2013,9,30,1
2013-10-01,2013,10,1,1
2013-10-02,2013,10,2,1
2013-10-03,2013,10,3,1
2013-10-04,2013,10,4,1
2013-10-05,2013,10,5,1
2013-10-06,2013,10,6,1
2013-10-07,2013,10,7,1
2013-10-08,2013,10,8,1
2013-10-09,2013,10,9,1
2013-10-10,2013,10,10,1
2013-10-11,2013,10,11,1
2013-10-12,2013,10,12,1
2013-10-13,2013,10,13,1
2013-10-14,2013,10,14,1
2013-10-15,2013,10,15,1
2013-10-16,2013,10,16,1
2013-10-17,2013,10,17,1
2013-10-18,2013,10,18,1
2013-10-19,2013,10,19,1
2013-10-20,2013,10,20,1
2013-10-21,2013,10,21,1
2013-10-22,2013,10,22,1
2013-10-23,2013,10,23,1
2013-10-24,2013,10,24,1
2013-10-25,2013,10,25,1
2013-10-26,2013,10,26,1
2013-10-27,2013,10,27,1
2013-10-28,2013,10,28,1
2013-10-29,2013,10,29,1
2013-10-30,2013,10,30,1
2013-10-31,2013,10,31,1
2013-11-01,2013,11,1,1
2013-11-02,2013,11,2,1
2013-11-03,2013,11,3,1
2013-11-04,2013,11,4,1
2013-11-05,2013,11,5,1
2013-11-06,2013,11,6,1
2013-11-07,2013,11,7,1
2013-11-08,2013,11,8,1
2013-11-09,2013,11,9,1
2013-11-10,2013,11,10,1
2013-11-11,2013,11,11,1
2013-11-12,2013,11,12,1
2013-11-13,2013,11,13,1
2013-11-14,2013,11,14,1
2013-11-15,2013,11,15,1
2013-11-16,2013,11,16,1
2013-11-17,2013,11,17,1
2013-11-18,2013,11,18,1
2013-11-19,2013,11,19,1
2013-11-20,2013,11,20,1
2013-11-21,2013,11,21,1
2013-11-22,2013,11,22,1
2013-11-23,2013,11,23,1
2013-11-24,2013,11,24,1
2013-11-25,2013,11,25,1
2013-11-26,2013,11,26,1
2013-11-27,2013,11,27,1
2013-11-28,2013,11,28,1
2013-11-29,2013,11,29,1
2013-11-30,2013,11,30,1
2013-12-01,2013,12,1,1
2013-12-02,2013,12,2,1
2013-12-03,2013,12,3,1
2013-12-04,2013,12,4,1
2013-12-05,2013,12,5,1
2013-12-06,2013,12,6,1
2013-12-07,2013,12,7,1
2013-12-08,2013,12,8,1
2013-12-09,2013,12,9,1
2013-12-10,2013,12,10,1
2013-12-11,2013,12,11,1
2013-12-12,2013,12,12,1
2013-12-13,2013,12,13,1
2013-12-14,2013,12,14,1
2013-12-15,2013,12,15,1
2013-12-16,2013,12,16,1
2013-12-17,2013,12,17,1
2013-12-18,2013,12,18,1
2013-12-19,2013,12,19,1
2013-12-20,2013,12,20,1
2013-12-21,2013,12,21,1
2013-12-22,2013,12,22,1
2013-12-23,2013,12,23,1
2013-12-24,2013,12,24,1
2013-12-25,2013,12,25,1
2013-12-26,2013,12,26,1
2013-12-27,2013,12,27,1
2013-12-28,2013,12,28,1
2013-12-29,2013,12,29,1
2013-12-30,2013,12,30,1
2013-12-31,2013,12,31,1
2014-01-01,2014,1,1,1
2014-01-02,2014,1,2,1
2014-01-03,2014,1,3,1
2014-01-04,2014,1,4,1
2014-01-05,2014,1,5,1
2014-01-06,2014,1,6,1
2014-01-07,2014,1,7,1
2014-01-08,2014,1,8,1
2014-01-09,2014,1,9,1
2014-01-10,2014,1,10,1
2014-01-11,2014,1,11,1
2014-01-12,2014,1,12,1
2014-01-13,2014,1,13,1
2014-01-14,2014,1,14,1
2014-01-15,2014,1,15,1
2014-01-16,2014,1,16,1
2014-01-17,2014,1,17,1
2014-01-18,2014,1,18,1
2014-01-19,2014,1,19,1
2014-01-20,2014,1,20,1
2014-01-21,2014,1,21,1
2014-01-22,2014,1,22,1
2014-01-23,2014,1,23,1
2014-01-24,2014,1,24,1
2014-01-25,2014,1,25,1
2014-01-26,2014,1,26,1
2014-01-27,2014,1,27,1
2014-01-28,2014,1,28,1
2014-01-29,2014,1,29,1
2014-01-30,2014,1,30,1
2015-05-07,2015,5,7,5
2015-05-08,2015,5,8,5
2015-05-09,2015,5,9,5
2015-05-10,2015,5,10,5
2015-05-11,2015,5,11,5
2015-05-12,2015,5,12,5
2015-05-13,2015,5,13,5
2015-05-14,2015,5,14,5
2015-05-15,2015,5,15,5
2015-05-16,2015,5,16,5
2015-05-17,2015,5,17,5
2015-05-18,2015,5,18,5
2015-05-19,2015,5,19,5
2015-05-20,2015,5,20,5
2015-05-21,2015,5,21,5
2015-05-22,2015,5,22,5
2015-05-23,2015,5,23,5
2015-05-24,2015,5,24,5
2015-05-25,2015,5,25,5
2015-05-26,2015,5,26,5
2015-05-27,2015,5,27,5
2015-05-28,2015,5,28,5
2015-05-29,2015,5,29,5
2015-05-30,2015,5,30,5
2015-05-31,2015,5,31,5
2015-06-01,2015,6,1,5
2015-06-02,2015,6,2,5
2015-06-03,2015,6,3,5
2015-06-04,2015,6,4,5
2015-06-05,2015,6,5,5
2015-06-06,2015,6,6,5
2015-06-07,2015,6,7,5
2015-06-08,2015,6,8,5
2015-06-09,2015,6,9,5
2015-06-10,2015,6,10,5
2015-06-11,2015,6,11,5
2015-06-12,2015,6,12,5
2015-06-13,2015,6,13,5
2015-06-14,2015,6,14,5
2015-06-15,2015,6,15,5
2015-06-16,2015,6,16,5
2015-06-17,2015,6,17,5
2015-06-18,2015,6,18,5
2015-06-19,2015,6,19,5
2015-06-20,2015,6,20,5
2015-06-21,2015,6,21,5
2015-06-22,2015,6,22,5
2015-06-23,2015,6,23,5
2015-06-24,2015,6,24,5
2015-06-25,2015,6,25,5
2015-06-26,2015,6,26,5
2015-06-27,2015,6,27,5
2015-06-28,2015,6,28,5
2015-06-29,2015,6,29,5
2015-06-30,2015,6,30,5
2015-07-01,2015,7,1,5
2015-07-02,2015,7,2,5
2015-07-03,2015,7,3,5
2015-07-04,2015,7,4,5
2015-07-05,2015,7,5,5
2015-07-06,2015,7,6,5
2015-07-07,2015,7,7,5
2015-07-08,2015,7,8,5
2015-07-09,2015,7,9,5
2015-07-10,2015,7,10,5
2015-07-11,2015,7,11,5
2015-07-12,2015,7,12,5
2015-07-13,2015,7,13,5
2015-07-14,2015,7,14,5
2015-07-15,2015,7,15,5
2015-07-16,2015,7,16,5
2015-07-17,2015,7,17,5
2015-07-18,2015,7,18,5
2015-07-19,2015,7,19,5
2015-07-20,2015,7,20,5
2015-07-21,2015,7,21,5
2015-07-22,2015,7,22,5
2015-07-23,2015,7,23,5
2015-07-24,2015,7,24,5
2015-07-25,2015,7,25,5
2015-07-26,2015,7,26,5
2015-07-27,2015,7,27,5
2015-07-28,2015,7,28,5
2015-07-29,2015,7,29,5
2015-07-30,2015,7,30,5
2015-07-31,2015,7,31,5
2015-08-01,2015,8,1,5
2015-08-02,2015,8,2,5
2015-08-03,2015,8,3,5
2015-08-04,2015,8,4,5
2015-08-05,2015,8,5,5
2015-08-06,2015,8,6,5
2015-08-07,2015,8,7,5
2015-08-08,2015,8,8,5
2015-08-09,2015,8,9,5
2015-08-10,2015,8,10,5
2015-08-11,2015,8,11,5
2015-08-12,2015,8,12,5
2015-08-13,2015,8,13,5
2015-08-14,2015,8,14,5
2015-08-15,2015,8,15,5
2015-08-16,2015,8,16,5
2015-08-17,2015,8,17,5
2015-08-18,2015,8,18,5
2015-08-19,2015,8,19,5
2015-08-20,2015,8,20,5
2015-08-21,2015,8,21,5
2015-08-22,2015,8,22,5
2015-08-23,2015,8,23,5
2015-08-24,2015,8,24,5
2015-08-25,2015,8,25,5
2015-08-26,2015,8,26,5
2015-08-27,2015,8,27,5
2015-08-28,2015,8,28,5
2015-08-29,2015,8,29,5
2015-08-30,2015,8,30,5
2015-08-31,2015,8,31,5
2015-09-01,2015,9,1,5
2015-09-02,2015,9,2,5
2015-09-03,2015,9,3,5
2015-09-04,2015,9,4,5
2015-09-05,2015,9,5,5
2015-09-06,2015,9,6,5
2015-09-07,2015,9,7,5
2015-09-08,2015,9,8,5
2015-09-09,2015,9,9,5
2015-09-10,2015,9,10,5
2015-09-11,2015,9,11,5
2015-09-12,2015,9,12,5
2015-09-13,2015,9,13,5
2015-09-14,2015,9,14,5
2015-09-15,2015,9,15,5
2015-09-16,2015,9,16,5
2015-09-17,2015,9,17,5
2015-09-18,2015,9,18,5
2015-09-19,2015,9,19,5
2015-09-20,2015,9,20,5
2015-09-21,2015,9,21,5
2015-09-22,2015,9,22,5
2015-09-23,2015,9,23,5
2015-09-24,2015,9,24,5
2015-09-25,2015,9,25,5
2015-09-26,2015,9,26,5
2015-09-27,2015,9,27,5
2015-09-28,2015,9,28,5
2015-09-29,2015,9,29,5
2015-09-30,2015,9,30,5
2015-10-01,2015,10,1,5
2015-10-02,2015,10,2,5
2015-10-03,2015,10,3,5
2015-10-04,2015,10,4,5
2015-10-05,2015,10,5,5
2015-10-06,2015,10,6,5
2015-10-07,2015,10,7,5
2015-10-08,2015,10,8,5
2015-10-09,2015,10,9,5
2015-10-10,2015,10,10,5
2015-10-11,2015,10,11,5
2015-10-12,2015,10,12,5
2015-10-13,2015,10,13,5
2015-10-14,2015,10,14,5
2015-10-15,2015,10,15,5
2015-10-16,2015,10,16,5
2015-10-17,2015,10,17,5
2015-10-18,2015,10,18,5
2015-10-19,2015,10,19,5
2015-10-20,2015,10,20,5
2015-10-21,2015,10,21,5
2015-10-22,2015,10,22,5
2015-10-23,2015,10,23,5
2015-10-24,2015,10,24,5
2015-10-25,2015,10,25,5
2015-10-26,2015,10,26,5
2015-10-27,2015,10,27,5
2015-10-28,2015,10,28,5
2015-10-29,2015,10,29,5
2015-10-30,2015,10,30,5
2015-10-31,2015,10,31,5
2015-11-01,2015,11,1,5
2015-11-02,2015,11,2,5
2015-11-03,2015,11,3,5
2015-11-04,2015,11,4,5
2015-11-05,2015,11,5,5
2015-11-06,2015,11,6,5
2015-11-07,2015,11,7,5
2015-11-08,2015,11,8,5
2015-11-09,2015,11,9,5
2015-11-10,2015,11,10,5
2015-11-11,2015,11,11,5
2015-11-12,2015,11,12,5
2015-11-13,2015,11,13,5
2015-11-14,2015,11,14,5
2015-11-15,2015,11,15,5
2015-11-16,2015,11,16,5
2015-11-17,2015,11,17,5
2015-11-18,2015,11,18,5
2015-11-19,2015,11,19,5
2015-11-20,2015,11,20,5
2015-11-21,2015,11,21,5
2015-11-22,2015,11,22,5
2015-11-23,2015,11,23,5
2015-11-24,2015,11,24,5
2015-11-25,2015,11,25,5
2015-11-26,2015,11,26,5
2015-11-27,2015,11,27,5
2015-11-28,2015,11,28,5
2015-11-29,2015,11,29,5
2015-11-30,2015,11,30,5
2015-12-01,2015,12,1,5
2015-12-02,2015,12,2,5
2015-12-03,2015,12,3,5
2015-12-04,2015,12,4,5
2015-12-05,2015,12,5,5
2015-12-06,2015,12,6,5
2015-12-07,2015,12,7,5
2015-12-08,2015,12,8,5
2015-12-09,2015,12,9,5
2015-12-10,2015,12,10,5
2015-12-11,2015,12,11,5
2015-12-12,2015,12,12,5
2015-12-13,2015,12,13,5
2015-12-14,2015,12,14,5
2015-12-15,2015,12,15,5
2015-12-16,2015,12,16,5
2015-12-17,2015,12,17,5
2015-12-18,2015,12,18,5
2015-12-19,2015,12,19,5
2015-12-20,2015,12,20,5
2015-12-21,2015,12,21,5
2015-12-22,2015,12,22,5
2015-12-23,2015,12,23,5
2015-12-24,2015,12,24,5
2015-12-25,2015,12,25,5
2015-12-26,2015,12,26,5
2015-12-27,2015,12,27,5
2015-12-28,2015,12,28,5
2015-12-29,2015,12,29,5
2015-12-30,2015,12,30,5
2015-12-31,2015,12,31,5
2016-01-01,2016,1,1,5
2016-01-02,2016,1,2,5
2016-01-03,2016,1,3,5
2016-01-04,2016,1,4,5
2016-01-05,2016,1,5,5
2016-01-06,2016,1,6,5
2016-01-07,2016,1,7,5
2016-01-08,2016,1,8,5
2016-01-09,2016,1,9,5
2016-01-10,2016,1,10,5
2016-01-11,2016,1,11,5
2016-01-12,2016,1,12,5
2016-01-13,2016,1,13,5
2016-01-14,2016,1,14,5
2016-01-15,2016,1,15,5
2016-01-16,2016,1,16,5
2016-01-17,2016,1,17,5
2016-01-18,2016,1,18,5
2016-01-19,2016,1,19,5
2016-01-20,2016,1,20,5
2016-01-21,2016,1,21,5
2016-01-22,2016,1,22,5
2016-01-23,2016,1,23,5
2016-01-24,2016,1,24,5
2016-01-25,2016,1,25,5
2016-01-26,2016,1,26,5
2016-01-27,2016,1,27,5
2016-01-28,2016,1,28,5
2016-01-29,2016,1,29,5
2016-01-30,2016,1,30,5
2016-01-31,2016,1,31,5
2016-02-01,2016,2,1,5
2016-02-02,2016,2,2,5
2016-02-03,2016,2,3,5
2016-02-04,2016,2,4,5
2016-02-05,2016,2,5,5
2016-02-06,2016,2,6,5
2016-02-07,2016,2,7,5
2016-02-08,2016,2,8,5
2016-02-09,2016,2,9,5
2016-02-10,2016,2,10,5
2016-02-11,2016,2,11,5
2016-02-12,2016,2,12,5
2016-02-13,2016,2,13,5
2016-02-14,2016,2,14,5
2016-02-15,2016,2,15,5
2016-02-16,2016,2,16,5
2016-02-17,2016,2,17,5
2016-02-18,2016,2,18,5
2016-02-19,2016,2,19,5
2016-02-20,2016,2,20,5
2016-02-21,2016,2,21,5
2016-02-22,2016,2,22,5
2016-02-23,2016,2,23,5
2016-02-24,2016,2,24,5
2016-02-25,2016,2,25,5
2016-02-26,2016,2,26,5
2016-02-27,2016,2,27,5
2016-02-28,2016,2,28,0
2016-02-29,2016,2,29,1
2016-03-01,2016,3,1,1
2016-03-02,2016,3,2,1
2016-03-03,2016,3,3,1
2016-03-04,2016,3,4,1
2016-03-05,2016,3,5,1
2016-03-06,2016,3,6,1
2016-03-07,2016,3,7,1
2016-03-08,2016,3,8,1
2016-03-09,2016,3,9,1
2016-03-10,2016,3,10,1
2016-03-11,2016,3,11,1
2016-03-12,2016,3,12,1
2016-03-13,2016,3,13,1
2016-03-14,2016,3,14,1
2016-03-15,2016,3,15,1
2016-03-16,2016,3,16,1
2016-03-17,2016,3,17,1
2016-03-18,2016,3,18,1
2016-03-19,2016,3,19,1
2016-03-20,2016,3,20,1
2016-03-21,2016,3,21,1
2016-03-22,2016,3,22,1
2016-03-23,2016,3,23,1
2016-03-24,2016,3,24,1
2016-03-25,2016,3,25,1
2016-03-26,2016,3,26,1
2016-03-27,2016,3,27,1
2016-03-28,2016,3,28,1
2016-03-29,2016,3,29,1
2016-03-30,2016,3,30,1
2016-03-31,2016,3,31,1
2016-04-01,2016,4,1,1
2016-04-02,2016,4,2,1
2016-04-03,2016,4,3,1
2016-04-04,2016,4,4,1
2016-04-05,2016,4,5,1
2016-04-06,2016,4,6,1
2016-04-07,2016,4,7,1
2016-04-08,2016,4,8,1
2016-04-09,2016,4,9,1
2016-04-10,2016,4,10,1
2016-04-11,2016,4,11,1
2016-04-12,2016,4,12,1
2016-04-13,2016,4,13,1
2016-04-14,2016,4,14,1
2016-04-15,2016,4,15,1
2016-04-16,2016,4,16,1
2016-04-17,2016,4,17,1
2016-04-18,2016,4,18,1
2016-04-19,2016,4,19,1
2016-04-20,2016,4,20,1
2016-04-21,2016,4,21,1
2016-04-22,2016,4,22,1
2016-04-23,2016,4,23,1
2016-04-24,2016,4,24,1
2016-04-25,2016,4,25,1
2016-04-26,2016,4,26,1
2016-04-27,2016,4,27,1
2016-04-28,2016,4,28,1
2016-04-29,2016,4,29,1
2016-04-30,2016,4,30,1
2016-05-01,2016,5,1,1
2016-05-02,2016,5,2,1
2016-05-03,2016,5,3,1
2016-05-04,2016,5,4,1
2016-05-05,2016,5,5,1
2016-05-06,2016,5,6,1
2016-05-07,2016,5,7,1
2016-05-08,2016,5,8,1
2016-05-09,2016,5,9,1
2016-05-10,2016,5,10,1
2016-05-11,2016,5,11,1
2016-05-12,2016,5,12,1
2016-05-13,2016,5,13,1
2016-05-14,2016,5,14,1
2016-05-15,2016,5,15,1
2016-05-16,2016,5,16,1
2016-05-17,2016,5,17,1
2016-05-18,2016,5,18,1
2016-05-19,2016,5,19,1
2016-05-20,2016,5,20,1
2016-05-21,2016,5,21,1
2016-05-22,2016,5,22,1
2016-05-23,2016,5,23,1
2016-05-24,2016,5,24,1
2016-05-25,2016,5,25,1
2016-05-26,2016,5,26,1
2016-05-27,2016,5,27,1
2016-05-28,2016,5,28,1
2016-05-29,2016,5,29,1
2016-05-30,2016,5,30,1
2016-05-31,2016,5,31,1
2016-06-01,2016,6,1,1
2016-06-02,2016,6,2,1
2016-06-03,2016,6,3,1
2016-06-04,2016,6,4,1
2016-06-05,2016,6,5,1
2016-06-06,2016,6,6,1
2016-06-07,2016,6,7,1
2016-06-08,2016,6,8,1
2016-06-09,2016,6,9,1
2016-06-10,2016,6,10,1
2016-06-11,2016,6,11,1
2016-06-12,2016,6,12,1
2016-06-13,2016,6,13,1
2016-06-14,2016,6,14,1
2016-06-15,2016,6,15,1
2016-06-16,2016,6,16,1
2016-06-17,2016,6,17,1
2016-06-18,2016,6,18,1
2016-06-19,2016,6,19,1
2016-06-20,2016,6,20,1
2017-03-03,2017,3,3,5
2017-03-04,2017,3,4,5
2017-03-05,2017,3,5,5
2017-03-06,2017,3,6,5
2017-03-07,2017,3,7,5
2017-03-08,2017,3,8,5
2017-03-09,2017,3,9,5
2017-03-10,2017,3,10,5
2017-03-11,2017,3,11,5
2017-03-12,2017,3,12,5
2017-03-13,2017,3,13,5
2017-03-14,2017,3,14,5
2017-03-15,2017,3,15,5
2017-03-16,2017,3,16,5
2017-03-17,2017,3,17,5
2017-03-18,2017,3,18,5
2017-03-19,2017,3,19,5
2017-03-20,2017,3,20,5
2017-03-21,2017,3,21,5
2017-03-22,2017,3,22,5
2017-03-23,2017,3,23,5
2017-03-24,2017,3,24,5
2017-03-25,2017,3,25,5
2017-03-26,2017,3,26,5
2017-03-27,2017,3,27,5
2017-03-28,2017,3,28,5
2017-03-29,2017,3,29,5
2017-03-30,2017,3,30,5
2017-03-31,2017,3,31,5
2017-04-01,2017,4,1,5
2017-04-02,2017,4,2,5
2017-04-03,2017,4,3,5
2017-04-04,2017,4,4,5
2017-04-05,2017,4,5,5
2017-04-06,2017,4,6,5
2017-04-07,2017,4,7,5
2017-04-08,2017,4,8,5
2017-04-09,2017,4,9,5
2017-04-10,2017,4,10,5
2017-04-11,2017,4,11,5
2017-04-12,2017,4,12,5
2017-04-13,2017,4,13,5
2017-04-14,2017,4,14,5
2017-04-15,2017,4,15,5
2017-04-16,2017,4,16,5
2017-04-17,2017,4,17,5
2017-04-18,2017,4,18,5
2017-04-19,2017,4,19,5
2017-04-20,2017,4,20,5
2017-04-21,2017,4,21,5
2017-04-22,2017,4,22,5
2017-04-23,2017,4,23,5
2017-04-24,2017,4,24,5
2017-04-25,2017,4,25,5
2017-04-26,2017,4,26,5
2017-04-27,2017,4,27,5
2017-04-28,2017,4,28,5
2017-04-29,2017,4,29,5
2017-04-30,2017,4,30,5
2017-05-01,2017,5,1,5
2017-05-02,2017,5,2,5
2017-05-03,2017,5,3,5
2017-05-04,2017,5,4,5
2017-05-05,2017,5,5,5
2017-05-06,2017,5,6,5
2017-05-07,2017,5,7,5
2017-05-08,2017,5,8,5
2017-05-09,2017,5,9,5
2017-05-10,2017,5,10,5
2017-05-11,2017,5,11,5
2017-05-12,2017,5,12,5
2017-05-13,2017,5,13,5
2017-05-14,2017,5,14,5
2017-05-15,2017,5,15,5
2017-05-16,2017,5,16,5
2017-05-17,2017,5,17,5
2017-05-18,2017,5,18,5
2017-05-19,2017,5,19,5
2017-05-20,2017,5,20,5
2017-05-21,2017,5,21,5
2017-05-22,2017,5,22,5
2017-05-23,2017,5,23,5
2017-05-24,2017,5,24,5
2017-05-25,2017,5,25,5
2017-05-26,2017,5,26,5
2017-05-27,2017,5,27,5
2017-05-28,2017,5,28,5
2017-05-29,2017,5,29,5
2017-05-30,2017,5,30,5
2017-05-31,2017,5,31,5
2017-06-01,2017,6,1,5
2017-06-02,2017,6,2,5
2017-06-03,2017,6,3,5
2017-06-04,2017,6,4,5
2017-06-05,2017,6,5,5
2017-06-06,2017,6,6,5
2017-06-07,2017,6,7,5
2017-06-08,2017,6,8,5
2017-06-09,2017,6,9,5
2017-06-10,2017,6,10,5
2017-06-11,2017,6,11,5
2017-06-12,2017,6,12,5
2017-06-13,2017,6,13,5
2017-06-14,2017,6,14,5
2017-06-15,2017,6,15,5
2017-06-16,2017,6,16,5
2017-06-17,2017,6,17,5
2017-06-18,2017,6,18,5
2017-06-19,2017,6,19,5
2017-06-20,2017,6,20,5
2017-06-21,2017,6,21,5
2017-06-22,2017,6,22,5
2017-06-23,2017,6,23,5
2017-06-24,2017,6,24,5
2017-06-25,2017,6,25,5
2017-06-26,2017,6,26,5
2017-06-27,2017,6,27,5
2017-06-28,2017,6,28,5
2017-06-29,2017,6,29,5
2017-06-30,2017,6,30,5
2017-07-01,2017,7,1,5
2017-07-02,2017,7,2,5
2017-07-03,2017,7,3,5
2017-07-04,2017,7,4,5
2017-07-05,2017,7,5,5
2017-07-06,2017,7,6,5
2017-07-07,2017,7,7,5
2017-07-08,2017,7,8,5
2017-07-09,2017,7,9,5
2017-07-10,2017,7,10,5
2017-07-11,2017,7,11,5
2017-07-12,2017,7,12,5
2017-07-13,2017,7,13,5
2017-07-14,2017,7,14,5
2017-07-15,2017,7,15,5
2017-07-16,2017,7,16,5
2017-07-17,2017,7,17,5
2017-07-18,2017,7,18,5
2017-07-19,2017,7,19,5
2017-07-20,2017,7,20,5
2017-07-21,2017,7,21,5
2017-07-22,2017,7,22,5
2017-07-23,2017,7,23,5
2017-07-24,2017,7,24,5
2017-07-25,2017,7,25,5
2017-07-26,2017,7,26,5
2017-07-27,2017,7,27,5
2017-07-28,2017,7,28,5
2017-07-29,2017,7,29,5
2017-07-30,2017,7,30,5
2017-07-31,2017,7,31,5
2017-08-01,2017,8,1,5
2017-08-02,2017,8,2,5
2017-08-03,2017,8,3,5
2017-08-04,2017,8,4,5
2017-08-05,2017,8,5,5
2017-08-06,2017,8,6,5
2017-08-07,2017,8,7,5
2017-08-08,2017,8,8,5
2017-08-09,2017,8,9,5
2017-08-10,2017,8,10,5
2017-08-11,2017,8,11,5
2017-08-12,2017,8,12,5
2017-08-13,2017,8,13,5
2017-08-14,2017,8,14,5
2017-08-15,2017,8,15,5
2017-08-16,2017,8,16,5
2017-08-17,2017,8,17,5
2017-08-18,2017,8,18,5
2017-08-19,2017,8,19,5
2017-08-20,2017,8,20,5
2017-08-21,2017,8,21,5
2017-08-22,2017,8,22,5
2017-08-23,2017,8,23,5
2017-08-24,2017,8,24,5
2017-08-25,2017,8,25,5
2017-08-26,2017,8,26,5
2017-08-27,2017,8,27,5
2017-08-28,2017,8,28,5
2017-08-29,2017,8,29,5
2017-08-30,2017,8,30,5
2017-08-31,2017,8,31,5
2017-09-01,2017,9,1,5
2017-09-02,2017,9,2,5
2017-09-03,2017,9,3,5
2017-09-04,2017,9,4,5
2017-09-05,2017,9,5,5
2017-09-06,2017,9,6,5
2017-09-07,2017,9,7,5
2017-09-08,2017,9,8,5
2017-09-09,2017,9,9,5
2017-09-10,2017,9,10,5
2017-09-11,2017,9,11,5
2017-09-12,2017,9,12,5
2017-09-13,2017,9,13,5
2017-09-14,2017,9,14,5
2017-09-15,2017,9,15,5
2017-09-16,2017,9,16,5
2017-09-17,2017,9,17,5
2017-09-18,2017,9,18,5
2017-09-19,2017,9,19,5
2017-09-20,2017,9,20,5
2017-09-21,2017,9,21,5
2017-09-22,2017,9,22,5
2017-09-23,2017,9,23,5
2017-09-24,2017,9,24,5
2017-09-25,2017,9,25,5
2017-09-26,2017,9,26,5
2017-09-27,2017,9,27,5
2017-09-28,2017,9,28,5
2017-09-29,2017,9,29,5
2017-09-30,2017,9,30,5
2017-10-01,2017,10,1,5
2017-10-02,2017,10,2,5
2017-10-03,2017,10,3,5
2017-10-04,2017,10,4,5
2017-10-05,2017,10,5,5
2017-10-06,2017,10,6,5
2017-10-07,2017,10,7,5
2017-10-08,2017,10,8,5
2017-10-09,2017,10,9,5
2017-10-10,2017,10,10,5
2017-10-11,2017,10,11,5
2017-10-12,2017,10,12,5
2017-10-13,2017,10,13,5
2017-10-14,2017,10,14,5
2017-10-15,2017,10,15,5
2017-10-16,2017,10,16,5
2017-10-17,2017,10,17,5
2017-10-18,2017,10,18,5
2017-10-19,2017,10,19,5
2017-10-20,2017,10,20,5
2017-10-21,2017,10,21,5
2017-10-22,2017,10,22,5
2017-10-23,2017,10,23,5
2017-10-24,2017,10,24,5
2017-10-25,2017,10,25,5
2017-10-26,2017,10,26,5
2017-10-27,2017,10,27,5
2017-10-28,2017,10,28,5
2017-10-29,2017,10,29,5
2017-10-30,2017,10,30,5
2017-10-31,2017,10,31,5
2017-11-01,2017,11,1,5
2017-11-02,2017,11,2,5
2017-11-03,2017,11,3,5
2017-11-04,2017,11,4,5
2017-11-05,2017,11,5,5
2017-11-06,2017,11,6,5
2017-11-07,2017,11,7,5
2017-11-08,2017,11,8,5
2017-11-09,2017,11,9,5
2017-11-10,2017,11,10,5
2017-11-11,2017,11,11,5
2017-11-12,2017,11,12,5
2017-11-13,2017,11,13,5
2017-11-14,2017,11,14,5
2017-11-15,2017,11,15,5
2017-11-16,2017,11,16,5
2017-11-17,2017,11,17,5
2017-11-18,2017,11,18,5
2017-11-19,2017,11,19,5
2017-11-20,2017,11,20,5
2017-11-21,2017,11,21,5
2017-11-22,2017,11,22,5
2017-11-23,2017,11,23,5
2017-11-24,2017,11,24,5
2017-11-25,2017,11,25,5
2017-11-26,2017,11,26,5
2017-11-27,2017,11,27,5
2017-11-28,2017,11,28,5
2017-11-29,2017,11,29,5
2017-11-30,2017,11,30,5
2017-12-01,2017,12,1,5
2017-12-02,2017,12,2,5
2017-12-03,2017,12,3,5
2017-12-04,2017,12,4,5
2017-12-05,2017,12,5,5
2017-12-06,2017,12,6,5
2017-12-07,2017,12,7,5
2017-12-08,2017,12,8,5
2017-12-09,2017,12,9,5
2017-12-10,2017,12,10,5
2017-12-11,2017,12,11,5
2017-12-12,2017,12,12,5
2017-12-13,2017,12,13,5
2017-12-14,2017,12,14,5
2017-12-15,2017,12,15,5
2017-12-16,2017,12,16,5
2017-12-17,2017,12,17,5
2017-12-18,2017,12,18,5
2017-12-19,2017,12,19,5
2017-12-20,2017,12,20,5
2017-12-21,2017,12,21,5
2017-12-22,2017,12,22,5
2017-12-23,2017,12,23,5
2017-12-24,2017,12,24,5
2017-12-25,2017,12,25,5
2017-12-26,2017,12,26,5
2017-12-27,2017,12,27,5
2017-12-28,2017,12,28,5
2017-12-29,2017,12,29,5
2017-12-30,2017,12,30,5
2017-12-31,2017,12,31,5
2018-01-01,2018,1,1,5
2018-01-02,2018,1,2,5
2018-01-03,2018,1,3,5
2018-01-04,2018,1,4,5
2018-01-05,2018,1,5,5
2018-01-06,2018,1,6,5
2018-01-07,2018,1,7,5
2018-01-08,2018,1,8,5
2018-01-09,2018,1,9,5
2018-01-10,2018,1,10,5
2018-01-11,2018,1,11,5
2018-01-12,2018,1,12,5
2018-01-13,2018,1,13,5
2018-01-14,2018,1,14,5
2018-01-15,2018,1,15,5
2018-01-16,2018,1,16,5
2018-01-17,2018,1,17,5
2018-01-18,2018,1,18,5
2018-01-19,2018,1,19,5
2018-01-20,2018,1,20,5
2018-01-21,2018,1,21,5
2018-01-22,2018,1,22,5
2018-01-23,2018,1,23,5
2018-01-24,2018,1,24,5
2018-01-25,2018,1,25,5
2018-01-26,2018,1,26,5
2018-01-27,2018,1,27,5
2018-01-28,2018,1,28,5
2018-01-29,2018,1,29,5
2018-01-30,2018,1,30,5
2018-01-31,2018,1,31,5
2018-02-01,2018,2,1,5
2018-02-02,2018,2,2,5
2018-02-03,2018,2,3,5
2018-02-04,2018,2,4,5
2018-02-05,2018,2,5,5
2018-02-06,2018,2,6,5
2018-02-07,2018,2,7,5
2018-02-08,2018,2,8,5
2018-02-09,2018,2,9,5
2018-02-10,2018,2,10,5
2018-02-11,2018,2,11,5
2018-02-12,2018,2,12,5
2018-02-13,2018,2,13,5
2018-02-14,2018,2,14,5
2018-02-15,2018,2,15,5
2018-02-16,2018,2,16,5
2018-02-17,2018,2,17,5
2018-02-18,2018,2,18,5
2018-02-19,2018,2,19,5
2018-02-20,2018,2,20,5
2018-02-21,2018,2,21,5
2018-02-22,2018,2,22,5
2018-02-23,2018,2,23,5
2018-02-24,2018,2,24,5
2018-02-25,2018,2,25,5
2018-02-26,2018,2,26,5
2018-02-27,2018,2,27,5
2018-02-28,2018,2,28,5
2018-03-01,2018,3,1,5
2018-03-02,2018,3,2,5
2018-03-03,2018,3,3,5
2018-03-04,2018,3,4,5
2018-03-05,2018,3,5,5
2018-03-06,2018,3,6,5
2018-03-07,2018,3,7,5
2018-03-08,2018,3,8,5
2018-03-09,2018,3,9,5
2018-03-10,2018,3,10,5
2018-03-11,2018,3,11,5
2018-03-12,2018,3,12,5
2018-03-13,2018,3,13,5
2018-03-14,2018,3,14,5
2018-03-15,2018,3,15,5
2018-03-16,2018,3,16,5
2018-03-17,2018,3,17,5
2018-03-18,2018,3,18,5
2018-03-19,2018,3,19,5
2018-03-20,2018,3,20,5
2018-03-21,2018,3,21,5
2018-03-22,2018,3,22,5
2018-03-23,2018,3,23,5
2018-03-24,2018,3,24,5
2018-03-25,2018,3,25,5
2018-03-26,2018,3,26,5
2018-03-27,2018,3,27,5
2018-03-28,2018,3,28,5
2018-03-29,2018,3,29,5
2018-03-30,2018,3,30,5
2018-03-31,2018,3,31,5
2018-04-01,2018,4,1,5
2018-04-02,2018,4,2,5
2018-04-03,2018,4,3,5
2018-04-04,2018,4,4,5
2018-04-05,2018,4,5,5
2018-04-06,2018,4,6,5
2018-04-07,2018,4,7,5
2018-04-08,2018,4,8,5
2018-04-09,2018,4,9,5
2018-04-10,2018,4,10,5
2018-04-11,2018,4,11,5
2018-04-12,2018,4,12,5
2018-04-13,2018,4,13,5
2018-04-14,2018,4,14,5
2018-04-15,2018,4,15,5
2018-04-16,2018,4,16,5
2018-04-17,2018,4,17,5
2018-04-18,2018,4,18,5
2018-04-19,2018,4,19,5
2018-04-20,2018,4,20,5
2018-04-21,2018,4,21,5
2018-04-22,2018,4,22,5
2018-04-23,2018,4,23,5
2018-04-24,2018,4,24,5
2018-04-25,2018,4,25,5
2018-04-26,2018,4,26,5
2018-04-27,2018,4,27,5
2018-04-28,2018,4,28,5
2018-04-29,2018,4,29,5
2018-04-30,2018,4,30,5
2018-05-01,2018,5,1,5
2018-05-02,2018,5,2,5
2018-05-03,2018,5,3,5
2018-05-04,2018,5,4,5
2018-05-05,2018,5,5,5
2018-05-06,2018,5,6,5
2018-05-07,2018,5,7,5
2018-05-08,2018,5,8,5
2018-05-09,2018,5,9,5
2018-05-10,2018,5,10,5
2018-05-11,2018,5,11,5
2018-05-12,2018,5,12,5
2018-05-13,2018,5,13,5
2018-05-14,2018,5,14,5
2018-05-15,2018,5,15,5
2018-05-16,2018,5,16,5
2018-05-17,2018,5,17,5
2018-05-18,2018,5,18,5
2018-05-19,2018,5,19,5
2018-05-20,2018,5,20,5
2018-05-21,2018,5,21,5
2018-05-22,2018,5,22,5
2018-05-23,2018,5,23,5
2018-05-24,2018,5,24,5
2018-05-25,2018,5,25,5
2018-05-26,2018,5,26,5
2018-05-27,2018,5,27,5
2018-05-28,2018,5,28,5
2018-05-29,2018,5,29,5
2018-05-30,2018,5,30,5
2018-05-31,2018,5,31,0
2018-06-01,2018,6,1,1
2018-06-02,2018,6,2,1
2018-06-03,2018,6,3,1
2018-06-04,2018,6,4,1
2018-06-05,2018,6,5,1
2018-06-06,2018,6,6,1
2018-06-07,2018,6,7,1
2018-06-08,2018,6,8,1
2018-06-09,2018,6,9,1
2018-06-10,2018,6,10,1
2018-06-11,2018,6,11,1
2018-06-12,2018,6,12,1
2018-06-13,2018,6,13,1
2018-06-14,2018,6,14,1
2018-06-15,2018,6,15,1
2018-06-16,2018,6,16,1
2018-06-17,2018,6,17,1
2018-06-18,2018,6,18,1
2018-06-19,2018,6,19,1
2018-06-20,2018,6,20,1
2018-06-21,2018,6,21,1
2018-06-22,2018,6,22,1
2018-06-23,2018,6,23,1
2018-06-24,2018,6,24,1
2018-06-25,2018,6,25,1
2018-06-26,2018,6,26,1
2018-06-27,2018,6,27,1
2018-06-28,2018,6,28,1
2018-06-29,2018,6,29,1
2018-06-30,2018,6,30,1
2018-07-01,2018,7,1,1
2018-07-02,2018,7,2,1
2018-07-03,2018,7,3,1
2018-07-04,2018,7,4,1
2018-07-05,2018,7,5,1
2018-07-06,2018,7,6,1
2018-07-07,2018,7,7,1
2018-07-08,2018,7,8,1
2018-07-09,2018,7,9,1
2018-07-10,2018,7,10,1
2018-07-11,2018,7,11,1
2018-07-12,2018,7,12,1
2018-07-13,2018,7,13,1
2018-07-14,2018,7,14,1
2018-07-15,2018,7,15,1
2018-07-16,2018,7,16,1
2018-07-17,2018,7,17,1
2018-07-18,2018,7,18,1
2018-07-19,2018,7,19,1
2018-07-20,2018,7,20,1
2018-07-21,2018,7,21,1
2018-07-22,2018,7,22,1
2018-07-23,2018,7,23,1
2018-07-24,2018,7,24,1
2018-07-25,2018,7,25,1
2018-07-26,2018,7,26,1
2018-07-27,2018,7,27,1
2018-07-28,2018,7,28,1
2018-07-29,2018,7,29,1
2018-07-30,2018,7,30,1
2018-07-31,2018,7,31,1
2018-08-01,2018,8,1,1
2018-08-02,2018,8,2,1
2018-08-03,2018,8,3,1
2018-08-04,2018,8,4,1
2018-08-05,2018,8,5,1
2018-08-06,2018,8,6,1
2018-08-07,2018,8,7,1
2018-08-08,2018,8,8,1
2018-08-09,2018,8,9,1
2018-08-10,2018,8,10,1
2018-08-11,2018,8,11,1
2018-08-12,2018,8,12,1
2018-08-13,2018,8,13,1
2018-08-14,2018,8,14,1
2018-08-15,2018,8,15,1
2018-08-16,2018,8,16,1
2018-08-17,2018,8,17,1
2018-08-18,2018,8,18,1
2018-08-19,2018,8,19,1
2018-08-20,2018,8,20,1
2018-08-21,2018,8,21,1
2018-08-22,2018,8,22,1
2018-08-23,2018,8,23,1
2018-08-24,2018,8,24,1
2018-08-25,2018,8,25,1
2018-08-26,2018,8,26,1
2018-08-27,2018,8,27,1
2018-08-28,2018,8,28,1
2018-08-29,2018,8,29,1
2018-08-30,2018,8,30,1
2018-08-31,2018,8,31,1
2018-09-01,2018,9,1,1
2018-09-02,2018,9,2,1
2018-09-03,2018,9,3,1
2018-09-04,2018,9,4,1
2019-11-20,2019,11,20,1
2019-11-21,2019,11,21,1
2019-11-22,2019,11,22,1
2019-11-23,2019,11,23,1
2019-11-24,2019,11,24,1
2019-11-25,2019,11,25,1
2019-11-26,2019,11,26,1
2019-11-27,2019,11,27,1
2019-11-28,2019,11,28,1
2019-11-29,2019,11,29,1
2019-11-30,2019,11,30,1
2019-12-01,2019,12,1,1
2019-12-02,2019,12,2,1
2019-12-03,2019,12,3,1
2019-12-04,2019,12,4,1
2019-12-05,2019,12,5,1
2019-12-06,2019,12,6,1
2019-12-07,2019,12,7,1
2019-12-08,2019,12,8,1
2019-12-09,2019,12,9,1
2019-12-10,2019,12,10,1
2019-12-11,2019,12,11,1
2019-12-12,2019,12,12,1
2019-12-13,2019,12,13,1
2019-12-14,2019,12,14,1
2019-12-15,2019,12,15,1
2019-12-16,2019,12,16,1
2019-12-17,2019,12,17,1
2019-12-18,2019,12,18,1
2019-12-19,2019,12,19,1
2019-12-20,2019,12,20,1
2019-12-21,2019,12,21,1
2019-12-22,2019,12,22,1
2019-12-23,2019,12,23,1
2019-12-24,2019,12,24,1
2019-12-25,2019,12,25,1
2019-12-26,2019,12,26,1
2019-12-27,2019,12,27,1
2019-12-28,2019,12,28,1
2019-12-29,2019,12,29,1
2019-12-30,2019,12,30,1
2019-12-31,2019,12,31,1
2020-01-01,2020,1,1,1
2020-01-02,2020,1,2,1
2020-01-03,2020,1,3,1
2020-01-04,2020,1,4,1
2020-01-05,2020,1,5,1
2020-01-06,2020,1,6,1
2020-01-07,2020,1,7,1
2020-01-08,2020,1,8,1
2020-01-09,2020,1,9,1
2020-01-10,2020,1,10,1
2020-01-11,2020,1,11,1
2020-01-12,2020,1,12,1
2020-01-13,2020,1,13,1
2020-01-14,2020,1,14,1
2020-01-15,2020,1,15,1
2020-01-16,2020,1,16,1
2020-01-17,2020,1,17,1
2020-01-18,2020,1,18,1
2020-01-19,2020,1,19,1
2020-01-20,2020,1,20,1
2020-01-21,2020,1,21,1
2020-01-22,2020,1,22,1
2020-01-23,2020,1,23,1
2020-01-24,2020,1,24,1
2020-01-25,2020,1,25,1
2020-01-26,2020,1,26,1
2020-01-27,2020,1,27,1
2020-01-28,2020,1,28,1
2020-01-29,2020,1,29,1
2020-01-30,2020,1,30,1
2020-01-31,2020,1,31,1
2020-02-01,2020,2,1,1
2020-02-02,2020,2,2,1
2020-02-03,2020,2,3,1
2020-02-04,2020,2,4,1
2020-02-05,2020,2,5,1
2020-02-06,2020,2,6,1
2020-02-07,2020,2,7,1
2020-02-08,2020,2,8,1
2020-02-09,2020,2,9,1
2020-02-10,2020,2,10,1
2020-02-11,2020,2,11,1
2020-02-12,2020,2,12,1
2020-02-13,2020,2,13,1
2020-02-14,2020,2,14,1
2020-02-15,2020,2,15,1
2020-02-16,2020,2,16,1
2020-02-17,2020,2,17,1
2020-02-18,2020,2,18,1
2020-02-19,2020,2,19,1
2020-02-20,2020,2,20,1
2020-02-21,2020,2,21,1
2020-02-22,2020,2,22,1
2020-02-23,2020,2,23,1
2020-02-24,2020,2,24,1
2020-02-25,2020,2,25,1
2020-02-26,2020,2,26,1
2020-02-27,2020,2,27,1
2020-02-28,2020,2,28,1
2020-02-29,2020,2,29,1
2020-03-01,2020,3,1,1
2020-03-02,2020,3,2,1
2020-03-03,2020,3,3,1
2020-03-04,2020,3,4,1
2020-03-05,2020,3,5,1
2020-03-06,2020,3,6,1
2020-03-07,2020,3,7,1
2020-03-08,2020,3,8,1
2020-03-09,2020,3,9,1
2020-03-10,2020,3,10,1
2020-03-11,2020,3,11,1
2020-03-12,2020,3,12,1
2020-03-13,2020,3,13,1
2020-03-14,2020,3,14,1
2020-03-15,2020,3,15,1
2020-03-16,2020,3,16,1
2020-03-17,2020,3,17,1
2020-03-18,2020,3,18,1
2020-03-19,2020,3,19,1
2020-03-20,2020,3,20,1
2020-03-21,2020,3,21,1
2020-03-22,2020,3,22,1
2020-03-23,2020,3,23,1
2020-03-24,2020,3,24,1
2020-03-25,2020,3,25,1
2020-03-26,2020,3,26,1
2020-03-27,2020,3,27,1
2020-03-28,2020,3,28,1
2020-03-29,2020,3,29,1
2020-03-30,2020,3,30,1
2020-03-31,2020,3,31,1
2020-04-01,2020,4,1,1
2020-04-02,2020,4,2,1
2020-04-03,2020,4,3,1
2020-04-04,2020,4,4,1
2020-04-05,2020,4,5,1
2020-04-06,2020,4,6,1
2020-04-07,2020,4,7,1
2020-04-08,2020,4,8,1
2020-04-09,2020,4,9,1
2020-04-10,2020,4,10,1
2020-04-11,2020,4,11,1
2020-04-12,2020,4,12,1
2020-04-13,2020,4,13,1
2020-04-14,2020,4,14,1
2020-04-15,2020,4,15,1
2020-04-16,2020,4,16,1
2020-04-17,2020,4,17,1
2020-04-18,2020,4,18,1
2020-04-19,2020,4,19,1
2020-04-20,2020,4,20,1
2020-04-21,2020,4,21,1
2020-04-22,2020,4,22,1
2020-04-23,2020,4,23,1
2020-04-24,2020,4,24,1
2020-04-25,2020,4,25,1
2020-04-26,2020,4,26,1
2020-04-27,2020,4,27,1
2020-04-28,2020,4,28,1
2020-04-29,2020,4,29,1
2020-04-30,2020,4,30,1
2020-05-01,2020,5,1,1
2020-05-02,2020,5,2,1
2020-05-03,2020,5,3,1
2020-05-04,2020,5,4,1
2020-05-05,2020,5,5,1
2020-05-06,2020,5,6,1
2020-05-07,2020,5,7,1
2020-05-08,2020,5,8,1
2020-05-09,2020,5,9,1
2020-05-10,2020,5,10,1
2020-05-11,2020,5,11,1
2020-05-12,2020,5,12,1
2020-05-13,2020,5,13,1
2020-05-14,2020,5,14,1
2020-05-15,2020,5,15,1
2020-05-16,2020,5,16,1
2020-05-17,2020,5,17,1
2020-05-18,2020,5,18,1
2020-05-19,2020,5,19,1
2020-05-20,2020,5,20,1
2020-05-21,2020,5,21,1
2020-05-22,2020,5,22,1
2020-05-23,2020,5,23,1
2020-05-24,2020,5,24,1
2020-05-25,2020,5,25,1
2020-05-26,2020,5,26,1
2020-05-27,2020,5,27,1
2020-05-28,2020,5,28,1
2020-05-29,2020,5,29,1
2020-05-30,2020,5,30,1
2020-05-31,2020,5,31,1
2020-06-01,2020,6,1,1
2020-06-02,2020,6,2,1
2020-06-03,2020,6,3,1
2020-06-04,2020,6,4,1
2020-06-05,2020,6,5,1
2020-06-06,2020,6,6,1
2020-06-07,2020,6,7,1
