id_periode,id_petani,bulan_tanam,luas_tanam_m2,bulan_panen,luas_panen_m2,produksi_dalam_gunca,gunca_kg,pengeluaran_rp,harga_jual_perkg,hasil_panen_dijual,status_pengelolaan,jml_tanam_padi_1th,jenis_lahan,air_multi_tanam,pemupukan,jenis_pupuk,pengendalian_hama,jenis_hama,penyakit_padi,pestisida,pengendalian_gulma,cara_pengendalian_gulma
PRD001,PTN001,nov - jan,3000,Januari,3000,5.0,900,5.000.000,8000,Tidak,Milik sendiri,2,Sawah irigasi,Tidak Mencukupi,Ada pemupukan,"NPK, Pupuk urea",Ada,"Wereng, walang sangit",Busuk batang,Ada,Ada,Mencabut rumput
PRD002,PTN001,mei - juli,3000,September,3000,5.0,900,5.000.000,8000,Tidak,Milik sendiri,2,Sawah irigasi,Tidak Mencukupi,Ada pemupukan,"Pupuk urea, NPK",Ada,"Wereng, walang sangit",Busuk batang,Ada,Ada,Mencabut rumput
PRD003,PTN002,nov - jan,5000,Januari,5000,8.0,1440,3.000.000,8000,Tidak,Bagi hasil,2,Sawah irigasi,Tidak Mencukupi,Ada pemupukan,"Pupuk urea, NPK",Ada,"walang sangit, Wereng, Tikus",Busuk batang,Ada,Ada,Mencabut rumput
PRD004,PTN002,mei - juli,5000,September,5000,8.0,1440,3.000.000,8000,Tidak,Bagi hasil,2,Sawah irigasi,Tidak Mencukupi,Ada pemupukan,"Pupuk urea, NPK",Ada,"walang sangit, Wereng",Busuk batang,Ada,Ada,Mencabut rumput
PRD005,PTN003,nov - jan,5000,November,5000,14.0,2520,2.000.000,6500,Ya sebagian,Bagi hasil,2,Sawah irigasi,Tidak Mencukupi,Ada pemupukan,"Pupuk urea, NPK",Ada,"Siput Murbai/Keong, Wereng",Busuk batang,Ada,Ada,Mencabut rumput
PRD006,PTN003,feb - apr,5000,Maret,5000,14.0,2520,2.000.000,6500,Ya sebagian,Bagi hasil,2,Sawah irigasi,Tidak Mencukupi,Ada pemupukan,"Pupuk urea, NPK",Ada,Siput Murbai/Keong,Busuk batang,Ada,Ada,Mencabut rumput
PRD007,PTN004,nov - jan,3000,Januari,3000,2.0,360,2.000.000,7000,Tidak,Bagi hasil,2,Sawah irigasi,Tidak Mencukupi,Ada pemupukan,"Pupuk urea, NPK",Ada,"walang sangit, Belalang, Siput Murbai/Keong",Busuk batang,Ada,Ada,Mencabut rumput
PRD008,PTN004,mei - juli,3000,September,3000,2.0,360,2.000.000,7000,Tidak,Bagi hasil,2,Sawah irigasi,Tidak Mencukupi,Ada pemupukan,"Pupuk urea, NPK",Ada,"walang sangit, Belalang, Siput Murbai/Keong",Busuk batang,Ada,Ada,Mencabut rumput
PRD009,PTN005,nov - jan,2000,Maret,2000,6.0,1080,1.000.000,6500,Tidak,Bagi hasil,2,Sawah irigasi,Tidak Mencukupi,Ada pemupukan,"Pupuk urea, NPK, Pupuk Kandang",Ada,"walang sangit, Siput Murbai/Keong, Tikus",Busuk batang,Ada,Ada,Mencabut rumput
PRD010,PTN005,mei - juli,2000,September,2000,6.0,1080,1.000.000,6500,Tidak,Bagi hasil,2,Sawah irigasi,Tidak Mencukupi,Ada pemupukan,"Pupuk urea, NPK, Pupuk Kandang",Ada,"walang sangit, Siput Murbai/Keong",Busuk batang,Ada,Ada,Mencabut rumput
PRD011,PTN006,nov - jan,3000,Maret,3000,2.0,360,2.000.000,6500,Tidak,Milik sendiri,2,Sawah irigasi,Tidak Mencukupi,Ada pemupukan,"Pupuk urea, NPK, Pupuk SP-36, Pupuk kompos",Ada,"Wereng, walang sangit, Belalang, Siput Murbai/Keong","Bercak daun, Busuk batang",Ada,Ada,Mencabut rumput
PRD012,PTN006,mei - juli,3000,September,3000,2.0,360,2.000.000,6500,Tidak,Milik sendiri,2,Sawah irigasi,Tidak Mencukupi,Ada pemupukan,"Pupuk urea, NPK, Pupuk SP-36, Pupuk kompos",Ada,"Wereng, walang sangit, Belalang, Siput Murbai/Keong","Bercak daun, Busuk batang",Ada,Ada,Mencabut rumput
PRD013,PTN007,nov - jan,3000,April,3000,3.5,630,2.500.000,8500,Tidak,Bagi hasil,2,Kombinasi irigasi dan tadah hujan,Tidak Mencukupi,Ada pemupukan,"Pupuk urea, NPK, Pupuk SP-36",Ada,"Tikus, Tulo/burung pipit, walang sangit, Siput Murbai/Keong",Busuk batang,Ada,Ada,Mencabut rumput
PRD014,PTN007,mei - juli,3000,September,3000,3.5,630,2.500.000,8000,Tidak,Bagi hasil,2,Kombinasi irigasi dan tadah hujan,Tidak Mencukupi,Ada pemupukan,"Pupuk urea, NPK, Pupuk SP-36",Ada,"Tikus, Tulo/burung pipit, walang sangit, Siput Murbai/Keong",Busuk batang,Ada,Ada,Mencabut rumput
PRD015,PTN008,nov - jan,4000,Maret,4000,9.0,1620,2.000.000,7000,Ya sebagian,Bagi hasil,2,Sawah irigasi,Tidak Mencukupi,Ada pemupukan,"Pupuk urea, NPK, Pupuk SP-36",Ada,"Wereng, Siput Murbai/Keong",Busuk batang,Ada,Ada,Mencabut rumput
PRD016,PTN008,mei - juli,4000,September,4000,9.0,1620,2.000.000,7000,Ya sebagian,Bagi hasil,2,Sawah irigasi,Tidak Mencukupi,Ada pemupukan,"Pupuk urea, NPK, Pupuk SP-36",Ada,"Wereng, Siput Murbai/Keong",Busuk batang,Ada,Ada,Mencabut rumput
PRD017,PTN009,nov - jan,2000,Maret,2000,3.0,540,2.000.000,7000,Tidak,Bagi hasil,2,Sawah irigasi,Tidak Mencukupi,Ada pemupukan,"Pupuk urea, NPK",Ada,"Wereng, walang sangit, Siput Murbai/Keong","Bercak daun, Busuk batang",Ada,Ada,Mencabut rumput
PRD018,PTN009,mei - juli,2000,September,2000,3.0,540,2.000.000,7000,Tidak,Bagi hasil,2,Sawah irigasi,Tidak Mencukupi,Ada pemupukan,"Pupuk urea, NPK",Ada,"Wereng, walang sangit, Siput Murbai/Keong","Bercak daun, Busuk batang",Ada,Ada,Mencabut rumput
PRD019,PTN010,nov - jan,4000,Maret,4000,9.0,1620,2.500.000,7000,Ya sebagian,Milik sendiri,2,Kombinasi irigasi dan tadah hujan,Tidak Mencukupi,Ada pemupukan,"Pupuk urea, NPK, Pupuk SP-36",Ada,"Wereng, walang sangit, Belalang, Siput Murbai/Keong","Bercak daun, Busuk batang, Blas",Ada,Ada,Mencabut rumput
PRD020,PTN010,mei - juli,4000,September,4000,9.0,1620,2.500.000,7000,Ya sebagian,Milik sendiri,2,Kombinasi irigasi dan tadah hujan,Tidak Mencukupi,Ada pemupukan,"Pupuk urea, NPK, Pupuk SP-36",Ada,"Wereng, walang sangit, Belalang, Siput Murbai/Keong","Bercak daun, Busuk batang",Ada,Ada,Mencabut rumput
PRD021,PTN011,nov - jan,1000,Januari,1000,4.0,720,1.000.000,5000,Tidak,Bagi hasil,2,Sawah irigasi,Tidak Mencukupi,Ada pemupukan,"Pupuk urea, NPK, Pupuk SP-36",Ada,Tikus,Bercak daun,Ada,Ada,Mencabut rumput
PRD022,PTN011,mei - juli,1000,September,1000,4.0,720,1.000.000,5000,Tidak,Bagi hasil,2,Sawah irigasi,Tidak Mencukupi,Ada pemupukan,"Pupuk urea, NPK, Pupuk SP-36",Ada,Tikus,Bercak daun,Ada,Ada,Mencabut rumput
PRD023,PTN012,nov - jan,3000,Januari,3000,8.0,1440,3.000.000,6500,Ya sebagian,Milik sendiri,2,Kombinasi irigasi dan tadah hujan,Tidak Mencukupi,Ada pemupukan,"Pupuk urea, NPK, Pupuk SP-36, KCL",Ada,"Tikus, Wereng, Tulo/burung pipit, walang sangit, Hama putih, Belalang, Siput Murbai/Keong","Hawar daun bakteri, Bercak daun, Busuk batang",Ada,Ada,Mencabut rumput
PRD024,PTN012,mei - juli,3000,September,3000,8.0,1440,3.000.000,7000,Ya sebagian,Milik sendiri,2,Kombinasi irigasi dan tadah hujan,Tidak Mencukupi,Ada pemupukan,"Pupuk urea, NPK, Pupuk SP-36, KCL",Ada,"Tikus, Wereng, Tulo/burung pipit, walang sangit, Hama putih , Belalang, Siput Murbai/Keong","Hawar daun bakteri, Bercak daun, Busuk batang",Ada,Ada,Mencabut rumput
PRD025,PTN013,nov - jan,3000,Maret,3000,6.0,1080,2.500.000,7000,Ya sebagian,Bagi hasil,2,Kombinasi irigasi dan tadah hujan,Tidak Mencukupi,Ada pemupukan,"Pupuk urea, NPK, Pupuk SP-36, KCL, Pupuk Kandang",Ada,"Tikus, Wereng, Tulo/burung pipit, walang sangit, Belalang, Siput Murbai/Keong","Hawar daun bakteri, Bercak daun, Busuk batang",Ada,Ada,Mencabut rumput
PRD026,PTN013,mei - juli,3000,September,3000,6.0,1080,2.000.000,8000,Ya sebagian,Bagi hasil,2,Kombinasi irigasi dan tadah hujan,Tidak Mencukupi,Ada pemupukan,"Pupuk urea, NPK, Pupuk SP-36, KCL, Pupuk Kandang",Ada,"Tikus, Wereng, Tulo/burung pipit, walang sangit, Belalang, Siput Murbai/Keong","Hawar daun bakteri, Bercak daun, Busuk batang",Ada,Ada,Mencabut rumput
PRD027,PTN014,mei - juli,2500,September,2500,7.0,1260,2.000.000,6500,Ya seluruhnya,Bagi hasil,2,Sawah irigasi,Tidak Mencukupi,Ada pemupukan,"Pupuk urea, NPK, Pupuk SP-36",Ada,"Tikus, Wereng, Tulo/burung pipit, penggerek batang padi, walang sangit, Hama putih , Belalang, Kepinding, Siput Murbai/Keong","Blas, Hawar daun bakteri, Tungro, Bercak daun, Busuk batang",Ada,Ada,Mencabut rumput
PRD028,PTN015,agt - okt,2500,Desember,2500,7.0,1260,2.000.000,6500,Ya seluruhnya,Bagi hasil,2,Sawah irigasi,Tidak Mencukupi,Ada pemupukan,"Pupuk urea, NPK, Pupuk SP-36",Ada,"Tikus, Wereng, Tulo/burung pipit, penggerek batang padi, walang sangit, Hama putih , Belalang, Kepinding, Siput Murbai/Keong","Blas, Hawar daun bakteri, Tungro, Bercak daun, Busuk batang",Ada,Ada,Mencabut rumput
PRD029,PTN016,mei - juli,350,September,350,1.0,180,300.000,6500,Ya sebagian,Bagi hasil,2,Sawah irigasi,Tidak Mencukupi,Ada pemupukan,"Pupuk urea, NPK, Pupuk SP-36, Pupuk kompos",Ada,"Tikus, Wereng, Tulo/burung pipit, penggerek batang padi, walang sangit, Hama putih, Belalang, Siput Murbai/Keong","Blas, Bercak daun, Busuk batang",Ada,Ada,Mencabut rumput
PRD030,PTN016,agt - okt,350,November,350,1.0,180,300.000,6500,Ya sebagian,Bagi hasil,2,Sawah irigasi,Tidak Mencukupi,Ada pemupukan,"Pupuk urea, NPK, Pupuk SP-36, Pupuk kompos",Ada,"Tikus, Wereng, Tulo/burung pipit, penggerek batang padi, walang sangit, Hama putih, Belalang, Siput Murbai/Keong","Blas, Bercak daun, Busuk batang",Ada,Ada,Mencabut rumput
PRD031,PTN017,nov - jan,500,Maret,500,3.0,540,1.000.000,6500,Ya sebagian,Bagi hasil,2,Sawah irigasi,Tidak Mencukupi,Ada pemupukan,"Pupuk urea, NPK, Pupuk SP-36",Ada,"Tikus, Wereng, Tulo/burung pipit, penggerek batang padi, walang sangit, Hama putih, Belalang","Blas, Bercak daun, Busuk batang",Ada,Ada,Mencabut rumput
PRD032,PTN017,mei - juli,500,September,500,4.0,720,1.000.000,6500,Ya sebagian,Bagi hasil,2,Sawah irigasi,Tidak Mencukupi,Ada pemupukan,"Pupuk urea, NPK, Pupuk SP-36",Ada,"Tikus, Wereng, Tulo/burung pipit, penggerek batang padi, walang sangit, Hama putih, Belalang","Blas, Bercak daun, Busuk batang",Ada,Ada,Mencabut rumput
PRD033,PTN018,nov - jan,2000,Maret,2000,10.0,1800,2.500.000,6500,Ya sebagian,Bagi hasil,2,Kombinasi irigasi dan tadah hujan,Tidak Mencukupi,Ada pemupukan,"Pupuk urea, NPK, Pupuk SP-36, KCL",Ada,"Tikus, Wereng, Tulo/burung pipit, walang sangit, Hama putih, Belalang, Siput Murbai/Keong","Blas, Bercak daun, Busuk batang",Ada,Ada,Mencabut rumput
PRD034,PTN018,mei - juli,2000,September,2000,10.0,1800,2.500.000,7000,Ya sebagian,Bagi hasil,2,Kombinasi irigasi dan tadah hujan,Tidak Mencukupi,Ada pemupukan,"Pupuk urea, NPK, Pupuk SP-36, KCL",Ada,"Tikus, Wereng, Tulo/burung pipit, walang sangit, Hama putih, Belalang, Siput Murbai/Keong","Blas, Bercak daun, Busuk batang",Ada,Ada,Mencabut rumput
PRD035,PTN019,nov - jan,1000,Maret,1000,3.0,540,2.500.000,6500,Ya sebagian,Bagi hasil,2,Tegalan/ladang,Tidak Mencukupi,Ada pemupukan,"Pupuk urea, NPK, Pupuk SP-36",Ada,"Tikus, Wereng, walang sangit, Tulo/burung pipit, Belalang, Hama putih, Siput Murbai/Keong","Blas, Bercak daun, Busuk batang",Ada,Ada,Mencabut rumput
PRD036,PTN019,mei - juli,1000,September,1000,3.0,540,2.500.000,6500,Ya sebagian,Bagi hasil,2,Tegalan/ladang,Tidak Mencukupi,Ada pemupukan,"Pupuk urea, NPK, Pupuk SP-36",Ada,"Tikus, Wereng, walang sangit, Tulo/burung pipit, Belalang, Hama putih, Siput Murbai/Keong","Blas, Bercak daun, Busuk batang",Ada,Ada,Mencabut rumput
PRD037,PTN020,feb - apr,5000,April,5000,11.1,2000,5.000.000,6500,Ya sebagian,Bagi hasil,2,Sawah irigasi,Mencukupi,Ada pemupukan,"Pupuk urea, NPK, Pupuk SP-36",Ada,"Hama putih, Tikus, Siput Murbai/Keong","Blas, Bercak daun, Busuk batang",Ada,Ada,Mencabut rumput
PRD038,PTN020,mei - juli,5000,November,5000,11.1,2000,5.000.000,6500,Ya sebagian,Bagi hasil,2,Sawah irigasi,Mencukupi,Ada pemupukan,"Pupuk urea, NPK, Pupuk SP-36",Ada,"Tikus, Hama putih, Siput Murbai/Keong",TIDAK ADA,Ada,Ada,Menyemprot rumput
PRD039,PTN021,nov - jan,1500,April,1500,6.0,1080,2.000.000,6500,Ya sebagian,Milik sendiri,2,Sawah irigasi,Mencukupi,Ada pemupukan,"Pupuk urea, NPK",Ada,"Tikus, Siput Murbai/Keong",TIDAK ADA,Ada,Tidak,Tidak Ada
PRD040,PTN021,mei - juli,1500,Oktober,1500,6.0,1080,2.000.000,6500,Ya sebagian,Milik sendiri,2,Sawah irigasi,Mencukupi,Ada pemupukan,"Pupuk urea, NPK",Ada,"Siput Murbai/Keong, Tikus",TIDAK ADA,Ada,Tidak,Tidak Ada
PRD041,PTN022,nov - jan,1500,Februari,1500,1.7,300,1.500.000,6500,Tidak,Bagi hasil,2,Sawah irigasi,Mencukupi,Ada pemupukan,"Pupuk urea, NPK",Ada,"Tikus, Siput Murbai/Keong",Blas,Ada,Ada,Mencabut rumbut dan Menyemprot rumput
PRD042,PTN022,nov - jan,1300,Maret,1300,4.9,880,2.000.000,6500,Ya sebagian,Bagi hasil,2,Sawah irigasi,Mencukupi,Ada pemupukan,"Pupuk urea, NPK, Pupuk SP-36",Ada,"Tikus, Wereng, Tulo/burung pipit, walang sangit, Siput Murbai/Keong","Bercak daun, Busuk batang",Ada,Ada,Mencabut rumput
PRD043,PTN023,mei - juli,1300,Oktober,1300,4.9,880,2.000.000,6500,Ya sebagian,Bagi hasil,2,Sawah irigasi,Mencukupi,Ada pemupukan,"Pupuk urea, NPK, Pupuk SP-36",Ada,"Tikus, Wereng, Tulo/burung pipit, walang sangit, Siput Murbai/Keong","Bercak daun, Busuk batang",Ada,Ada,Mencabut rumput
PRD044,PTN024,mei - juli,1500,Oktober,1500,1.7,300,1.500.000,6500,Tidak,Bagi hasil,2,Sawah irigasi,Mencukupi,Ada pemupukan,"Pupuk urea, NPK",Ada,"Tikus, Siput Murbai/Keong",Blas,Ada,Ada,Mencabut rumbut dan Menyemprot rumput
PRD045,PTN024,nov - jan,1000,April,1000,3.0,540,500.000,6500,Tidak,Bagi hasil,2,Sawah irigasi,Mencukupi,Ada pemupukan,"Pupuk urea, NPK",Ada,"Tikus, Siput Murbai/Keong",Bercak daun,Ada,Ada,Mencabut rumput
PRD046,PTN025,mei - juli,1000,Oktober,1000,3.0,540,500.000,6500,Tidak,Bagi hasil,2,Sawah irigasi,Mencukupi,Ada pemupukan,"Pupuk urea, NPK",Ada,"Tikus, Siput Murbai/Keong",Bercak daun,Ada,Ada,Mencabut rumput
PRD047,PTN025,nov - jan,2200,April,2200,6.0,1080,1.500.000,6500,Ya sebagian,Bagi hasil,2,Sawah irigasi,Mencukupi,Ada pemupukan,"Pupuk urea, NPK",Ada,"Tikus, Siput Murbai/Keong","Blas, Bercak daun, Busuk batang",Ada,Ada,Mencabut rumput
PRD048,PTN026,mei - juli,2200,Oktober,2200,6.0,1080,1.500.000,6500,Ya sebagian,Bagi hasil,2,Sawah irigasi,Mencukupi,Ada pemupukan,"Pupuk urea, NPK",Ada,"Tikus, Siput Murbai/Keong","Blas, Bercak daun, Busuk batang",Ada,Ada,Mencabut rumput
PRD049,PTN026,nov - jan,2300,April,2300,8.0,1440,2.000.000,6500,Ya sebagian,Bagi hasil,2,Sawah irigasi,Mencukupi,Ada pemupukan,"Pupuk urea, NPK",Ada,"Tikus, Siput Murbai/Keong",Hawar daun bakteri,Ada,Tidak,Tidak Ada
PRD050,PTN027,mei - juli,2300,Oktober,2300,7.0,1260,2.000.000,6500,Ya sebagian,Bagi hasil,2,Sawah irigasi,Mencukupi,Ada pemupukan,"Pupuk urea, NPK",Ada,"Tikus, Siput Murbai/Keong",Hawar daun bakteri,Ada,Tidak,Tidak Ada
PRD051,PTN027,nov - jan,2000,April,2000,4.0,720,800.000,6500,Ya sebagian,Bagi hasil,2,Sawah irigasi,Mencukupi,Ada pemupukan,"Pupuk urea, NPK",Ada,"Tikus, Hama putih , Siput Murbai/Keong","Blas, Bercak daun",Ada,Ada,Mencabut rumput
PRD052,PTN028,mei - juli,2000,Oktober,2000,4.0,720,800.000,6500,Ya sebagian,Bagi hasil,2,Sawah irigasi,Mencukupi,Ada pemupukan,"Pupuk urea, NPK",Ada,"Tikus, Hama putih , Siput Murbai/Keong","Blas, Bercak daun",Ada,Ada,Mencabut rumput
PRD053,PTN028,nov - jan,6000,Maret,6000,16.7,3000,8.000.000,6500,Ya sebagian,Bagi hasil,2,Sawah irigasi,Mencukupi,Ada pemupukan,"Pupuk urea, NPK",Ada,"Tikus, Siput Murbai/Keong","Bercak daun, Blas",Ada,Ada,Mencabut rumput
PRD054,PTN029,mei - juli,6000,Oktober,6000,16.7,3000,8.000.000,6500,Ya sebagian,Bagi hasil,2,Sawah irigasi,Mencukupi,Ada pemupukan,"Pupuk urea, NPK",Ada,"Tikus, Siput Murbai/Keong","Bercak daun, Blas",Ada,Ada,Mencabut rumput
PRD055,PTN029,nov - jan,1000,Maret,1000,2.0,360,800.000,6500,Ya sebagian,Bagi hasil,2,Sawah irigasi,Mencukupi,Ada pemupukan,"Pupuk urea, NPK",Ada,"Tikus, Hama putih , Siput Murbai/Keong","Blas, Bercak daun",Ada,Ada,Mencabut rumput
PRD056,PTN030,mei - juli,1000,Oktober,1000,2.0,360,800.000,6500,Ya sebagian,Bagi hasil,2,Sawah irigasi,Mencukupi,Ada pemupukan,"Pupuk urea, NPK",Ada,"Tikus, Hama putih , Siput Murbai/Keong","Blas, Bercak daun",Ada,Ada,Mencabut rumput
PRD057,PTN030,nov - jan,4000,Maret,4000,9.0,1620,3.000.000,6500,Ya sebagian,Bagi hasil,2,Sawah irigasi,Mencukupi,Ada pemupukan,"Pupuk urea, NPK",Ada,"Tikus, Siput Murbai/Keong",TIDAK ADA,Ada,Ada,Mencabut rumbut dan Menyemprot rumput
PRD058,PTN031,mei - juli,4000,Oktober,4000,9.0,1620,3.000.000,6500,Ya sebagian,Bagi hasil,2,Sawah irigasi,Mencukupi,Ada pemupukan,"Pupuk urea, NPK",Ada,"Tikus, Siput Murbai/Keong",TIDAK ADA,Ada,Ada,Mencabut rumbut dan Menyemprot rumput
PRD059,PTN031,nov - jan,800,Maret,800,2.0,360,1.000.000,6500,Ya sebagian,Milik sendiri,2,Sawah irigasi,Mencukupi,Ada pemupukan,"Pupuk urea, NPK",Ada,"Tikus, Hama putih, Siput Murbai/Keong","Blas, Bercak daun",Ada,Ada,Mencabut rumput
PRD060,PTN032,mei - juli,800,Oktober,800,2.0,360,1.000.000,6500,Ya sebagian,Milik sendiri,2,Sawah irigasi,Mencukupi,Ada pemupukan,"Pupuk urea, NPK",Ada,"Tikus, Hama putih , Siput Murbai/Keong","Blas, Bercak daun",Ada,Ada,Mencabut rumput
PRD061,PTN032,feb - apr,1200,April,1200,4.0,720,2.000.000,6500,Ya sebagian,Bagi hasil,2,Sawah irigasi,Mencukupi,Ada pemupukan,"Pupuk urea, NPK",Ada,"Tikus, Siput Murbai/Keong",TIDAK ADA,Ada,Ada,Mencabut rumput
PRD062,PTN033,agt - okt,1200,Oktober,1200,4.0,720,2.000.000,6500,Ya sebagian,Bagi hasil,2,Sawah irigasi,Mencukupi,Ada pemupukan,"Pupuk urea, NPK",Ada,"Tikus, Siput Murbai/Keong",TIDAK ADA,Ada,Tidak,Tidak Ada
PRD063,PTN033,feb - apr,3000,April,3000,12.2,2200,1.500.000,6500,Ya seluruhnya,Bagi hasil,2,Sawah irigasi,Mencukupi,Ada pemupukan,"Pupuk urea, NPK",Ada,"Tikus, Siput Murbai/Keong, Belalang",TIDAK ADA,Ada,Ada,Mencabut rumput
PRD064,PTN034,agt - okt,3000,Oktober,3000,12.2,2200,1.500.000,6500,Ya seluruhnya,Bagi hasil,2,Sawah irigasi,Mencukupi,Ada pemupukan,"Pupuk urea, NPK",Ada,"Tikus, Siput Murbai/Keong, Belalang",TIDAK ADA,Tidak,Ada,Mencabut rumput
PRD065,PTN034,feb - apr,1800,Maret,1800,2.0,360,2.000.000,6500,Ya sebagian,Bagi hasil,2,Sawah irigasi,Mencukupi,Ada pemupukan,"Pupuk urea, NPK, Pupuk SP-36",Ada,"Tikus, Siput Murbai/Keong, Wereng",Blas,Tidak,Ada,Mencabut rumput
PRD066,PTN035,agt - okt,1800,Maret,1800,2.0,360,2.000.000,6500,Ya sebagian,Bagi hasil,2,Sawah irigasi,Mencukupi,Ada pemupukan,"Pupuk urea, NPK, Pupuk SP-36",Ada,"Tikus, Siput Murbai/Keong, Wereng",Blas,Tidak,Ada,Mencabut rumput
PRD067,PTN035,nov - jan,4000,April,4000,10.0,1800,5.000.000,6500,Ya sebagian,Bagi hasil,2,Sawah irigasi,Mencukupi,Ada pemupukan,"Pupuk urea, NPK",Ada,"Tikus, Wereng, Hama putih, Siput Murbai/Keong","Tungro, Busuk batang",Ada,Ada,Mencabut rumput
PRD068,PTN036,mei - juli,4000,Oktober,4000,10.0,1800,5.000.000,6500,Ya sebagian,Bagi hasil,2,Sawah irigasi,Mencukupi,Ada pemupukan,"Pupuk urea, NPK",Ada,"Tikus, Wereng, Hama putih, Siput Murbai/Keong","Tungro, Busuk batang",Ada,Ada,Mencabut rumput
PRD069,PTN037,nov - jan,2000,Maret,2000,10.0,1800,2.000.000,6500,Tidak,Milik sendiri,2,Sawah irigasi,Mencukupi,Ada pemupukan,"Pupuk urea, NPK",Ada,"Tikus, Wereng, Hama putih, Siput Murbai/Keong",Busuk batang,Ada,Ada,Mencabut rumput
PRD070,PTN037,mei - juli,2000,Oktober,2000,10.0,1800,2.000.000,6500,Tidak,Milik sendiri,2,Sawah irigasi,Mencukupi,Ada pemupukan,"Pupuk urea, NPK",Ada,"Tikus, Wereng, Hama putih, Siput Murbai/Keong",Busuk batang,Ada,Ada,Mencabut rumput
PRD071,PTN038,nov - jan,2000,Maret,2000,3.0,600,500.000,6500,Tidak,Bagi hasil,2,Sawah irigasi,Mencukupi,Ada pemupukan,"Pupuk urea, NPK",Ada,"Tikus, Belalang, Siput Murbai/Keong",Bercak daun,Tidak,Tidak,Mencabut rumput
PRD072,PTN038,mei - juli,2000,Oktober,2000,3.0,600,500.000,6500,Tidak,Bagi hasil,2,Sawah irigasi,Mencukupi,Ada pemupukan,"Pupuk urea, NPK",Ada,"Tikus, Belalang, Siput Murbai/Keong",Bercak daun,Tidak,Tidak,Mencabut rumput
PRD073,PTN039,nov - jan,1000,Maret,1000,3.0,600,1.600.000,6500,Ya sebagian,Milik sendiri,2,Sawah irigasi,Mencukupi,Ada pemupukan,"Pupuk urea, NPK, Pupuk SP-36, Pupuk Kandang",Ada,"Tikus, Wereng, Siput Murbai/Keong",TIDAK ADA,Ada,Ada,Mencabut rumput
PRD074,PTN040,mei - juli,1000,Oktober,1000,3.0,600,1.600.000,6500,Ya sebagian,Milik sendiri,2,Sawah irigasi,Mencukupi,Ada pemupukan,"Pupuk urea, NPK, Pupuk SP-36, Pupuk Kandang",Ada,"Tikus, Wereng, Siput Murbai/Keong",TIDAK ADA,Ada,Ada,Mencabut rumput
PRD075,PTN041,nov - jan,4000,April,4000,8.0,1440,3.000.000,6500,Ya sebagian,Bagi hasil,2,Sawah irigasi,Tidak Mencukupi,Ada pemupukan,"Pupuk urea, NPK, Pupuk SP-36",Ada,"Wereng, Hama putih, Siput Murbai/Keong","Blas, Bercak daun",Ada,Ada,Mencabut rumput
PRD076,PTN042,mei - juli,4000,Oktober,4000,1.0,180,1.000.000,6500,Ya sebagian,Bagi hasil,2,Sawah irigasi,Tidak Mencukupi,Ada pemupukan,"Pupuk urea, NPK, Pupuk SP-36",Ada,"Wereng, Hama putih, Siput Murbai/Keong","Blas, Bercak daun",Ada,Ada,Mencabut rumput
PRD077,PTN042,des - feb,3200,Maret,3200,15.0,2700,2.000.000,6500,Tidak,Bagi hasil,1,Kombinasi irigasi dan tadah hujan,Tidak Mencukupi,Ada pemupukan,"Pupuk urea, NPK, Pupuk SP-36",Ada,"Wereng, penggerek batang padi, Tikus, walang sangit","Blas, Busuk batang",Ada,Ada,Mencabut rumput
PRD078,PTN043,des - feb,3500,Maret,3500,7.0,1260,2.500.000,6500,Tidak,Bagi hasil,1,Kombinasi irigasi dan tadah hujan,Tidak Mencukupi,Ada pemupukan,"Pupuk urea, NPK, Pupuk SP-36",Ada,"Wereng, penggerek batang padi, Tikus, walang sangit","Blas, Busuk batang",Ada,Ada,Mencabut rumput
PRD079,PTN044,des - feb,3000,Maret,3000,7.0,1260,2.200.000,6500,Tidak,Bagi hasil,1,Kombinasi irigasi dan tadah hujan,Tidak Mencukupi,Ada pemupukan,"Pupuk urea, NPK, Pupuk SP-36",Ada,"Wereng, penggerek batang padi, Tikus, walang sangit","Blas, Busuk batang",Ada,Ada,Mencabut rumput
PRD080,PTN044,des - feb,2700,Maret,2700,7.0,1260,2.500.000,6500,Tidak,Bagi hasil,1,Kombinasi irigasi dan tadah hujan,Tidak Mencukupi,Ada pemupukan,"Pupuk urea, NPK, Pupuk SP-36",Ada,"Wereng, penggerek batang padi, Tikus, walang sangit","Blas, Busuk batang",Ada,Ada,Mencabut rumput
PRD081,PTN045,des - feb,5000,Maret,5000,7.0,1260,5.000.000,6500,Ya sebagian,Bagi hasil,1,Kombinasi irigasi dan tadah hujan,Tidak Mencukupi,Ada pemupukan,"Pupuk urea, NPK, Pupuk SP-36",Ada,"Wereng, penggerek batang padi, Tikus, walang sangit","Blas, Busuk batang",Ada,Ada,Mencabut rumput
PRD082,PTN045,des - feb,3500,Maret,3500,7.5,1350,2.500.000,6500,Ya sebagian,Milik sendiri,1,Kombinasi irigasi dan tadah hujan,Tidak Mencukupi,Ada pemupukan,"Pupuk urea, NPK, Pupuk SP-36",Ada,"Tikus, Wereng, walang sangit, Belalang, Siput Murbai/Keong","Blas, Bercak daun, Busuk batang",Ada,Ada,Mencabut rumput
PRD083,PTN046,des - feb,3000,Maret,3000,7.0,1260,2.500.000,6500,Tidak,Bagi hasil,1,Kombinasi irigasi dan tadah hujan,Tidak Mencukupi,Ada pemupukan,"Pupuk urea, NPK, Pupuk Kandang",Ada,"Tikus, Wereng, walang sangit, Belalang, Siput Murbai/Keong","Blas, Hawar daun bakteri, Bercak daun, Busuk batang",Ada,Ada,Mencabut rumput
PRD084,PTN047,des - feb,3200,Maret,3200,7.5,1350,2.700.000,6500,Ya sebagian,Milik sendiri,1,Kombinasi irigasi dan tadah hujan,Tidak Mencukupi,Ada pemupukan,"Pupuk urea, NPK, Pupuk SP-36",Ada,"Tikus, Wereng, walang sangit, Siput Murbai/Keong","Blas, Bercak daun, Hawar daun bakteri, Busuk batang",Ada,Ada,Mencabut rumput
PRD085,PTN048,des - feb,3500,Maret,3500,7.5,1350,2.700.000,6500,Tidak,Milik sendiri,1,Kombinasi irigasi dan tadah hujan,Tidak Mencukupi,Ada pemupukan,"Pupuk urea, NPK, Pupuk SP-36, Pupuk Kandang",Ada,"Tikus, Wereng, walang sangit, Hama putih, Siput Murbai/Keong","Blas, Hawar daun bakteri, Hawar pelepah daun, Busuk batang",Ada,Ada,Mencabut rumput
PRD086,PTN049,des - feb,3500,Maret,3500,7.5,1350,2.700.001,6500,Tidak,Milik sendiri,1,Kombinasi irigasi dan tadah hujan,Tidak Mencukupi,Ada pemupukan,"Pupuk urea, NPK, Pupuk SP-36, Pupuk Kandang",Ada,"Tikus, Wereng, walang sangit, Hama putih, Siput Murbai/Keong","Blas, Hawar daun bakteri, Hawar pelepah daun, Busuk batang",Ada,Ada,Mencabut rumput
PRD087,PTN050,des - feb,8000,Maret,8000,16.0,2880,8.500.000,6500,Ya sebagian,Bagi hasil,1,Kombinasi irigasi dan tadah hujan,Tidak Mencukupi,Ada pemupukan,"Pupuk urea, NPK, Pupuk SP-36, Pupuk Kandang",Ada,"Tikus, Wereng, walang sangit, Belalang, Siput Murbai/Keong","Blas, Tungro, Hawar pelepah daun, Busuk batang",Ada,Ada,Mencabut rumput
PRD088,PTN051,nov - jan,2000,Februari,2000,4.8,864,2.150.000,7000,Ya sebagian,Milik sendiri,2,Kombinasi irigasi dan tadah hujan,Tidak Mencukupi,Ada pemupukan,Pupuk urea,Ada,"Tikus, Siput Murbai/Keong, Wereng, Tulo/burung pipit","Bercak daun, Busuk batang",Ada,Ada,Mencabut rumput
PRD089,PTN051,mei - juli,2000,Juli,2000,4.8,864,2.150.000,6500,Ya sebagian,Milik sendiri,2,Kombinasi irigasi dan tadah hujan,Tidak Mencukupi,Ada pemupukan,Pupuk urea,Ada,"Tikus, Siput Murbai/Keong, Wereng, Tulo/burung pipit","Bercak daun, Busuk batang",Ada,Ada,Mencabut rumput
PRD090,PTN052,nov - jan,1000,Februari,1000,3.0,540,1.100.000,6500,Ya sebagian,Milik sendiri,2,Kombinasi irigasi dan tadah hujan,Tidak Mencukupi,Ada pemupukan,Pupuk urea,Ada,"Tikus, Siput Murbai/Keong, Wereng, Tulo/burung pipit","Bercak daun, Busuk batang",Ada,Ada,Mencabut rumput
PRD091,PTN052,mei - juli,1000,Juli,1000,3.0,540,1.100.000,6500,Ya sebagian,Milik sendiri,2,Kombinasi irigasi dan tadah hujan,Tidak Mencukupi,Ada pemupukan,Pupuk urea,Ada,"Tikus, Siput Murbai/Keong, Wereng, Tulo/burung pipit","Bercak daun, Busuk batang",Ada,Ada,Mencabut rumput
PRD092,PTN053,nov - jan,800,Februari,800,8.0,1440,5.000.000,7000,Ya sebagian,Milik sendiri,1,Kombinasi irigasi dan tadah hujan,Tidak Mencukupi,Ada pemupukan,Pupuk urea,Ada,"Tikus, Siput Murbai/Keong, Wereng, Tulo/burung pipit, penggerek batang padi, walang sangit","Blas, Bercak daun",Ada,Ada,Mencabut rumput
PRD093,PTN053,nov - jan,1000,Februari,1000,3.0,540,2.000.000,-,Tidak,Milik sendiri,1,Kombinasi irigasi dan tegalan/ladang,Tidak Mencukupi,Ada pemupukan,Pupuk urea,Ada,"Tikus, Siput Murbai/Keong, Wereng, Tulo/burung pipit",Bercak daun,Ada,Ada,Mencabut rumput
PRD094,PTN054,nov - jan,600,Februari,600,3.0,540,2.000.000,-,Tidak,Milik sendiri,1,Kombinasi irigasi dan tegalan/ladang,Tidak Mencukupi,Ada pemupukan,Pupuk urea,Ada,"Tikus, Siput Murbai/Keong, Wereng, Tulo/burung pipit",Bercak daun,Ada,Ada,Mencabut rumput
PRD095,PTN054,nov - jan,4000,Februari,4000,10.0,1800,3.000.000,6500,Ya sebagian,Milik sendiri,2,Kombinasi irigasi dan tadah hujan,Tidak Mencukupi,Ada pemupukan,Pupuk urea,Ada,"Tikus, Siput Murbai/Keong, Wereng, Tulo/burung pipit","Bercak daun, Busuk batang",Ada,Ada,Mencabut rumput
PRD096,PTN055,mei - juli,4000,Juli,4000,10.0,1800,3.000.000,6500,Ya sebagian,Milik sendiri,2,Kombinasi irigasi dan tadah hujan,Tidak Mencukupi,Ada pemupukan,Pupuk urea,Ada,"Tikus, Siput Murbai/Keong, Wereng, Tulo/burung pipit","Bercak daun, Busuk batang",Ada,Ada,Mencabut rumput
PRD097,PTN056,nov - jan,500,Februari,500,5.0,900,4.000.000,-,Tidak,Milik sendiri,1,Kombinasi irigasi dan tadah hujan,Tidak Mencukupi,Ada pemupukan,Pupuk urea,Ada,"Tikus, Siput Murbai/Keong, Wereng","Blas, Bercak daun, Busuk batang",Ada,Ada,Mencabut rumput
PRD098,PTN057,nov - jan,3744,Januari,3744,10.0,1890,4.200.000,6500,Ya sebagian,Bagi hasil,2,Kombinasi irigasi dan tadah hujan,Tidak Mencukupi,Ada pemupukan,"Pupuk urea, NPK, Pupuk SP-36",Ada,"Tikus, Siput Murbai/Keong, Wereng",TIDAK ADA,Ada,Ada,Herbisida dan Mencabut rumput
PRD099,PTN057,mei - juli,3744,Juli,3744,8.0,1500,3.800.000,6500,Ya sebagian,Bagi hasil,2,Kombinasi irigasi dan tadah hujan,Tidak Mencukupi,Ada pemupukan,"Pupuk urea, NPK, Pupuk SP-36",Ada,"Tikus, Siput Murbai/Keong, Wereng",TIDAK ADA,Ada,Ada,Herbisida dan Mencabut rumput
PRD100,PTN058,nov - jan,1560,Januari,1560,4.0,850,3.000.000,6500,Ya sebagian,Bagi hasil,2,Kombinasi irigasi dan tadah hujan,Tidak Mencukupi,Ada pemupukan,"Pupuk urea, NPK, Pupuk SP-36",Ada,"Tikus, Wereng, Siput Murbai/Keong",TIDAK ADA,Ada,Ada,Herbisida dan Mencabut rumput
PRD101,PTN058,mei - juli,1560,Juli,1560,4.0,720,2.700.000,6500,Ya sebagian,Bagi hasil,2,Kombinasi irigasi dan tadah hujan,Tidak Mencukupi,Ada pemupukan,"Pupuk urea, NPK, Pupuk SP-36",Ada,"Tikus, Wereng, Siput Murbai/Keong",TIDAK ADA,Ada,Ada,Herbisida dan Mencabut rumput
PRD102,PTN059,nov - jan,3400,Februari,3400,6.0,1080,2.000.000,6500,Tidak,Milik sendiri,1,Kombinasi irigasi dan tadah hujan,Tidak Mencukupi,Ada pemupukan,Pupuk urea,Ada,"Tikus, Siput Murbai/Keong, Wereng","Bercak daun, Busuk batang",Ada,Ada,Mencabut rumput
PRD103,PTN060,nov - jan,3400,Februari,3400,6.0,1080,2.500.000,6500,Tidak,Milik sendiri,1,Kombinasi irigasi dan tadah hujan,Tidak Mencukupi,Ada pemupukan,Pupuk urea,Ada,"Tikus, Siput Murbai/Keong, Wereng","Bercak daun, Busuk batang",Ada,Ada,Mencabut rumput
PRD104,PTN060,nov - jan,1000,Februari,1000,4.0,720,2.000.000,6500,Tidak,Milik sendiri,1,Kombinasi irigasi dan tadah hujan,Tidak Mencukupi,Ada pemupukan,Pupuk urea,Ada,"Tikus, Siput Murbai/Keong, Wereng","Bercak daun, Busuk batang",Ada,Ada,Mencabut rumput
PRD105,PTN061,nov - jan,1000,Februari,1000,4.0,720,1.500.000,6000,Tidak,Milik sendiri,1,Kombinasi irigasi dan tadah hujan,Tidak Mencukupi,Ada pemupukan,Pupuk urea,Ada,"Tikus, Siput Murbai/Keong, Wereng","Bercak daun, Busuk batang",Ada,Ada,Mencabut rumput
PRD106,PTN061,nov - jan,3400,Februari,3400,5.0,900,1.000.000,6500,Tidak,Milik sendiri,1,Kombinasi irigasi dan tadah hujan,Tidak Mencukupi,Ada pemupukan,Pupuk urea,Ada,"Tikus, Siput Murbai/Keong, Wereng","Bercak daun, Busuk batang",Ada,Ada,Mencabut rumput
PRD107,PTN062,nov - jan,2400,Februari,2400,3.0,540,2.000.000,6500,Tidak,Milik sendiri,1,Kombinasi irigasi dan tadah hujan,Tidak Mencukupi,Ada pemupukan,Pupuk urea,Ada,"Tikus, Siput Murbai/Keong, Wereng","Bercak daun, Busuk batang",Ada,Ada,Mencabut rumput
PRD108,PTN062,nov - jan,2500,Februari,2500,6.0,1080,500.000,6500,Tidak,Milik sendiri,1,Kombinasi irigasi dan tadah hujan,Tidak Mencukupi,Ada pemupukan,Pupuk urea,Ada,"Tikus, Siput Murbai/Keong, Wereng","Bercak daun, Busuk batang",Ada,Ada,Mencabut rumput
PRD109,PTN063,nov - jan,2500,Februari,2500,6.0,1080,500.000,6500,Tidak,Milik sendiri,1,Kombinasi irigasi dan tadah hujan,Tidak Mencukupi,Ada pemupukan,Pupuk urea,Ada,"Tikus, Siput Murbai/Keong, Wereng","Bercak daun, Busuk batang",Ada,Ada,Mencabut rumput
PRD110,PTN063,nov - jan,10000,Februari,10000,13.0,2340,35.000.000,6500,Tidak,Milik sendiri,1,Kombinasi irigasi dan tadah hujan,Tidak Mencukupi,Ada pemupukan,Pupuk urea,Ada,"Tikus, Siput Murbai/Keong, Wereng","Bercak daun, Busuk batang",Ada,Ada,Mencabut rumput
PRD111,PTN064,nov - jan,2500,Februari,2500,3.0,540,600.000,6500,Tidak,Milik sendiri,1,Kombinasi irigasi dan tadah hujan,Tidak Mencukupi,Ada pemupukan,Pupuk urea,Ada,"Tikus, Siput Murbai/Keong, Wereng","Bercak daun, Busuk batang",Ada,Ada,Mencabut rumput
PRD112,PTN065,nov - jan,1000,Februari,1000,7.0,1260,1.000.000,6500,Tidak,Milik sendiri,1,Kombinasi irigasi dan tadah hujan,Tidak Mencukupi,Ada pemupukan,Pupuk urea,Ada,"Tikus, Siput Murbai/Keong, Wereng","Bercak daun, Busuk batang",Ada,Ada,Mencabut rumput
PRD113,PTN066,nov - jan,2500,Januari,2500,8.0,1450,4.100.000,6500,Ya sebagian,Bagi hasil,2,Kombinasi irigasi dan tadah hujan,Tidak Mencukupi,Ada pemupukan,Pupuk urea,Ada,"Tikus, Siput Murbai/Keong",TIDAK ADA,Ada,Ada,Herbisida dan Mencabut rumput
PRD114,PTN067,mei - juli,2500,Juli,2500,7.0,1260,3.700.00,6500,Ya sebagian,Bagi hasil,2,Kombinasi irigasi dan tadah hujan,Tidak Mencukupi,Ada pemupukan,"Pupuk urea, NPK, Pupuk SP-36",Ada,"Tikus, Siput Murbai/Keong",TIDAK ADA,Ada,Ada,Herbisida dan Mencabut rumput
PRD115,PTN068,agt - okt,5000,Oktober,5000,8.0,1440,3.000.000,-,Tidak,Milik sendiri,1,Sawah tadah hujan,Mencukupi,Ada pemupukan,KCL,Ada,"Tikus, Siput Murbai/Keong",Busuk batang,Ada,Ada,Herbisida dan Mencabut rumput
PRD116,PTN069,agt - okt,10000,Oktober,10000,10.0,1451,3.000.000,-,Tidak,Milik sendiri,1,Sawah tadah hujan,Mencukupi,Ada pemupukan,KCL,Ada,"Tikus, Siput Murbai/Keong",Busuk batang,Ada,Ada,Herbisida dan Mencabut rumput
PRD117,PTN070,agt - okt,5000,Oktober,5000,9.0,1620,2.000.000,-,Tidak,Milik sendiri,1,Sawah tadah hujan,Mencukupi,Ada pemupukan,KCL,Ada,"Tikus, Siput Murbai/Keong",Busuk batang,Ada,Ada,Herbisida dan Mencabut rumput
PRD118,PTN071,agt - okt,10000,Oktober,10000,9.0,1620,4.000.000,-,Tidak,Milik sendiri,1,Sawah tadah hujan,Mencukupi,Ada pemupukan,KCL,Ada,"Tikus, Siput Murbai/Keong, walang sangit, Tulo/burung pipit, Wereng",Busuk batang,Ada,Ada,Herbisida dan Mencabut rumput
PRD119,PTN072,agt - okt,300,Oktober,300,5.0,1452,1.000.000,-,Tidak,Milik sendiri,1,Sawah tadah hujan,Mencukupi,Ada pemupukan,KCL,Ada,"Tikus, Siput Murbai/Keong, Tulo/burung pipit, walang sangit",Busuk batang,Ada,Ada,Herbisida dan Mencabut rumput
PRD120,PTN073,agt - okt,10000,Oktober,10000,10.0,1800,2.000.000,-,Tidak,Milik sendiri,1,Sawah tadah hujan,Mencukupi,Ada pemupukan,KCL,Ada,"Tikus, Siput Murbai/Keong, Tulo/burung pipit, walang sangit",Busuk batang,Ada,Ada,Herbisida dan Mencabut rumput
PRD121,PTN074,agt - okt,10000,Oktober,10000,10.0,1800,3.000.000,-,Tidak,Milik sendiri,1,Sawah tadah hujan,Mencukupi,Ada pemupukan,KCL,Ada,"Tikus, Siput Murbai/Keong, Tulo/burung pipit, walang sangit",Busuk batang,Ada,Ada,Herbisida dan Mencabut rumput
PRD122,PTN075,agt - okt,10000,Oktober,10000,-,-,,-,Tidak,Milik sendiri,1,Sawah tadah hujan,Mencukupi,Ada pemupukan,KCL,Ada,"Tikus, Siput Murbai/Keong, Tulo/burung pipit, walang sangit",Busuk batang,Ada,Ada,Herbisida dan Mencabut rumput
PRD123,PTN075,agt - okt,10000,Oktober,10000,-,-,,-,Tidak,Milik sendiri,1,Sawah tadah hujan,Mencukupi,Ada pemupukan,KCL,Ada,"Tikus, Siput Murbai/Keong, Tulo/burung pipit, walang sangit",Busuk batang,Ada,Ada,Herbisida dan Mencabut rumput
PRD124,PTN076,agt - okt,300,Oktober,300,5.0,,1.000.000,-,Tidak,Milik sendiri,1,Sawah tadah hujan,Mencukupi,Ada pemupukan,KCL,Ada,"Tikus, Siput Murbai/Keong, Tulo/burung pipit, walang sangit",Busuk batang,Ada,Ada,Herbisida dan Mencabut rumput
PRD125,PTN077,feb - apr,3750,April,3750,12.0,2100,5.000.000,6500,Ya sebagian,Milik sendiri,2,Sawah irigasi,Tidak Mencukupi,Ada pemupukan,"Pupuk urea, NPK, Pupuk SP-36",Ada,"Tikus, Tulo/burung pipit, Wereng, penggerek batang padi","Blas, Bercak daun",Ada,Ada,Herbisida dan Mencabut rumput
PRD126,PTN078,mei - juli,3750,Agustus,3750,11.0,2000,5.000.000,6500,Ya sebagian,Milik sendiri,2,Sawah irigasi,Tidak Mencukupi,Ada pemupukan,"Pupuk urea, NPK, Pupuk SP-36",Ada,"Tikus, Tulo/burung pipit, Wereng, penggerek batang padi","Blas, Bercak daun",Ada,Ada,Herbisida dan Mencabut rumput
PRD127,PTN079,agt - okt,300,Februari,300,1.5,270,1.000.000,-,Tidak,Milik sendiri,1,Sawah tadah hujan,Mencukupi,Ada pemupukan,KCL,Ada,"Tikus, Tulo/burung pipit, walang sangit, Siput Murbai/Keong",Busuk batang,Ada,Ada,Mencabut rumput
PRD128,PTN080,agt - okt,300,Februari,300,2.0,360,1.500.000,-,Tidak,Milik sendiri,1,Sawah tadah hujan,Mencukupi,Ada pemupukan,Pupuk urea,Ada,"Tikus, Tulo/burung pipit, Siput Murbai/Keong",Busuk batang,Ada,Ada,Mencabut rumput dan Membuang keong
PRD129,PTN081,agt - okt,500,Februari,500,3.0,540,3.000.000,-,Tidak,Milik sendiri,1,Sawah tadah hujan,Mencukupi,Ada pemupukan,Pupuk urea,Ada,"Tikus, Wereng, Tulo/burung pipit, walang sangit, Siput Murbai/Keong, Kepinding",Bercak daun,Ada,Ada,Mencabut rumput dan Membuang keong
PRD130,PTN082,agt - okt,400,Februari,400,3.5,630,2.500.000,-,Tidak,Milik sendiri,1,Sawah tadah hujan,Mencukupi,Ada pemupukan,Pupuk urea,Ada,"Tikus, Tulo/burung pipit, Siput Murbai/Keong, Kepinding",Blas,Ada,Ada,Mencabut rumput dan Membuang keong
PRD131,PTN083,agt - okt,300,Februari,300,2.5,450,1.500.000,-,Tidak,Bagi hasil,1,Sawah tadah hujan,Mencukupi,Ada pemupukan,Pupuk urea,Ada,"Tikus, Tulo/burung pipit, Siput Murbai/Keong",Bercak daun,Ada,Ada,Mencabut rumput
PRD132,PTN084,agt - okt,500,Februari,500,4.7,846,,-,Tidak,Milik sendiri,1,Sawah tadah hujan,Mencukupi,Ada pemupukan,Pupuk urea,Ada,"Tikus, Wereng, Siput Murbai/Keong",Bercak daun,Ada,Ada,Mencabut rumput
PRD133,PTN084,agt - okt,1000,Februari,1000,7.0,1260,5.000.000,-,Tidak,Bagi hasil,1,Sawah tadah hujan,Mencukupi,Ada pemupukan,Pupuk urea,Ada,"Tikus, Tulo/burung pipit, Siput Murbai/Keong, Hama putih",Busuk batang,Ada,Ada,Mencabut rumput
PRD134,PTN085,agt - okt,1000,Februari,1000,7.0,1260,5.000.000,-,Tidak,Bagi hasil,1,Sawah tadah hujan,Mencukupi,Ada pemupukan,Pupuk urea,Ada,"Tikus, Tulo/burung pipit, Siput Murbai/Keong, Hama putih ",Busuk batang,Ada,Ada,Mencabut rumput
PRD135,PTN085,nov - jan,700,Mei,700,4.0,720,3.000.000,-,Tidak,Milik sendiri,1,Sawah tadah hujan,Mencukupi,Tidak ada pemupukan,Tidak ada,Ada,"Tulo/burung pipit, Siput Murbai/Keong, Hama putih ",TIDAK ADA,Tidak,Tidak,Tidak Ada
PRD136,PTN086,agt - okt,2400,Februari,2400,5.0,900,2.000.000,-,Tidak,Milik sendiri,2,Sawah tadah hujan,Mencukupi,Ada pemupukan,KCL,Ada,"Tikus, Tulo/burung pipit, Siput Murbai/Keong, Hama putih , walang sangit",Busuk batang,Ada,Ada,Herbisida dan Mencabut rumput
PRD137,PTN087,agt - okt,2400,Februari,2400,5.0,900,2.000.000,-,Tidak,Milik sendiri,2,Sawah tadah hujan,Mencukupi,Ada pemupukan,KCL,Ada,"Tikus, Tulo/burung pipit, Siput Murbai/Keong, Hama putih , walang sangit",Busuk batang,Ada,Ada,Herbisida dan Mencabut rumput
PRD138,PTN088,nov - jan,4000,Februari,4000,10.0,1800,3.000.000,6500,Ya sebagian,Milik sendiri,2,Kombinasi irigasi dan tadah hujan,Tidak Mencukupi,Ada pemupukan,Pupuk urea,Ada,"Tikus, Siput Murbai/Keong, Wereng, Tulo/burung pipit","Bercak daun, Busuk batang",Ada,Ada,Mencabut rumput
PRD139,PTN089,mei - juli,4000,Juli,4000,10.0,1800,3.000.000,6500,Ya sebagian,Milik sendiri,2,Kombinasi irigasi dan tadah hujan,Tidak Mencukupi,Ada pemupukan,Pupuk urea,Ada,"Tikus, Siput Murbai/Keong, Wereng, Tulo/burung pipit","Bercak daun, Busuk batang",Ada,Ada,Mencabut rumput
PRD140,PTN090,nov - jan,500,Februari,500,5.0,900,4.000.000,-,Tidak,Milik sendiri,1,Kombinasi irigasi dan tadah hujan,Tidak Mencukupi,Ada pemupukan,Pupuk urea,Ada,"Tikus, Siput Murbai/Keong, Wereng","Blas, Bercak daun, Busuk batang",Ada,Ada,Mencabut rumput
PRD141,PTN091,agt - okt,800,Februari,800,8.0,1440,5.000.000,7000,Ya sebagian,Milik sendiri,1,Kombinasi irigasi dan tadah hujan,Tidak Mencukupi,Ada pemupukan,Pupuk urea,Ada,"Tikus, Siput Murbai/Keong, Wereng, Tulo/burung pipit, penggerek batang padi, walang sangit","Blas, Bercak daun",Ada,Ada,Mencabut rumput
PRD142,PTN092,agt - okt,1000,Februari,1000,3.0,540,2.000.000,-,Tidak,Milik sendiri,1,Kombinasi irigasi dan tegalan/ladang,Tidak Mencukupi,Ada pemupukan,Pupuk urea,Ada,"Tikus, Siput Murbai/Keong, Wereng, Tulo/burung pipit",Bercak daun,Ada,Ada,Mencabut rumput
PRD143,PTN093,nov - jan,7500,April,7500,19.0,3500,10.500.000,6500,Ya sebagian,Bagi hasil,2,Sawah irigasi,Tidak Mencukupi,Ada pemupukan,"Pupuk urea, NPK, Pupuk SP-36",Ada,"Wereng, Hama putih, Tikus, Tulo/burung pipit",Blas,Ada,Ada,Herbisida dan Mencabut rumput
PRD144,PTN093,mei - juli,7500,Agustus,7500,19.0,3500,10.500.000,6500,Ya sebagian,Bagi hasil,2,Sawah irigasi,Tidak Mencukupi,Ada pemupukan,"Pupuk urea, NPK, Pupuk SP-36",Ada,"Wereng, Hama putih, Tikus, Tulo/burung pipit",Blas,Ada,Ada,Herbisida dan Mencabut rumput
PRD145,PTN094,nov - jan,8432,Maret,8432,30.0,5500,10.000.000,6500,Ya sebagian,Milik sendiri,2,Sawah irigasi,Tidak Mencukupi,Ada pemupukan,"Pupuk urea, NPK, Pupuk SP-36, KCL",Ada,"Wereng, Tulo/burung pipit, Hama putih",Blas,Ada,Ada,Herbisida dan Mencabut rumput
PRD146,PTN094,mei - juli,8432,Agustus,8432,26.0,4800,10.000.000,6500,Ya sebagian,Milik sendiri,2,Sawah irigasi,Tidak Mencukupi,Ada pemupukan,"Pupuk urea, NPK, Pupuk SP-36, KCL",Ada,"Wereng, Tulo/burung pipit, Hama putih",Blas,Ada,Ada,Herbisida dan Mencabut rumput
PRD147,PTN095,nov - jan,2500,Januari,2500,9.0,1650,4.200.000,6500,Ya sebagian,Bagi hasil,2,Kombinasi irigasi dan tadah hujan,Tidak Mencukupi,Ada pemupukan,"Pupuk urea, NPK, Pupuk SP-36, KCL",Ada,"Tikus, Siput Murbai/Keong",TIDAK ADA,Ada,Ada,Herbisida dan Mencabut rumput
PRD148,PTN095,mei - juli,2500,Juli,2500,5.0,960,2.900.000,6500,Ya sebagian,Bagi hasil,2,Kombinasi irigasi dan tadah hujan,Tidak Mencukupi,Ada pemupukan,"Pupuk urea, NPK, Pupuk SP-36, KCL",Ada,"Tikus, Siput Murbai/Keong",TIDAK ADA,Ada,Ada,Herbisida dan Mencabut rumput
PRD149,PTN096,feb - apr,5000,April,5000,18.9,3400,5.000.000,6500,Ya sebagian,Milik sendiri,2,Sawah irigasi,Tidak Mencukupi,Ada pemupukan,"NPK, Pupuk SP-36, KCL, Pupuk urea",Ada,"Tikus, Wereng, Tulo/burung pipit, Siput Murbai/Keong","Blas, Bercak daun",Ada,Ada,Herbisida
PRD150,PTN096,mei - juli,5000,Agustus,5000,18.3,3300,5.000.000,6600,Ya sebagian,Milik sendiri,2,Sawah irigasi,Tidak Mencukupi,Ada pemupukan,"Pupuk urea, NPK, Pupuk SP-36, KCL",Ada,"Tikus, Wereng, Tulo/burung pipit, Siput Murbai/Keong","Blas, Bercak daun",Ada,Ada,Herbisida
PRD151,PTN097,feb - apr,3750,April,3750,7.2,1300,4.000.000,6500,Ya sebagian,Milik sendiri,2,Sawah irigasi,Tidak Mencukupi,Ada pemupukan,"NPK, Pupuk SP-36, KCL, Pupuk urea",Ada,"Tikus, Wereng, Tulo/burung pipit, Siput Murbai/Keong","Blas, Bercak daun",Ada,Ada,Herbisida
PRD152,PTN097,mei - juli,3750,Agustus,3750,7.2,1300,4.000.000,6600,Ya sebagian,Milik sendiri,2,Sawah irigasi,Tidak Mencukupi,Ada pemupukan,"Pupuk urea, NPK, Pupuk SP-36, KCL",Ada,"Tikus, Wereng, Tulo/burung pipit, Siput Murbai/Keong","Blas, Bercak daun",Ada,Ada,Herbisida
PRD153,PTN098,agt - okt,1300,April,1300,4.0,800,1.300.000,6500,Ya sebagian,Bagi hasil,2,Sawah irigasi,Tidak Mencukupi,Ada pemupukan,"Pupuk urea, NPK, Pupuk SP-36, KCL",Ada,"Tikus, Wereng, Tulo/burung pipit, Kepinding",TIDAK ADA,Ada,Ada,Herbisida dan Mencabut rumput
PRD154,PTN098,mei - juli,1300,Agustus,1300,4.0,800,1.300.000,6500,Ya sebagian,Bagi hasil,2,Sawah irigasi,Tidak Mencukupi,Ada pemupukan,"Pupuk urea, NPK, Pupuk SP-36, KCL",Ada,"Tikus, Wereng, Tulo/burung pipit, Kepinding",TIDAK ADA,Ada,Ada,Herbisida dan Mencabut rumput
PRD155,PTN099,agt - okt,1250,April,1250,4.0,800,1.300.000,6500,Ya sebagian,Bagi hasil,2,Sawah irigasi,Tidak Mencukupi,Ada pemupukan,"Pupuk urea, NPK, Pupuk SP-36, KCL",Ada,"Tikus, Wereng, Tulo/burung pipit, Kepinding",TIDAK ADA,Ada,Ada,Herbisida dan Mencabut rumput
PRD156,PTN099,mei - juli,1250,Agustus,1250,4.0,800,1.300.000,6500,Ya sebagian,Bagi hasil,2,Sawah irigasi,Tidak Mencukupi,Ada pemupukan,"Pupuk urea, NPK, Pupuk SP-36, KCL",Ada,"Tikus, Wereng, Tulo/burung pipit, Kepinding",TIDAK ADA,Ada,Ada,Herbisida dan Mencabut rumput
PRD157,PTN100,nov - jan,7500,Maret,7500,44.0,8000,7.000.000,6500,Ya sebagian,Bagi hasil,2,Sawah irigasi,Tidak Mencukupi,Ada pemupukan,"Pupuk urea, NPK, Pupuk SP-36, KCL",Ada,"Wereng, Tulo/burung pipit",Blas,Ada,Ada,Herbisida dan Mencabut rumput
PRD158,PTN100,mei - juli,7500,Agustus,7500,38.0,7000,7.000.000,6700,Ya sebagian,Bagi hasil,2,Sawah irigasi,Tidak Mencukupi,Ada pemupukan,"Pupuk urea, NPK, Pupuk SP-36, KCL",Ada,"Wereng, Tulo/burung pipit",Blas,Ada,Ada,Herbisida dan Mencabut rumput
PRD159,PTN101,agt - okt,700,April,700,1.0,300,700.000,6500,Tidak,Milik sendiri,2,Sawah irigasi,Mencukupi,Ada pemupukan,"Pupuk urea, NPK, Pupuk SP-36",Ada,"Tikus, Tulo/burung pipit",Busuk batang,Ada,Ada,Herbisida dan Mencabut rumput
PRD160,PTN101,mei - juli,700,Agustus,700,1.0,300,700.000,6500,Tidak,Milik sendiri,2,Sawah irigasi,Mencukupi,Ada pemupukan,"Pupuk urea, NPK, Pupuk SP-36",Ada,"Tikus, Tulo/burung pipit",Busuk batang,Ada,Ada,Herbisida dan Mencabut rumput
PRD161,PTN102,agt - okt,1300,April,1300,4.0,800,1.300.000,6500,Ya sebagian,Bagi hasil,2,Sawah irigasi,Tidak Mencukupi,Ada pemupukan,"Pupuk urea, NPK, Pupuk SP-36, KCL",Ada,"Tikus, Wereng, Tulo/burung pipit, Kepinding",TIDAK ADA,Ada,Ada,Herbisida dan Mencabut rumput
PRD162,PTN102,mei - juli,1300,Agustus,1300,4.0,800,1.300.000,6500,Ya sebagian,Bagi hasil,2,Sawah irigasi,Tidak Mencukupi,Ada pemupukan,"Pupuk urea, NPK, Pupuk SP-36, KCL",Ada,"Tikus, Wereng, Tulo/burung pipit, Kepinding",TIDAK ADA,Ada,Ada,Herbisida dan Mencabut rumput
PRD163,PTN103,nov - jan,7500,Maret,7500,44.0,8000,7.000.000,6500,Ya sebagian,Bagi hasil,2,Sawah irigasi,Tidak Mencukupi,Ada pemupukan,"Pupuk urea, NPK, Pupuk SP-36, KCL",Ada,"Wereng, Tulo/burung pipit",Blas,Ada,Ada,Herbisida dan Mencabut rumput
PRD164,PTN103,mei - juli,7500,Agustus,7500,38.0,7000,7.000.000,6700,Ya sebagian,Bagi hasil,2,Sawah irigasi,Tidak Mencukupi,Ada pemupukan,"Pupuk urea, NPK, Pupuk SP-36, KCL",Ada,"Wereng, Tulo/burung pipit",Blas,Ada,Ada,Herbisida dan Mencabut rumput
PRD165,PTN104,nov - jan,8432,Maret,8432,30.0,5500,10.000.000,6500,Ya sebagian,Milik sendiri,2,Sawah irigasi,Tidak Mencukupi,Ada pemupukan,"Pupuk urea, NPK, Pupuk SP-36, KCL",Ada,"Wereng, Tulo/burung pipit, Hama putih",Blas,Ada,Ada,Herbisida dan Mencabut rumput
PRD166,PTN104,mei - juli,8432,Agustus,8432,26.0,4800,10.000.000,6500,Ya sebagian,Milik sendiri,2,Sawah irigasi,Tidak Mencukupi,Ada pemupukan,"Pupuk urea, NPK, Pupuk SP-36, KCL",Ada,"Wereng, Tulo/burung pipit, Hama putih",Blas,Ada,Ada,Herbisida dan Mencabut rumput
PRD167,PTN105,feb - apr,7800,Januari,7800,25.0,4600,8.000.000,6500,Ya sebagian,Bagi hasil,2,Kombinasi irigasi dan tadah hujan,Tidak Mencukupi,Ada pemupukan,"Pupuk urea, NPK, Pupuk SP-36",Ada,"Wereng, Siput Murbai/Keong",TIDAK ADA,Ada,Ada,Herbisida dan Mencabut rumput
PRD168,PTN105,mei - juli,7800,Juli,7800,18.0,3200,7.000.000,6500,Ya sebagian,Bagi hasil,2,Kombinasi irigasi dan tadah hujan,Tidak Mencukupi,Ada pemupukan,"Pupuk urea, NPK, Pupuk SP-36",Ada,"Wereng, Siput Murbai/Keong",TIDAK ADA,Ada,Ada,Herbisida dan Mencabut rumput
PRD169,PTN106,nov - jan,3124,Januari,3124,9.0,1650,5.100.000,6500,Ya sebagian,Bagi hasil,2,Kombinasi irigasi dan tadah hujan,Tidak Mencukupi,Ada pemupukan,"Pupuk urea, NPK, Pupuk SP-36",Ada,"Tikus, Siput Murbai/Keong",TIDAK ADA,Ada,Ada,Herbisida dan Mencabut rumput
PRD170,PTN106,mei - juli,3124,Juli,3124,5.0,960,4.200.000,6500,Ya sebagian,Bagi hasil,2,Kombinasi irigasi dan tadah hujan,Tidak Mencukupi,Ada pemupukan,"Pupuk urea, NPK, Pupuk SP-36",Ada,"Tikus, Siput Murbai/Keong",TIDAK ADA,Ada,Ada,Herbisida dan Mencabut rumput
PRD171,PTN107,feb - apr,7800,Januari,7800,25.0,4600,8.000.000,6500,Ya sebagian,Bagi hasil,2,Kombinasi irigasi dan tadah hujan,Tidak Mencukupi,Ada pemupukan,"Pupuk urea, NPK, Pupuk SP-36",Ada,"Wereng, Siput Murbai/Keong",TIDAK ADA,Ada,Ada,Herbisida dan Mencabut rumput
PRD172,PTN107,mei - juli,7800,Juli,7800,18.0,3200,7.000.000,6500,Ya sebagian,Bagi hasil,2,Kombinasi irigasi dan tadah hujan,Tidak Mencukupi,Ada pemupukan,"Pupuk urea, NPK, Pupuk SP-36",Ada,"Wereng, Siput Murbai/Keong",TIDAK ADA,Ada,Ada,Herbisida dan Mencabut rumput
PRD173,PTN108,nov - jan,3124,Januari,3124,9.0,1650,5.100.000,6500,Ya sebagian,Bagi hasil,2,Kombinasi irigasi dan tadah hujan,Tidak Mencukupi,Ada pemupukan,"Pupuk urea, NPK, Pupuk SP-36",Ada,"Tikus, Siput Murbai/Keong",TIDAK ADA,Ada,Ada,Herbisida dan Mencabut rumput
PRD174,PTN108,mei - juli,3124,Juli,3124,5.0,960,4.200.000,6500,Ya sebagian,Bagi hasil,2,Kombinasi irigasi dan tadah hujan,Tidak Mencukupi,Ada pemupukan,"Pupuk urea, NPK, Pupuk SP-36",Ada,"Tikus, Siput Murbai/Keong",TIDAK ADA,Ada,Ada,Herbisida dan Mencabut rumput
PRD175,PTN109,nov - jan,4212,Januari,4212,12.0,2300,5.100.000,6500,Ya sebagian,Bagi hasil,2,Kombinasi irigasi dan tadah hujan,Tidak Mencukupi,Ada pemupukan,"Pupuk urea, NPK, Pupuk SP-36",Ada,"Wereng, Siput Murbai/Keong",TIDAK ADA,Ada,Ada,Herbisida dan Mencabut rumput
PRD176,PTN109,mei - juli,4212,Juli,4212,7.0,1400,4.500.000,6500,Ya sebagian,Bagi hasil,2,Kombinasi irigasi dan tadah hujan,Tidak Mencukupi,Ada pemupukan,"Pupuk urea, NPK, Pupuk SP-36",Ada,"Wereng, Siput Murbai/Keong",TIDAK ADA,Ada,Ada,Herbisida dan Mencabut rumput
PRD177,PTN110,nov - jan,5616,April,5616,19.0,3500,7.300.000,6700,Ya sebagian,Bagi hasil,2,Kombinasi irigasi dan tadah hujan,Tidak Mencukupi,Ada pemupukan,"Pupuk urea, NPK, Pupuk SP-36",Ada,"Tikus, Wereng, Siput Murbai/Keong",TIDAK ADA,Ada,Ada,Herbisida dan Mencabut rumput
PRD178,PTN110,mei - juli,5616,Agustus,5616,19.0,3500,6.800.000,6500,Ya sebagian,Bagi hasil,2,Kombinasi irigasi dan tadah hujan,Tidak Mencukupi,Ada pemupukan,"Pupuk urea, NPK, Pupuk SP-36",Ada,"Tikus, Wereng, Siput Murbai/Keong",TIDAK ADA,Ada,Ada,Herbisida dan Mencabut rumput
PRD179,PTN111,nov - jan,7488,Januari,7488,23.0,4200,8.300.000,6500,Ya sebagian,Bagi hasil,2,Kombinasi irigasi dan tadah hujan,Tidak Mencukupi,Ada pemupukan,"Pupuk urea, NPK, Pupuk SP-36",Ada,"Tikus, Siput Murbai/Keong",TIDAK ADA,Ada,Ada,Herbisida dan Mencabut rumput
PRD180,PTN111,agt - okt,7488,Juli,7488,16.0,3000,8.300.000,6500,Ya sebagian,Bagi hasil,2,Kombinasi irigasi dan tadah hujan,Tidak Mencukupi,Ada pemupukan,"Pupuk urea, NPK, Pupuk SP-36",Ada,"Tikus, Siput Murbai/Keong",TIDAK ADA,Ada,Ada,Herbisida dan Mencabut rumput
PRD181,PTN112,nov - jan,9360,Januari,9360,37.5,6750,8.600.000,6500,Ya sebagian,Bagi hasil,2,Kombinasi irigasi dan tadah hujan,Tidak Mencukupi,Ada pemupukan,"Pupuk urea, NPK, Pupuk SP-36",Ada,"Tikus, Hama putih , Siput Murbai/Keong",TIDAK ADA,Ada,Ada,Herbisida dan Mencabut rumput
PRD182,PTN112,mei - juli,9360,Juli,9360,22.2,4000,7.500.000,6500,Ya sebagian,Bagi hasil,2,Kombinasi irigasi dan tadah hujan,Tidak Mencukupi,Ada pemupukan,"Pupuk urea, NPK, Pupuk SP-36",Ada,"Tikus, Hama putih , Siput Murbai/Keong",TIDAK ADA,Ada,Ada,Herbisida dan Mencabut rumput
PRD183,PTN113,feb - apr,9984,April,9984,4.0,4000,8.600.000,6500,Ya sebagian,Bagi hasil,2,Sawah irigasi,Tidak Mencukupi,Ada pemupukan,"Pupuk urea, NPK, Pupuk SP-36, KCL",Ada,"Tikus, Wereng, Tulo/burung pipit, Kepinding",TIDAK ADA,Ada,Ada,Herbisida dan Mencabut rumput
PRD184,PTN113,mei - juli,9984,Agustus,9984,4.0,6750,7.500.000,6500,Ya sebagian,Bagi hasil,2,Sawah irigasi,Tidak Mencukupi,Ada pemupukan,"Pupuk urea, NPK, Pupuk SP-36, KCL",Ada,"Tikus, Wereng, Tulo/burung pipit, Kepinding",TIDAK ADA,Ada,Ada,Herbisida dan Mencabut rumput
PRD185,PTN114,nov - jan,6240,Januari,6240,20.0,3500,7.000.000,6700,Ya sebagian,Bagi hasil,2,Kombinasi irigasi dan tadah hujan,Tidak Mencukupi,Ada pemupukan,"Pupuk urea, NPK, Pupuk SP-36",Ada,"Tikus, Wereng, Siput Murbai/Keong",TIDAK ADA,Ada,Ada,Herbisida dan Mencabut rumput
PRD186,PTN114,mei - juli,6240,Juli,6240,20.0,3500,6500.000,6500,Ya sebagian,Bagi hasil,2,Kombinasi irigasi dan tadah hujan,Tidak Mencukupi,Ada pemupukan,"Pupuk urea, NPK, Pupuk SP-36",Ada,"Tikus, Wereng, Siput Murbai/Keong",TIDAK ADA,Ada,Ada,Herbisida dan Mencabut rumput
PRD187,PTN115,nov - jan,1248,Januari,1248,3.9,700,2.500.000,6500,Ya sebagian,Bagi hasil,2,Kombinasi irigasi dan tadah hujan,Tidak Mencukupi,Ada pemupukan,"Pupuk urea, NPK, Pupuk SP-36",Ada,"Tikus, Siput Murbai/Keong",TIDAK ADA,Ada,Ada,Herbisida
PRD188,PTN115,mei - juli,1248,Juli,1248,3.3,600,2.000.000,6500,Ya sebagian,Bagi hasil,2,Kombinasi irigasi dan tadah hujan,Tidak Mencukupi,Ada pemupukan,"Pupuk urea, NPK, Pupuk SP-36",Ada,"Tikus, Siput Murbai/Keong",TIDAK ADA,Ada,Ada,Herbisida
PRD189,PTN116,nov - jan,2964,April,2964,6.0,1080,1.500.000,6500,Ya sebagian,Bagi hasil,2,Kombinasi irigasi dan tadah hujan,Tidak Mencukupi,Ada pemupukan,"Pupuk urea, NPK, Pupuk SP-36",Ada,"Wereng, Siput Murbai/Keong",TIDAK ADA,Ada,Ada,Herbisida
PRD190,PTN116,mei - juli,2964,Agustus,2964,6.0,1080,1.500.000,6500,Ya sebagian,Bagi hasil,2,Kombinasi irigasi dan tadah hujan,Tidak Mencukupi,Ada pemupukan,"Pupuk urea, NPK, Pupuk SP-36",Ada,"Wereng, Siput Murbai/Keong",TIDAK ADA,Ada,Ada,Herbisida
PRD191,PTN117,nov - jan,3120,Januari,3120,9.0,1650,5.100.000,6500,Ya sebagian,Bagi hasil,2,Kombinasi irigasi dan tadah hujan,Tidak Mencukupi,Ada pemupukan,"Pupuk urea, NPK, Pupuk SP-36",Ada,"Tikus, Siput Murbai/Keong",TIDAK ADA,Ada,Ada,Herbisida dan Mencabut rumput
PRD192,PTN117,mei - juli,3120,Juli,3120,5.0,960,4.200.000,6500,Ya sebagian,Bagi hasil,2,Kombinasi irigasi dan tadah hujan,Tidak Mencukupi,Ada pemupukan,"Pupuk urea, NPK, Pupuk SP-36",Ada,"Tikus, Siput Murbai/Keong",TIDAK ADA,Ada,Ada,Herbisida dan Mencabut rumput
PRD193,PTN118,nov - jan,1404,Januari,1404,4.0,700,2.000.000,6500,Ya sebagian,Bagi hasil,2,Kombinasi irigasi dan tadah hujan,Mencukupi,Ada pemupukan,"Pupuk urea, NPK",Ada,"Tikus, Siput Murbai/Keong","Blas, Bercak daun, Busuk batang",Ada,Ada,Herbisida dan Mencabut rumput
PRD194,PTN118,mei - juli,1404,Juli,1404,4.0,700,2.000.000,6500,Ya sebagian,Bagi hasil,2,Kombinasi irigasi dan tadah hujan,Mencukupi,Ada pemupukan,"Pupuk urea, NPK",Ada,"Tikus, Siput Murbai/Keong","Blas, Bercak daun, Busuk batang",Ada,Ada,Herbisida dan Mencabut rumput
PRD195,PTN119,nov - jan,2500,Januari,2500,9.0,1650,4.200.000,6500,Ya sebagian,Bagi hasil,2,Kombinasi irigasi dan tadah hujan,Tidak Mencukupi,Ada pemupukan,"Pupuk urea, NPK, Pupuk SP-36, KCL",Ada,"Tikus, Siput Murbai/Keong",TIDAK ADA,Ada,Ada,Herbisida dan Mencabut rumput
PRD196,PTN119,mei - juli,2500,Juli,2500,5.0,960,2.900.000,6500,Ya sebagian,Bagi hasil,2,Kombinasi irigasi dan tadah hujan,Tidak Mencukupi,Ada pemupukan,"Pupuk urea, NPK, Pupuk SP-36, KCL",Ada,"Tikus, Siput Murbai/Keong",TIDAK ADA,Ada,Ada,Herbisida dan Mencabut rumput
PRD197,PTN120,nov - jan,3748,Januari,3748,8.0,1500,4.100.000,6500,Ya seluruhnya,Bagi hasil,2,Kombinasi irigasi dan tadah hujan,Tidak Mencukupi,Ada pemupukan,"Pupuk urea, NPK, Pupuk SP-36",Ada,"Tikus, Siput Murbai/Keong","Bercak daun, Hawar daun bakteri",Ada,Ada,Herbisida dan Mencabut rumput
PRD198,PTN120,mei - juli,3748,Juli,3748,6.0,1200,3.800.000,6500,Ya seluruhnya,Bagi hasil,2,Kombinasi irigasi dan tadah hujan,Tidak Mencukupi,Ada pemupukan,"Pupuk urea, NPK, Pupuk SP-36",Ada,"Tikus, Siput Murbai/Keong","Bercak daun, Hawar daun bakteri",Ada,Ada,Herbisida dan Mencabut rumput
PRD199,PTN121,nov - jan,5625,April,5625,19.0,3500,7.300.000,6700,Ya sebagian,Bagi hasil,2,Kombinasi irigasi dan tadah hujan,Tidak Mencukupi,Ada pemupukan,"Pupuk urea, NPK, Pupuk SP-36",Ada,"Tikus, Wereng, Siput Murbai/Keong",TIDAK ADA,Ada,Ada,Herbisida dan Mencabut rumput
PRD200,PTN121,mei - juli,5625,Agustus,5625,19.0,3500,6.800.000,6500,Ya sebagian,Bagi hasil,2,Kombinasi irigasi dan tadah hujan,Tidak Mencukupi,Ada pemupukan,"Pupuk urea, NPK, Pupuk SP-36",Ada,"Tikus, Wereng, Siput Murbai/Keong",TIDAK ADA,Ada,Ada,Herbisida dan Mencabut rumput
PRD201,PTN122,nov - jan,3744,Januari,3744,8.0,1500,4.100.000,6500,Ya seluruhnya,Bagi hasil,2,Kombinasi irigasi dan tadah hujan,Tidak Mencukupi,Ada pemupukan,"Pupuk urea, NPK, Pupuk SP-36",Ada,"Tikus, Siput Murbai/Keong","Bercak daun, Hawar daun bakteri",Ada,Ada,Herbisida dan Mencabut rumput
PRD202,PTN122,mei - juli,3744,Juli,3744,6.0,1200,3.800.000,6500,Ya seluruhnya,Bagi hasil,2,Kombinasi irigasi dan tadah hujan,Tidak Mencukupi,Ada pemupukan,"Pupuk urea, NPK, Pupuk SP-36",Ada,"Tikus, Siput Murbai/Keong","Bercak daun, Hawar daun bakteri",Ada,Ada,Herbisida dan Mencabut rumput
PRD203,PTN123,nov - jan,1560,Januari,1560,4.0,850,3.000.000,6500,Ya sebagian,Bagi hasil,2,Kombinasi irigasi dan tadah hujan,Tidak Mencukupi,Ada pemupukan,"Pupuk urea, NPK, Pupuk SP-36",Ada,"Tikus, Wereng, Siput Murbai/Keong",TIDAK ADA,Ada,Ada,Herbisida dan Mencabut rumput
PRD204,PTN123,mei - juli,1560,Juli,1560,4.0,720,2.700.000,6500,Ya sebagian,Bagi hasil,2,Kombinasi irigasi dan tadah hujan,Tidak Mencukupi,Ada pemupukan,"Pupuk urea, NPK, Pupuk SP-36",Ada,"Tikus, Wereng, Siput Murbai/Keong",TIDAK ADA,Ada,Ada,Herbisida dan Mencabut rumput
PRD205,PTN124,nov - jan,2500,Januari,2500,9.0,1650,4.200.000,6500,Ya sebagian,Bagi hasil,2,Kombinasi irigasi dan tadah hujan,Tidak Mencukupi,Ada pemupukan,"Pupuk urea, NPK, Pupuk SP-36, KCL",Ada,"Tikus, Siput Murbai/Keong",TIDAK ADA,Ada,Ada,Herbisida dan Mencabut rumput
PRD206,PTN124,mei - juli,2500,Juli,2500,5.0,960,2.900.000,6500,Ya sebagian,Bagi hasil,2,Kombinasi irigasi dan tadah hujan,Tidak Mencukupi,Ada pemupukan,"Pupuk urea, NPK, Pupuk SP-36, KCL",Ada,"Tikus, Siput Murbai/Keong",TIDAK ADA,Ada,Ada,Herbisida dan Mencabut rumput
PRD207,PTN125,nov - jan,8112,Maret,8112,21.9,3942,9.000.000,6300,Ya sebagian,Bagi hasil,2,Kombinasi irigasi dan tadah hujan,Tidak Mencukupi,Ada pemupukan,"Pupuk urea, NPK, Pupuk SP-36",Ada,"Tikus, Hama putih, Siput Murbai/Keong","Bercak daun, Hawar pelepah daun, Busuk batang",Ada,Ada,Herbisida
PRD208,PTN125,mei - juli,8112,Agustus,8112,2.3,420,1.800.000,6500,Ya sebagian,Bagi hasil,2,Kombinasi irigasi dan tadah hujan,Tidak Mencukupi,Ada pemupukan,"Pupuk urea, NPK, Pupuk SP-36",Ada,"Tikus, Hama putih, Siput Murbai/Keong","Bercak daun, Hawar pelepah daun, Busuk batang",Ada,Ada,Herbisida
PRD209,PTN126,nov - jan,4992,Maret,4992,18.9,3400,8.000.000,6300,Ya sebagian,Milik sendiri,2,Kombinasi irigasi dan tadah hujan,Tidak Mencukupi,Ada pemupukan,"Pupuk urea, NPK, Pupuk SP-36",Ada,"Tikus, Hama putih, Siput Murbai/Keong","Blas, Bercak daun",Ada,Ada,Herbisida
PRD210,PTN126,mei - juli,4992,Mei,2300,0.8,150,1.800.000,6500,Ya sebagian,Milik sendiri,2,Kombinasi irigasi dan tadah hujan,Tidak Mencukupi,Ada pemupukan,"Pupuk urea, NPK, Pupuk SP-36",Ada,"Tikus, Hama putih, Siput Murbai/Keong","Blas, Bercak daun",Ada,Ada,Herbisida
PRD211,PTN127,nov - jan,1248,Desember,1248,12.8,2300,1.700.000,6300,Tidak,Bagi hasil,2,Kombinasi irigasi dan tadah hujan,Tidak Mencukupi,Ada pemupukan,"Pupuk urea, NPK, Pupuk SP-36",Ada,"Wereng, walang sangit, Siput Murbai/Keong",Busuk batang,Ada,Ada,Herbisida
PRD212,PTN127,mei - juli,1248,Mei,1248,1.1,200,1.300.000,6500,Tidak,Bagi hasil,2,Kombinasi irigasi dan tadah hujan,Tidak Mencukupi,Ada pemupukan,"Pupuk urea, NPK, Pupuk SP-37",Ada,"Wereng, walang sangit, Siput Murbai/Keong",Busuk batang,Ada,Ada,Herbisida
PRD213,PTN128,des - feb,936,Maret,936,0.9,160,8.000.000,6500,Tidak,Milik sendiri,2,Kombinasi irigasi dan tadah hujan,Tidak Mencukupi,Ada pemupukan,"Pupuk urea, NPK, Pupuk SP-36",Ada,"walang sangit, Hama putih","Bercak daun, Busuk batang",Ada,Ada,Herbisida
PRD214,PTN128,feb - apr,936,Agustus,500,0.4,70,5.000.000,6500,Tidak,Milik sendiri,2,Kombinasi irigasi dan tadah hujan,Tidak Mencukupi,Ada pemupukan,"Pupuk urea, NPK, Pupuk SP-37",Ada,"walang sangit, Hama putih","Bercak daun, Busuk batang",Ada,Ada,Herbisida
PRD215,PTN129,des - feb,3120,Maret,3120,5.8,1050,4.000.000,6300,Ya sebagian,Milik sendiri,2,Kombinasi irigasi dan tadah hujan,Tidak Mencukupi,Ada pemupukan,"Pupuk urea, NPK, Pupuk SP-36",Ada,"Wereng, penggerek batang padi, walang sangit, Hama putih , Siput Murbai/Keong","Blas, Bercak daun, Busuk batang",Ada,Ada,Herbisida
PRD216,PTN129,feb - apr,3120,Mei,3120,5.8,1050,4.000.000,6300,Tidak,Bagi hasil,2,Kombinasi irigasi dan tadah hujan,Tidak Mencukupi,Ada pemupukan,"Pupuk urea, NPK, Pupuk SP-36",Ada,"Wereng, penggerek batang padi, walang sangit, Hama putih , Siput Murbai/Keong","Blas, Bercak daun, Busuk batang",Ada,Ada,Herbisida dan Mencabut rumput
PRD217,PTN130,des - feb,950,Maret,950,2.2,400,2.000.000,6300,Tidak,Bagi hasil,2,Kombinasi irigasi dan tadah hujan,Tidak Mencukupi,Ada pemupukan,"Pupuk urea, NPK, Pupuk SP-36",Ada,"Wereng, penggerek batang padi, walang sangit, Hama putih , Siput Murbai/Keong","Blas, Bercak daun, Busuk batang",Ada,Ada,Herbisida dan Mencabut rumput
PRD218,PTN130,feb - apr,950,Mei,950,2.2,400,2.000.000,6300,Ya sebagian,Milik sendiri,2,Kombinasi irigasi dan tadah hujan,Tidak Mencukupi,Ada pemupukan,"Pupuk urea, NPK, Pupuk SP-36",Ada,"Wereng, penggerek batang padi, walang sangit, Hama putih , Siput Murbai/Keong","Blas, Bercak daun, Busuk batang",Ada,Ada,Herbisida dan Mencabut rumput
PRD219,PTN131,des - feb,7500,Maret,7500,16.7,3000,10.000.000,6300,Ya sebagian,Milik sendiri,2,Kombinasi irigasi dan tadah hujan,Tidak Mencukupi,Ada pemupukan,"Pupuk urea, NPK, Pupuk SP-36",Ada,"Wereng, penggerek batang padi, walang sangit, Hama putih , Siput Murbai/Keong","Blas, Bercak daun, Busuk batang",Ada,Ada,Herbisida dan Mencabut rumput
PRD220,PTN131,feb - apr,7500,Mei,7500,16.7,3000,10.000.000,6300,Ya sebagian,Milik sendiri,2,Kombinasi irigasi dan tadah hujan,Tidak Mencukupi,Ada pemupukan,"Pupuk urea, NPK, Pupuk SP-36",Ada,"Wereng, penggerek batang padi, walang sangit, Hama putih , Siput Murbai/Keong","Blas, Bercak daun, Busuk batang",Ada,Ada,Herbisida dan Mencabut rumput
PRD221,PTN132,des - feb,936,Maret,936,2.3,420,1.800.000,6700,Ya sebagian,Milik sendiri,2,Kombinasi irigasi dan tadah hujan,Tidak Mencukupi,Ada pemupukan,"Pupuk urea, NPK, Pupuk SP-36",Ada,"Wereng, penggerek batang padi, walang sangit, Hama putih , Siput Murbai/Keong","Blas, Bercak daun, Busuk batang",Ada,Ada,Herbisida dan Mencabut rumput
PRD222,PTN132,feb - apr,936,Mei,936,2.3,420,1.800.000,6700,Ya sebagian,Milik sendiri,2,Kombinasi irigasi dan tadah hujan,Tidak Mencukupi,Ada pemupukan,"Pupuk urea, NPK, Pupuk SP-36",Ada,"Wereng, penggerek batang padi, walang sangit, Hama putih , Siput Murbai/Keong","Blas, Bercak daun, Busuk batang",Ada,Ada,Herbisida dan Mencabut rumput
PRD223,PTN133,des - feb,936,Maret,936,1.0,180,1.500.000,6300,Ya sebagian,Milik sendiri,2,Kombinasi irigasi dan tadah hujan,Tidak Mencukupi,Ada pemupukan,"Pupuk urea, NPK, Pupuk SP-36",Ada,"Wereng, penggerek batang padi, walang sangit, Hama putih , Siput Murbai/Keong","Blas, Bercak daun, Busuk batang",Ada,Ada,Herbisida dan Mencabut rumput
PRD224,PTN133,feb - apr,936,Mei,936,1.0,180,1.500.000,6700,Ya sebagian,Milik sendiri,2,Kombinasi irigasi dan tadah hujan,Tidak Mencukupi,Ada pemupukan,"Pupuk urea, NPK, Pupuk SP-36",Ada,"Wereng, penggerek batang padi, walang sangit, Hama putih , Siput Murbai/Keong","Blas, Bercak daun, Busuk batang",Ada,Ada,Mencabut rumput
PRD225,PTN134,des - feb,1248,Maret,1248,3.3,600,2.000.000,6300,Ya sebagian,Milik sendiri,2,Kombinasi irigasi dan tadah hujan,Tidak Mencukupi,Ada pemupukan,"Pupuk urea, NPK, Pupuk SP-36",Ada,"Wereng, penggerek batang padi, walang sangit, Hama putih , Siput Murbai/Keong","Blas, Bercak daun, Busuk batang",Ada,Ada,Mencabut rumput
PRD226,PTN134,feb - apr,1248,Mei,1248,3.3,600,2.000.000,6300,Ya sebagian,Milik sendiri,2,Kombinasi irigasi dan tadah hujan,Tidak Mencukupi,Ada pemupukan,"Pupuk urea, NPK, Pupuk SP-36",Ada,"Wereng, penggerek batang padi, walang sangit, Hama putih , Siput Murbai/Keong","Blas, Bercak daun, Busuk batang",Ada,Ada,Mencabut rumput
PRD227,PTN135,nov - jan,936,Maret,936,1.0,420,1.800.000,6500,Ya sebagian,Milik sendiri,2,Sawah irigasi,Tidak Mencukupi,Ada pemupukan,"Pupuk urea, NPK, Pupuk SP-36",Ada,"walang sangit, Hama putih, Siput Murbai/Keong","Hawar daun bakteri, Bercak daun, Busuk batang",Ada,Ada,Mencabut rumput
PRD228,PTN135,mei - juli,936,Agustus,936,1.7,300,2.000.000,6700,Ya sebagian,Milik sendiri,2,Sawah irigasi,Tidak Mencukupi,Ada pemupukan,"Pupuk urea, NPK, Pupuk SP-37",Ada,"walang sangit, Hama putih, Siput Murbai/Keong","Hawar daun bakteri, Bercak daun, Busuk batang",Ada,Ada,Mencabut rumput
PRD229,PTN136,nov - jan,1250,Maret,1250,3.1,560,2.000.000,6400,Ya sebagian,Milik sendiri,2,Kombinasi irigasi dan tadah hujan,Tidak Mencukupi,Ada pemupukan,"Pupuk urea, NPK, Pupuk SP-36",Ada,"Wereng, penggerek batang padi, walang sangit","Blas, Hawar daun bakteri, Busuk batang",Ada,Ada,Mencabut rumput
PRD230,PTN136,mei - juli,1250,Mei,1250,3.1,560,2.000.000,6500,Ya sebagian,Milik sendiri,2,Kombinasi irigasi dan tadah hujan,Tidak Mencukupi,Ada pemupukan,"Pupuk urea, NPK, Pupuk SP-37",Ada,"Wereng, penggerek batang padi, walang sangit","Blas, Hawar daun bakteri, Busuk batang",Ada,Ada,Mencabut rumput
PRD231,PTN137,nov - jan,2500,Januari,2500,11.0,2000,3.000.000,6700,Ya seluruhnya,Milik sendiri,2,Sawah tadah hujan,Tidak Mencukupi,Ada pemupukan,"Pupuk urea, NPK",Ada,"Tikus, Wereng, Tulo/burung pipit, penggerek batang padi, walang sangit, Siput Murbai/Keong","Blas, Bercak daun, Busuk batang",Ada,Ada,Mencabut rumput
PRD232,PTN137,mei - juli,2500,September,2500,11.0,2000,3.000.000,6700,Ya seluruhnya,Milik sendiri,2,Sawah tadah hujan,Tidak Mencukupi,Ada pemupukan,"Pupuk urea, NPK",Ada,"Tikus, Wereng, Tulo/burung pipit, penggerek batang padi, walang sangit, Siput Murbai/Keong","Blas, Bercak daun, Busuk batang",Ada,Ada,Mencabut rumput
PRD233,PTN138,nov - jan,6000,Januari,6000,23.0,4200,7.000.000,6700,Ya seluruhnya,Milik sendiri,2,Sawah tadah hujan,Tidak Mencukupi,Ada pemupukan,"Pupuk urea, NPK",Ada,"Tikus, Wereng, Tulo/burung pipit, penggerek batang padi, walang sangit, Siput Murbai/Keong","Blas, Bercak daun, Busuk batang",Ada,Ada,Mencabut rumput
PRD234,PTN138,mei - juli,6000,September,6000,23.0,4200,7.000.000,6500,Ya seluruhnya,Milik sendiri,2,Sawah tadah hujan,Tidak Mencukupi,Ada pemupukan,"Pupuk urea, NPK",Ada,"Tikus, Wereng, Tulo/burung pipit, penggerek batang padi, walang sangit, Siput Murbai/Keong","Blas, Busuk batang, Tungro",Ada,Ada,Mencabut rumput
PRD235,PTN139,nov - jan,5000,Januari,5000,19.0,3500,6.000.0000,6700,Ya seluruhnya,Milik sendiri,2,Sawah tadah hujan,Tidak Mencukupi,Ada pemupukan,"Pupuk urea, NPK",Ada,"Tikus, Wereng, Tulo/burung pipit, penggerek batang padi, walang sangit, Siput Murbai/Keong","Blas, Busuk batang, Tungro",Ada,Ada,Mencabut rumput
PRD236,PTN139,mei - juli,5000,September,5000,19.0,3500,6.000.0000,6500,Ya seluruhnya,Milik sendiri,2,Sawah tadah hujan,Tidak Mencukupi,Ada pemupukan,"Pupuk urea, NPK",Ada,"Tikus, Wereng, Tulo/burung pipit, penggerek batang padi, walang sangit, Siput Murbai/Keong","Blas, Busuk batang, Tungro",Ada,Ada,Mencabut rumput
PRD237,PTN140,nov - jan,5000,Januari,5000,19.0,3500,6.000.0000,6700,Ya seluruhnya,Milik sendiri,2,Sawah tadah hujan,Tidak Mencukupi,Ada pemupukan,"Pupuk urea, NPK",Ada,"Tikus, Wereng, Tulo/burung pipit, penggerek batang padi, walang sangit, Siput Murbai/Keong","Blas, Busuk batang, Tungro",Ada,Ada,Mencabut rumput
PRD238,PTN140,mei - juli,5000,Januari,5000,19.0,3500,6.000.0000,6700,Ya seluruhnya,Milik sendiri,2,Sawah tadah hujan,Tidak Mencukupi,Ada pemupukan,"Pupuk urea, NPK",Ada,"Tikus, Wereng, Tulo/burung pipit, penggerek batang padi, walang sangit, Siput Murbai/Keong","Blas, Busuk batang, Tungro",Ada,Ada,Mencabut rumput
PRD239,PTN141,nov - jan,2000,Januari,2000,7.0,1400,2.500.0000,6700,Ya seluruhnya,Milik sendiri,2,Sawah tadah hujan,Tidak Mencukupi,Ada pemupukan,"Pupuk urea, NPK",Ada,"Tikus, Wereng, Tulo/burung pipit, penggerek batang padi, walang sangit, Siput Murbai/Keong","Blas, Hawar daun bakteri, Bercak daun, Busuk batang",Ada,Ada,Mencabut rumput
PRD240,PTN141,mei - juli,2000,September,2000,7.0,1400,2.500.0000,6500,Ya seluruhnya,Milik sendiri,2,Sawah tadah hujan,Tidak Mencukupi,Ada pemupukan,"Pupuk urea, NPK",Ada,"Tikus, Wereng, Tulo/burung pipit, penggerek batang padi, walang sangit, Siput Murbai/Keong","Blas, Hawar daun bakteri, Bercak daun, Busuk batang",Ada,Ada,Mencabut rumput
PRD241,PTN142,nov - jan,9000,Januari,9000,37.0,6750,11.000.000,6700,Ya seluruhnya,Milik sendiri,2,Sawah tadah hujan,Tidak Mencukupi,Ada pemupukan,"Pupuk urea, NPK",Ada,"Tikus, Wereng, Tulo/burung pipit, penggerek batang padi, walang sangit, Siput Murbai/Keong","Blas, Hawar daun bakteri, Bercak daun, Busuk batang",Ada,Ada,Mencabut rumput
PRD242,PTN142,mei - juli,9000,September,9000,37.0,6750,11.000.000,6500,Ya seluruhnya,Milik sendiri,2,Sawah tadah hujan,Tidak Mencukupi,Ada pemupukan,"Pupuk urea, NPK",Ada,"Tikus, Wereng, Tulo/burung pipit, penggerek batang padi, walang sangit, Siput Murbai/Keong","Blas, Hawar daun bakteri, Bercak daun, Busuk batang",Ada,Ada,Mencabut rumput
PRD243,PTN143,nov - jan,3000,Januari,3000,13.0,2400,3.000.000,6700,Ya seluruhnya,Milik sendiri,2,Sawah tadah hujan,Tidak Mencukupi,Ada pemupukan,"Pupuk urea, NPK",Ada,"Tikus, Wereng, Tulo/burung pipit, penggerek batang padi, walang sangit, Siput Murbai/Keong","Blas, Hawar daun bakteri, Bercak daun, Busuk batang",Ada,Ada,Mencabut rumput
PRD244,PTN143,mei - juli,3000,September,3000,13.0,2400,3.000.000,6500,Ya seluruhnya,Milik sendiri,2,Sawah tadah hujan,Tidak Mencukupi,Ada pemupukan,"Pupuk urea, NPK",Ada,"Tikus, Wereng, Tulo/burung pipit, penggerek batang padi, walang sangit, Siput Murbai/Keong","Blas, Hawar daun bakteri, Bercak daun, Busuk batang",Ada,Ada,Mencabut rumput
PRD245,PTN144,nov - jan,3000,Januari,3000,13.0,2400,3.750.000,6700,Ya seluruhnya,Milik sendiri,2,Sawah tadah hujan,Tidak Mencukupi,Ada pemupukan,"Pupuk urea, NPK",Ada,"Tikus, Wereng, Tulo/burung pipit, penggerek batang padi, walang sangit, Siput Murbai/Keong","Blas, Hawar daun bakteri, Bercak daun, Busuk batang, Tungro",Ada,Ada,Mencabut rumput
PRD246,PTN144,mei - juli,3000,September,3000,13.0,2400,3.750.000,6500,Ya seluruhnya,Milik sendiri,2,Sawah tadah hujan,Tidak Mencukupi,Ada pemupukan,"Pupuk urea, NPK",Ada,"Tikus, Wereng, Tulo/burung pipit, penggerek batang padi, walang sangit, Siput Murbai/Keong","Blas, Hawar daun bakteri, Bercak daun, Busuk batang, Tungro",Ada,Ada,Mencabut rumput
PRD247,PTN145,nov - jan,8700,Januari,8700,38.0,6960,10.875.000,6700,Ya seluruhnya,Milik sendiri,2,Sawah tadah hujan,Tidak Mencukupi,Ada pemupukan,"Pupuk urea, NPK",Ada,"Tikus, Wereng, Tulo/burung pipit, penggerek batang padi, walang sangit, Siput Murbai/Keong","Blas, Hawar daun bakteri, Bercak daun, Busuk batang",Ada,Ada,Mencabut rumput
PRD248,PTN145,mei - juli,8700,September,8700,38.0,6960,10.875.000,6500,Ya seluruhnya,Milik sendiri,2,Sawah tadah hujan,Tidak Mencukupi,Ada pemupukan,"Pupuk urea, NPK",Ada,"Tikus, Wereng, Tulo/burung pipit, penggerek batang padi, walang sangit, Siput Murbai/Keong","Blas, Hawar daun bakteri, Bercak daun, Busuk batang",Ada,Ada,Mencabut rumput
PRD249,PTN146,nov - jan,2500,Januari,2500,11.0,2000,3.125.000,6700,Ya seluruhnya,Milik sendiri,2,Sawah tadah hujan,Tidak Mencukupi,Ada pemupukan,"Pupuk urea, NPK",Ada,"Tikus, Wereng, Tulo/burung pipit, penggerek batang padi, walang sangit, Siput Murbai/Keong","Blas, Hawar daun bakteri, Bercak daun, Busuk batang",Ada,Ada,Mencabut rumput
PRD250,PTN146,mei - juli,2500,September,2500,11.0,2000,3.125.000,6500,Ya seluruhnya,Milik sendiri,2,Sawah tadah hujan,Tidak Mencukupi,Ada pemupukan,"Pupuk urea, NPK",Ada,"Tikus, Wereng, Tulo/burung pipit, penggerek batang padi, walang sangit, Siput Murbai/Keong","Blas, Hawar daun bakteri, Bercak daun, Busuk batang",Ada,Ada,Mencabut rumput
PRD251,PTN147,nov - jan,3200,April,3200,10.0,1800,3.200.000,6900,Ya sebagian,Milik sendiri,2,Sawah tadah hujan,Tidak Mencukupi,Ada pemupukan,"Pupuk urea, KCL",Ada,"Tikus, Wereng, Tulo/burung pipit, walang sangit, Siput Murbai/Keong","Tungro, Bercak daun, Busuk batang",Ada,Ada,Mencabut rumput
PRD252,PTN147,mei - juli,3200,Oktober,3200,10.0,1800,3.200.000,6500,Ya sebagian,Milik sendiri,2,Sawah tadah hujan,Tidak Mencukupi,Ada pemupukan,"Pupuk urea, KCL",Ada,"Tikus, Wereng, Tulo/burung pipit, walang sangit, Siput Murbai/Keong","Tungro, Bercak daun, Busuk batang",Ada,Ada,Mencabut rumput
PRD253,PTN148,nov - jan,3200,April,3200,10.0,1800,3.000.000,6900,Ya sebagian,Milik sendiri,2,Sawah tadah hujan,Tidak Mencukupi,Ada pemupukan,"Pupuk urea, KCL",Ada,"Tikus, Wereng, Tulo/burung pipit, walang sangit, Siput Murbai/Keong","Tungro, Bercak daun, Busuk batang",Ada,Ada,Mencabut rumput
PRD254,PTN148,mei - juli,3200,Oktober,3200,10.0,1800,3.000.000,6500,Ya sebagian,Milik sendiri,2,Sawah tadah hujan,Tidak Mencukupi,Ada pemupukan,"Pupuk urea, KCL",Ada,"Tikus, Wereng, Tulo/burung pipit, walang sangit, Siput Murbai/Keong","Tungro, Bercak daun, Busuk batang",Ada,Ada,Mencabut rumput
PRD255,PTN149,nov - jan,2500,April,2500,7.0,1250,2.500.000,6900,Ya sebagian,Milik sendiri,2,Sawah tadah hujan,Tidak Mencukupi,Ada pemupukan,"Pupuk urea, KCL",Ada,"Tikus, Wereng, Tulo/burung pipit, walang sangit, Siput Murbai/Keong","Tungro, Bercak daun, Busuk batang",Ada,Ada,Mencabut rumput
PRD256,PTN149,mei - juli,2500,Oktober,2500,7.0,1250,2.500.000,6500,Ya sebagian,Milik sendiri,2,Sawah tadah hujan,Tidak Mencukupi,Ada pemupukan,"Pupuk urea, KCL",Ada,"Tikus, Wereng, Tulo/burung pipit, walang sangit, Siput Murbai/Keong","Tungro, Bercak daun, Busuk batang",Ada,Ada,Mencabut rumput
PRD257,PTN150,nov - jan,4600,April,4600,12.0,2300,5.000.000,6900,Ya sebagian,Milik sendiri,2,Sawah tadah hujan,Tidak Mencukupi,Ada pemupukan,"Pupuk urea, KCL",Ada,"Tikus, Wereng, Tulo/burung pipit, walang sangit, Siput Murbai/Keong","Tungro, Bercak daun, Busuk batang",Ada,Ada,Mencabut rumput
PRD258,PTN150,mei - juli,4600,Oktober,4600,12.0,2300,5.000.000,6500,Ya sebagian,Milik sendiri,2,Sawah tadah hujan,Tidak Mencukupi,Ada pemupukan,"Pupuk urea, KCL",Ada,"Tikus, Wereng, Tulo/burung pipit, walang sangit, Siput Murbai/Keong","Tungro, Bercak daun, Busuk batang",Ada,Ada,Mencabut rumput
PRD259,PTN151,nov - jan,5000,April,5000,14.0,2500,6.000.000,6900,Ya seluruhnya,Milik sendiri,2,Sawah tadah hujan,Tidak Mencukupi,Ada pemupukan,"Pupuk urea, KCL",Ada,"Tikus, Wereng, Tulo/burung pipit, walang sangit, Siput Murbai/Keong","Tungro, Bercak daun, Busuk batang",Ada,Ada,Mencabut rumput
PRD260,PTN151,mei - juli,5000,Oktober,5000,14.0,2500,6.000.000,6500,Ya seluruhnya,Milik sendiri,2,Sawah tadah hujan,Tidak Mencukupi,Ada pemupukan,"Pupuk urea, KCL",Ada,"Tikus, Wereng, Tulo/burung pipit, walang sangit, Siput Murbai/Keong","Tungro, Bercak daun, Busuk batang",Ada,Ada,Mencabut rumput
PRD261,PTN152,nov - jan,3200,April,3200,10.0,1800,3.200.000,6900,Ya sebagian,Milik sendiri,2,Sawah tadah hujan,Tidak Mencukupi,Ada pemupukan,"Pupuk urea, KCL",Ada,"Tikus, Wereng, Tulo/burung pipit, walang sangit, Siput Murbai/Keong","Tungro, Bercak daun, Busuk batang",Ada,Ada,Mencabut rumput
PRD262,PTN152,mei - juli,3200,Oktober,3200,10.0,1800,3.200.000,6500,Ya sebagian,Milik sendiri,2,Sawah tadah hujan,Tidak Mencukupi,Ada pemupukan,"Pupuk urea, KCL",Ada,"Tikus, Wereng, Tulo/burung pipit, walang sangit, Siput Murbai/Keong","Tungro, Bercak daun, Busuk batang",Ada,Ada,Mencabut rumput
PRD263,PTN153,nov - jan,3000,April,3000,8.0,1500,3.000.000,6900,Ya seluruhnya,Milik sendiri,2,Sawah tadah hujan,Tidak Mencukupi,Ada pemupukan,"Pupuk urea, KCL",Ada,"Tikus, Wereng, Tulo/burung pipit, walang sangit, Siput Murbai/Keong","Tungro, Bercak daun, Busuk batang",Ada,Ada,Mencabut rumput
PRD264,PTN153,mei - juli,3000,Oktober,3000,8.0,1500,3.000.000,6500,Ya seluruhnya,Milik sendiri,2,Sawah tadah hujan,Tidak Mencukupi,Ada pemupukan,"Pupuk urea, KCL",Ada,"Tikus, Wereng, Tulo/burung pipit, walang sangit, Siput Murbai/Keong","Tungro, Bercak daun, Busuk batang",Ada,Ada,Mencabut rumput
PRD265,PTN154,nov - jan,3200,April,3200,10.0,1800,3.200.000,6900,Ya seluruhnya,Milik sendiri,2,Sawah tadah hujan,Tidak Mencukupi,Ada pemupukan,"Pupuk urea, KCL",Ada,"Tikus, Wereng, Tulo/burung pipit, walang sangit, Siput Murbai/Keong","Tungro, Bercak daun, Busuk batang",Ada,Ada,Mencabut rumput
PRD266,PTN154,mei - juli,3200,Oktober,3200,10.0,1800,3.200.000,6500,Ya seluruhnya,Milik sendiri,2,Sawah tadah hujan,Tidak Mencukupi,Ada pemupukan,"Pupuk urea, KCL",Ada,"Tikus, Wereng, Tulo/burung pipit, walang sangit, Siput Murbai/Keong","Tungro, Bercak daun, Busuk batang",Ada,Ada,Mencabut rumput
PRD267,PTN155,nov - jan,3000,April,3000,8.0,1500,3.000.000,6900,Ya seluruhnya,Milik sendiri,2,Sawah tadah hujan,Tidak Mencukupi,Ada pemupukan,"Pupuk urea, KCL",Ada,"Tikus, Wereng, Tulo/burung pipit, walang sangit, Siput Murbai/Keong","Tungro, Bercak daun, Busuk batang",Ada,Ada,Mencabut rumput
PRD268,PTN155,mei - juli,3000,Oktober,3000,8.0,1500,3.000.000,6500,Ya seluruhnya,Milik sendiri,2,Sawah tadah hujan,Tidak Mencukupi,Ada pemupukan,"Pupuk urea, KCL",Ada,"Tikus, Wereng, Tulo/burung pipit, walang sangit, Siput Murbai/Keong","Tungro, Bercak daun, Busuk batang",Ada,Ada,Mencabut rumput
PRD269,PTN156,nov - jan,3000,April,3000,8.0,1500,3.000.000,6900,Ya seluruhnya,Milik sendiri,2,Sawah tadah hujan,Tidak Mencukupi,Ada pemupukan,"Pupuk urea, KCL",Ada,"Tikus, Wereng, Tulo/burung pipit, walang sangit, Siput Murbai/Keong","Tungro, Bercak daun, Busuk batang",Ada,Ada,Mencabut rumput
PRD270,PTN156,mei - juli,3000,Oktober,3000,8.0,1500,3.000.000,6500,Ya seluruhnya,Milik sendiri,2,Sawah tadah hujan,Tidak Mencukupi,Ada pemupukan,"Pupuk urea, KCL",Ada,"Tikus, Wereng, Tulo/burung pipit, walang sangit, Siput Murbai/Keong","Tungro, Bercak daun, Busuk batang",Ada,Ada,Mencabut rumput
PRD271,PTN157,feb - apr,1800,April,1800,8.0,1500,2.500.000,6000,Ya sebagian,Bagi hasil,2,Sawah irigasi,Mencukupi,Ada pemupukan,"Pupuk urea, NPK, Phonska",Ada,"Tikus, Wereng, Tulo/burung pipit",Hawar pelepah daun,Ada,Ada,Mencabut rumput
PRD272,PTN157,agt - okt,1800,Oktober,1800,8.0,1500,2.500.000,6000,Ya sebagian,Bagi hasil,2,Sawah irigasi,Mencukupi,Ada pemupukan,"Pupuk urea, NPK, Phonska",Ada,"Tikus, Wereng, Tulo/burung pipit",Hawar pelepah daun,Ada,Ada,Mencabut rumput
PRD273,PTN158,feb - apr,3600,April,3600,19.0,3360,4.000.000,6500,Tidak,Milik sendiri,2,Sawah irigasi,Mencukupi,Ada pemupukan,"Pupuk urea, NPK, Phonska",Ada,"Tikus, Wereng, Tulo/burung pipit",Bercak daun,Ada,Ada,Mencabut rumput
PRD274,PTN158,agt - okt,3600,Oktober,3600,19.0,3360,4.000.000,6500,Tidak,Milik sendiri,2,Sawah irigasi,Mencukupi,Ada pemupukan,"Pupuk urea, NPK, Phonska",Ada,"Tikus, Wereng, Tulo/burung pipit",Bercak daun,Ada,Ada,Mencabut rumput
PRD275,PTN159,feb - apr,1000,April,1000,4.0,720,2.000.000,5000,Ya sebagian,Bagi hasil,2,Sawah irigasi,Mencukupi,Ada pemupukan,"Pupuk urea, Phonska",Ada,"Tikus, Tulo/burung pipit",Bercak daun,Ada,Ada,Mencabut rumput
PRD276,PTN159,agt - okt,1000,Oktober,1000,4.0,720,2.000.000,5000,Ya sebagian,Bagi hasil,2,Sawah irigasi,Mencukupi,Ada pemupukan,"Pupuk urea, Phonska",Ada,"Tikus, Tulo/burung pipit",Bercak daun,Ada,Ada,Mencabut rumput
PRD277,PTN160,feb - apr,600,April,600,1.0,240,800.000,6000,Ya sebagian,Bagi hasil,2,Sawah irigasi,Mencukupi,Ada pemupukan,"Pupuk urea, Phonska",Ada,"Tikus, Tulo/burung pipit, Belalang",Blas,Ada,Ada,Mencabut rumput
PRD278,PTN160,agt - okt,600,Oktober,600,1.0,240,800.000,6000,Ya sebagian,Bagi hasil,2,Sawah irigasi,Mencukupi,Ada pemupukan,"Pupuk urea, Phonska",Ada,"Tikus, Tulo/burung pipit, Belalang",Blas,Ada,Ada,Mencabut rumput
PRD279,PTN161,feb - apr,600,April,600,2.0,360,2.000.000,6500,Tidak,Milik sendiri,2,Sawah irigasi,Mencukupi,Ada pemupukan,"Pupuk urea, Phonska",Ada,"Tikus, Tulo/burung pipit, walang sangit",Hawar pelepah daun,Ada,Ada,Mencabut rumput
PRD280,PTN161,agt - okt,600,Oktober,600,2.0,360,2.000.000,6500,Tidak,Milik sendiri,2,Sawah irigasi,Mencukupi,Ada pemupukan,"Pupuk urea, Phonska",Ada,"Tikus, Tulo/burung pipit, walang sangit",Hawar pelepah daun,Ada,Ada,Mencabut rumput
PRD281,PTN162,feb - apr,500,April,500,2.0,360,2.000.000,6500,Tidak,Milik sendiri,2,Sawah irigasi,Mencukupi,Ada pemupukan,"Pupuk urea, Phonska",Ada,"Tikus, Wereng, Tulo/burung pipit, walang sangit",Hawar daun bakteri,Ada,Ada,Herbisida
PRD282,PTN162,agt - okt,500,Oktober,500,2.0,360,2.000.000,6500,Tidak,Milik sendiri,2,Sawah irigasi,Mencukupi,Ada pemupukan,"Pupuk urea, Phonska",Ada,"Tikus, Wereng, Tulo/burung pipit, walang sangit",Hawar daun bakteri,Ada,Ada,Herbisida
PRD283,PTN163,feb - apr,500,April,500,1.5,270,2.200.000,6200,Ya sebagian,Milik sendiri,2,Sawah irigasi,Mencukupi,Ada pemupukan,"Pupuk urea, Phonska",Ada,"Tikus, Wereng, Tulo/burung pipit, walang sangit",Hawar pelepah daun,Ada,Ada,Herbisida
PRD284,PTN163,agt - okt,500,Oktober,500,1.5,270,2.200.000,6200,Ya sebagian,Milik sendiri,2,Sawah irigasi,Mencukupi,Ada pemupukan,"Pupuk urea, Phonska",Ada,"Tikus, Wereng, Tulo/burung pipit, walang sangit",Hawar pelepah daun,Ada,Ada,Herbisida
PRD285,PTN164,feb - apr,600,April,600,1.0,240,1.000.000,6500,Tidak,Milik sendiri,2,Sawah irigasi,Mencukupi,Ada pemupukan,"Pupuk urea, Phonska",Ada,"Tikus, Tulo/burung pipit, walang sangit",Hawar daun bakteri,Ada,Ada,Herbisida
PRD286,PTN164,agt - okt,600,Oktober,600,1.0,240,1.000.000,6500,Tidak,Milik sendiri,2,Sawah irigasi,Mencukupi,Ada pemupukan,"Pupuk urea, Phonska",Ada,"Tikus, Tulo/burung pipit, walang sangit",Hawar daun bakteri,Ada,Ada,Herbisida
PRD287,PTN165,feb - apr,1000,April,1000,3.0,500,1.500.000,6700,Ya sebagian,Bagi hasil,2,Sawah irigasi,Mencukupi,Ada pemupukan,"Pupuk urea, Phonska",Ada,"Tikus, Wereng, Tulo/burung pipit","Blas, Hawar pelepah daun",Ada,Ada,Herbisida
PRD288,PTN165,agt - okt,1000,Oktober,1000,3.0,500,1.500.000,6700,Ya sebagian,Bagi hasil,2,Sawah irigasi,Mencukupi,Ada pemupukan,"Pupuk urea, Phonska",Ada,"Tikus, Wereng, Tulo/burung pipit","Blas, Hawar pelepah daun",Ada,Ada,Herbisida
PRD289,PTN166,feb - apr,500,April,500,1.5,270,2.000.000,6200,Tidak,Milik sendiri,2,Sawah irigasi,Mencukupi,Ada pemupukan,"Pupuk urea, Phonska",Ada,"Tikus, Tulo/burung pipit",Hawar pelepah daun,Ada,Ada,Herbisida
PRD290,PTN166,agt - okt,500,Oktober,500,1.5,270,2.000.000,6200,Tidak,Milik sendiri,2,Sawah irigasi,Mencukupi,Ada pemupukan,"Pupuk urea, Phonska",Ada,"Tikus, Tulo/burung pipit",Hawar pelepah daun,Ada,Ada,Herbisida
PRD291,PTN167,feb - apr,2000,April,2000,10.0,1800,3.500.000,6700,Ya sebagian,Milik sendiri,2,Sawah irigasi,Mencukupi,Ada pemupukan,"Pupuk urea, Pupuk SP-36, Phonska",Ada,"Tikus, walang sangit",TIDAK ADA,Ada,Ada,Herbisida dan Mencabut rumput
PRD292,PTN167,agt - okt,2000,Oktober,2000,10.0,1800,3.500.000,6700,Ya sebagian,Milik sendiri,2,Sawah irigasi,Mencukupi,Ada pemupukan,"Pupuk urea, Pupuk SP-36, Phonska",Ada,"Tikus, walang sangit",TIDAK ADA,Ada,Ada,Herbisida dan Mencabut rumput
PRD293,PTN168,feb - apr,600,Mei,600,4.0,800,500.000,6500,Ya sebagian,Bagi hasil,2,Sawah irigasi,Mencukupi,Ada pemupukan,"Pupuk urea, Phonska",Ada,Tikus,TIDAK ADA,Ada,Ada,Herbisida dan Mencabut rumput
PRD294,PTN168,agt - okt,600,November,600,4.0,800,500.000,6500,Ya sebagian,Bagi hasil,2,Sawah irigasi,Mencukupi,Ada pemupukan,"Pupuk urea, Phonska",Ada,Tikus,TIDAK ADA,Ada,Ada,Herbisida dan Mencabut rumput
PRD295,PTN169,feb - apr,3000,Mei,3000,14.0,2500,3.000.000,7200,Ya sebagian,Milik sendiri,2,Sawah irigasi,Mencukupi,Ada pemupukan,"Pupuk urea, Phonska",Ada,Tikus,Hawar daun bakteri,Ada,Ada,Herbisida dan Mencabut rumput
PRD296,PTN169,agt - okt,3000,November,3000,14.0,2500,3.000.000,7200,Ya sebagian,Milik sendiri,2,Sawah irigasi,Mencukupi,Ada pemupukan,"Pupuk urea, Phonska",Ada,Tikus,Hawar daun bakteri,Ada,Ada,Herbisida dan Mencabut rumput
PRD297,PTN170,feb - apr,1000,Mei,1000,4.0,800,4.000.000,5200,Ya sebagian,Bagi hasil,2,Sawah irigasi,Mencukupi,Ada pemupukan,"Pupuk urea, NPK, Pupuk Kandang, Pupuk kompos",Ada,Tikus,Hawar daun bakteri,Ada,Ada,Herbisida dan Mencabut rumput
PRD298,PTN170,agt - okt,1000,November,1000,4.0,800,4.000.000,5200,Ya sebagian,Bagi hasil,2,Sawah irigasi,Mencukupi,Ada pemupukan,"Pupuk urea, NPK, Pupuk Kandang, Pupuk kompos",Ada,Tikus,Hawar daun bakteri,Ada,Ada,Herbisida dan Mencabut rumput
PRD299,PTN171,feb - apr,1400,Mei,1400,6.0,1000,2.000.000,7000,Ya sebagian,Bagi hasil,2,Sawah irigasi,Mencukupi,Ada pemupukan,"Pupuk urea, Phonska, Mutiara",Ada,Tikus,TIDAK ADA,Ada,Ada,Herbisida dan Mencabut rumput
PRD300,PTN171,agt - okt,1400,November,1400,6.0,1000,2.000.000,7000,Ya sebagian,Bagi hasil,2,Sawah irigasi,Mencukupi,Ada pemupukan,"Pupuk urea, Phonska, Mutiara",Ada,Tikus,TIDAK ADA,Ada,Ada,Mencabut rumput
PRD301,PTN172,feb - apr,1000,Mei,1000,6.0,1000,1.000.000,5000,Ya sebagian,Bagi hasil,2,Sawah irigasi,Mencukupi,Ada pemupukan,"Pupuk urea, NPK, Pupuk Kandang, Pupuk kompos",Ada,"Tikus, Wereng, walang sangit",TIDAK ADA,Ada,Ada,Mencabut rumput
PRD302,PTN172,agt - okt,1000,November,1000,6.0,1000,1.000.000,5000,Ya sebagian,Bagi hasil,2,Sawah irigasi,Mencukupi,Ada pemupukan,"Pupuk urea, NPK, Pupuk Kandang, Pupuk kompos",Ada,"Tikus, Wereng, walang sangit",TIDAK ADA,Ada,Ada,Mencabut rumput
PRD303,PTN173,feb - apr,800,Mei,800,3.0,500,1.500.000,7000,Ya sebagian,Milik sendiri,2,Sawah irigasi,Mencukupi,Ada pemupukan,"Pupuk urea, Phonska",Ada,"Tikus, Belalang",Blas,Ada,Ada,Mencabut rumput
PRD304,PTN173,agt - okt,800,November,800,3.0,500,1.500.000,7000,Ya sebagian,Milik sendiri,2,Sawah irigasi,Mencukupi,Ada pemupukan,"Pupuk urea, Phonska",Ada,"Tikus, Belalang",Blas,Ada,Ada,Mencabut rumput
PRD305,PTN174,feb - apr,800,Mei,800,3.0,600,1.500.000,7000,Ya sebagian,Bagi hasil,2,Sawah irigasi,Mencukupi,Ada pemupukan,"Pupuk urea, Pupuk SP-36, Phonska",Ada,Tikus,TIDAK ADA,Ada,Ada,Mencabut rumput
PRD306,PTN174,agt - okt,800,November,800,3.0,600,1.500.000,7000,Ya sebagian,Bagi hasil,2,Sawah irigasi,Mencukupi,Ada pemupukan,"Pupuk urea, Pupuk SP-36, Phonska",Ada,Tikus,TIDAK ADA,Ada,Ada,Mencabut rumput
PRD307,PTN175,feb - apr,1300,Mei,1300,7.0,1200,4.500.000,6500,Ya sebagian,Bagi hasil,2,Sawah irigasi,Mencukupi,Ada pemupukan,"Pupuk urea, KCL, Phonska",Ada,Tikus,TIDAK ADA,Ada,Ada,Mencabut rumput
PRD308,PTN175,agt - okt,1300,November,1300,7.0,1200,4.500.000,6500,Ya sebagian,Bagi hasil,2,Sawah irigasi,Mencukupi,Ada pemupukan,"Pupuk urea, KCL, Phonska",Ada,Tikus,TIDAK ADA,Ada,Ada,Mencabut rumput
PRD309,PTN176,feb - apr,2000,Mei,2000,10.0,1800,2.000.000,6500,Ya sebagian,Bagi hasil,2,Sawah irigasi,Mencukupi,Ada pemupukan,"Pupuk urea, Pupuk SP-36, Phonska",Ada,Tikus,Blas,Ada,Ada,Mencabut rumput
PRD310,PTN176,agt - okt,2000,November,2000,10.0,1800,2.000.000,6500,Ya sebagian,Bagi hasil,2,Sawah irigasi,Mencukupi,Ada pemupukan,"Pupuk urea, Pupuk SP-36, Phonska",Ada,Tikus,Blas,Ada,Ada,Mencabut rumput
PRD311,PTN177,feb - apr,5000,April,5000,27.8,5000,5.000.000,6500,Ya sebagian,Bagi hasil,2,Sawah irigasi,Mencukupi,Ada pemupukan,Pupuk urea,Ada,Tikus,TIDAK ADA,Tidak,Ada,Mencabut rumput
PRD312,PTN177,agt - okt,5000,Oktober,5000,27.8,5000,5.000.000,6500,Ya sebagian,Bagi hasil,2,Sawah irigasi,Mencukupi,Ada pemupukan,Pupuk urea,Ada,Tikus,TIDAK ADA,Tidak,Ada,Mencabut rumput
PRD313,PTN178,feb - apr,6500,April,6500,50.0,9000,4.500.000,6800,Ya sebagian,Bagi hasil,2,Sawah irigasi,Mencukupi,Ada pemupukan,Pupuk urea,Ada,Tikus,TIDAK ADA,Tidak,Ada,Mencabut rumput
PRD314,PTN178,agt - okt,6500,Oktober,6500,50.0,9000,4.500.001,6800,Ya sebagian,Bagi hasil,2,Sawah irigasi,Mencukupi,Ada pemupukan,Pupuk urea,Ada,Tikus,TIDAK ADA,Tidak,Ada,Herbisida dan Mencabut rumput
PRD315,PTN179,feb - apr,2000,April,2000,50.0,9000,4.500.000,6800,Ya sebagian,Bagi hasil,2,Sawah irigasi,Mencukupi,Ada pemupukan,Pupuk urea,Ada,Tikus,TIDAK ADA,Tidak,Ada,Herbisida dan Mencabut rumput
PRD316,PTN179,agt - okt,6500,Oktober,6500,50.0,9000,4.500.000,6800,Ya sebagian,Bagi hasil,2,Sawah irigasi,Mencukupi,Ada pemupukan,Pupuk urea,Ada,Tikus,TIDAK ADA,Tidak,Ada,Herbisida dan Mencabut rumput
PRD317,PTN180,feb - apr,3400,April,3400,5.6,1000,1.500.000,7000,Ya sebagian,Bagi hasil,2,Sawah irigasi,Mencukupi,Ada pemupukan,Pupuk urea,Ada,Tikus,TIDAK ADA,Tidak,Ada,Herbisida dan Mencabut rumput
PRD318,PTN180,agt - okt,3400,Oktober,3400,5.6,1000,4.500.001,7000,Ya sebagian,Bagi hasil,2,Sawah irigasi,Mencukupi,Ada pemupukan,Pupuk urea,Ada,Tikus,TIDAK ADA,Tidak,Ada,Herbisida dan Mencabut rumput
PRD319,PTN181,feb - apr,900,April,900,4.4,800,1.500.000,7000,Ya sebagian,Bagi hasil,2,Sawah irigasi,Mencukupi,Ada pemupukan,Pupuk urea,Ada,Tikus,TIDAK ADA,Tidak,Ada,Herbisida dan Mencabut rumput
PRD320,PTN181,feb - apr,1500,April,1500,5.6,1000,1.500.000,6800,Ya sebagian,Bagi hasil,2,Sawah irigasi,Mencukupi,Ada pemupukan,Pupuk urea,Ada,Tikus,TIDAK ADA,Tidak,Ada,Herbisida dan Mencabut rumput
PRD321,PTN182,agt - okt,1500,Oktober,1500,5.6,1000,1.500.000,6800,Ya sebagian,Bagi hasil,2,Sawah irigasi,Mencukupi,Ada pemupukan,Pupuk urea,Ada,Tikus,TIDAK ADA,Tidak,Ada,Herbisida dan Mencabut rumput
PRD322,PTN182,feb - apr,1200,April,1200,5.6,1000,3.500.000,7000,Ya sebagian,Bagi hasil,2,Sawah irigasi,Mencukupi,Ada pemupukan,Pupuk urea,Ada,Tikus,TIDAK ADA,Tidak,Ada,Herbisida dan Mencabut rumput
PRD323,PTN183,agt - okt,1200,Oktober,1200,5.6,1000,3.500.000,7000,Ya sebagian,Bagi hasil,2,Sawah irigasi,Mencukupi,Ada pemupukan,Pupuk urea,Ada,Tikus,TIDAK ADA,Tidak,Ada,Herbisida dan Mencabut rumput
PRD324,PTN183,feb - apr,2500,April,2500,13.9,2500,2.000.000,7000,Ya sebagian,Bagi hasil,2,Sawah irigasi,Mencukupi,Ada pemupukan,Pupuk urea,Ada,Tikus,TIDAK ADA,Tidak,Ada,Herbisida dan Mencabut rumput
PRD325,PTN184,agt - okt,2500,Oktober,2500,13.9,2500,2.000.000,7000,Ya sebagian,Bagi hasil,2,Sawah irigasi,Mencukupi,Ada pemupukan,Pupuk urea,Ada,Tikus,TIDAK ADA,Tidak,Ada,Herbisida dan Mencabut rumput
PRD326,PTN184,feb - apr,10000,April,10000,55.6,10000,9.000.000,7200,Ya sebagian,Bagi hasil,2,Sawah irigasi,Mencukupi,Ada pemupukan,Pupuk urea,Ada,Tikus,TIDAK ADA,Tidak,Ada,Herbisida dan Mencabut rumput
PRD327,PTN185,agt - okt,10000,Oktober,10000,55.6,10000,9.000.000,7200,Ya sebagian,Bagi hasil,2,Sawah irigasi,Mencukupi,Ada pemupukan,Pupuk urea,Ada,Tikus,TIDAK ADA,Tidak,Ada,Herbisida dan Mencabut rumput
PRD328,PTN185,feb - apr,1000,April,1000,3.9,700,500.000,7000,Ya sebagian,Bagi hasil,2,Sawah irigasi,Mencukupi,Ada pemupukan,Pupuk urea,Ada,Tikus,TIDAK ADA,Tidak,Ada,Herbisida dan Mencabut rumput
PRD329,PTN186,agt - okt,1000,Oktober,1000,3.9,700,500.000,7000,Ya sebagian,Bagi hasil,2,Sawah irigasi,Mencukupi,Ada pemupukan,Pupuk urea,Ada,Tikus,TIDAK ADA,Tidak,Ada,Herbisida dan Mencabut rumput
PRD330,PTN186,feb - apr,2000,Mei,1700,9.4,1700,1.500.000,6900,Ya sebagian,Milik sendiri,2,Sawah irigasi,Mencukupi,Ada pemupukan,"Pupuk urea, Pupuk SP-36, Phonska",Ada,Tikus,Blas,Ada,Ada,Mencabut rumput dan Membuang keong
PRD331,PTN187,agt - okt,2000,November,1700,9.4,1700,1.500.000,6900,Ya sebagian,Milik sendiri,2,Sawah irigasi,Mencukupi,Ada pemupukan,"Pupuk urea, Pupuk SP-36, Phonska",Ada,Tikus,Blas,Ada,Ada,Mencabut rumput dan Membuang keong
PRD332,PTN187,feb - apr,2000,Mei,2000,11.1,2000,3.000.000,6500,Ya sebagian,Bagi hasil,2,Sawah irigasi,Mencukupi,Ada pemupukan,"Pupuk urea, Phonska, ZA",Ada,"Tikus, Wereng, Siput Murbai/Keong",Bercak daun,Ada,Ada,Mencabut rumput dan Membuang keong
PRD333,PTN188,agt - okt,2000,November,2000,11.1,2000,3.000.000,6500,Ya sebagian,Bagi hasil,2,Sawah irigasi,Mencukupi,Ada pemupukan,"Pupuk urea, Phonska, ZA",Ada,"Tikus, Wereng, Siput Murbai/Keong",Bercak daun,Ada,Ada,Mencabut rumput dan Membuang keong
PRD334,PTN188,feb - apr,2000,Mei,2000,11.1,2000,3.000.000,6500,Ya sebagian,Bagi hasil,2,Sawah irigasi,Mencukupi,Ada pemupukan,"Pupuk urea, Phonska, ZA",Ada,"Tikus, walang sangit",Blas,Ada,Ada,Mencabut rumput dan Membuang keong
PRD335,PTN189,agt - okt,2000,November,2000,11.1,2000,3.000.000,6500,Ya sebagian,Bagi hasil,2,Sawah irigasi,Mencukupi,Ada pemupukan,"Pupuk urea, Phonska, ZA",Ada,"Tikus, walang sangit","Hawar pelepah daun, Busuk batang",Ada,Ada,Mencabut rumput dan Membuang keong
PRD336,PTN189,feb - apr,1400,Mei,1000,5.6,1000,3.000.000,6700,Ya sebagian,Bagi hasil,2,Sawah irigasi,Mencukupi,Ada pemupukan,"Pupuk urea, Phonska",Ada,Tikus,Blas,Ada,Ada,Mencabut rumput dan Membuang keong
PRD337,PTN190,agt - okt,1400,November,1000,5.6,1000,3.000.000,6700,Ya sebagian,Bagi hasil,2,Sawah irigasi,Mencukupi,Ada pemupukan,"Pupuk urea, Phonska",Ada,Tikus,Blas,Ada,Ada,Mencabut rumput dan Membuang keong
PRD338,PTN190,feb - apr,1000,Mei,800,4.4,800,1.500.000,7000,Ya sebagian,Bagi hasil,2,Sawah irigasi,Mencukupi,Ada pemupukan,"Pupuk urea, Phonska, Mutiara",Ada,"Tikus, Wereng, walang sangit",Hawar pelepah daun,Ada,Ada,Mencabut rumput dan Membuang keong
PRD339,PTN191,agt - okt,1000,November,800,4.4,800,1.500.000,7000,Ya sebagian,Bagi hasil,2,Sawah irigasi,Mencukupi,Ada pemupukan,"Pupuk urea, Phonska, Mutiara",Ada,"Tikus, Wereng, walang sangit",Hawar pelepah daun,Ada,Ada,Mencabut rumput dan Membuang keong
PRD340,PTN191,feb - apr,500,Mei,400,0.7,125,600,6900,Ya sebagian,Bagi hasil,2,Sawah irigasi,Mencukupi,Ada pemupukan,"Pupuk urea, Pupuk SP-36",Ada,"Tikus, Wereng",Blas,Ada,Ada,Mencabut rumput dan Membuang keong
PRD341,PTN192,agt - okt,500,November,400,0.7,125,600,6900,Ya sebagian,Bagi hasil,2,Sawah irigasi,Mencukupi,Ada pemupukan,"Pupuk urea, Pupuk SP-36",Ada,"Tikus, Wereng",Blas,Ada,Ada,Mencabut rumput dan Membuang keong
PRD342,PTN192,feb - apr,2500,Mei,2500,13.9,2500,4.000.000,6900,Ya sebagian,Bagi hasil,2,Sawah irigasi,Mencukupi,Ada pemupukan,"Pupuk urea, KCL, Phonska, ZA",Ada,"Tikus, Siput Murbai/Keong",Hawar pelepah daun,Ada,Ada,Herbisida
PRD343,PTN193,agt - okt,2500,November,2500,13.9,2500,4.000.000,6900,Ya sebagian,Bagi hasil,2,Sawah irigasi,Mencukupi,Ada pemupukan,"Pupuk urea, KCL, Phonska, ZA",Ada,"Tikus, Siput Murbai/Keong",Hawar pelepah daun,Ada,Ada,Herbisida
PRD344,PTN193,feb - apr,1600,Mei,1200,4.0,720,3.000.000,6500,Ya sebagian,Bagi hasil,2,Sawah irigasi,Mencukupi,Ada pemupukan,"Pupuk urea, Pupuk SP-36, Phonska",Ada,"Tikus, Wereng","Hawar pelepah daun, Busuk batang",Ada,Ada,Herbisida
PRD345,PTN194,agt - okt,1600,November,1200,4.0,720,3.000.000,6500,Ya sebagian,Bagi hasil,2,Sawah irigasi,Mencukupi,Ada pemupukan,"Pupuk urea, Pupuk SP-36, Phonska",Ada,"Tikus, Wereng","Hawar pelepah daun, Busuk batang",Ada,Ada,Herbisida
PRD346,PTN194,feb - apr,2000,Mei,1600,2.8,500,1.600.000,7000,Ya sebagian,Milik sendiri,2,Sawah irigasi,Mencukupi,Ada pemupukan,"Pupuk urea, Pupuk SP-36, Phonska",Ada,"Tikus, Wereng",Blas,Ada,Ada,Herbisida
PRD347,PTN195,agt - okt,2000,November,1600,2.8,500,1.600.000,7000,Ya sebagian,Milik sendiri,2,Sawah irigasi,Mencukupi,Ada pemupukan,"Pupuk urea, Pupuk SP-36, Phonska",Ada,"Tikus, Wereng",Blas,Ada,Ada,Herbisida
PRD348,PTN195,feb - apr,1200,Mei,1000,5.6,1000,1.500.000,6900,Ya sebagian,Bagi hasil,2,Sawah irigasi,Mencukupi,Ada pemupukan,"Pupuk urea, Phonska",Ada,"Tikus, Belalang",Blas,Ada,Ada,Herbisida
PRD349,PTN196,agt - okt,1200,November,1000,5.6,1000,1.500.000,6900,Ya sebagian,Bagi hasil,2,Sawah irigasi,Mencukupi,Ada pemupukan,"Pupuk urea, Phonska",Ada,"Tikus, Belalang",Blas,Ada,Ada,Herbisida
PRD350,PTN196,feb - apr,1200,November,1000,5.6,1000,1.500.000,6900,Ya sebagian,Bagi hasil,2,Sawah irigasi,Mencukupi,Ada pemupukan,"Pupuk urea, Phonska",Ada,"Tikus, Belalang",Blas,Ada,Ada,Herbisida