Prec,StDev,%Time,Q,S,Timestamp
0.18,0.99,2.7,1,5,2006-11-16 12:00:00
0.02,0.27,0.8,1,5,2006-11-17 12:00:00
0.51,3.0,4.4,1,5,2006-11-18 12:00:00
0.01,0.08,0.0,1,5,2006-11-19 12:00:00
1.49,6.91,12.9,1,5,2006-11-20 12:00:00
0.39,2.46,5.1,1,5,2006-11-21 12:00:00
0.0,0.02,0.0,1,5,2006-11-22 12:00:00
0.76,2.96,9.7,1,5,2006-11-23 12:00:00
0.15,0.82,3.5,1,5,2006-11-24 12:00:00
0.02,0.11,0.0,1,5,2006-11-25 12:00:00
0.2,0.79,4.3,1,5,2006-11-26 12:00:00
0.61,2.94,8.1,1,5,2006-11-27 12:00:00
0.0,0.04,0.0,1,5,2006-11-28 12:00:00
0.04,0.36,1.3,1,5,2006-11-29 12:00:00
1.27,6.12,15.4,1,5,2006-11-30 12:00:00
0.0,0.01,0.0,1,5,2006-12-01 12:00:00
0.32,1.49,4.9,1,5,2006-12-02 12:00:00
0.02,0.18,1.4,1,5,2006-12-03 12:00:00
-0.01,0.04,0.0,1,5,2006-12-04 12:00:00
-0.01,0.02,0.0,1,5,2006-12-05 12:00:00
-0.01,0.02,0.0,1,5,2006-12-06 12:00:00
0.0,0.05,0.0,1,5,2006-12-07 12:00:00
0.0,0.02,0.0,1,5,2006-12-08 12:00:00
0.36,2.67,2.9,1,5,2006-12-09 12:00:00
0.0,0.05,0.0,1,5,2006-12-10 12:00:00
0.0,0.03,0.0,1,5,2006-12-11 12:00:00
0.74,2.62,11.3,1,5,2006-12-12 12:00:00
0.0,0.03,0.0,1,5,2006-12-13 12:00:00
0.04,0.28,2.1,1,5,2006-12-14 12:00:00
0.78,2.84,9.0,1,5,2006-12-15 12:00:00
0.22,1.12,6.4,1,5,2006-12-16 12:00:00
0.0,0.05,0.0,1,5,2006-12-17 12:00:00
0.15,1.2,1.4,1,5,2006-12-18 12:00:00
3.13,10.46,16.9,1,5,2006-12-19 12:00:00
0.66,2.71,9.4,1,5,2006-12-20 12:00:00
1.96,7.16,17.5,1,5,2006-12-21 12:00:00
3.6,10.83,23.9,1,5,2006-12-22 12:00:00
0.0,0.06,0.0,1,5,2006-12-23 12:00:00
0.35,2.29,4.4,1,5,2006-12-24 12:00:00
1.83,6.99,7.6,1,5,2006-12-25 12:00:00
-0.01,0.01,0.0,1,5,2006-12-26 12:00:00
-0.01,0.02,0.0,1,5,2006-12-27 12:00:00
0.0,0.1,0.7,1,5,2006-12-28 12:00:00
-0.01,0.03,0.0,1,5,2006-12-29 12:00:00
0.02,0.25,1.4,1,5,2006-12-30 12:00:00
-0.02,0.02,0.0,1,5,2006-12-31 12:00:00
0.03,0.35,1.4,1,5,2007-01-01 12:00:00
-0.02,0.02,0.0,1,5,2007-01-02 12:00:00
-0.02,0.03,0.0,1,5,2007-01-03 12:00:00
-0.03,0.03,0.0,1,5,2007-01-04 12:00:00
-0.02,0.02,0.0,1,5,2007-01-05 12:00:00
-0.01,0.02,0.0,1,5,2007-01-06 12:00:00
-0.01,0.01,0.0,1,5,2007-01-07 12:00:00
0.0,0.01,0.0,1,5,2007-01-08 12:00:00
0.01,0.07,0.0,1,5,2007-01-09 12:00:00
0.0,0.03,0.0,1,5,2007-01-10 12:00:00
0.04,0.32,1.4,1,5,2007-01-11 12:00:00
0.0,0.02,0.0,1,5,2007-01-12 12:00:00
-0.02,0.02,0.0,1,5,2007-01-13 12:00:00
0.69,4.39,6.5,1,5,2007-01-14 12:00:00
0.15,0.77,3.5,1,5,2007-01-15 12:00:00
0.0,0.03,0.0,1,5,2007-01-16 12:00:00
2.41,9.46,18.1,1,5,2007-01-17 12:00:00
0.46,2.29,6.6,1,5,2007-01-18 12:00:00
0.45,1.78,7.3,1,5,2007-01-19 12:00:00
0.0,0.02,0.0,1,5,2007-01-20 12:00:00
0.01,0.07,0.0,1,5,2007-01-21 12:00:00
3.37,11.18,21.0,1,5,2007-01-22 12:00:00
0.03,0.17,1.4,1,5,2007-01-23 12:00:00
0.11,0.9,1.4,1,5,2007-01-24 12:00:00
0.0,0.01,0.0,1,5,2007-01-25 12:00:00
0.0,0.01,0.0,1,5,2007-01-26 12:00:00
0.0,0.01,0.0,1,5,2007-01-27 12:00:00
-0.01,0.02,0.0,1,5,2007-01-28 12:00:00
-0.01,0.01,0.0,1,5,2007-01-29 12:00:00
0.48,2.56,9.0,1,5,2007-01-30 12:00:00
-0.01,0.01,0.0,1,5,2007-01-31 12:00:00
-0.02,0.03,0.0,1,5,2007-02-01 12:00:00
-0.01,0.03,0.0,1,5,2007-02-02 12:00:00
-0.01,0.01,0.0,1,5,2007-02-03 12:00:00
-0.01,0.02,0.0,1,5,2007-02-04 12:00:00
-0.01,0.03,0.0,1,5,2007-02-05 12:00:00
-0.01,0.03,0.0,1,5,2007-02-06 12:00:00
-0.01,0.01,0.0,1,5,2007-02-07 12:00:00
0.0,0.01,0.0,1,5,2007-02-08 12:00:00
-0.01,0.01,0.0,1,5,2007-02-09 12:00:00
-0.01,0.01,0.0,1,5,2007-02-10 12:00:00
0.06,0.48,2.1,1,5,2007-02-11 12:00:00
-0.01,0.04,0.0,1,5,2007-02-12 12:00:00
-0.01,0.04,0.0,1,5,2007-02-13 12:00:00
-0.01,0.01,0.0,1,5,2007-02-14 12:00:00
-0.01,0.04,0.0,1,5,2007-02-15 12:00:00
-0.01,0.05,0.0,1,5,2007-02-16 12:00:00
-0.01,0.03,0.0,1,5,2007-02-17 12:00:00
-0.01,0.01,0.0,1,5,2007-02-18 12:00:00
-0.01,0.01,0.0,1,5,2007-02-19 12:00:00
-0.01,0.04,0.0,1,5,2007-02-20 12:00:00
-0.01,0.07,0.0,1,5,2007-02-21 12:00:00
0.04,0.26,1.4,1,5,2007-02-22 12:00:00
0.0,0.03,0.0,1,5,2007-02-23 12:00:00
0.96,9.05,2.6,1,5,2007-02-24 12:00:00
0.0,0.04,0.0,1,5,2007-02-25 12:00:00
0.0,0.07,0.0,1,5,2007-02-26 12:00:00
0.13,0.7,3.8,1,5,2007-02-27 12:00:00
0.0,0.05,0.0,1,5,2007-02-28 12:00:00
0.0,0.05,0.0,1,5,2007-03-01 12:00:00
0.0,0.03,0.0,1,5,2007-03-02 12:00:00
0.0,0.03,0.0,1,5,2007-03-03 12:00:00
0.0,0.06,0.0,1,5,2007-03-04 12:00:00
0.0,0.09,0.0,1,5,2007-03-05 12:00:00
0.0,0.08,0.0,1,5,2007-03-06 12:00:00
0.0,0.08,0.0,1,5,2007-03-07 12:00:00
0.24,1.39,4.2,1,5,2007-03-08 12:00:00
0.0,0.07,0.0,1,5,2007-03-09 12:00:00
0.0,0.05,0.0,1,5,2007-03-10 12:00:00
0.24,1.76,2.9,1,5,2007-03-11 12:00:00
0.02,0.16,0.7,1,5,2007-03-12 12:00:00
0.11,0.55,3.5,1,5,2007-03-13 12:00:00
0.33,2.37,2.8,1,5,2007-03-14 12:00:00
0.74,5.11,2.9,1,5,2007-03-15 12:00:00
0.04,0.28,1.4,1,5,2007-03-16 12:00:00
0.0,0.01,0.0,1,5,2007-03-17 12:00:00
0.0,0.03,0.0,1,5,2007-03-18 12:00:00
0.0,0.03,0.0,1,5,2007-03-19 12:00:00
0.0,0.04,0.0,1,5,2007-03-20 12:00:00
0.0,0.04,0.0,1,5,2007-03-21 12:00:00
0.0,0.04,0.0,1,5,2007-03-22 12:00:00
0.0,0.06,0.0,1,5,2007-03-23 12:00:00
-0.02,0.22,0.0,1,5,2007-03-24 12:00:00
0.0,0.05,0.0,1,5,2007-03-25 12:00:00
0.0,0.02,0.0,1,5,2007-03-26 12:00:00
0.0,0.01,0.0,1,5,2007-03-27 12:00:00
0.0,0.03,0.0,1,5,2007-03-28 12:00:00
-0.01,0.01,0.0,1,5,2007-03-29 12:00:00
0.0,0.01,0.0,1,5,2007-03-30 12:00:00
0.0,0.03,0.0,1,5,2007-03-31 12:00:00
0.0,0.01,0.0,1,5,2007-04-01 12:00:00
0.0,0.07,0.0,1,5,2007-04-02 12:00:00
0.08,0.33,4.9,1,5,2007-04-03 12:00:00
0.59,2.2,10.9,1,5,2007-04-04 12:00:00
0.72,4.77,7.5,1,5,2007-04-05 12:00:00
1.14,6.31,9.2,1,5,2007-04-06 12:00:00
0.37,1.84,6.3,1,5,2007-04-07 12:00:00
0.0,0.04,0.0,1,5,2007-04-08 12:00:00
0.0,0.02,0.0,1,5,2007-04-09 12:00:00
0.0,0.01,0.0,1,5,2007-04-10 12:00:00
0.03,0.24,1.4,1,5,2007-04-11 12:00:00
0.17,0.6,7.5,1,5,2007-04-12 12:00:00
0.42,3.84,2.8,1,5,2007-04-13 12:00:00
0.0,0.02,0.0,1,5,2007-04-14 12:00:00
-0.01,0.06,0.0,1,5,2007-04-15 12:00:00
0.0,0.01,0.0,1,5,2007-04-16 12:00:00
0.02,0.21,0.7,1,5,2007-04-17 12:00:00
0.0,0.05,0.0,1,5,2007-04-18 12:00:00
0.36,1.85,7.6,1,5,2007-04-19 12:00:00
0.0,0.03,0.0,1,5,2007-04-20 12:00:00
,,,5,5,2007-04-21 12:00:00
-0.02,0.6,3.5,1,5,2007-04-22 12:00:00
0.69,2.84,11.2,1,5,2007-04-23 12:00:00
1.04,6.08,7.4,1,5,2007-04-24 12:00:00
0.0,0.02,0.0,1,5,2007-04-25 12:00:00
1.13,6.08,9.7,1,5,2007-04-26 12:00:00
0.13,0.76,2.8,1,5,2007-04-27 12:00:00
1.04,3.47,17.0,1,5,2007-04-28 12:00:00
0.53,4.33,2.8,1,5,2007-04-29 12:00:00
0.02,0.23,0.7,1,5,2007-04-30 12:00:00
0.19,0.95,4.2,1,5,2007-05-01 12:00:00
0.0,0.02,0.0,1,5,2007-05-02 12:00:00
-0.01,0.02,0.0,1,5,2007-05-03 12:00:00
0.11,1.01,2.1,1,5,2007-05-04 12:00:00
0.02,0.12,0.7,1,5,2007-05-05 12:00:00
0.16,0.9,3.6,1,5,2007-05-06 12:00:00
0.24,1.61,3.5,1,5,2007-05-07 12:00:00
0.07,0.62,1.4,1,5,2007-05-08 12:00:00
0.02,0.12,0.7,1,5,2007-05-09 12:00:00
0.1,0.78,2.1,1,5,2007-05-10 12:00:00
0.06,0.42,2.8,1,5,2007-05-11 12:00:00
0.71,2.7,8.5,1,5,2007-05-12 12:00:00
0.26,1.93,2.1,1,5,2007-05-13 12:00:00
0.0,0.11,0.0,1,5,2007-05-14 12:00:00
0.0,0.11,0.0,1,5,2007-05-15 12:00:00
-0.01,0.18,0.0,1,5,2007-05-16 12:00:00
0.0,0.16,0.0,1,5,2007-05-17 12:00:00
0.0,0.15,0.0,1,5,2007-05-18 12:00:00
0.25,2.38,2.4,1,5,2007-05-19 12:00:00
0.0,0.06,0.0,1,5,2007-05-20 12:00:00
-0.01,0.08,0.0,1,5,2007-05-21 12:00:00
0.0,0.02,0.0,1,5,2007-05-22 12:00:00
0.0,0.03,0.0,1,5,2007-05-23 12:00:00
0.0,0.03,0.0,1,5,2007-05-24 12:00:00
0.0,0.09,0.0,1,5,2007-05-25 12:00:00
,,,5,5,2007-05-26 12:00:00
0.15,1.4,2.0,1,5,2007-05-27 12:00:00
0.02,0.39,2.5,1,5,2007-05-28 12:00:00
1.0,3.58,13.8,1,5,2007-06-05 12:00:00
-0.01,0.09,0.0,1,5,2007-06-06 12:00:00
0.1,0.55,4.1,1,5,2007-06-07 12:00:00
0.38,2.54,3.0,1,5,2007-06-08 12:00:00
-0.02,0.07,0.0,1,5,2007-06-09 12:00:00
-0.02,0.12,0.0,1,5,2007-06-10 12:00:00
0.87,2.7,13.9,1,5,2007-06-11 12:00:00
0.88,4.06,5.8,1,5,2007-06-12 12:00:00
0.01,0.11,0.0,1,5,2007-06-13 12:00:00
0.05,0.91,1.0,2,1,2007-10-08 12:00:00
0.24,4.11,1.0,2,1,2007-10-09 12:00:00
0.0,3.77,0.0,2,1,2007-10-10 12:00:00
0.1,2.63,4.0,2,1,2007-10-11 12:00:00
0.19,2.0,3.0,2,1,2007-10-12 12:00:00
1.43,6.3,13.0,2,1,2007-10-13 12:00:00
0.05,1.91,2.0,2,1,2007-10-14 12:00:00
0.24,4.11,4.0,2,1,2007-10-15 12:00:00
0.05,3.15,3.0,2,1,2007-10-16 12:00:00
0.57,1.81,19.0,2,1,2007-10-17 12:00:00
0.19,2.2,3.0,2,1,2007-10-18 12:00:00
2.63,6.78,42.0,2,1,2007-10-19 12:00:00
3.2,9.93,23.0,2,1,2007-10-20 12:00:00
2.96,8.78,41.0,2,1,2007-10-21 12:00:00
0.33,2.24,9.0,2,1,2007-10-22 12:00:00
0.0,2.29,1.0,2,1,2007-10-23 12:00:00
1.96,6.21,30.0,2,1,2007-10-24 12:00:00
1.0,4.73,16.0,2,1,2007-10-25 12:00:00
0.67,5.54,10.0,2,1,2007-10-26 12:00:00
0.0,1.0,1.0,2,1,2007-10-27 12:00:00
0.0,1.96,0.0,2,1,2007-10-28 12:00:00
0.0,1.91,1.0,2,1,2007-10-29 12:00:00
0.05,2.15,2.0,2,1,2007-10-30 12:00:00
0.14,4.34,4.0,2,1,2007-10-31 12:00:00
0.1,2.24,2.0,2,1,2007-11-01 12:00:00
0.48,3.1,11.0,2,1,2007-11-02 12:00:00
0.0,3.68,0.0,2,1,2007-11-03 12:00:00
0.0,2.24,0.0,2,1,2007-11-04 12:00:00
0.0,2.77,0.0,2,1,2007-11-05 12:00:00
0.1,2.53,2.0,2,1,2007-11-06 12:00:00
0.05,2.2,2.0,2,1,2007-11-07 12:00:00
0.62,9.21,7.0,2,1,2007-11-08 12:00:00
0.1,2.77,5.0,2,1,2007-11-09 12:00:00
0.43,6.68,6.0,2,1,2007-11-10 12:00:00
0.05,2.2,2.0,2,1,2007-11-11 12:00:00
0.1,3.63,3.0,2,1,2007-11-12 12:00:00
0.0,3.44,1.0,2,1,2007-11-13 12:00:00
0.0,3.1,0.0,2,1,2007-11-14 12:00:00
0.0,2.82,0.0,2,1,2007-11-15 12:00:00
0.1,3.44,2.0,2,1,2007-11-16 12:00:00
0.0,7.02,1.0,2,1,2007-11-17 12:00:00
0.05,1.1,1.0,2,1,2007-11-18 12:00:00
0.86,7.3,4.0,2,1,2007-11-19 12:00:00
0.05,2.58,2.0,2,1,2007-11-20 12:00:00
0.14,1.43,3.0,2,1,2007-11-21 12:00:00
0.0,1.0,1.0,2,1,2007-11-22 12:00:00
0.0,1.34,0.0,2,1,2007-11-23 12:00:00
0.0,1.24,0.0,2,1,2007-11-24 12:00:00
0.0,0.91,0.0,2,1,2007-11-25 12:00:00
0.05,1.77,2.0,2,1,2007-11-26 12:00:00
0.38,4.39,2.0,2,1,2007-11-27 12:00:00
0.1,3.58,2.0,2,1,2007-11-28 12:00:00
0.24,2.77,4.0,2,1,2007-11-29 12:00:00
0.0,2.0,0.0,2,1,2007-11-30 12:00:00
0.67,7.02,3.0,2,1,2007-12-01 12:00:00
0.38,1.53,21.0,2,1,2007-12-02 12:00:00
-0.05,1.43,1.0,2,1,2007-12-03 12:00:00
-0.05,2.48,0.0,2,1,2007-12-04 12:00:00
0.0,2.1,1.0,2,1,2007-12-05 12:00:00
0.0,2.39,0.0,2,1,2007-12-06 12:00:00
0.53,27.97,5.0,2,1,2007-12-07 12:00:00
0.43,11.7,10.0,2,1,2007-12-08 12:00:00
0.1,3.44,10.0,2,1,2007-12-09 12:00:00
0.43,5.82,4.0,2,1,2007-12-10 12:00:00
0.19,2.48,2.0,2,1,2007-12-11 12:00:00
0.14,2.63,3.0,2,1,2007-12-12 12:00:00
0.0,1.43,0.0,2,1,2007-12-13 12:00:00
1.48,6.06,22.0,2,1,2007-12-14 12:00:00
0.0,5.54,0.0,2,1,2007-12-15 12:00:00
0.0,2.05,0.0,2,1,2007-12-16 12:00:00
0.05,4.44,1.0,2,1,2007-12-17 12:00:00
0.0,1.1,0.0,2,1,2007-12-18 12:00:00
0.0,5.16,0.0,2,1,2007-12-19 12:00:00
0.0,2.43,1.0,2,1,2007-12-20 12:00:00
0.0,2.48,0.0,2,1,2007-12-21 12:00:00
0.1,3.87,2.0,2,1,2007-12-22 12:00:00
0.91,6.16,6.0,2,1,2007-12-23 12:00:00
0.24,3.68,8.0,2,1,2007-12-24 12:00:00
0.0,0.86,0.0,2,1,2007-12-25 12:00:00
0.0,1.53,0.0,2,1,2007-12-26 12:00:00
-0.05,3.1,0.0,2,1,2007-12-27 12:00:00
-0.05,1.24,0.0,2,1,2007-12-28 12:00:00
-0.05,2.58,0.0,2,1,2007-12-29 12:00:00
0.0,2.58,0.0,2,1,2007-12-30 12:00:00
0.0,2.24,0.0,2,1,2007-12-31 12:00:00
0.0,2.2,0.0,2,1,2008-01-01 12:00:00
0.05,1.67,2.0,2,1,2008-01-02 12:00:00
0.0,2.0,0.0,2,1,2008-01-03 12:00:00
0.0,1.81,1.0,2,1,2008-01-04 12:00:00
0.0,1.1,0.0,2,1,2008-01-05 12:00:00
-0.01,0.02,0.0,1,5,2010-07-05 12:00:00
-0.01,0.04,0.0,1,5,2010-07-06 12:00:00
0.01,0.06,0.0,1,5,2010-07-07 12:00:00
0.13,0.72,4.2,1,5,2010-07-08 12:00:00
0.03,0.21,2.1,1,5,2010-07-09 12:00:00
-0.01,0.05,0.0,1,5,2010-07-10 12:00:00
0.0,0.04,0.0,1,5,2010-07-11 12:00:00
0.05,0.29,2.1,1,5,2010-07-12 12:00:00
0.26,1.25,7.7,1,5,2010-07-13 12:00:00
0.33,1.1,8.3,1,5,2010-07-14 12:00:00
0.31,0.89,10.4,1,5,2010-07-15 12:00:00
0.46,2.51,6.2,1,5,2010-07-16 12:00:00
0.2,1.33,2.8,1,5,2010-07-17 12:00:00
0.1,0.57,3.5,1,5,2010-07-18 12:00:00
0.01,0.11,0.7,1,5,2010-07-19 12:00:00
0.03,0.38,0.7,1,5,2010-07-20 12:00:00
0.0,0.04,0.0,1,5,2010-07-21 12:00:00
-0.01,0.03,0.0,1,5,2010-07-22 12:00:00
0.02,0.03,0.0,1,5,2010-07-23 12:00:00
0.01,0.09,0.7,1,5,2010-07-24 12:00:00
0.01,0.07,0.0,1,5,2010-07-25 12:00:00
0.01,0.02,0.0,1,5,2010-07-26 12:00:00
0.0,0.03,0.0,1,5,2010-07-27 12:00:00
1.28,4.55,10.4,1,5,2010-07-28 12:00:00
0.14,0.52,6.9,1,5,2010-07-29 12:00:00
0.0,0.18,0.7,1,5,2010-07-30 12:00:00
0.02,0.3,1.4,1,5,2010-07-31 12:00:00
-0.01,0.01,0.0,1,5,2010-08-01 12:00:00
-0.02,0.01,0.0,1,5,2010-08-02 12:00:00
-0.02,0.02,0.0,1,5,2010-08-03 12:00:00
0.07,0.96,1.4,1,5,2010-08-04 12:00:00
-0.02,0.01,0.0,1,5,2010-08-05 12:00:00
-0.02,0.01,0.0,1,5,2010-08-06 12:00:00
-0.02,0.03,0.0,1,5,2010-08-07 12:00:00
0.03,0.44,1.4,1,5,2010-08-08 12:00:00
0.06,0.76,1.4,1,5,2010-08-09 12:00:00
0.14,1.11,3.5,1,5,2010-08-10 12:00:00
0.27,1.02,9.0,1,5,2010-08-11 12:00:00
0.31,1.17,9.0,1,5,2010-08-12 12:00:00
0.14,0.78,4.2,1,5,2010-08-13 12:00:00
-0.01,0.05,0.0,1,5,2010-08-14 12:00:00
0.67,2.21,16.0,1,5,2010-08-15 12:00:00
0.12,0.51,6.2,1,5,2010-08-16 12:00:00
-0.02,0.02,0.0,1,5,2010-08-17 12:00:00
1.44,4.87,18.2,1,5,2010-08-18 12:00:00
0.77,2.26,18.8,1,5,2010-08-19 12:00:00
0.27,1.25,6.2,1,5,2010-08-20 12:00:00
0.02,0.21,1.4,1,5,2010-08-21 12:00:00
-0.01,0.02,0.0,1,5,2010-08-22 12:00:00
-0.01,0.01,0.0,1,5,2010-08-23 12:00:00
0.01,0.19,1.4,1,5,2010-08-24 12:00:00
0.01,0.17,1.4,1,5,2010-08-25 12:00:00
-0.01,0.01,0.0,1,5,2010-08-26 12:00:00
0.08,0.74,1.4,1,5,2010-08-27 12:00:00
-0.01,0.02,0.0,1,5,2010-08-28 12:00:00
-0.01,0.04,0.0,1,5,2010-08-29 12:00:00
0.0,0.14,0.7,1,5,2010-08-30 12:00:00
0.2,1.39,3.5,1,5,2010-08-31 12:00:00
-0.01,0.02,0.0,1,5,2010-09-01 12:00:00
0.09,0.76,2.1,1,5,2010-09-02 12:00:00
-0.02,0.01,0.0,1,5,2010-09-03 12:00:00
-0.02,0.02,0.0,1,5,2010-09-04 12:00:00
0.18,1.52,2.1,1,5,2010-09-05 12:00:00
-0.01,0.01,0.0,1,5,2010-09-06 12:00:00
-0.01,0.03,0.0,1,5,2010-09-07 12:00:00
-0.01,0.04,0.0,1,5,2010-09-08 12:00:00
0.64,2.72,5.6,1,5,2010-09-09 12:00:00
-0.02,0.02,0.0,1,5,2010-09-10 12:00:00
-0.01,0.04,0.0,1,5,2010-09-11 12:00:00
-0.02,0.04,0.0,1,5,2010-09-12 12:00:00
0.04,0.28,2.1,1,5,2010-09-13 12:00:00
0.06,0.45,2.1,1,5,2010-09-14 12:00:00
0.23,0.85,10.4,1,5,2010-09-15 12:00:00
-0.02,0.02,0.0,1,5,2010-09-16 12:00:00
0.04,0.33,2.1,1,5,2010-09-17 12:00:00
-0.02,0.09,0.0,1,5,2010-09-18 12:00:00
-0.01,0.05,0.0,1,5,2010-09-19 12:00:00
0.09,0.38,5.6,1,5,2010-09-20 12:00:00
-0.01,0.11,0.0,1,5,2010-09-21 12:00:00
0.38,1.7,8.5,1,5,2010-09-22 12:00:00
0.47,2.73,5.6,1,5,2010-09-23 12:00:00
0.15,0.9,3.5,1,5,2010-09-24 12:00:00
0.0,0.12,0.7,1,5,2010-09-25 12:00:00
0.27,1.19,5.6,1,5,2010-09-26 12:00:00
-0.01,0.03,0.0,1,5,2010-09-27 12:00:00
1.03,3.45,16.5,1,5,2010-09-28 12:00:00
0.09,0.34,1.4,1,5,2010-09-29 12:00:00
0.02,0.08,0.0,1,5,2010-09-30 12:00:00
0.04,0.21,1.4,1,5,2010-10-01 12:00:00
0.24,1.29,5.6,1,5,2010-10-02 12:00:00
0.83,2.78,15.3,1,5,2010-10-03 12:00:00
0.01,0.17,0.7,1,5,2010-10-04 12:00:00
0.16,0.75,5.6,1,5,2010-10-05 12:00:00
-0.02,0.02,0.0,1,5,2010-10-06 12:00:00
-0.02,0.04,0.0,1,5,2010-10-07 12:00:00
-0.02,0.01,0.0,1,5,2010-10-08 12:00:00
-0.02,0.01,0.0,1,5,2010-10-09 12:00:00
0.0,0.17,0.7,1,5,2010-10-10 12:00:00
-0.02,0.01,0.0,1,5,2010-10-11 12:00:00
-0.03,0.02,0.0,1,5,2010-10-12 12:00:00
-0.02,0.03,0.0,1,5,2010-10-13 12:00:00
-0.02,0.01,0.0,1,5,2010-10-14 12:00:00
-0.03,0.01,0.0,1,5,2010-10-15 12:00:00
-0.02,0.01,0.0,1,5,2010-10-16 12:00:00
-0.02,0.03,0.0,1,5,2010-10-17 12:00:00
0.0,0.12,0.7,1,5,2010-10-18 12:00:00
-0.01,0.02,0.0,1,5,2010-10-19 12:00:00
-0.01,0.02,0.0,1,5,2010-10-20 12:00:00
-0.03,0.02,0.0,1,5,2010-10-21 12:00:00
0.01,0.29,1.4,1,5,2010-10-22 12:00:00
-0.02,0.02,0.0,1,5,2010-10-23 12:00:00
-0.02,0.01,0.0,1,5,2010-10-24 12:00:00
-0.01,0.01,0.0,1,5,2010-10-25 12:00:00
0.06,0.72,1.4,1,5,2010-10-26 12:00:00
1.29,3.46,26.9,1,5,2010-10-27 12:00:00
0.33,1.45,5.6,1,5,2010-10-28 12:00:00
0.27,0.93,9.0,1,5,2010-10-29 12:00:00
0.14,0.71,5.6,1,5,2010-10-30 12:00:00
0.48,2.31,8.3,1,5,2010-10-31 12:00:00
0.71,3.99,13.9,1,5,2010-11-01 12:00:00
0.74,3.0,11.1,1,5,2010-11-02 12:00:00
0.15,0.95,4.2,1,5,2010-11-03 12:00:00
0.07,0.49,3.5,1,5,2010-11-04 12:00:00
0.19,1.09,6.2,1,5,2010-11-05 12:00:00
0.0,0.21,1.4,1,5,2010-11-06 12:00:00
0.38,2.17,4.2,1,5,2010-11-07 12:00:00
-0.01,0.04,0.0,1,5,2010-11-08 12:00:00
0.04,0.26,1.4,1,5,2010-11-09 12:00:00
2.32,4.3,31.9,1,5,2010-11-10 12:00:00
0.35,1.11,11.8,1,5,2010-11-11 12:00:00
-0.01,0.05,0.0,1,5,2010-11-12 12:00:00
0.0,0.01,0.0,1,5,2010-11-13 12:00:00
0.09,0.35,2.1,1,5,2010-11-14 12:00:00
-0.01,0.01,0.0,1,5,2010-11-15 12:00:00
0.0,0.01,0.0,1,5,2010-11-16 12:00:00
0.0,0.05,0.0,1,5,2010-11-17 12:00:00
0.58,3.27,5.6,1,5,2010-11-18 12:00:00
0.21,1.01,5.6,1,5,2010-11-19 12:00:00
0.22,1.58,3.5,1,5,2010-11-20 12:00:00
0.02,0.12,0.0,1,5,2010-11-21 12:00:00
0.73,2.04,16.0,1,5,2010-11-22 12:00:00
0.94,2.08,23.6,1,5,2010-11-23 12:00:00
1.38,2.98,25.7,1,5,2010-11-24 12:00:00
0.35,1.68,7.6,1,5,2010-11-25 12:00:00
2.32,5.16,34.0,1,5,2010-11-26 12:00:00
-0.02,0.04,0.0,1,5,2010-11-27 12:00:00
0.02,0.13,0.0,1,5,2010-11-28 12:00:00
0.18,1.01,2.8,1,5,2010-11-29 12:00:00
0.1,0.55,3.5,1,5,2010-11-30 12:00:00
0.71,3.59,8.3,1,5,2010-12-01 12:00:00
1.37,3.12,29.2,1,5,2010-12-02 12:00:00
0.26,1.88,2.1,1,5,2010-12-03 12:00:00
0.61,1.89,14.6,1,5,2010-12-04 12:00:00
0.47,1.76,11.1,1,5,2010-12-05 12:00:00
0.34,0.93,11.8,1,5,2010-12-06 12:00:00
0.0,0.07,0.0,1,5,2010-12-07 12:00:00
0.0,0.02,0.0,1,5,2010-12-08 12:00:00
-0.01,0.02,0.0,1,5,2010-12-09 12:00:00
-0.01,0.07,0.0,1,5,2010-12-10 12:00:00
0.78,3.29,7.9,1,5,2010-12-11 12:00:00
-0.01,0.02,0.0,1,5,2010-12-12 12:00:00
0.11,0.95,2.1,1,5,2010-12-13 12:00:00
-0.01,0.04,0.0,1,5,2010-12-14 12:00:00
-0.01,0.04,0.0,1,5,2010-12-15 12:00:00
-0.01,0.04,0.0,1,5,2010-12-16 12:00:00
-0.02,0.02,0.0,1,5,2010-12-17 12:00:00
0.25,2.1,2.1,1,5,2010-12-18 12:00:00
0.34,2.12,4.2,1,5,2010-12-19 12:00:00
0.32,1.56,4.2,1,5,2010-12-20 12:00:00
-0.01,0.02,0.0,1,5,2010-12-21 12:00:00
-0.01,0.02,0.0,1,5,2010-12-22 12:00:00
0.28,1.36,5.6,1,5,2010-12-23 12:00:00
0.44,1.79,9.0,1,5,2010-12-24 12:00:00
0.15,0.63,5.6,1,5,2010-12-25 12:00:00
0.0,0.05,0.0,1,5,2010-12-26 12:00:00
0.13,1.02,2.1,1,5,2010-12-27 12:00:00
-0.01,0.03,0.0,1,5,2010-12-28 12:00:00
-0.01,0.02,0.0,1,5,2010-12-29 12:00:00
0.27,2.35,2.8,1,5,2010-12-30 12:00:00
0.0,0.01,0.0,1,5,2010-12-31 12:00:00
0.0,0.01,0.0,1,5,2011-01-01 12:00:00
0.01,0.07,0.0,1,5,2011-01-02 12:00:00
1.44,3.8,20.8,1,5,2011-01-03 12:00:00
1.82,5.85,16.7,1,5,2011-01-04 12:00:00
0.36,1.8,6.9,1,5,2011-01-05 12:00:00
0.46,2.3,15.1,1,5,2011-01-06 12:00:00
0.29,1.39,21.4,1,5,2011-01-07 12:00:00
0.04,0.36,1.4,1,5,2011-01-08 12:00:00
0.32,2.02,4.9,1,5,2011-01-09 12:00:00
0.08,0.43,2.8,1,5,2011-01-10 12:00:00
0.24,1.47,4.9,1,5,2011-01-11 12:00:00
0.06,0.61,2.1,1,5,2011-01-12 12:00:00
-0.01,0.02,0.0,1,5,2011-01-13 12:00:00
0.0,0.03,0.0,1,5,2011-01-14 12:00:00
0.0,0.03,0.0,1,5,2011-01-15 12:00:00
-0.01,0.07,0.0,1,5,2011-01-16 12:00:00
-0.01,0.02,0.0,1,5,2011-01-17 12:00:00
-0.02,0.06,0.0,1,5,2011-01-18 12:00:00
-0.02,0.03,0.0,1,5,2011-01-19 12:00:00
-0.02,0.01,0.0,1,5,2011-01-20 12:00:00
-0.01,0.01,0.0,1,5,2011-01-21 12:00:00
-0.02,0.01,0.0,1,5,2011-01-22 12:00:00
0.05,0.53,1.4,1,5,2011-01-23 12:00:00
0.01,0.25,1.4,1,5,2011-01-24 12:00:00
0.01,0.25,0.7,1,5,2011-01-25 12:00:00
0.01,0.15,0.7,1,5,2011-01-26 12:00:00
0.0,0.02,0.0,1,5,2011-01-27 12:00:00
0.74,3.11,5.6,1,5,2011-01-28 12:00:00
-0.01,0.08,0.0,1,5,2011-01-29 12:00:00
-0.02,0.06,0.0,1,5,2011-01-30 12:00:00
2.8,8.43,19.0,1,5,2011-01-31 12:00:00
0.46,0.92,20.1,1,5,2011-02-01 12:00:00
0.18,1.44,3.5,1,5,2011-02-02 12:00:00
0.0,0.02,0.0,1,5,2011-02-03 12:00:00
0.0,0.01,0.0,1,5,2011-02-04 12:00:00
-0.01,0.05,0.0,1,5,2011-02-05 12:00:00
-0.02,0.05,0.0,1,5,2011-02-06 12:00:00
-0.01,0.04,0.0,1,5,2011-02-07 12:00:00
-0.01,0.04,0.0,1,5,2011-02-08 12:00:00
0.99,4.89,9.2,1,5,2011-02-09 12:00:00
0.94,1.73,23.6,1,5,2011-02-10 12:00:00
0.02,0.26,0.7,1,5,2011-02-11 12:00:00
1.08,3.09,19.0,1,5,2011-02-12 12:00:00
0.35,1.46,7.7,1,5,2011-02-13 12:00:00
1.59,6.03,27.8,1,5,2011-02-14 12:00:00
0.61,3.95,4.9,1,5,2011-02-15 12:00:00
0.02,0.21,0.7,1,5,2011-02-16 12:00:00
0.0,0.01,0.0,1,5,2011-02-17 12:00:00
0.47,3.86,2.1,1,5,2011-02-18 12:00:00
0.0,0.07,0.0,1,5,2011-02-19 12:00:00
-0.01,0.03,0.0,1,5,2011-02-20 12:00:00
0.89,2.86,15.9,1,5,2011-02-21 12:00:00
0.03,0.3,2.1,1,5,2011-02-22 12:00:00
0.33,1.52,5.8,1,5,2011-02-23 12:00:00
0.24,1.26,4.9,1,5,2011-02-24 12:00:00
1.17,3.73,13.2,1,5,2011-02-25 12:00:00
2.6,10.1,16.7,1,5,2011-02-26 12:00:00
0.3,0.75,13.2,1,5,2011-02-27 12:00:00
0.0,0.04,0.0,1,5,2011-02-28 12:00:00
0.0,0.04,0.0,1,5,2011-03-01 12:00:00
0.01,0.05,0.0,1,5,2011-03-02 12:00:00
-0.02,0.06,0.0,1,5,2011-03-03 12:00:00
-0.01,0.02,0.0,1,5,2011-03-04 12:00:00
0.06,0.35,3.5,1,5,2011-03-05 12:00:00
0.03,0.29,2.1,1,5,2011-03-06 12:00:00
0.03,0.32,2.1,1,5,2011-03-07 12:00:00
0.03,0.32,2.1,1,5,2011-03-08 12:00:00
0.26,1.0,11.1,1,5,2011-03-09 12:00:00
-0.01,0.05,0.0,1,5,2011-03-10 12:00:00
-0.01,0.04,0.0,1,5,2011-03-11 12:00:00
-0.01,0.02,0.0,1,5,2011-03-12 12:00:00
0.0,0.07,0.0,1,5,2011-03-13 12:00:00
-0.01,0.06,0.0,1,5,2011-03-14 12:00:00
-0.01,0.03,0.0,1,5,2011-03-15 12:00:00
-0.01,0.06,0.0,1,5,2011-03-16 12:00:00
-0.02,0.04,0.0,1,5,2011-03-17 12:00:00
-0.02,0.04,0.0,1,5,2011-03-18 12:00:00
-0.02,0.06,0.0,1,5,2011-03-19 12:00:00
-0.01,0.01,0.0,1,5,2011-03-20 12:00:00
-0.01,0.04,0.0,1,5,2011-03-21 12:00:00
0.0,0.07,0.0,1,5,2011-03-22 12:00:00
-0.01,0.07,0.0,1,5,2011-03-23 12:00:00
0.42,3.19,3.5,1,5,2011-03-24 12:00:00
0.63,2.34,11.8,1,5,2011-03-25 12:00:00
0.04,0.21,1.4,1,5,2011-03-26 12:00:00
0.07,0.31,3.5,1,5,2011-03-27 12:00:00
0.07,0.67,1.4,1,5,2011-03-28 12:00:00
0.6,3.67,4.2,1,5,2011-03-29 12:00:00
-0.02,0.01,0.0,1,5,2011-03-30 12:00:00
0.0,0.1,0.7,1,5,2011-03-31 12:00:00
0.38,3.28,2.8,1,5,2011-04-01 12:00:00
-0.01,0.07,0.0,1,5,2011-04-02 12:00:00
-0.03,0.03,0.0,1,5,2011-04-03 12:00:00
-0.01,0.07,0.0,1,5,2011-04-04 12:00:00
-0.01,0.05,0.0,1,5,2011-04-05 12:00:00
0.0,0.02,0.0,1,5,2011-04-06 12:00:00
-0.01,0.02,0.0,1,5,2011-04-07 12:00:00
-0.01,0.02,0.0,1,5,2011-04-08 12:00:00
0.0,0.06,0.0,1,5,2011-04-09 12:00:00
-0.02,0.05,0.0,1,5,2011-04-10 12:00:00
0.46,2.2,4.9,1,5,2011-04-11 12:00:00
1.06,4.91,9.7,1,5,2011-04-12 12:00:00
0.58,2.25,9.0,1,5,2011-04-13 12:00:00
0.61,3.86,3.6,1,5,2011-04-14 12:00:00
-0.01,0.08,0.0,1,5,2011-04-15 12:00:00
0.0,0.09,0.0,1,5,2011-04-16 12:00:00
1.28,4.61,12.7,1,5,2011-04-17 12:00:00
0.14,0.6,6.2,1,5,2011-04-18 12:00:00
-0.01,0.03,0.0,1,5,2011-04-19 12:00:00
-0.01,0.08,0.0,1,5,2011-04-20 12:00:00
0.0,0.02,0.0,1,5,2011-04-21 12:00:00
-0.01,0.02,0.0,1,5,2011-04-22 12:00:00
1.41,7.02,7.6,1,5,2011-04-23 12:00:00
0.11,0.39,6.9,1,5,2011-04-24 12:00:00
0.02,0.31,0.7,1,5,2011-04-25 12:00:00
0.07,0.39,2.8,1,5,2011-04-26 12:00:00
0.08,0.6,2.8,1,5,2011-04-27 12:00:00
1.07,2.96,16.7,1,5,2011-04-28 12:00:00
0.49,2.35,6.2,1,5,2011-04-29 12:00:00
0.05,0.7,1.4,1,5,2011-04-30 12:00:00
-0.02,0.05,0.0,1,5,2011-05-01 12:00:00
0.0,0.05,0.0,1,5,2011-05-02 12:00:00
0.17,1.34,2.1,1,5,2011-05-03 12:00:00
0.53,2.74,6.9,1,5,2011-05-04 12:00:00
0.0,0.24,1.4,1,5,2011-05-05 12:00:00
3.96,6.87,42.3,1,5,2011-05-06 12:00:00
0.24,1.36,5.1,1,5,2011-05-07 12:00:00
0.0,0.27,0.7,1,5,2011-05-08 12:00:00
0.28,1.87,3.5,1,5,2011-05-09 12:00:00
0.01,0.22,0.7,1,5,2011-05-10 12:00:00
0.01,0.19,0.7,1,5,2011-05-11 12:00:00
-0.01,0.04,0.0,1,5,2011-05-12 12:00:00
-0.01,0.03,0.0,1,5,2011-05-13 12:00:00
0.12,0.94,2.1,1,5,2011-05-14 12:00:00
0.39,2.5,3.5,1,5,2011-05-15 12:00:00
0.0,0.09,0.0,1,5,2011-05-16 12:00:00
0.0,0.01,0.0,1,5,2011-05-17 12:00:00
-0.01,0.07,0.0,1,5,2011-05-18 12:00:00
0.0,0.01,0.0,1,5,2011-05-19 12:00:00
-0.01,0.02,0.0,1,5,2011-05-20 12:00:00
-0.01,0.03,0.0,1,5,2011-05-21 12:00:00
0.0,0.02,0.0,1,5,2011-05-22 12:00:00
0.0,0.02,0.0,1,5,2011-05-23 12:00:00
0.0,0.03,0.0,1,5,2011-05-24 12:00:00
-0.01,0.06,0.0,1,5,2011-05-25 12:00:00
0.0,0.12,0.0,1,5,2011-05-26 12:00:00
0.28,1.09,8.5,1,5,2011-05-27 12:00:00
1.99,4.86,34.0,1,5,2011-05-28 12:00:00
0.1,1.08,2.1,1,5,2011-05-29 12:00:00
0.24,1.04,6.9,1,5,2011-05-30 12:00:00
0.04,0.48,1.4,1,5,2011-05-31 12:00:00
0.27,1.81,2.8,1,5,2011-06-01 12:00:00
0.0,0.13,0.7,1,5,2011-06-02 12:00:00
0.0,0.22,0.7,1,5,2011-06-03 12:00:00
-0.02,0.02,0.0,1,5,2011-06-04 12:00:00
,,,0,0,2011-06-05 12:00:00
0.0,3.47,0.0,1,1,2011-06-06 12:00:00
0.0,6.21,0.0,1,1,2011-06-07 12:00:00
,6.52,3.0,0,1,2011-06-08 12:00:00
0.0,3.29,2.0,1,1,2011-06-09 12:00:00
0.0,2.74,1.0,1,1,2011-06-10 12:00:00
0.0,5.79,2.0,1,1,2011-06-11 12:00:00
0.0,4.87,0.0,1,1,2011-06-12 12:00:00
0.0,3.11,2.0,1,1,2011-06-13 12:00:00
3.17,8.1,3.0,1,1,2011-06-14 12:00:00
0.0,6.27,0.0,1,1,2011-06-15 12:00:00
0.0,2.01,0.0,1,1,2011-06-16 12:00:00
0.0,2.38,0.0,1,1,2011-06-17 12:00:00
0.0,4.81,0.0,1,1,2011-06-18 12:00:00
0.0,4.14,1.0,1,1,2011-06-19 12:00:00
0.0,5.42,1.0,1,1,2011-06-20 12:00:00
0.0,1.77,1.0,1,1,2011-06-21 12:00:00
0.0,2.25,1.0,1,1,2011-06-22 12:00:00
0.0,1.71,1.0,1,1,2011-06-23 12:00:00
0.0,5.91,1.0,1,1,2011-06-24 12:00:00
0.18,5.3,4.0,1,1,2011-06-25 12:00:00
0.61,6.15,5.0,1,1,2011-06-26 12:00:00
0.06,2.92,1.0,1,1,2011-06-27 12:00:00
0.0,2.98,1.0,1,1,2011-06-28 12:00:00
0.24,4.57,6.0,1,1,2011-06-29 12:00:00
0.18,3.9,1.0,1,1,2011-06-30 12:00:00
0.18,3.29,2.0,1,1,2011-07-01 12:00:00
0.06,1.16,7.0,1,1,2011-07-02 12:00:00
0.0,0.55,4.0,1,1,2011-07-03 12:00:00
,0.91,2.0,0,1,2011-07-04 12:00:00
0.0,0.91,1.0,1,1,2011-07-05 12:00:00
0.0,0.49,0.0,1,1,2011-07-06 12:00:00
0.0,0.37,0.0,1,1,2011-07-07 12:00:00
0.0,0.67,0.0,1,1,2011-07-08 12:00:00
0.3,3.11,4.0,1,1,2011-07-09 12:00:00
1.1,7.06,7.0,1,1,2011-07-10 12:00:00
0.0,2.19,0.0,1,1,2011-07-11 12:00:00
0.24,2.98,3.0,1,1,2011-07-12 12:00:00
0.12,1.4,5.0,1,1,2011-07-13 12:00:00
0.24,4.99,3.0,1,1,2011-07-14 12:00:00
0.0,3.11,1.0,1,1,2011-07-15 12:00:00
0.0,0.79,1.0,1,1,2011-07-16 12:00:00
0.0,1.28,0.0,1,1,2011-07-17 12:00:00
0.0,3.05,0.0,1,1,2011-07-18 12:00:00
0.0,1.46,0.0,1,1,2011-07-19 12:00:00
0.12,2.74,1.0,1,1,2011-07-20 12:00:00
0.06,1.28,2.0,1,1,2011-07-21 12:00:00
0.0,0.37,0.0,1,1,2011-07-22 12:00:00
0.0,0.43,0.0,1,1,2011-07-23 12:00:00
0.97,47.32,19.0,1,1,2011-07-24 12:00:00
0.37,38.19,4.0,1,1,2011-07-25 12:00:00
0.61,4.02,8.0,1,1,2011-07-26 12:00:00
0.06,2.25,2.0,1,1,2011-07-27 12:00:00
0.0,0.73,1.0,1,1,2011-07-28 12:00:00
0.0,0.37,0.0,1,1,2011-07-29 12:00:00
0.0,0.43,0.0,1,1,2011-07-30 12:00:00
0.0,0.37,0.0,1,1,2011-07-31 12:00:00
0.55,5.12,3.0,1,1,2011-08-01 12:00:00
0.06,3.47,2.0,1,1,2011-08-02 12:00:00
0.0,2.44,0.0,1,1,2011-08-03 12:00:00
0.0,3.65,0.0,1,1,2011-08-04 12:00:00
0.0,1.52,1.0,1,1,2011-08-05 12:00:00
0.0,5.3,1.0,1,1,2011-08-06 12:00:00
0.12,4.57,2.0,1,1,2011-08-07 12:00:00
0.0,2.86,0.0,1,1,2011-08-08 12:00:00
0.0,1.52,0.0,1,1,2011-08-09 12:00:00
0.0,4.2,0.0,1,1,2011-08-10 12:00:00
0.0,4.57,0.0,1,1,2011-08-11 12:00:00
0.43,2.98,9.0,1,1,2011-08-12 12:00:00
0.0,3.47,1.0,1,1,2011-08-13 12:00:00
0.55,4.81,5.0,1,1,2011-08-14 12:00:00
0.06,1.89,2.0,1,1,2011-08-15 12:00:00
0.0,3.47,0.0,1,1,2011-08-16 12:00:00
0.0,4.2,0.0,1,1,2011-08-17 12:00:00
0.0,2.38,0.0,1,1,2011-08-18 12:00:00
0.43,3.84,5.0,1,1,2011-08-19 12:00:00
0.0,2.31,13.0,1,1,2011-08-20 12:00:00
,1.1,1.0,0,1,2011-08-21 12:00:00
0.0,1.1,0.0,1,1,2011-08-22 12:00:00
3.11,19.91,29.0,1,1,2011-08-23 12:00:00
0.12,2.98,4.0,1,1,2011-08-24 12:00:00
0.0,1.4,0.0,1,1,2011-08-25 12:00:00
0.0,3.71,0.0,1,1,2011-08-26 12:00:00
2.56,0.0,12.0,1,1,2011-08-27 12:00:00
0.18,1.4,9.0,1,1,2011-08-28 12:00:00
0.0,1.52,10.0,1,1,2011-08-29 12:00:00
0.0,1.16,13.0,1,1,2011-08-30 12:00:00
0.0,0.97,10.0,1,1,2011-08-31 12:00:00
0.0,1.34,10.0,1,1,2011-09-01 12:00:00
,1.64,14.0,0,1,2011-09-02 12:00:00
0.12,1.77,3.0,1,1,2011-09-03 12:00:00
0.37,15.96,6.0,1,1,2011-09-04 12:00:00
0.24,2.5,3.0,1,1,2011-09-05 12:00:00
0.0,1.95,1.0,1,1,2011-09-06 12:00:00
0.0,2.25,0.0,1,1,2011-09-07 12:00:00
0.12,3.41,1.0,1,1,2011-09-08 12:00:00
0.12,2.44,3.0,1,1,2011-09-09 12:00:00
1.16,5.6,20.0,1,1,2011-09-10 12:00:00
0.37,5.36,6.0,1,1,2011-09-11 12:00:00
0.0,1.34,0.0,1,1,2011-09-12 12:00:00
0.12,3.41,2.0,1,1,2011-09-13 12:00:00
0.0,2.5,1.0,1,1,2011-09-14 12:00:00
0.18,3.47,3.0,1,1,2011-09-15 12:00:00
0.0,1.95,0.0,1,1,2011-09-16 12:00:00
0.0,2.19,0.0,1,1,2011-09-17 12:00:00
0.55,2.86,10.0,1,1,2011-09-18 12:00:00
0.0,4.2,0.0,1,1,2011-09-19 12:00:00
0.06,1.83,2.0,1,1,2011-09-20 12:00:00
0.0,2.19,0.0,1,1,2011-09-21 12:00:00
0.0,6.21,0.0,1,1,2011-09-22 12:00:00
0.0,2.19,0.0,1,1,2011-09-23 12:00:00
0.0,1.71,0.0,1,1,2011-09-24 12:00:00
0.0,1.52,0.0,1,1,2011-09-25 12:00:00
0.24,2.74,2.0,1,1,2011-09-26 12:00:00
0.0,4.08,0.0,1,1,2011-09-27 12:00:00
0.06,2.74,1.0,1,1,2011-09-28 12:00:00
0.06,3.05,1.0,1,1,2011-09-29 12:00:00
0.18,4.63,3.0,1,1,2011-09-30 12:00:00
0.3,2.68,4.0,1,1,2011-10-01 12:00:00
0.49,4.87,2.0,1,1,2011-10-02 12:00:00
0.0,4.02,0.0,1,1,2011-10-03 12:00:00
1.83,10.35,10.0,1,1,2011-10-04 12:00:00
0.18,7.13,1.0,1,1,2011-10-05 12:00:00
0.0,1.95,0.0,1,1,2011-10-06 12:00:00
0.18,3.65,2.0,1,1,2011-10-07 12:00:00
0.73,33.8,4.0,1,1,2011-10-08 12:00:00
,59.44,11.0,0,1,2011-10-09 12:00:00
2.44,8.77,36.0,1,1,2011-10-10 12:00:00
0.12,2.31,3.0,1,1,2011-10-11 12:00:00
0.3,5.36,2.0,1,1,2011-10-12 12:00:00
0.0,3.05,0.0,1,1,2011-10-13 12:00:00
0.0,2.44,0.0,1,1,2011-10-14 12:00:00
0.0,1.34,0.0,1,1,2011-10-15 12:00:00
0.0,1.71,0.0,1,1,2011-10-16 12:00:00
0.0,2.62,0.0,1,1,2011-10-17 12:00:00
0.0,1.95,1.0,1,1,2011-10-18 12:00:00
0.43,5.66,6.0,1,1,2011-10-19 12:00:00
1.58,6.7,17.0,1,1,2011-10-20 12:00:00
0.0,1.34,0.0,1,1,2011-10-21 12:00:00
0.12,2.31,2.0,1,1,2011-10-22 12:00:00
0.43,4.14,8.0,1,1,2011-10-23 12:00:00
0.0,1.58,0.0,1,1,2011-10-24 12:00:00
0.24,2.07,3.0,1,1,2011-10-25 12:00:00
0.91,15.65,15.0,1,1,2011-10-26 12:00:00
0.0,2.92,1.0,1,1,2011-10-27 12:00:00
0.0,2.25,0.0,1,1,2011-10-28 12:00:00
0.06,2.56,3.0,1,1,2011-10-29 12:00:00
0.0,1.83,1.0,1,1,2011-10-30 12:00:00
0.61,5.24,5.0,1,1,2011-10-31 12:00:00
1.46,6.27,13.0,1,1,2011-11-01 12:00:00
2.25,12.12,26.0,1,1,2011-11-02 12:00:00
0.18,2.68,1.0,1,1,2011-11-03 12:00:00
0.0,2.38,0.0,1,1,2011-11-04 12:00:00
0.06,3.05,1.0,1,1,2011-11-05 12:00:00
0.0,3.53,0.0,1,1,2011-11-06 12:00:00
0.06,7.8,1.0,1,1,2011-11-07 12:00:00
0.0,1.95,0.0,1,1,2011-11-08 12:00:00
0.0,2.01,0.0,1,1,2011-11-09 12:00:00
1.22,7.98,10.0,1,1,2011-11-10 12:00:00
0.73,4.57,8.0,1,1,2011-11-11 12:00:00
0.0,2.56,1.0,1,1,2011-11-12 12:00:00
0.0,2.13,0.0,1,1,2011-11-13 12:00:00
0.0,3.71,0.0,1,1,2011-11-14 12:00:00
0.0,2.74,0.0,1,1,2011-11-15 12:00:00
0.0,1.46,0.0,1,1,2011-11-16 12:00:00
0.0,0.85,0.0,1,1,2011-11-17 12:00:00
0.0,3.05,0.0,1,1,2011-11-18 12:00:00
0.0,1.46,0.0,1,1,2011-11-19 12:00:00
0.91,10.35,5.0,1,1,2011-11-20 12:00:00
0.06,2.5,2.0,1,1,2011-11-21 12:00:00
0.0,3.29,1.0,1,1,2011-11-22 12:00:00
2.31,46.29,22.0,1,1,2011-11-23 12:00:00
0.43,3.78,4.0,1,1,2011-11-24 12:00:00
0.91,5.24,9.0,1,1,2011-11-25 12:00:00
0.55,2.31,15.0,1,1,2011-11-26 12:00:00
0.0,2.5,0.0,1,1,2011-11-27 12:00:00
0.18,8.34,1.0,1,1,2011-11-28 12:00:00
,56.64,8.0,0,1,2011-11-29 12:00:00
1.34,62.24,18.0,1,1,2011-11-30 12:00:00
0.55,7.43,2.0,1,1,2011-12-01 12:00:00
0.0,1.52,0.0,1,1,2011-12-02 12:00:00
0.0,1.77,0.0,1,1,2011-12-03 12:00:00
0.0,5.18,0.0,1,1,2011-12-04 12:00:00
0.0,4.45,0.0,1,1,2011-12-05 12:00:00
0.0,2.92,0.0,1,1,2011-12-06 12:00:00
0.0,5.72,0.0,1,1,2011-12-07 12:00:00
0.12,9.26,2.0,1,1,2011-12-08 12:00:00
0.0,3.05,0.0,1,1,2011-12-09 12:00:00
0.0,2.68,0.0,1,1,2011-12-10 12:00:00
0.24,13.76,3.0,1,1,2011-12-11 12:00:00
0.12,2.92,5.0,1,1,2011-12-12 12:00:00
0.0,6.94,0.0,1,1,2011-12-13 12:00:00
0.0,1.83,0.0,1,1,2011-12-14 12:00:00
0.49,4.14,8.0,1,1,2011-12-15 12:00:00
0.06,0.85,2.0,1,1,2011-12-16 12:00:00
0.43,3.17,8.0,1,1,2011-12-17 12:00:00
0.24,3.11,3.0,1,1,2011-12-18 12:00:00
0.06,6.15,4.0,1,1,2011-12-19 12:00:00
0.97,11.21,10.0,1,1,2011-12-20 12:00:00
0.0,2.8,0.0,1,1,2011-12-21 12:00:00
1.04,4.81,14.0,1,1,2011-12-22 12:00:00
0.73,4.57,12.0,1,1,2011-12-23 12:00:00
0.3,4.51,2.0,1,1,2011-12-24 12:00:00
0.18,3.41,3.0,1,1,2011-12-25 12:00:00
0.0,2.98,0.0,1,1,2011-12-26 12:00:00
0.0,2.62,0.0,1,1,2011-12-27 12:00:00
0.0,2.25,0.0,1,1,2011-12-28 12:00:00
0.0,1.58,0.0,1,1,2011-12-29 12:00:00
0.0,2.01,0.0,1,1,2011-12-30 12:00:00
0.0,1.4,0.0,1,1,2011-12-31 12:00:00
0.0,1.64,0.0,1,1,2012-01-01 12:00:00
0.0,1.77,0.0,1,1,2012-01-02 12:00:00
0.0,2.98,0.0,1,1,2012-01-03 12:00:00
0.0,0.67,1.0,1,1,2012-01-04 12:00:00
0.06,0.91,1.0,1,1,2012-01-05 12:00:00
0.61,2.8,10.0,1,1,2012-01-06 12:00:00
0.06,2.01,15.0,1,1,2012-01-07 12:00:00
0.0,0.67,4.0,1,1,2012-01-08 12:00:00
0.0,0.79,9.0,1,1,2012-01-09 12:00:00
,0.67,2.0,0,1,2012-01-10 12:00:00
0.85,5.91,6.0,1,1,2012-01-11 12:00:00
0.0,1.34,0.0,1,1,2012-01-12 12:00:00
0.0,2.86,0.0,1,1,2012-01-13 12:00:00
0.06,4.69,1.0,1,1,2012-01-14 12:00:00
0.0,1.28,0.0,1,1,2012-01-15 12:00:00
0.24,2.19,5.0,1,1,2012-01-16 12:00:00
0.0,2.25,0.0,1,1,2012-01-17 12:00:00
0.0,2.92,0.0,1,1,2012-01-18 12:00:00
0.0,2.13,0.0,1,1,2012-01-19 12:00:00
0.0,1.89,0.0,1,1,2012-01-20 12:00:00
0.0,1.04,0.0,1,1,2012-01-21 12:00:00
0.0,2.07,0.0,1,1,2012-01-22 12:00:00
0.0,1.46,0.0,1,1,2012-01-23 12:00:00
0.0,1.71,0.0,1,1,2012-01-24 12:00:00
0.0,2.56,0.0,1,1,2012-01-25 12:00:00
0.18,3.65,2.0,1,1,2012-01-26 12:00:00
0.0,0.43,0.0,1,1,2012-01-27 12:00:00
0.0,1.4,0.0,1,1,2012-01-28 12:00:00
0.0,1.89,0.0,1,1,2012-01-29 12:00:00
0.0,1.77,0.0,1,1,2012-01-30 12:00:00
0.0,2.25,0.0,1,1,2012-01-31 12:00:00
0.0,2.8,0.0,1,1,2012-02-01 12:00:00
0.0,1.83,0.0,1,1,2012-02-02 12:00:00
0.0,1.71,0.0,1,1,2012-02-03 12:00:00
0.0,1.83,0.0,1,1,2012-02-04 12:00:00
0.24,3.59,2.0,1,1,2012-02-05 12:00:00
0.3,3.17,2.0,1,1,2012-02-06 12:00:00
0.0,1.4,0.0,1,1,2012-02-07 12:00:00
0.0,3.29,0.0,1,1,2012-02-08 12:00:00
0.0,2.01,0.0,1,1,2012-02-09 12:00:00
0.67,18.57,6.0,1,1,2012-02-10 12:00:00
0.06,4.08,2.0,1,1,2012-02-11 12:00:00
0.06,7.67,4.0,1,1,2012-02-12 12:00:00
0.12,6.64,1.0,1,1,2012-02-13 12:00:00
0.06,2.07,2.0,1,1,2012-02-14 12:00:00
0.24,8.83,6.0,1,1,2012-02-15 12:00:00
0.0,0.91,0.0,1,1,2012-02-16 12:00:00
0.0,1.28,0.0,1,1,2012-02-17 12:00:00
0.0,2.25,0.0,1,1,2012-02-18 12:00:00
0.0,1.28,0.0,1,1,2012-02-19 12:00:00
0.0,2.62,0.0,1,1,2012-02-20 12:00:00
0.06,2.56,2.0,1,1,2012-02-21 12:00:00
0.97,0.0,11.0,1,1,2012-02-22 12:00:00
0.12,1.52,4.0,1,1,2012-02-23 12:00:00
2.62,70.65,20.0,1,1,2012-02-24 12:00:00
0.0,1.4,0.0,1,1,2012-02-25 12:00:00
0.67,25.76,1.0,1,1,2012-02-26 12:00:00
0.91,14.49,8.0,1,1,2012-02-27 12:00:00
0.61,4.2,9.0,1,1,2012-02-28 12:00:00
0.0,3.47,10.0,1,1,2012-02-29 12:00:00
0.0,2.62,10.0,1,1,2012-03-01 12:00:00
0.0,1.77,6.0,1,1,2012-03-02 12:00:00
0.24,4.14,5.0,1,1,2012-03-03 12:00:00
2.13,16.2,11.0,1,1,2012-03-04 12:00:00
0.0,1.4,0.0,1,1,2012-03-05 12:00:00
0.0,1.46,0.0,1,1,2012-03-06 12:00:00
0.0,2.25,0.0,1,1,2012-03-07 12:00:00
0.0,1.16,0.0,1,1,2012-03-08 12:00:00
0.0,2.44,0.0,1,1,2012-03-09 12:00:00
0.0,2.74,0.0,1,1,2012-03-10 12:00:00
0.0,4.51,0.0,1,1,2012-03-11 12:00:00
0.0,1.89,0.0,1,1,2012-03-12 12:00:00
0.0,1.89,0.0,1,1,2012-03-13 12:00:00
0.0,2.01,0.0,1,1,2012-03-14 12:00:00
0.0,2.98,0.0,1,1,2012-03-15 12:00:00
0.0,0.85,0.0,1,1,2012-03-16 12:00:00
0.0,3.53,0.0,1,1,2012-03-17 12:00:00
0.0,3.11,0.0,1,1,2012-03-18 12:00:00
0.0,1.83,0.0,1,1,2012-03-19 12:00:00
0.0,3.11,0.0,1,1,2012-03-20 12:00:00
0.0,4.14,0.0,1,1,2012-03-21 12:00:00
0.0,2.19,0.0,1,1,2012-03-22 12:00:00
0.0,2.74,0.0,1,1,2012-03-23 12:00:00
0.79,6.27,5.0,1,1,2012-03-24 12:00:00
1.22,33.19,30.0,1,1,2012-03-25 12:00:00
0.85,5.91,4.0,1,1,2012-03-26 12:00:00
0.55,5.12,3.0,1,1,2012-03-27 12:00:00
0.0,1.4,1.0,1,1,2012-03-28 12:00:00
0.18,2.74,2.0,1,1,2012-03-29 12:00:00
0.0,0.61,3.0,1,1,2012-03-30 12:00:00
0.0,0.85,5.0,1,1,2012-03-31 12:00:00
0.0,0.3,0.0,1,1,2012-04-01 12:00:00
0.0,0.97,0.0,1,1,2012-04-02 12:00:00
0.0,0.37,0.0,1,1,2012-04-03 12:00:00
0.0,0.43,0.0,1,1,2012-04-04 12:00:00
0.12,1.46,10.0,1,1,2012-04-05 12:00:00
0.06,0.91,2.0,1,1,2012-04-06 12:00:00
0.0,3.65,1.0,1,1,2012-04-07 12:00:00
0.06,2.19,1.0,1,1,2012-04-08 12:00:00
0.12,4.99,2.0,1,1,2012-04-09 12:00:00
0.0,4.57,0.0,1,1,2012-04-10 12:00:00
0.0,3.9,0.0,1,1,2012-04-11 12:00:00
0.0,2.5,0.0,1,1,2012-04-12 12:00:00
0.12,3.17,4.0,1,1,2012-04-13 12:00:00
0.12,2.44,1.0,1,1,2012-04-14 12:00:00
0.12,6.03,5.0,1,1,2012-04-15 12:00:00
0.24,4.02,2.0,1,1,2012-04-16 12:00:00
1.83,11.02,14.0,1,1,2012-04-17 12:00:00
0.18,2.25,5.0,1,1,2012-04-18 12:00:00
0.61,3.11,8.0,1,1,2012-04-19 12:00:00
0.0,1.64,0.0,1,1,2012-04-20 12:00:00
0.06,3.84,1.0,1,1,2012-04-21 12:00:00
0.06,8.65,2.0,1,1,2012-04-22 12:00:00
0.06,2.31,4.0,1,1,2012-04-23 12:00:00
0.0,1.4,0.0,1,1,2012-04-24 12:00:00
0.0,4.63,0.0,1,1,2012-04-25 12:00:00
0.0,1.58,0.0,1,1,2012-04-26 12:00:00
0.67,4.69,5.0,1,1,2012-04-27 12:00:00
3.41,16.57,38.0,1,1,2012-04-28 12:00:00
0.0,0.37,1.0,1,1,2012-04-29 12:00:00
0.43,44.03,10.0,1,1,2012-04-30 12:00:00
0.0,2.98,1.0,1,1,2012-05-01 12:00:00
0.06,4.93,1.0,1,1,2012-05-02 12:00:00
0.0,1.04,0.0,1,1,2012-05-03 12:00:00
1.64,62.06,1.0,1,1,2012-05-04 12:00:00
0.0,3.29,0.0,1,1,2012-05-05 12:00:00
0.0,1.1,0.0,1,1,2012-05-06 12:00:00
0.0,1.71,0.0,1,1,2012-05-07 12:00:00
0.0,1.28,0.0,1,1,2012-05-08 12:00:00
0.0,2.01,0.0,1,1,2012-05-09 12:00:00
0.0,2.98,0.0,1,1,2012-05-10 12:00:00
,,,0,0,2012-05-11 12:00:00
0.0,5.41,1.0,2,1,2012-05-12 12:00:00
0.0,6.14,2.0,2,1,2012-05-13 12:00:00
0.0,9.37,2.0,2,1,2012-05-14 12:00:00
0.0,9.61,1.0,2,1,2012-05-15 12:00:00
0.06,3.95,1.0,2,1,2012-05-16 12:00:00
0.24,20.44,4.0,2,1,2012-05-17 12:00:00
0.0,5.9,0.0,2,1,2012-05-18 12:00:00
0.0,11.19,0.0,2,1,2012-05-19 12:00:00
0.12,9.43,2.0,2,1,2012-05-20 12:00:00
0.06,14.42,1.0,2,1,2012-05-21 12:00:00
0.06,10.28,1.0,2,1,2012-05-22 12:00:00
0.61,14.54,7.0,2,1,2012-05-23 12:00:00
0.06,11.98,3.0,2,1,2012-05-24 12:00:00
0.0,11.5,1.0,2,1,2012-05-25 12:00:00
0.24,62.05,3.0,2,1,2012-05-26 12:00:00
0.0,7.24,1.0,2,1,2012-05-27 12:00:00
0.06,4.81,2.0,2,1,2012-05-28 12:00:00
0.18,7.12,3.0,2,1,2012-05-29 12:00:00
0.12,2.62,11.0,2,1,2012-05-30 12:00:00
0.18,3.47,8.0,2,1,2012-05-31 12:00:00
1.16,42.71,1.0,2,1,2012-06-01 12:00:00
0.0,6.57,0.0,2,1,2012-06-02 12:00:00
0.0,6.63,2.0,2,1,2012-06-03 12:00:00
0.0,7.42,0.0,2,1,2012-06-04 12:00:00
0.18,7.91,2.0,2,1,2012-06-05 12:00:00
0.18,43.38,2.0,2,1,2012-06-06 12:00:00
0.0,9.79,1.0,2,1,2012-06-07 12:00:00
0.0,2.68,2.0,2,1,2012-06-08 12:00:00
0.12,32.91,2.0,2,1,2012-06-09 12:00:00
0.0,8.88,0.0,2,1,2012-06-10 12:00:00
0.0,5.29,0.0,2,1,2012-06-11 12:00:00
0.0,10.1,1.0,2,1,2012-06-12 12:00:00
0.0,3.04,0.0,2,1,2012-06-13 12:00:00
0.0,7.48,0.0,2,1,2012-06-14 12:00:00
0.0,6.02,1.0,2,1,2012-06-15 12:00:00
0.0,5.66,3.0,2,1,2012-06-16 12:00:00
0.0,10.34,2.0,2,1,2012-06-17 12:00:00
0.06,6.14,1.0,2,1,2012-06-18 12:00:00
0.0,10.1,1.0,2,1,2012-06-19 12:00:00
0.0,5.48,1.0,2,1,2012-06-20 12:00:00
0.0,7.54,0.0,2,1,2012-06-21 12:00:00
0.0,3.22,1.0,2,1,2012-06-22 12:00:00
0.0,7.79,0.0,2,1,2012-06-23 12:00:00
0.0,11.19,1.0,2,1,2012-06-24 12:00:00
0.0,6.75,0.0,2,1,2012-06-25 12:00:00
0.0,7.79,0.0,2,1,2012-06-26 12:00:00
0.0,8.03,0.0,2,1,2012-06-27 12:00:00
0.0,13.45,0.0,2,1,2012-06-28 12:00:00
0.0,4.26,2.0,2,1,2012-06-29 12:00:00
0.55,8.94,5.0,2,1,2012-06-30 12:00:00
0.12,6.21,2.0,2,1,2012-07-01 12:00:00
0.06,4.75,2.0,2,1,2012-07-02 12:00:00
0.06,36.68,2.0,2,1,2012-07-03 12:00:00
0.06,11.01,1.0,2,1,2012-07-04 12:00:00
0.0,3.89,0.0,2,1,2012-07-05 12:00:00
0.18,4.38,3.0,2,1,2012-07-06 12:00:00
0.3,0.0,4.0,2,1,2012-07-07 12:00:00
0.0,5.35,0.0,2,1,2012-07-08 12:00:00
0.18,6.21,3.0,2,1,2012-07-09 12:00:00
0.0,5.96,0.0,2,1,2012-07-10 12:00:00
0.0,5.48,0.0,2,1,2012-07-11 12:00:00
0.3,7.48,2.0,2,1,2012-07-12 12:00:00
3.47,0.0,3.0,2,1,2012-07-13 12:00:00
0.0,4.99,0.0,2,1,2012-07-14 12:00:00
0.18,5.6,2.0,2,1,2012-07-15 12:00:00
0.0,2.92,0.0,2,1,2012-07-16 12:00:00
0.0,6.75,0.0,2,1,2012-07-17 12:00:00
0.24,6.33,3.0,2,1,2012-07-18 12:00:00
0.0,6.57,0.0,2,1,2012-07-19 12:00:00
0.0,5.9,0.0,2,1,2012-07-20 12:00:00
0.0,12.41,0.0,2,1,2012-07-21 12:00:00
0.0,3.35,0.0,2,1,2012-07-22 12:00:00
0.0,3.65,1.0,2,1,2012-07-23 12:00:00
0.0,3.89,0.0,2,1,2012-07-24 12:00:00
0.12,5.6,1.0,2,1,2012-07-25 12:00:00
0.06,5.05,1.0,2,1,2012-07-26 12:00:00
0.0,4.32,0.0,2,1,2012-07-27 12:00:00
0.0,2.56,0.0,2,1,2012-07-28 12:00:00
0.0,2.49,0.0,2,1,2012-07-29 12:00:00
0.0,4.81,0.0,2,1,2012-07-30 12:00:00
0.0,6.21,0.0,2,1,2012-07-31 12:00:00
0.0,7.91,0.0,2,1,2012-08-01 12:00:00
0.0,3.22,0.0,2,1,2012-08-02 12:00:00
0.0,8.03,0.0,2,1,2012-08-03 12:00:00
0.0,3.53,0.0,2,1,2012-08-04 12:00:00
0.0,3.47,0.0,2,1,2012-08-05 12:00:00
,8.09,0.0,0,1,2012-08-06 12:00:00
0.0,6.27,0.0,2,1,2012-08-07 12:00:00
0.0,7.97,0.0,2,1,2012-08-08 12:00:00
0.0,3.83,0.0,2,1,2012-08-09 12:00:00
0.3,5.72,3.0,2,1,2012-08-10 12:00:00
0.0,4.44,0.0,2,1,2012-08-11 12:00:00
0.0,3.89,0.0,2,1,2012-08-12 12:00:00
0.0,9.31,0.0,2,1,2012-08-13 12:00:00
0.0,3.77,0.0,2,1,2012-08-14 12:00:00
2.31,0.0,11.0,2,1,2012-08-15 12:00:00
0.0,2.86,0.0,2,1,2012-08-16 12:00:00
0.0,0.0,2.0,2,1,2012-08-17 12:00:00
0.79,5.9,8.0,2,1,2012-08-18 12:00:00
0.06,16.3,2.0,2,1,2012-08-19 12:00:00
0.06,12.29,4.0,2,1,2012-08-20 12:00:00
0.24,5.66,6.0,2,1,2012-08-21 12:00:00
0.0,7.6,0.0,2,1,2012-08-22 12:00:00
0.0,9.37,0.0,2,1,2012-08-23 12:00:00
0.0,5.48,0.0,2,1,2012-08-24 12:00:00
0.61,5.84,4.0,2,1,2012-08-25 12:00:00
2.01,20.5,17.0,2,1,2012-08-26 12:00:00
0.0,8.21,0.0,2,1,2012-08-27 12:00:00
0.67,10.65,4.0,2,1,2012-08-28 12:00:00
0.0,2.8,2.0,2,1,2012-08-29 12:00:00
0.0,4.14,3.0,2,1,2012-08-30 12:00:00
0.0,8.03,3.0,2,1,2012-08-31 12:00:00
0.0,7.3,3.0,2,1,2012-09-01 12:00:00
0.0,3.95,4.0,2,1,2012-09-02 12:00:00
0.18,6.69,5.0,2,1,2012-09-03 12:00:00
0.24,5.29,3.0,2,1,2012-09-04 12:00:00
0.0,2.98,0.0,2,1,2012-09-05 12:00:00
0.0,7.24,0.0,2,1,2012-09-06 12:00:00
0.0,3.59,0.0,2,1,2012-09-07 12:00:00
0.73,6.39,6.0,2,1,2012-09-08 12:00:00
0.61,19.65,11.0,2,1,2012-09-09 12:00:00
0.18,33.95,5.0,2,1,2012-09-10 12:00:00
0.12,3.47,9.0,2,1,2012-09-11 12:00:00
0.91,0.0,8.0,2,1,2012-09-12 12:00:00
0.0,5.66,0.0,2,1,2012-09-13 12:00:00
0.18,9.06,2.0,2,1,2012-09-14 12:00:00
0.79,0.0,4.0,2,1,2012-09-15 12:00:00
,7.18,1.0,0,1,2012-09-16 12:00:00
0.0,4.87,1.0,2,1,2012-09-17 12:00:00
0.3,5.29,5.0,2,1,2012-09-18 12:00:00
0.0,4.99,6.0,2,1,2012-09-19 12:00:00
0.0,9.73,2.0,2,1,2012-09-20 12:00:00
0.0,8.88,0.0,2,1,2012-09-21 12:00:00
0.0,6.94,0.0,2,1,2012-09-22 12:00:00
0.0,5.17,0.0,2,1,2012-09-23 12:00:00
0.0,5.41,1.0,2,1,2012-09-24 12:00:00
0.0,2.86,0.0,2,1,2012-09-25 12:00:00
0.43,55.91,9.0,2,1,2012-09-26 12:00:00
0.06,8.76,3.0,2,1,2012-09-27 12:00:00
0.0,8.76,0.0,2,1,2012-09-28 12:00:00
0.0,6.45,1.0,2,1,2012-09-29 12:00:00
0.0,5.05,0.0,2,1,2012-09-30 12:00:00
0.0,7.67,0.0,2,1,2012-10-01 12:00:00
0.0,6.51,0.0,2,1,2012-10-02 12:00:00
0.0,5.66,0.0,2,1,2012-10-03 12:00:00
0.0,11.19,0.0,2,1,2012-10-04 12:00:00
0.0,5.05,0.0,2,1,2012-10-05 12:00:00
0.0,7.6,0.0,2,1,2012-10-06 12:00:00
0.0,5.54,0.0,2,1,2012-10-07 12:00:00
0.0,5.6,0.0,2,1,2012-10-08 12:00:00
0.0,1.89,0.0,2,1,2012-10-09 12:00:00
0.0,6.51,0.0,2,1,2012-10-10 12:00:00
0.0,9.25,0.0,2,1,2012-10-11 12:00:00
0.0,7.6,0.0,2,1,2012-10-12 12:00:00
0.12,3.77,2.0,2,1,2012-10-13 12:00:00
0.06,7.42,2.0,2,1,2012-10-14 12:00:00
,45.51,3.0,0,1,2012-10-15 12:00:00
1.83,8.58,20.0,2,1,2012-10-16 12:00:00
0.06,7.97,3.0,2,1,2012-10-17 12:00:00
0.24,5.05,5.0,2,1,2012-10-18 12:00:00
0.0,6.57,0.0,2,1,2012-10-19 12:00:00
0.49,0.0,10.0,2,1,2012-10-20 12:00:00
,0.0,9.0,0,1,2012-10-21 12:00:00
0.06,5.41,2.0,2,1,2012-10-22 12:00:00
0.0,4.87,1.0,2,1,2012-10-23 12:00:00
0.24,5.54,3.0,2,1,2012-10-24 12:00:00
0.18,0.0,4.0,2,1,2012-10-25 12:00:00
0.12,4.99,1.0,2,1,2012-10-26 12:00:00
0.37,6.21,8.0,2,1,2012-10-27 12:00:00
0.06,6.39,3.0,2,1,2012-10-28 12:00:00
0.0,7.79,1.0,2,1,2012-10-29 12:00:00
0.0,4.68,8.0,2,1,2012-10-30 12:00:00
0.0,4.87,10.0,2,1,2012-10-31 12:00:00
1.89,5.9,24.0,2,1,2012-11-01 12:00:00
0.0,1.83,4.0,2,1,2012-11-02 12:00:00
0.79,0.0,15.0,2,1,2012-11-03 12:00:00
0.0,5.96,0.0,2,1,2012-11-04 12:00:00
0.0,6.87,0.0,2,1,2012-11-05 12:00:00
1.22,8.03,20.0,2,1,2012-11-06 12:00:00
0.18,4.38,7.0,2,1,2012-11-07 12:00:00
0.06,51.04,4.0,2,1,2012-11-08 12:00:00
7.97,0.0,22.0,2,1,2012-11-09 12:00:00
2.01,13.02,4.0,2,1,2012-11-10 12:00:00
2.07,8.7,24.0,2,1,2012-11-11 12:00:00
0.43,4.81,6.0,2,1,2012-11-12 12:00:00
0.3,7.36,2.0,2,1,2012-11-13 12:00:00
0.3,5.72,3.0,2,1,2012-11-14 12:00:00
0.0,4.32,1.0,2,1,2012-11-15 12:00:00
0.0,4.14,1.0,2,1,2012-11-16 12:00:00
0.0,5.9,0.0,2,1,2012-11-17 12:00:00
0.18,5.84,1.0,2,1,2012-11-18 12:00:00
0.0,4.38,0.0,2,1,2012-11-19 12:00:00
0.0,6.39,1.0,2,1,2012-11-20 12:00:00
1.03,8.88,4.0,2,1,2012-11-21 12:00:00
0.0,5.66,0.0,2,1,2012-11-22 12:00:00
0.0,9.73,0.0,2,1,2012-11-23 12:00:00
0.0,4.14,1.0,2,1,2012-11-24 12:00:00
1.83,7.48,25.0,2,1,2012-11-25 12:00:00
0.0,3.22,0.0,2,1,2012-11-26 12:00:00
0.06,2.74,1.0,2,1,2012-11-27 12:00:00
0.0,4.62,0.0,2,1,2012-11-28 12:00:00
0.0,3.89,0.0,2,1,2012-11-29 12:00:00
2.49,9.13,35.0,2,1,2012-11-30 12:00:00
0.0,4.2,0.0,2,1,2012-12-01 12:00:00
0.0,2.37,0.0,2,1,2012-12-02 12:00:00
0.0,4.75,0.0,2,1,2012-12-03 12:00:00
0.0,9.37,0.0,2,1,2012-12-04 12:00:00
0.0,3.95,0.0,2,1,2012-12-05 12:00:00
0.18,2.98,2.0,2,1,2012-12-06 12:00:00
0.0,3.29,0.0,2,1,2012-12-07 12:00:00
0.55,7.18,3.0,2,1,2012-12-08 12:00:00
0.67,40.76,13.0,2,1,2012-12-09 12:00:00
0.0,3.1,2.0,2,1,2012-12-10 12:00:00
0.0,6.81,3.0,2,1,2012-12-11 12:00:00
0.0,5.05,6.0,2,1,2012-12-12 12:00:00
0.0,6.14,11.0,2,1,2012-12-13 12:00:00
1.58,33.28,23.0,2,1,2012-12-14 12:00:00
0.3,3.77,13.0,2,1,2012-12-15 12:00:00
0.0,7.24,5.0,2,1,2012-12-16 12:00:00
0.0,6.45,12.0,2,1,2012-12-17 12:00:00
0.79,7.0,7.0,2,1,2012-12-18 12:00:00
0.67,35.83,11.0,2,1,2012-12-19 12:00:00
1.28,0.0,7.0,2,1,2012-12-20 12:00:00
0.06,5.84,1.0,2,1,2012-12-21 12:00:00
0.43,5.11,5.0,2,1,2012-12-22 12:00:00
0.49,5.96,9.0,2,1,2012-12-23 12:00:00
0.0,2.8,0.0,2,1,2012-12-24 12:00:00
0.0,2.37,1.0,2,1,2012-12-25 12:00:00
0.55,4.99,7.0,2,1,2012-12-26 12:00:00
0.12,40.4,4.0,2,1,2012-12-27 12:00:00
0.06,4.32,1.0,2,1,2012-12-28 12:00:00
0.0,6.33,1.0,2,1,2012-12-29 12:00:00
1.16,9.86,15.0,2,1,2012-12-30 12:00:00
0.06,1.46,1.0,2,1,2012-12-31 12:00:00
0.37,2.98,5.0,2,1,2013-01-01 12:00:00
0.06,4.5,4.0,2,1,2013-01-02 12:00:00
0.06,4.44,2.0,2,1,2013-01-03 12:00:00
0.24,5.05,1.0,2,1,2013-01-04 12:00:00
0.37,3.71,4.0,2,1,2013-01-05 12:00:00
1.1,0.0,8.0,2,1,2013-01-06 12:00:00
0.24,66.07,2.0,2,1,2013-01-07 12:00:00
0.0,0.85,5.0,2,1,2013-01-08 12:00:00
0.24,2.19,5.0,2,1,2013-01-09 12:00:00
0.0,2.49,0.0,2,1,2013-01-10 12:00:00
0.0,4.93,1.0,2,1,2013-01-11 12:00:00
0.06,2.25,3.0,2,1,2013-01-12 12:00:00
0.06,2.01,1.0,2,1,2013-01-13 12:00:00
0.0,3.47,0.0,2,1,2013-01-14 12:00:00
0.73,8.33,4.0,2,1,2013-01-15 12:00:00
1.95,12.96,16.0,2,1,2013-01-16 12:00:00
0.79,68.69,18.0,2,1,2013-01-17 12:00:00
0.0,2.74,0.0,2,1,2013-01-18 12:00:00
0.0,5.96,0.0,2,1,2013-01-19 12:00:00
,57.25,3.0,0,1,2013-01-20 12:00:00
0.0,5.17,5.0,2,1,2013-01-21 12:00:00
0.24,6.08,3.0,2,1,2013-01-22 12:00:00
0.0,4.99,0.0,2,1,2013-01-23 12:00:00
0.18,16.37,4.0,2,1,2013-01-24 12:00:00
0.0,4.08,0.0,2,1,2013-01-25 12:00:00
0.18,67.23,6.0,2,1,2013-01-26 12:00:00
0.0,3.59,0.0,2,1,2013-01-27 12:00:00
0.0,4.81,0.0,2,1,2013-01-28 12:00:00
0.18,8.09,2.0,2,1,2013-01-29 12:00:00
0.0,3.29,0.0,2,1,2013-01-30 12:00:00
0.0,7.24,1.0,2,1,2013-01-31 12:00:00
0.24,4.14,3.0,2,1,2013-02-01 12:00:00
0.18,58.16,17.0,2,1,2013-02-02 12:00:00
3.1,0.0,10.0,2,1,2013-02-03 12:00:00
0.0,2.25,0.0,2,1,2013-02-04 12:00:00
0.0,1.83,1.0,2,1,2013-02-05 12:00:00
0.49,47.21,11.0,2,1,2013-02-06 12:00:00
0.37,6.51,7.0,2,1,2013-02-07 12:00:00
0.0,5.35,1.0,2,1,2013-02-08 12:00:00
0.0,5.66,0.0,2,1,2013-02-09 12:00:00
0.85,18.74,14.0,2,1,2013-02-10 12:00:00
1.16,47.94,12.0,2,1,2013-02-11 12:00:00
0.0,3.59,0.0,2,1,2013-02-12 12:00:00
0.0,7.36,0.0,2,1,2013-02-13 12:00:00
0.06,6.45,1.0,2,1,2013-02-14 12:00:00
0.12,4.38,2.0,2,1,2013-02-15 12:00:00
8.82,0.0,6.0,2,1,2013-02-16 12:00:00
0.06,2.19,2.0,2,1,2013-02-17 12:00:00
0.0,8.46,0.0,2,1,2013-02-18 12:00:00
0.0,3.41,0.0,2,1,2013-02-19 12:00:00
0.0,6.14,0.0,2,1,2013-02-20 12:00:00
0.0,3.71,0.0,2,1,2013-02-21 12:00:00
0.0,7.67,0.0,2,1,2013-02-22 12:00:00
0.0,4.32,0.0,2,1,2013-02-23 12:00:00
,3.71,0.0,0,1,2013-02-24 12:00:00
0.0,3.29,0.0,2,1,2013-02-25 12:00:00
0.0,3.1,0.0,2,1,2013-02-26 12:00:00
0.0,2.62,0.0,2,1,2013-02-27 12:00:00
,0.0,3.0,0,1,2013-02-28 12:00:00
0.67,5.17,5.0,2,1,2013-03-01 12:00:00
0.55,5.17,5.0,2,1,2013-03-02 12:00:00
0.0,8.58,0.0,2,1,2013-03-03 12:00:00
0.12,10.34,4.0,2,1,2013-03-04 12:00:00
0.0,6.94,0.0,2,1,2013-03-05 12:00:00
0.0,5.54,0.0,2,1,2013-03-06 12:00:00
0.0,5.05,0.0,2,1,2013-03-07 12:00:00
0.43,6.45,3.0,2,1,2013-03-08 12:00:00
0.0,2.92,1.0,2,1,2013-03-09 12:00:00
0.0,5.29,0.0,2,1,2013-03-10 12:00:00
0.0,2.25,1.0,2,1,2013-03-11 12:00:00
0.0,4.26,0.0,2,1,2013-03-12 12:00:00
0.0,3.35,0.0,2,1,2013-03-13 12:00:00
0.0,3.22,0.0,2,1,2013-03-14 12:00:00
0.0,6.39,0.0,2,1,2013-03-15 12:00:00
0.0,3.71,0.0,2,1,2013-03-16 12:00:00
0.0,56.34,1.0,2,1,2013-03-17 12:00:00
0.43,12.35,4.0,2,1,2013-03-18 12:00:00
0.12,13.87,3.0,2,1,2013-03-19 12:00:00
0.06,6.02,1.0,2,1,2013-03-20 12:00:00
0.0,16.55,0.0,2,1,2013-03-21 12:00:00
0.0,1.83,0.0,2,1,2013-03-22 12:00:00
0.06,4.26,2.0,2,1,2013-03-23 12:00:00
0.06,3.35,1.0,2,1,2013-03-24 12:00:00
0.06,25.79,2.0,2,1,2013-03-25 12:00:00
0.0,3.59,0.0,2,1,2013-03-26 12:00:00
0.0,3.65,0.0,2,1,2013-03-27 12:00:00
0.0,3.83,0.0,2,1,2013-03-28 12:00:00
0.0,3.71,0.0,2,1,2013-03-29 12:00:00
,1.52,0.0,0,1,2013-03-30 12:00:00
0.0,4.08,0.0,2,1,2013-03-31 12:00:00
0.0,2.49,0.0,2,1,2013-04-01 12:00:00
0.61,73.67,16.0,2,1,2013-04-02 12:00:00
0.0,4.2,6.0,2,1,2013-04-03 12:00:00
0.24,4.14,4.0,2,1,2013-04-04 12:00:00
0.3,3.53,6.0,2,1,2013-04-05 12:00:00
0.12,5.72,3.0,2,1,2013-04-06 12:00:00
0.0,5.35,0.0,2,1,2013-04-07 12:00:00
0.0,8.33,0.0,2,1,2013-04-08 12:00:00
0.0,3.59,1.0,2,1,2013-04-09 12:00:00
,62.97,1.0,0,1,2013-04-10 12:00:00
0.0,4.5,0.0,2,1,2013-04-11 12:00:00
0.0,3.41,0.0,2,1,2013-04-12 12:00:00
0.0,4.99,1.0,2,1,2013-04-13 12:00:00
0.0,4.02,0.0,2,1,2013-04-14 12:00:00
0.12,7.18,3.0,2,1,2013-04-15 12:00:00
0.24,4.02,4.0,2,1,2013-04-16 12:00:00
0.06,8.52,1.0,2,1,2013-04-17 12:00:00
6.21,0.0,2.0,2,1,2013-04-18 12:00:00
0.0,3.1,0.0,2,1,2013-04-19 12:00:00
0.0,1.7,0.0,2,1,2013-04-20 12:00:00
0.0,2.43,0.0,2,1,2013-04-21 12:00:00
0.12,1.95,2.0,2,1,2013-04-22 12:00:00
0.0,2.43,0.0,2,1,2013-04-23 12:00:00
0.18,2.98,3.0,2,1,2013-04-24 12:00:00
0.06,4.5,2.0,2,1,2013-04-25 12:00:00
0.0,7.6,3.0,2,1,2013-04-26 12:00:00
0.0,4.62,1.0,2,1,2013-04-27 12:00:00
2.31,18.86,9.0,2,1,2013-04-28 12:00:00
0.12,3.29,2.0,2,1,2013-04-29 12:00:00
0.0,3.65,0.0,2,1,2013-04-30 12:00:00
0.06,4.5,1.0,2,1,2013-05-01 12:00:00
0.18,2.92,5.0,2,1,2013-05-02 12:00:00
0.12,2.62,3.0,2,1,2013-05-03 12:00:00
0.3,5.78,9.0,2,1,2013-05-04 12:00:00
1.52,0.0,22.0,2,1,2013-05-05 12:00:00
0.0,3.47,0.0,2,1,2013-05-06 12:00:00
0.12,2.31,2.0,2,1,2013-05-07 12:00:00
1.7,8.64,14.0,2,1,2013-05-08 12:00:00
2.98,0.0,34.0,2,1,2013-05-09 12:00:00
0.0,2.92,1.0,2,1,2013-05-10 12:00:00
0.18,3.41,4.0,2,1,2013-05-11 12:00:00
0.24,0.0,3.0,2,1,2013-05-12 12:00:00
0.0,1.46,1.0,2,1,2013-05-13 12:00:00
,2.49,0.0,0,1,2013-05-14 12:00:00
0.0,1.28,1.0,2,1,2013-05-15 12:00:00
0.0,1.83,1.0,2,1,2013-05-16 12:00:00
0.0,1.1,0.0,2,1,2013-05-17 12:00:00
,2.13,1.0,0,1,2013-05-18 12:00:00
,6.14,0.0,0,1,2013-05-19 12:00:00
,1.1,0.0,0,1,2013-05-20 12:00:00
,4.87,0.0,0,1,2013-05-21 12:00:00
0.0,3.29,0.0,2,1,2013-05-22 12:00:00
0.0,1.64,0.0,2,1,2013-05-23 12:00:00
,1.7,0.0,0,1,2013-05-24 12:00:00
,1.46,0.0,0,1,2013-05-25 12:00:00
0.0,2.31,0.0,2,1,2013-05-26 12:00:00
0.0,2.92,0.0,2,1,2013-05-27 12:00:00
0.0,5.72,0.0,2,1,2013-05-28 12:00:00
0.0,3.95,0.0,2,1,2013-05-29 12:00:00
0.0,3.35,0.0,2,1,2013-05-30 12:00:00
0.0,7.0,0.0,2,1,2013-05-31 12:00:00
0.06,3.47,1.0,2,1,2013-06-01 12:00:00
0.37,6.08,2.0,2,1,2013-06-02 12:00:00
0.18,5.54,6.0,2,1,2013-06-03 12:00:00
0.43,0.0,13.0,2,1,2013-06-04 12:00:00
0.0,3.35,0.0,2,1,2013-06-05 12:00:00
0.91,53.05,13.0,2,1,2013-06-06 12:00:00
0.18,4.2,4.0,2,1,2013-06-07 12:00:00
1.28,7.79,24.0,2,1,2013-06-08 12:00:00
0.0,4.44,1.0,2,1,2013-06-09 12:00:00
0.0,2.8,0.0,2,1,2013-06-10 12:00:00
0.0,3.1,0.0,2,1,2013-06-11 12:00:00
0.12,4.02,2.0,2,1,2013-06-12 12:00:00
0.0,6.45,0.0,2,1,2013-06-13 12:00:00
0.0,5.29,0.0,2,1,2013-06-14 12:00:00
0.0,2.86,0.0,2,1,2013-06-15 12:00:00
0.0,2.98,0.0,2,1,2013-06-16 12:00:00
0.24,6.33,3.0,2,1,2013-06-17 12:00:00
0.24,4.02,1.0,2,1,2013-06-18 12:00:00
0.0,5.9,0.0,2,1,2013-06-19 12:00:00
0.0,5.17,1.0,2,1,2013-06-20 12:00:00
0.0,2.56,0.0,2,1,2013-06-21 12:00:00
0.37,5.9,3.0,2,1,2013-06-22 12:00:00
0.18,38.69,2.0,2,1,2013-06-23 12:00:00
0.0,2.31,0.0,2,1,2013-06-24 12:00:00
0.0,5.48,1.0,2,1,2013-06-25 12:00:00
0.0,2.31,0.0,2,1,2013-06-26 12:00:00
0.0,2.01,0.0,2,1,2013-06-27 12:00:00
0.0,1.83,0.0,2,1,2013-06-28 12:00:00
0.0,2.62,0.0,2,1,2013-06-29 12:00:00
0.0,2.31,0.0,2,1,2013-06-30 12:00:00
0.43,5.96,6.0,2,1,2013-07-01 12:00:00
,6.94,32.0,0,1,2013-07-02 12:00:00
0.24,2.25,17.0,2,1,2013-07-03 12:00:00
0.0,5.48,11.0,2,1,2013-07-04 12:00:00
0.0,3.89,13.0,2,1,2013-07-05 12:00:00
0.18,6.51,3.0,2,1,2013-07-06 12:00:00
0.0,4.62,0.0,2,1,2013-07-07 12:00:00
0.0,5.05,1.0,2,1,2013-07-08 12:00:00
0.12,3.1,2.0,2,1,2013-07-09 12:00:00
0.0,6.21,0.0,2,1,2013-07-10 12:00:00
0.0,3.89,0.0,2,1,2013-07-11 12:00:00
0.0,5.84,0.0,2,1,2013-07-12 12:00:00
0.0,2.19,1.0,2,1,2013-07-13 12:00:00
0.0,2.86,0.0,2,1,2013-07-14 12:00:00
0.0,8.21,0.0,2,1,2013-07-15 12:00:00
0.0,6.27,0.0,2,1,2013-07-16 12:00:00
0.0,6.81,0.0,2,1,2013-07-17 12:00:00
0.0,3.71,0.0,2,1,2013-07-18 12:00:00
0.0,6.21,1.0,2,1,2013-07-19 12:00:00
0.0,4.38,1.0,2,1,2013-07-20 12:00:00
0.0,4.26,0.0,2,1,2013-07-21 12:00:00
0.0,3.71,0.0,2,1,2013-07-22 12:00:00
0.0,4.68,0.0,2,1,2013-07-23 12:00:00
0.0,2.43,0.0,2,1,2013-07-24 12:00:00
0.0,4.26,0.0,2,1,2013-07-25 12:00:00
0.0,2.56,0.0,2,1,2013-07-26 12:00:00
0.0,4.75,0.0,2,1,2013-07-27 12:00:00
0.0,3.65,0.0,2,1,2013-07-28 12:00:00
0.0,3.35,0.0,2,1,2013-07-29 12:00:00
0.0,2.92,0.0,2,1,2013-07-30 12:00:00
0.0,4.2,0.0,2,1,2013-07-31 12:00:00
0.0,1.58,0.0,2,1,2013-08-01 12:00:00
0.0,3.53,0.0,2,1,2013-08-02 12:00:00
0.0,5.6,1.0,2,1,2013-08-03 12:00:00
0.67,3.53,15.0,2,1,2013-08-04 12:00:00
0.79,6.69,8.0,2,1,2013-08-05 12:00:00
0.18,1.95,9.0,2,1,2013-08-06 12:00:00
0.18,4.2,17.0,2,1,2013-08-07 12:00:00
1.76,30.78,34.0,2,1,2013-08-08 12:00:00
,57.98,27.0,0,1,2013-08-09 12:00:00
0.12,50.62,8.0,2,1,2013-08-10 12:00:00
0.06,5.54,1.0,2,1,2013-08-11 12:00:00
0.43,6.27,4.0,2,1,2013-08-12 12:00:00
0.43,7.48,2.0,2,1,2013-08-13 12:00:00
0.3,2.86,5.0,2,1,2013-08-14 12:00:00
0.0,3.71,0.0,2,1,2013-08-15 12:00:00
0.0,2.19,0.0,2,1,2013-08-16 12:00:00
0.0,3.41,0.0,2,1,2013-08-17 12:00:00
0.0,3.89,0.0,2,1,2013-08-18 12:00:00
0.12,2.43,2.0,2,1,2013-08-19 12:00:00
0.0,2.92,0.0,2,1,2013-08-20 12:00:00
0.0,3.53,0.0,2,1,2013-08-21 12:00:00
0.0,6.63,0.0,2,1,2013-08-22 12:00:00
0.0,1.46,0.0,2,1,2013-08-23 12:00:00
0.24,3.04,2.0,2,1,2013-08-24 12:00:00
0.0,2.37,1.0,2,1,2013-08-25 12:00:00
0.06,1.22,2.0,2,1,2013-08-26 12:00:00
,1.7,0.0,0,1,2013-08-27 12:00:00
,0.85,0.0,0,1,2013-08-28 12:00:00
2.13,41.13,9.0,2,1,2013-08-29 12:00:00
1.46,14.54,9.0,2,1,2013-08-30 12:00:00
0.67,7.12,3.0,2,1,2013-08-31 12:00:00
0.37,3.71,3.0,2,1,2013-09-01 12:00:00
0.49,2.43,18.0,2,1,2013-09-02 12:00:00
0.12,4.26,3.0,2,1,2013-09-03 12:00:00
0.0,6.14,0.0,2,1,2013-09-04 12:00:00
0.0,4.08,1.0,2,1,2013-09-05 12:00:00
0.0,5.11,0.0,2,1,2013-09-06 12:00:00
0.0,5.41,4.0,2,1,2013-09-07 12:00:00
0.12,2.8,8.0,2,1,2013-09-08 12:00:00
0.37,3.35,4.0,2,1,2013-09-09 12:00:00
0.24,6.39,5.0,2,1,2013-09-10 12:00:00
0.24,46.42,1.0,2,1,2013-09-11 12:00:00
0.0,1.16,0.0,2,1,2013-09-12 12:00:00
0.0,1.46,0.0,2,1,2013-09-13 12:00:00
0.0,1.16,0.0,2,1,2013-09-14 12:00:00
0.0,2.49,0.0,2,1,2013-09-15 12:00:00
0.0,2.8,0.0,2,1,2013-09-16 12:00:00
0.0,2.25,0.0,2,1,2013-09-17 12:00:00
0.0,1.95,0.0,2,1,2013-09-18 12:00:00
0.0,1.7,0.0,2,1,2013-09-19 12:00:00
0.0,2.86,0.0,2,1,2013-09-20 12:00:00
0.0,2.98,0.0,2,1,2013-09-21 12:00:00
0.0,6.87,0.0,2,1,2013-09-22 12:00:00
0.0,4.62,0.0,2,1,2013-09-23 12:00:00
0.0,2.43,0.0,2,1,2013-09-24 12:00:00
0.0,2.62,0.0,2,1,2013-09-25 12:00:00
0.18,4.81,1.0,2,1,2013-09-26 12:00:00
0.0,2.68,0.0,2,1,2013-09-27 12:00:00
0.0,1.34,0.0,2,1,2013-09-28 12:00:00
0.12,3.04,1.0,2,1,2013-09-29 12:00:00
0.06,0.0,1.0,2,1,2013-09-30 12:00:00
0.0,2.8,0.0,2,1,2013-10-01 12:00:00
0.3,0.0,4.0,2,1,2013-10-02 12:00:00
0.43,14.72,10.0,2,1,2013-10-03 12:00:00
0.0,0.73,0.0,2,1,2013-10-04 12:00:00
0.0,0.43,0.0,2,1,2013-10-05 12:00:00
0.0,0.55,1.0,2,1,2013-10-06 12:00:00
0.0,0.55,1.0,2,1,2013-10-07 12:00:00
0.06,4.44,11.0,2,1,2013-10-08 12:00:00
0.37,5.96,14.0,2,1,2013-10-09 12:00:00
0.0,1.1,0.0,2,1,2013-10-10 12:00:00
0.06,19.53,1.0,2,1,2013-10-11 12:00:00
0.0,3.71,0.0,2,1,2013-10-12 12:00:00
0.0,8.94,0.0,2,1,2013-10-13 12:00:00
0.0,3.41,0.0,2,1,2013-10-14 12:00:00
0.12,3.16,2.0,2,1,2013-10-15 12:00:00
0.18,1.89,4.0,2,1,2013-10-16 12:00:00
2.8,8.82,34.0,2,1,2013-10-17 12:00:00
0.37,3.59,5.0,2,1,2013-10-18 12:00:00
0.61,3.65,13.0,2,1,2013-10-19 12:00:00
0.18,3.41,2.0,2,1,2013-10-20 12:00:00
0.0,4.62,0.0,2,1,2013-10-21 12:00:00
0.24,2.56,4.0,2,1,2013-10-22 12:00:00
0.0,2.92,0.0,2,1,2013-10-23 12:00:00
0.0,4.32,0.0,2,1,2013-10-24 12:00:00
0.0,1.76,0.0,2,1,2013-10-25 12:00:00
0.0,4.32,0.0,2,1,2013-10-26 12:00:00
0.06,4.75,1.0,2,1,2013-10-27 12:00:00
0.0,1.64,0.0,2,1,2013-10-28 12:00:00
0.0,4.32,0.0,2,1,2013-10-29 12:00:00
0.06,5.48,1.0,2,1,2013-10-30 12:00:00
0.06,2.25,1.0,2,1,2013-10-31 12:00:00
0.18,5.41,2.0,2,1,2013-11-01 12:00:00
0.0,2.25,0.0,2,1,2013-11-02 12:00:00
0.0,44.53,1.0,2,1,2013-11-03 12:00:00
0.0,1.16,0.0,2,1,2013-11-04 12:00:00
0.0,2.19,1.0,2,1,2013-11-05 12:00:00
0.43,0.0,10.0,2,1,2013-11-06 12:00:00
3.53,64.0,13.0,2,1,2013-11-07 12:00:00
0.3,3.47,3.0,2,1,2013-11-08 12:00:00
0.3,2.74,3.0,2,1,2013-11-09 12:00:00
0.12,2.13,2.0,2,1,2013-11-10 12:00:00
0.0,1.83,0.0,2,1,2013-11-11 12:00:00
0.0,0.0,1.0,2,1,2013-11-12 12:00:00
0.0,0.91,0.0,2,1,2013-11-13 12:00:00
1.22,11.32,14.0,2,1,2013-11-14 12:00:00
0.43,5.17,4.0,2,1,2013-11-15 12:00:00
0.12,1.46,3.0,2,1,2013-11-16 12:00:00
0.0,1.03,0.0,2,1,2013-11-17 12:00:00
0.43,5.05,2.0,2,1,2013-11-18 12:00:00
0.3,5.9,4.0,2,1,2013-11-19 12:00:00
0.0,1.64,0.0,2,1,2013-11-20 12:00:00
0.0,1.89,0.0,2,1,2013-11-21 12:00:00
0.0,3.22,0.0,2,1,2013-11-22 12:00:00
0.06,2.01,1.0,2,1,2013-11-23 12:00:00
0.0,2.07,0.0,2,1,2013-11-24 12:00:00
0.0,4.93,0.0,2,1,2013-11-25 12:00:00
0.67,8.7,2.0,2,1,2013-11-26 12:00:00
0.0,2.31,0.0,2,1,2013-11-27 12:00:00
0.0,2.13,0.0,2,1,2013-11-28 12:00:00
0.0,1.58,0.0,2,1,2013-11-29 12:00:00
9.43,18.8,9.0,2,1,2013-11-30 12:00:00
0.73,4.02,20.0,2,1,2013-12-01 12:00:00
0.49,3.29,6.0,2,1,2013-12-02 12:00:00
0.0,1.76,0.0,2,1,2013-12-03 12:00:00
0.12,5.11,4.0,2,1,2013-12-04 12:00:00
0.06,2.37,3.0,2,1,2013-12-05 12:00:00
0.12,2.86,6.0,2,1,2013-12-06 12:00:00
0.55,4.62,8.0,2,1,2013-12-07 12:00:00
0.06,7.73,2.0,2,1,2013-12-08 12:00:00
0.06,3.83,2.0,2,1,2013-12-09 12:00:00
0.12,4.32,1.0,2,1,2013-12-10 12:00:00
0.0,1.95,0.0,2,1,2013-12-11 12:00:00
0.0,4.14,0.0,2,1,2013-12-12 12:00:00
0.0,1.4,0.0,2,1,2013-12-13 12:00:00
0.3,0.0,1.0,2,1,2013-12-14 12:00:00
0.12,20.87,6.0,2,1,2013-12-15 12:00:00
0.0,1.46,0.0,2,1,2013-12-16 12:00:00
0.49,4.81,4.0,2,1,2013-12-17 12:00:00
0.0,3.22,0.0,2,1,2013-12-18 12:00:00
0.0,5.48,0.0,2,1,2013-12-19 12:00:00
-0.02,0.33,0.0,2,5,2014-12-01 12:00:00
-0.01,0.27,2.1,2,5,2014-12-02 12:00:00
0.01,0.13,0.0,2,5,2014-12-03 12:00:00
0.19,1.03,6.9,2,5,2014-12-04 12:00:00
0.02,0.41,2.8,2,5,2014-12-05 12:00:00
0.01,0.3,2.1,2,5,2014-12-06 12:00:00
-0.01,0.06,0.0,2,5,2014-12-07 12:00:00
0.03,0.2,1.4,2,5,2014-12-08 12:00:00
0.29,2.73,2.1,2,5,2014-12-09 12:00:00
0.0,0.35,1.4,2,5,2014-12-10 12:00:00
0.04,0.27,0.7,2,5,2014-12-11 12:00:00
0.02,0.38,2.1,2,5,2014-12-12 12:00:00
-0.01,0.02,0.0,2,5,2014-12-13 12:00:00
-0.01,0.08,0.0,2,5,2014-12-14 12:00:00
0.0,0.07,0.0,2,5,2014-12-15 12:00:00
0.39,3.12,3.5,2,5,2014-12-16 12:00:00
0.02,0.29,1.4,2,5,2014-12-17 12:00:00
0.23,1.05,8.3,2,5,2014-12-18 12:00:00
-0.01,0.05,0.0,2,5,2014-12-19 12:00:00
0.68,3.27,9.0,2,5,2014-12-20 12:00:00
0.09,0.72,5.6,2,5,2014-12-21 12:00:00
0.05,0.33,2.8,2,5,2014-12-22 12:00:00
-0.05,0.29,0.0,2,5,2014-12-23 12:00:00
1.21,4.02,13.9,2,5,2014-12-24 12:00:00
0.51,2.06,6.9,2,5,2014-12-25 12:00:00
0.43,3.34,4.9,2,5,2014-12-26 12:00:00
-0.01,0.03,0.0,2,5,2014-12-27 12:00:00
0.0,0.01,0.0,2,5,2014-12-28 12:00:00
0.0,0.02,0.0,2,5,2014-12-29 12:00:00
0.21,1.78,2.8,2,5,2014-12-30 12:00:00
-0.01,0.02,0.0,2,5,2014-12-31 12:00:00
-0.01,0.01,0.0,2,5,2015-01-01 12:00:00
0.0,0.01,0.0,2,5,2015-01-02 12:00:00
1.54,10.73,3.5,2,5,2015-01-03 12:00:00
0.02,0.3,0.7,2,5,2015-01-04 12:00:00
0.0,0.03,0.0,2,5,2015-01-05 12:00:00
1.18,6.26,4.9,2,5,2015-01-06 12:00:00
0.02,0.2,0.7,2,5,2015-01-07 12:00:00
0.0,0.01,0.0,2,5,2015-01-08 12:00:00
0.0,0.02,0.0,2,5,2015-01-09 12:00:00
0.04,0.38,1.4,2,5,2015-01-10 12:00:00
0.98,3.23,13.9,2,5,2015-01-11 12:00:00
0.0,0.01,0.0,2,5,2015-01-12 12:00:00
-0.02,0.05,0.0,2,5,2015-01-13 12:00:00
0.0,0.01,0.0,2,5,2015-01-14 12:00:00
0.0,0.09,0.0,2,5,2015-01-15 12:00:00
0.01,0.07,0.0,2,5,2015-01-16 12:00:00
0.0,0.01,0.0,2,5,2015-01-17 12:00:00
0.45,3.2,2.8,2,5,2015-01-18 12:00:00
-0.02,0.02,0.0,2,5,2015-01-19 12:00:00
-0.01,0.01,0.0,2,5,2015-01-20 12:00:00
0.05,0.45,1.4,2,5,2015-01-21 12:00:00
-0.01,0.01,0.0,2,5,2015-01-22 12:00:00
0.99,4.31,12.5,2,5,2015-01-23 12:00:00
-0.04,0.04,0.0,2,5,2015-01-24 12:00:00
-0.02,0.02,0.0,2,5,2015-01-25 12:00:00
0.12,0.58,4.9,2,5,2015-01-26 12:00:00
0.0,0.02,0.0,2,5,2015-01-27 12:00:00
-0.01,0.02,0.0,2,5,2015-01-28 12:00:00
-0.02,0.02,0.0,2,5,2015-01-29 12:00:00
0.0,0.29,0.7,2,5,2015-05-10 12:00:00
0.07,0.79,4.2,2,5,2015-05-11 12:00:00
0.08,0.28,2.1,2,5,2015-05-12 12:00:00
0.04,0.36,1.4,2,5,2015-05-13 12:00:00
0.08,0.76,2.1,2,5,2015-05-14 12:00:00
-0.02,0.2,0.0,2,5,2015-05-15 12:00:00
0.01,0.04,0.0,2,5,2015-05-16 12:00:00
0.03,0.02,0.0,2,5,2015-05-17 12:00:00
0.02,0.02,0.0,2,5,2015-05-18 12:00:00
-0.01,0.11,0.0,2,5,2015-05-19 12:00:00
0.03,0.1,0.0,2,5,2015-05-20 12:00:00
-0.01,0.08,0.0,2,5,2015-05-21 12:00:00
-0.02,0.1,0.0,2,5,2015-05-22 12:00:00
0.0,0.17,0.0,2,5,2015-05-23 12:00:00
0.28,1.36,7.8,2,5,2015-05-24 12:00:00
0.04,0.22,0.0,2,5,2015-05-25 12:00:00
0.0,0.19,0.0,2,5,2015-05-26 12:00:00
-0.01,0.15,0.0,2,5,2015-05-27 12:00:00
0.0,0.19,0.0,2,5,2015-05-28 12:00:00
-0.02,0.19,1.4,2,5,2015-05-29 12:00:00
0.13,0.95,1.4,2,5,2015-05-30 12:00:00
0.03,0.44,4.2,2,5,2015-05-31 12:00:00
0.0,0.13,0.0,2,5,2015-06-01 12:00:00
-0.02,0.19,0.0,2,5,2015-06-02 12:00:00
-0.02,0.27,2.1,2,5,2015-06-03 12:00:00
0.0,0.16,0.0,2,5,2015-06-04 12:00:00
0.01,0.18,0.7,2,5,2015-06-05 12:00:00
0.05,0.51,2.1,2,5,2015-06-06 12:00:00
-0.03,0.14,0.7,2,5,2015-06-07 12:00:00
0.02,0.05,0.0,2,5,2015-06-08 12:00:00
0.12,0.99,2.1,2,5,2015-06-09 12:00:00
0.0,0.08,0.0,2,5,2015-06-10 12:00:00
0.04,0.46,1.4,2,5,2015-06-11 12:00:00
0.89,3.44,12.3,2,5,2015-06-12 12:00:00
0.07,0.45,3.5,2,5,2015-06-13 12:00:00
0.01,0.27,1.4,2,5,2015-06-14 12:00:00
0.0,0.13,0.0,2,5,2015-06-15 12:00:00
0.35,1.4,11.1,2,5,2015-06-16 12:00:00
0.2,1.08,5.8,2,5,2015-06-17 12:00:00
0.01,0.37,0.7,2,5,2015-06-18 12:00:00
0.0,0.22,0.0,2,5,2015-06-19 12:00:00
-0.02,0.24,0.7,2,5,2015-06-20 12:00:00
-0.01,0.09,0.0,2,5,2015-06-21 12:00:00
-0.01,0.18,0.0,2,5,2015-06-22 12:00:00
-0.01,0.22,0.0,2,5,2015-06-23 12:00:00
0.0,0.16,0.0,2,5,2015-06-24 12:00:00
0.0,0.13,0.0,2,5,2015-06-25 12:00:00
-0.01,0.1,0.0,2,5,2015-06-26 12:00:00
-0.02,0.09,0.0,2,5,2015-06-27 12:00:00
0.05,0.66,0.7,2,5,2015-06-28 12:00:00
0.32,2.27,2.8,2,5,2015-06-29 12:00:00
-0.01,0.07,0.0,2,5,2015-06-30 12:00:00
-0.02,0.06,0.0,2,5,2015-07-01 12:00:00
0.62,3.13,10.6,2,5,2015-07-02 12:00:00
0.01,0.06,0.0,2,5,2015-07-03 12:00:00
1.24,4.63,14.3,2,5,2015-07-04 12:00:00
1.83,4.3,28.2,2,5,2015-07-05 12:00:00
1.46,3.01,32.6,2,5,2015-07-06 12:00:00
0.2,1.01,6.2,2,5,2015-07-07 12:00:00
0.12,0.95,2.8,2,5,2015-07-08 12:00:00
0.22,1.17,6.2,2,5,2015-07-09 12:00:00
0.05,0.37,2.8,2,5,2015-07-10 12:00:00
-0.03,0.03,0.0,2,5,2015-07-11 12:00:00
0.45,3.34,3.5,2,5,2015-07-12 12:00:00
0.08,0.57,4.2,2,5,2015-07-13 12:00:00
0.15,1.29,2.1,2,5,2015-07-14 12:00:00
0.41,1.72,8.3,2,5,2015-07-15 12:00:00
0.37,2.06,6.2,2,5,2015-07-16 12:00:00
0.04,0.38,2.1,2,5,2015-07-17 12:00:00
0.15,0.88,3.5,2,5,2015-07-18 12:00:00
-0.01,0.01,0.0,2,5,2015-07-19 12:00:00
-0.01,0.01,0.0,2,5,2015-07-20 12:00:00
-0.01,0.01,0.0,2,5,2015-07-21 12:00:00
-0.01,0.01,0.0,2,5,2015-07-22 12:00:00
0.0,0.01,0.0,2,5,2015-07-23 12:00:00
-0.01,0.01,0.0,2,5,2015-07-24 12:00:00
-0.01,0.01,0.0,2,5,2015-07-25 12:00:00
-0.01,0.01,0.0,2,5,2015-07-26 12:00:00
0.0,0.01,0.0,2,5,2015-07-27 12:00:00
0.0,0.04,0.0,2,5,2015-07-28 12:00:00
0.0,0.1,0.0,2,5,2015-07-29 12:00:00
0.0,0.01,0.0,2,5,2015-07-30 12:00:00
-0.01,0.01,0.0,2,5,2015-07-31 12:00:00
-0.01,0.01,0.0,2,5,2015-08-01 12:00:00
0.01,0.27,1.4,2,5,2015-08-02 12:00:00
0.01,0.2,0.7,2,5,2015-08-03 12:00:00
-0.01,0.08,0.0,2,5,2015-08-04 12:00:00
-0.01,0.03,0.0,2,5,2015-08-05 12:00:00
0.02,0.31,1.4,2,5,2015-08-06 12:00:00
-0.02,0.02,0.0,2,5,2015-08-07 12:00:00
0.05,0.41,1.4,2,5,2015-08-08 12:00:00
1.85,5.72,21.5,2,5,2015-08-09 12:00:00
0.22,0.56,8.3,2,5,2015-08-10 12:00:00
-0.01,0.01,0.0,2,5,2015-08-11 12:00:00
0.17,1.67,2.1,2,5,2015-08-12 12:00:00
-0.02,0.02,0.0,2,5,2015-08-13 12:00:00
0.0,0.1,0.0,2,5,2015-08-14 12:00:00
1.06,3.77,11.8,2,5,2015-08-15 12:00:00
0.04,0.24,1.5,2,5,2015-08-16 12:00:00
-0.01,0.01,0.0,2,5,2015-08-17 12:00:00
0.0,0.01,0.0,2,5,2015-08-18 12:00:00
0.0,0.01,0.0,2,5,2015-08-19 12:00:00
0.01,0.1,0.0,2,5,2015-08-20 12:00:00
0.0,0.01,0.0,2,5,2015-08-21 12:00:00
-0.01,0.01,0.0,2,5,2015-08-22 12:00:00
-0.01,0.01,0.0,2,5,2015-08-23 12:00:00
0.02,0.28,1.4,2,5,2015-08-24 12:00:00
0.0,0.06,0.0,2,5,2015-08-25 12:00:00
-0.01,0.01,0.0,2,5,2015-08-26 12:00:00
1.84,6.82,13.9,2,5,2015-08-27 12:00:00
0.7,2.6,13.5,2,5,2015-08-28 12:00:00
-0.01,0.03,0.0,2,5,2015-08-29 12:00:00
0.0,0.09,0.0,2,5,2015-08-30 12:00:00
0.0,0.05,0.0,2,5,2015-08-31 12:00:00
0.0,0.05,0.0,2,5,2015-09-01 12:00:00
-0.01,0.01,0.0,2,5,2015-09-02 12:00:00
0.56,2.33,10.4,2,5,2015-09-03 12:00:00
-0.01,0.01,0.0,2,5,2015-09-04 12:00:00
0.08,0.6,2.1,2,5,2015-09-05 12:00:00
-0.01,0.02,0.0,2,5,2015-09-06 12:00:00
0.05,0.33,1.4,2,5,2015-09-07 12:00:00
-0.01,0.05,0.0,2,5,2015-09-08 12:00:00
-0.02,0.04,0.0,2,5,2015-09-09 12:00:00
-0.02,0.06,0.0,2,5,2015-09-10 12:00:00
-0.01,0.15,0.7,2,5,2015-09-11 12:00:00
-0.01,0.06,0.0,2,5,2015-09-12 12:00:00
0.77,5.56,3.6,2,5,2015-09-13 12:00:00
0.0,0.01,0.0,2,5,2015-09-14 12:00:00
0.0,0.01,0.0,2,5,2015-09-15 12:00:00
1.05,4.59,8.3,2,5,2015-09-16 12:00:00
0.02,0.21,1.4,2,5,2015-09-17 12:00:00
-0.01,0.01,0.0,2,5,2015-09-18 12:00:00
0.0,0.01,0.0,2,5,2015-09-19 12:00:00
0.0,0.01,0.0,2,5,2015-09-20 12:00:00
0.03,0.39,1.4,2,5,2015-09-21 12:00:00
0.03,0.36,0.7,2,5,2015-09-22 12:00:00
1.1,5.37,7.7,2,5,2015-09-23 12:00:00
0.03,0.38,1.4,2,5,2015-09-24 12:00:00
0.65,2.13,12.5,2,5,2015-09-25 12:00:00
0.51,1.91,9.0,2,5,2015-09-26 12:00:00
0.28,2.61,1.4,2,5,2015-09-27 12:00:00
0.3,1.57,8.3,2,5,2015-09-28 12:00:00
0.0,0.03,0.0,2,5,2015-09-29 12:00:00
0.0,0.05,0.0,2,5,2015-09-30 12:00:00
0.0,0.01,0.0,2,5,2015-10-01 12:00:00
0.0,0.01,0.0,2,5,2015-10-02 12:00:00
0.0,0.01,0.0,2,5,2015-10-03 12:00:00
-0.01,0.01,0.0,2,5,2015-10-04 12:00:00
0.05,0.39,1.4,2,5,2015-10-05 12:00:00
0.09,0.47,4.2,2,5,2015-10-06 12:00:00
0.54,3.25,4.2,2,5,2015-10-07 12:00:00
0.54,4.58,3.5,2,5,2015-10-08 12:00:00
-0.01,0.01,0.0,2,5,2015-10-09 12:00:00
-0.01,0.01,0.0,2,5,2015-10-10 12:00:00
-0.01,0.01,0.0,2,5,2015-10-11 12:00:00
0.0,0.01,0.0,2,5,2015-10-12 12:00:00
-0.01,0.02,0.0,2,5,2015-10-13 12:00:00
0.98,3.63,12.0,2,5,2015-10-14 12:00:00
0.75,1.92,15.3,2,5,2015-10-15 12:00:00
0.0,0.01,0.0,2,5,2015-10-16 12:00:00
-0.01,0.02,0.0,2,5,2015-10-17 12:00:00
-0.01,0.02,0.0,2,5,2015-10-18 12:00:00
0.06,0.59,1.4,2,5,2015-10-19 12:00:00
0.13,0.43,6.9,2,5,2015-10-20 12:00:00
0.19,0.65,6.2,2,5,2015-10-21 12:00:00
0.62,2.18,9.0,2,5,2015-10-22 12:00:00
0.66,1.47,20.1,2,5,2015-10-23 12:00:00
0.09,0.83,1.4,2,5,2015-10-24 12:00:00
1.66,5.13,20.8,2,5,2015-10-25 12:00:00
0.12,0.74,2.8,2,5,2015-10-26 12:00:00
0.85,2.11,20.8,2,5,2015-10-27 12:00:00
0.56,1.43,15.3,2,5,2015-10-28 12:00:00
-0.01,0.02,0.0,2,5,2015-10-29 12:00:00
-0.01,0.01,0.0,2,5,2015-10-30 12:00:00
0.0,0.01,0.0,2,5,2015-10-31 12:00:00
0.0,0.01,0.0,2,5,2015-11-01 12:00:00
0.25,1.73,3.5,2,5,2015-11-02 12:00:00
0.07,0.23,2.8,2,5,2015-11-03 12:00:00
1.45,8.15,11.1,2,5,2015-11-04 12:00:00
0.95,5.47,9.7,2,5,2015-11-05 12:00:00
1.87,4.41,32.6,2,5,2015-11-06 12:00:00
0.3,1.9,4.9,2,5,2015-11-07 12:00:00
-0.01,0.01,0.0,2,5,2015-11-08 12:00:00
0.08,0.36,3.5,2,5,2015-11-09 12:00:00
0.26,0.73,9.7,2,5,2015-11-10 12:00:00
0.16,1.25,3.5,2,5,2015-11-11 12:00:00
0.71,2.71,16.0,2,5,2015-11-12 12:00:00
0.11,0.67,2.8,2,5,2015-11-13 12:00:00
0.24,0.81,6.9,2,5,2015-11-14 12:00:00
0.06,0.42,2.1,2,5,2015-11-15 12:00:00
0.28,1.53,3.5,2,5,2015-11-16 12:00:00
0.0,0.01,0.0,2,5,2015-11-17 12:00:00
0.57,3.27,4.3,2,5,2015-11-18 12:00:00
1.25,4.98,13.9,2,5,2015-11-19 12:00:00
0.11,0.32,3.5,2,5,2015-11-20 12:00:00
0.0,0.01,0.0,2,5,2015-11-21 12:00:00
0.0,0.01,0.0,2,5,2015-11-22 12:00:00
0.0,0.04,0.0,2,5,2015-11-23 12:00:00
0.03,0.28,1.4,2,5,2015-11-24 12:00:00
-0.01,0.01,0.0,2,5,2015-11-25 12:00:00
0.19,0.78,6.5,2,5,2015-11-26 12:00:00
0.0,0.01,0.0,2,5,2015-11-27 12:00:00
0.11,0.69,2.8,2,5,2015-11-28 12:00:00
0.76,1.95,16.0,2,5,2015-11-29 12:00:00
0.23,1.13,6.2,2,5,2015-11-30 12:00:00
-0.05,4.9,4.0,2,1,2015-12-01 12:00:00
1.56,10.25,13.2,3,5,2016-03-09 12:00:00
0.42,1.6,6.6,2,5,2016-03-26 12:00:00
0.01,0.12,0.0,2,5,2016-03-27 12:00:00
0.02,0.19,0.7,2,5,2016-03-28 12:00:00
0.0,0.14,0.0,2,5,2016-03-29 12:00:00
0.28,2.23,2.8,2,5,2016-03-30 12:00:00
0.01,0.17,0.0,2,5,2016-03-31 12:00:00
0.0,0.17,0.0,2,5,2016-04-01 12:00:00
0.32,2.55,2.8,2,5,2016-04-02 12:00:00
0.06,0.4,1.4,2,5,2016-04-03 12:00:00
0.01,0.18,0.7,2,5,2016-04-04 12:00:00
0.01,0.09,0.0,2,5,2016-04-05 12:00:00
1.99,9.41,13.9,2,5,2016-04-06 12:00:00
0.13,1.09,2.1,2,5,2016-04-07 12:00:00
0.0,0.03,0.0,2,5,2016-04-08 12:00:00
0.9,4.16,9.0,2,5,2016-04-09 12:00:00
0.34,1.78,4.9,2,5,2016-04-10 12:00:00
0.39,1.37,11.1,2,5,2016-04-11 12:00:00
-0.03,0.05,0.0,2,5,2016-04-12 12:00:00
-0.01,0.12,0.0,2,5,2016-04-13 12:00:00
0.31,2.48,2.8,2,5,2016-04-14 12:00:00
-0.01,0.07,0.0,2,5,2016-04-15 12:00:00
0.09,0.59,1.4,2,5,2016-04-16 12:00:00
0.04,0.28,0.7,2,5,2016-04-17 12:00:00
0.0,0.09,0.0,2,5,2016-04-18 12:00:00
0.0,0.12,0.0,2,5,2016-04-19 12:00:00
0.02,0.18,0.7,2,5,2016-04-20 12:00:00
,0.74,2.0,0,1,2018-06-04 12:00:00
0.0,0.64,1.0,2,1,2018-06-05 12:00:00
,0.48,2.0,0,1,2018-06-06 12:00:00
0.0,0.64,1.0,2,1,2018-06-07 12:00:00
0.05,1.38,1.0,2,1,2018-06-08 12:00:00
0.32,2.45,6.0,2,1,2018-06-09 12:00:00
0.0,0.69,2.0,2,1,2018-06-10 12:00:00
0.0,0.32,0.0,2,1,2018-06-11 12:00:00
0.0,0.59,2.0,2,1,2018-06-12 12:00:00
,0.48,1.0,0,1,2018-06-13 12:00:00
0.0,0.32,1.0,2,1,2018-06-14 12:00:00
,0.32,1.0,0,1,2018-06-15 12:00:00
0.0,0.32,0.0,2,1,2018-06-16 12:00:00
0.11,35.05,3.0,2,1,2018-06-17 12:00:00
0.0,0.74,3.0,2,1,2018-06-18 12:00:00
0.11,2.02,2.0,2,1,2018-06-19 12:00:00
0.0,0.48,2.0,2,1,2018-06-20 12:00:00
0.0,0.32,0.0,2,1,2018-06-21 12:00:00
0.0,0.27,0.0,2,1,2018-06-22 12:00:00
0.0,0.27,0.0,2,1,2018-06-23 12:00:00
0.0,0.53,2.0,2,1,2018-06-24 12:00:00
0.05,1.7,1.0,2,1,2018-06-25 12:00:00
0.0,0.37,1.0,2,1,2018-06-26 12:00:00
0.05,1.06,4.0,2,1,2018-06-27 12:00:00
0.11,1.17,1.0,2,1,2018-06-28 12:00:00
0.43,3.03,7.0,2,1,2018-06-29 12:00:00
0.0,0.48,3.0,2,1,2018-06-30 12:00:00
0.9,5.64,9.0,2,1,2018-07-01 12:00:00
0.0,0.9,1.0,2,1,2018-07-02 12:00:00
0.05,0.48,3.0,2,1,2018-07-03 12:00:00
0.0,0.27,0.0,2,1,2018-07-04 12:00:00
0.0,0.64,0.0,2,1,2018-07-05 12:00:00
0.11,1.06,2.0,2,1,2018-07-06 12:00:00
0.11,1.65,1.0,2,1,2018-07-07 12:00:00
0.05,0.96,1.0,2,1,2018-07-08 12:00:00
0.21,1.86,3.0,2,1,2018-07-09 12:00:00
0.53,4.57,3.0,2,1,2018-07-10 12:00:00
0.0,0.32,0.0,2,1,2018-07-11 12:00:00
,0.32,1.0,0,1,2018-07-12 12:00:00
0.27,12.34,11.0,2,1,2018-07-13 12:00:00
0.05,1.97,13.0,2,1,2018-07-14 12:00:00
0.05,1.6,17.0,2,1,2018-07-15 12:00:00
0.11,2.55,19.0,2,1,2018-07-16 12:00:00
0.0,3.03,20.0,2,1,2018-07-17 12:00:00
,1.01,5.0,0,1,2018-07-18 12:00:00
0.05,1.17,11.0,2,1,2018-07-19 12:00:00
,0.96,7.0,0,1,2018-07-20 12:00:00
0.0,0.74,8.0,2,1,2018-07-21 12:00:00
,1.38,13.0,0,1,2018-07-22 12:00:00
,1.17,18.0,0,1,2018-07-23 12:00:00
0.0,1.28,12.0,2,1,2018-07-24 12:00:00
0.21,6.7,9.0,2,1,2018-07-25 12:00:00
0.37,1.49,13.0,2,1,2018-07-26 12:00:00
0.0,0.53,3.0,2,1,2018-07-27 12:00:00
0.05,1.44,1.0,2,1,2018-07-28 12:00:00
0.48,24.89,7.0,2,1,2018-07-29 12:00:00
0.0,0.32,0.0,2,1,2018-07-30 12:00:00
0.0,0.64,0.0,2,1,2018-07-31 12:00:00
