Date,Year,Month,Day,RH,Q,S
2006-11-16,2006,November,16,80.5,2,5
2006-11-17,2006,November,17,79.7,2,5
2006-11-18,2006,November,18,84.2,2,5
2006-11-19,2006,November,19,80.5,2,5
2006-11-20,2006,November,20,84.2,2,5
2006-11-21,2006,November,21,84.2,2,5
2006-11-22,2006,November,22,79.5,2,5
2006-11-23,2006,November,23,82.0,2,5
2006-11-24,2006,November,24,79.7,2,5
2006-11-25,2006,November,25,79.7,2,5
2006-11-26,2006,November,26,84.0,2,5
2007-10-08,2007,Oktober,8,78.0,2,1
2007-10-09,2007,Oktober,9,79.2,2,1
2007-10-10,2007,Oktober,10,78.4,2,1
2007-10-11,2007,Oktober,11,79.2,2,1
2007-10-12,2007,Oktober,12,76.8,2,1
2007-10-13,2007,Oktober,13,82.9,2,1
2007-10-14,2007,Oktober,14,83.7,2,1
2007-10-15,2007,Oktober,15,82.9,2,1
2007-10-16,2007,Oktober,16,82.9,2,1
2007-10-17,2007,Oktober,17,85.3,2,1
2007-10-18,2007,Oktober,18,82.1,2,1
2007-10-19,2007,Oktober,19,88.2,2,1
2007-10-20,2007,Oktober,20,85.7,2,1
2007-10-21,2007,Oktober,21,89.0,2,1
2007-10-22,2007,Oktober,22,83.3,2,1
2007-10-23,2007,Oktober,23,82.1,2,1
2007-10-24,2007,Oktober,24,86.6,2,1
2007-10-25,2007,Oktober,25,86.6,2,1
2007-10-26,2007,Oktober,26,86.2,2,1
2007-10-27,2007,Oktober,27,80.5,2,1
2007-10-28,2007,Oktober,28,82.5,2,1
2007-10-29,2007,Oktober,29,82.5,2,1
2007-10-30,2007,Oktober,30,82.1,2,1
2007-10-31,2007,Oktober,31,84.9,2,1
2007-11-01,2007,November,1,82.5,2,1
2007-11-02,2007,November,2,85.3,2,1
2007-11-03,2007,November,3,82.5,2,1
2007-11-04,2007,November,4,78.0,2,1
2007-11-05,2007,November,5,78.8,2,1
2007-11-06,2007,November,6,83.7,2,1
2007-11-07,2007,November,7,84.9,2,1
2007-11-08,2007,November,8,84.5,2,1
2007-11-09,2007,November,9,84.5,2,1
2007-11-10,2007,November,10,83.3,2,1
2007-11-11,2007,November,11,82.5,2,1
2007-11-12,2007,November,12,83.3,2,1
2007-11-13,2007,November,13,82.1,2,1
2007-11-14,2007,November,14,82.1,2,1
2007-11-15,2007,November,15,76.0,2,1
2007-11-16,2007,November,16,80.1,2,1
2007-11-17,2007,November,17,82.1,2,1
2007-11-18,2007,November,18,80.1,2,1
2007-11-19,2007,November,19,81.7,2,1
2007-11-20,2007,November,20,81.7,2,1
2007-11-21,2007,November,21,81.3,2,1
2007-11-22,2007,November,22,78.8,2,1
2007-11-23,2007,November,23,76.0,2,1
2007-11-24,2007,November,24,76.0,2,1
2007-11-25,2007,November,25,76.8,2,1
2007-11-26,2007,November,26,77.6,2,1
2007-11-27,2007,November,27,78.0,2,1
2007-11-28,2007,November,28,77.2,2,1
2007-11-29,2007,November,29,76.8,2,1
2007-11-30,2007,November,30,79.6,2,1
2007-12-01,2007,Desember,1,82.1,2,1
2007-12-02,2007,Desember,2,86.2,2,1
2007-12-03,2007,Desember,3,79.6,2,1
2007-12-04,2007,Desember,4,77.2,2,1
2007-12-05,2007,Desember,5,79.2,2,1
2007-12-06,2007,Desember,6,81.3,2,1
2007-12-07,2007,Desember,7,84.1,2,1
2007-12-08,2007,Desember,8,83.7,2,1
2007-12-09,2007,Desember,9,83.3,2,1
2007-12-10,2007,Desember,10,84.1,2,1
2007-12-11,2007,Desember,11,84.9,2,1
2007-12-12,2007,Desember,12,82.9,2,1
2007-12-13,2007,Desember,13,81.3,2,1
2007-12-14,2007,Desember,14,84.5,2,1
2007-12-15,2007,Desember,15,80.9,2,1
2007-12-16,2007,Desember,16,80.1,2,1
2007-12-17,2007,Desember,17,80.9,2,1
2007-12-18,2007,Desember,18,81.7,2,1
2007-12-19,2007,Desember,19,82.1,2,1
2007-12-20,2007,Desember,20,82.1,2,1
2007-12-21,2007,Desember,21,82.9,2,1
2007-12-22,2007,Desember,22,79.6,2,1
2007-12-23,2007,Desember,23,80.5,2,1
2007-12-24,2007,Desember,24,83.7,2,1
2007-12-25,2007,Desember,25,76.0,2,1
2007-12-26,2007,Desember,26,75.6,2,1
2007-12-27,2007,Desember,27,70.7,2,1
2007-12-28,2007,Desember,28,69.1,2,1
2007-12-29,2007,Desember,29,69.9,2,1
2007-12-30,2007,Desember,30,71.9,2,1
2007-12-31,2007,Desember,31,70.7,2,1
2008-01-01,2008,Januari,1,76.4,2,1
2008-01-02,2008,Januari,2,73.5,2,1
2008-01-03,2008,Januari,3,73.5,2,1
2008-01-04,2008,Januari,4,76.0,2,1
2008-01-05,2008,Januari,5,74.8,2,1
2010-07-05,2010,Juli,5,75.4,1,1
2010-07-06,2010,Juli,6,76.6,1,1
2010-07-07,2010,Juli,7,77.7,1,1
2010-07-08,2010,Juli,8,79.1,1,1
2010-07-09,2010,Juli,9,78.4,1,1
2010-07-10,2010,Juli,10,78.0,1,1
2010-07-11,2010,Juli,11,77.7,1,1
2010-07-12,2010,Juli,12,79.9,1,1
2010-07-13,2010,Juli,13,81.0,1,1
2010-07-14,2010,Juli,14,81.3,1,1
2010-07-15,2010,Juli,15,81.0,1,1
2010-07-16,2010,Juli,16,81.0,1,1
2010-07-17,2010,Juli,17,80.2,1,1
2010-07-18,2010,Juli,18,79.9,1,1
2010-07-19,2010,Juli,19,79.5,1,1
2010-07-20,2010,Juli,20,79.9,1,1
2010-07-21,2010,Juli,21,78.8,1,1
2010-07-22,2010,Juli,22,78.8,1,1
2010-07-23,2010,Juli,23,79.1,1,1
2010-07-24,2010,Juli,24,79.5,1,1
2010-07-25,2010,Juli,25,78.8,1,1
2010-07-26,2010,Juli,26,79.9,1,1
2010-07-27,2010,Juli,27,80.6,1,1
2010-07-28,2010,Juli,28,84.3,1,1
2010-07-29,2010,Juli,29,81.3,1,1
2010-07-30,2010,Juli,30,78.4,1,1
2010-07-31,2010,Juli,31,81.7,1,1
2010-08-01,2010,Agustus,1,81.7,1,1
2010-08-02,2010,Agustus,2,81.3,1,1
2010-08-03,2010,Agustus,3,79.9,1,1
2010-08-04,2010,Agustus,4,79.9,1,1
2010-08-05,2010,Agustus,5,78.8,1,1
2010-08-06,2010,Agustus,6,80.2,1,1
2010-08-07,2010,Agustus,7,80.2,1,1
2010-08-08,2010,Agustus,8,80.6,1,1
2010-08-09,2010,Agustus,9,82.1,1,1
2010-08-10,2010,Agustus,10,82.8,1,1
2010-08-11,2010,Agustus,11,86.1,1,1
2010-08-12,2010,Agustus,12,81.7,1,1
2010-08-13,2010,Agustus,13,80.6,1,1
2010-08-14,2010,Agustus,14,79.9,1,1
2010-08-15,2010,Agustus,15,85.0,1,1
2010-08-16,2010,Agustus,16,81.7,1,1
2010-08-17,2010,Agustus,17,81.3,1,1
2010-08-18,2010,Agustus,18,84.7,1,1
2010-08-19,2010,Agustus,19,85.4,1,1
2010-08-20,2010,Agustus,20,83.6,1,1
2010-08-21,2010,Agustus,21,84.3,1,1
2010-08-22,2010,Agustus,22,83.2,1,1
2010-08-23,2010,Agustus,23,82.1,1,1
2010-08-24,2010,Agustus,24,82.8,1,1
2010-08-25,2010,Agustus,25,82.5,1,1
2010-08-26,2010,Agustus,26,81.3,1,1
2010-08-27,2010,Agustus,27,80.6,1,1
2010-08-28,2010,Agustus,28,81.0,1,1
2010-08-29,2010,Agustus,29,79.9,1,1
2010-08-30,2010,Agustus,30,79.9,1,1
2010-08-31,2010,Agustus,31,81.0,1,1
2010-09-01,2010,September,1,79.9,1,1
2010-09-02,2010,September,2,81.3,1,1
2010-09-03,2010,September,3,79.5,1,1
2010-09-04,2010,September,4,80.6,1,1
2010-09-05,2010,September,5,80.6,1,1
2010-09-06,2010,September,6,80.6,1,1
2010-09-07,2010,September,7,75.8,1,1
2010-09-08,2010,September,8,75.4,1,1
2010-09-09,2010,September,9,81.0,1,1
2010-09-10,2010,September,10,80.6,1,1
2010-09-11,2010,September,11,76.9,1,1
2010-09-12,2010,September,12,78.0,1,1
2010-09-13,2010,September,13,79.5,1,1
2010-09-14,2010,September,14,78.8,1,1
2010-09-15,2010,September,15,80.2,1,1
2010-09-16,2010,September,16,81.0,1,1
2010-09-17,2010,September,17,81.0,1,1
2010-09-18,2010,September,18,80.6,1,1
2010-09-19,2010,September,19,81.3,1,1
2010-09-20,2010,September,20,82.8,1,1
2010-09-21,2010,September,21,82.5,1,1
2010-09-22,2010,September,22,82.8,1,1
2010-09-23,2010,September,23,81.7,1,1
2010-09-24,2010,September,24,82.8,1,1
2010-09-25,2010,September,25,81.3,1,1
2010-09-26,2010,September,26,85.0,1,1
2010-09-27,2010,September,27,82.8,1,1
2010-09-28,2010,September,28,86.1,1,1
2010-09-29,2010,September,29,84.7,1,1
2010-09-30,2010,September,30,84.3,1,1
2010-10-01,2010,Oktober,1,83.2,1,1
2010-10-02,2010,Oktober,2,84.7,1,1
2010-10-03,2010,Oktober,3,86.9,1,1
2010-10-04,2010,Oktober,4,82.5,1,1
2010-10-05,2010,Oktober,5,82.1,1,1
2010-10-06,2010,Oktober,6,81.3,1,1
2010-10-07,2010,Oktober,7,78.4,1,1
2010-10-08,2010,Oktober,8,78.0,1,1
2010-10-09,2010,Oktober,9,80.2,1,1
2010-10-10,2010,Oktober,10,81.0,1,1
2010-10-11,2010,Oktober,11,79.9,1,1
2010-10-12,2010,Oktober,12,79.9,1,1
2010-10-13,2010,Oktober,13,79.9,1,1
2010-10-14,2010,Oktober,14,79.5,1,1
2010-10-15,2010,Oktober,15,77.7,1,1
2010-10-16,2010,Oktober,16,74.3,1,1
2010-10-17,2010,Oktober,17,76.6,1,1
2010-10-18,2010,Oktober,18,77.7,1,1
2010-10-19,2010,Oktober,19,74.7,1,1
2010-10-20,2010,Oktober,20,77.7,1,1
2010-10-21,2010,Oktober,21,74.3,1,1
2010-10-22,2010,Oktober,22,75.1,1,1
2010-10-23,2010,Oktober,23,76.2,1,1
2010-10-24,2010,Oktober,24,76.6,1,1
2010-10-25,2010,Oktober,25,77.7,1,1
2010-10-26,2010,Oktober,26,80.6,1,1
2010-10-27,2010,Oktober,27,87.6,1,1
2010-10-28,2010,Oktober,28,81.3,1,1
2010-10-29,2010,Oktober,29,84.3,1,1
2010-10-30,2010,Oktober,30,81.0,1,1
2010-10-31,2010,Oktober,31,81.7,1,1
2010-11-01,2010,November,1,82.1,1,1
2010-11-02,2010,November,2,81.3,1,1
2010-11-03,2010,November,3,80.2,1,1
2010-11-04,2010,November,4,82.8,1,1
2010-11-05,2010,November,5,78.0,1,1
2010-11-06,2010,November,6,79.9,1,1
2010-11-07,2010,November,7,81.7,1,1
2010-11-08,2010,November,8,81.3,1,1
2010-11-09,2010,November,9,83.6,1,1
2010-11-10,2010,November,10,89.8,1,1
2010-11-11,2010,November,11,83.2,1,1
2010-11-12,2010,November,12,82.5,1,1
2010-11-13,2010,November,13,74.7,1,1
2010-11-14,2010,November,14,80.2,1,1
2010-11-15,2010,November,15,80.2,1,1
2010-11-16,2010,November,16,81.3,1,1
2010-11-17,2010,November,17,78.4,1,1
2010-11-18,2010,November,18,82.8,1,1
2010-11-19,2010,November,19,82.1,1,1
2010-11-20,2010,November,20,80.2,1,1
2010-11-21,2010,November,21,83.2,1,1
2010-11-22,2010,November,22,86.9,1,1
2010-11-23,2010,November,23,86.9,1,1
2010-11-24,2010,November,24,90.2,1,1
2010-11-25,2010,November,25,86.1,1,1
2010-11-26,2010,November,26,91.7,1,1
2010-11-27,2010,November,27,83.6,1,1
2010-11-28,2010,November,28,83.9,1,1
2010-11-29,2010,November,29,85.8,1,1
2010-11-30,2010,November,30,82.8,1,1
2010-12-01,2010,Desember,1,85.8,1,1
2010-12-02,2010,Desember,2,92.0,1,1
2010-12-03,2010,Desember,3,82.1,1,1
2010-12-04,2010,Desember,4,88.0,1,1
2010-12-05,2010,Desember,5,85.0,1,1
2010-12-06,2010,Desember,6,85.4,1,1
2010-12-07,2010,Desember,7,82.1,1,1
2010-12-08,2010,Desember,8,80.6,1,1
2010-12-09,2010,Desember,9,78.0,1,1
2010-12-10,2010,Desember,10,81.0,1,1
2010-12-11,2010,Desember,11,84.3,1,1
2010-12-12,2010,Desember,12,82.1,1,1
2010-12-13,2010,Desember,13,81.0,1,1
2010-12-14,2010,Desember,14,79.9,1,1
2010-12-15,2010,Desember,15,73.6,1,1
2010-12-16,2010,Desember,16,73.2,1,1
2010-12-17,2010,Desember,17,72.9,1,1
2010-12-18,2010,Desember,18,75.4,1,1
2010-12-19,2010,Desember,19,82.5,1,1
2010-12-20,2010,Desember,20,82.8,1,1
2010-12-21,2010,Desember,21,79.5,1,1
2010-12-22,2010,Desember,22,79.9,1,1
2010-12-23,2010,Desember,23,81.7,1,1
2010-12-24,2010,Desember,24,83.2,1,1
2010-12-25,2010,Desember,25,84.7,1,1
2010-12-26,2010,Desember,26,79.5,1,1
2010-12-27,2010,Desember,27,80.6,1,1
2010-12-28,2010,Desember,28,76.6,1,1
2010-12-29,2010,Desember,29,76.2,1,1
2010-12-30,2010,Desember,30,78.4,1,1
2010-12-31,2010,Desember,31,81.3,1,1
2011-01-01,2011,Januari,1,78.8,1,1
2011-01-02,2011,Januari,2,77.7,1,1
2011-01-03,2011,Januari,3,89.1,1,1
2011-01-04,2011,Januari,4,91.7,1,1
2011-01-05,2011,Januari,5,86.5,1,1
2011-01-06,2011,Januari,6,88.0,1,1
2011-01-07,2011,Januari,7,80.2,1,1
2011-01-08,2011,Januari,8,82.5,1,1
2011-01-09,2011,Januari,9,84.3,1,1
2011-01-10,2011,Januari,10,81.0,1,1
2011-01-11,2011,Januari,11,81.3,1,1
2011-01-12,2011,Januari,12,78.4,1,1
2011-01-13,2011,Januari,13,73.2,1,1
2011-01-14,2011,Januari,14,69.2,1,1
2011-01-15,2011,Januari,15,68.1,1,1
2011-01-16,2011,Januari,16,70.3,1,1
2011-01-17,2011,Januari,17,71.0,1,1
2011-01-18,2011,Januari,18,75.1,1,1
2011-01-19,2011,Januari,19,73.6,1,1
2011-01-20,2011,Januari,20,69.9,1,1
2011-01-21,2011,Januari,21,74.0,1,1
2011-01-22,2011,Januari,22,73.2,1,1
2011-01-23,2011,Januari,23,78.8,1,1
2011-01-24,2011,Januari,24,79.9,1,1
2011-01-25,2011,Januari,25,79.5,1,1
2011-01-26,2011,Januari,26,80.6,1,1
2011-01-27,2011,Januari,27,75.4,1,1
2011-01-28,2011,Januari,28,82.1,1,1
2011-01-29,2011,Januari,29,80.2,1,1
2011-01-30,2011,Januari,30,78.0,1,1
2011-01-31,2011,Januari,31,85.0,1,1
2011-02-01,2011,Februari,1,81.3,1,1
2011-02-02,2011,Februari,2,82.8,1,1
2011-02-03,2011,Februari,3,82.8,1,1
2011-02-04,2011,Februari,4,72.5,1,1
2011-02-05,2011,Februari,5,74.7,1,1
2011-02-06,2011,Februari,6,75.4,1,1
2011-02-07,2011,Februari,7,71.8,1,1
2011-02-08,2011,Februari,8,69.5,1,1
2011-02-09,2011,Februari,9,83.6,1,1
2011-02-10,2011,Februari,10,90.9,1,1
2011-02-11,2011,Februari,11,83.9,1,1
2011-02-12,2011,Februari,12,92.0,1,1
2011-02-13,2011,Februari,13,87.6,1,1
2011-02-14,2011,Februari,14,87.6,1,1
2011-02-15,2011,Februari,15,79.1,1,1
2011-02-16,2011,Februari,16,77.7,1,1
2011-02-17,2011,Februari,17,75.8,1,1
2011-02-18,2011,Februari,18,78.8,1,1
2011-02-19,2011,Februari,19,78.0,1,1
2011-02-20,2011,Februari,20,76.9,1,1
2011-02-21,2011,Februari,21,83.9,1,1
2011-02-22,2011,Februari,22,80.6,1,1
2011-02-23,2011,Februari,23,81.7,1,1
2011-02-24,2011,Februari,24,84.7,1,1
2011-02-25,2011,Februari,25,85.0,1,1
2011-02-26,2011,Februari,26,87.2,1,1
2011-02-27,2011,Februari,27,83.2,1,1
2011-02-28,2011,Februari,28,75.1,1,1
2011-03-01,2011,Maret,1,73.6,1,1
2011-03-02,2011,Maret,2,72.9,1,1
2011-03-03,2011,Maret,3,74.0,1,1
2011-03-04,2011,Maret,4,75.8,1,1
2011-03-05,2011,Maret,5,75.8,1,1
2011-03-06,2011,Maret,6,75.8,1,1
2011-03-07,2011,Maret,7,82.1,1,1
2011-03-08,2011,Maret,8,81.3,1,1
2011-03-09,2011,Maret,9,75.4,1,1
2011-03-10,2011,Maret,10,77.7,1,1
2011-03-11,2011,Maret,11,70.7,1,1
2011-03-12,2011,Maret,12,71.4,1,1
2011-03-13,2011,Maret,13,68.8,1,1
2011-03-14,2011,Maret,14,68.1,1,1
2011-03-15,2011,Maret,15,71.8,1,1
2011-03-16,2011,Maret,16,77.3,1,1
2011-03-17,2011,Maret,17,76.2,1,1
2011-03-18,2011,Maret,18,74.3,1,1
2011-03-19,2011,Maret,19,72.1,1,1
2011-03-20,2011,Maret,20,71.0,1,1
2011-03-21,2011,Maret,21,67.7,1,1
2011-03-22,2011,Maret,22,69.5,1,1
2011-03-23,2011,Maret,23,71.8,1,1
2011-03-24,2011,Maret,24,77.3,1,1
2011-03-25,2011,Maret,25,79.5,1,1
2011-03-26,2011,Maret,26,79.1,1,1
2011-03-27,2011,Maret,27,85.0,1,1
2011-03-28,2011,Maret,28,81.3,1,1
2011-03-29,2011,Maret,29,86.9,1,1
2011-03-30,2011,Maret,30,80.6,1,1
2011-03-31,2011,Maret,31,81.0,1,1
2011-04-01,2011,April,1,74.7,1,1
2011-04-02,2011,April,2,75.1,1,1
2011-04-03,2011,April,3,73.2,1,1
2011-04-04,2011,April,4,70.7,1,1
2011-04-05,2011,April,5,67.0,1,1
2011-04-06,2011,April,6,69.2,1,1
2011-04-07,2011,April,7,64.8,1,1
2011-04-08,2011,April,8,65.9,1,1
2011-04-09,2011,April,9,67.3,1,1
2011-04-10,2011,April,10,72.5,1,1
2011-04-11,2011,April,11,76.9,1,1
2011-04-12,2011,April,12,82.1,1,1
2011-04-13,2011,April,13,85.4,1,1
2011-04-14,2011,April,14,82.1,1,1
2011-04-15,2011,April,15,77.7,1,1
2011-04-16,2011,April,16,72.9,1,1
2011-04-17,2011,April,17,83.6,1,1
2011-04-18,2011,April,18,88.3,1,1
2011-04-19,2011,April,19,82.8,1,1
2011-04-20,2011,April,20,81.0,1,1
2011-04-21,2011,April,21,80.6,1,1
2011-04-22,2011,April,22,75.4,1,1
2011-04-23,2011,April,23,83.9,1,1
2011-04-24,2011,April,24,85.8,1,1
2011-04-25,2011,April,25,81.0,1,1
2011-04-26,2011,April,26,82.1,1,1
2011-04-27,2011,April,27,84.3,1,1
2011-04-28,2011,April,28,88.3,1,1
2011-04-29,2011,April,29,79.5,1,1
2011-04-30,2011,April,30,82.8,1,1
2011-05-01,2011,Mei,1,78.8,1,1
2011-05-02,2011,Mei,2,80.2,1,1
2011-05-03,2011,Mei,3,81.0,1,1
2011-05-04,2011,Mei,4,82.8,1,1
2011-05-05,2011,Mei,5,83.2,1,1
2011-05-06,2011,Mei,6,91.7,1,1
2011-05-07,2011,Mei,7,87.2,1,1
2011-05-08,2011,Mei,8,85.0,1,1
2011-05-09,2011,Mei,9,86.1,1,1
2011-05-10,2011,Mei,10,82.8,1,1
2011-05-11,2011,Mei,11,81.7,1,1
2011-05-12,2011,Mei,12,78.4,1,1
2011-05-13,2011,Mei,13,77.7,1,1
2011-05-14,2011,Mei,14,78.4,1,1
2011-05-15,2011,Mei,15,78.8,1,1
2011-05-16,2011,Mei,16,74.3,1,1
2011-05-17,2011,Mei,17,76.6,1,1
2011-05-18,2011,Mei,18,72.1,1,1
2011-05-19,2011,Mei,19,73.6,1,1
2011-05-20,2011,Mei,20,72.5,1,1
2011-05-21,2011,Mei,21,75.8,1,1
2011-05-22,2011,Mei,22,75.4,1,1
2011-05-23,2011,Mei,23,73.6,1,1
2011-05-24,2011,Mei,24,71.4,1,1
2011-05-25,2011,Mei,25,72.9,1,1
2011-05-26,2011,Mei,26,77.3,1,1
2011-05-27,2011,Mei,27,83.2,1,1
2011-05-28,2011,Mei,28,88.3,1,1
2011-05-29,2011,Mei,29,82.5,1,1
2011-05-30,2011,Mei,30,83.9,1,1
2011-05-31,2011,Mei,31,81.0,1,1
2011-06-01,2011,Juni,1,83.6,1,1
2011-06-02,2011,Juni,2,83.6,1,1
2011-06-03,2011,Juni,3,81.0,1,1
2011-06-04,2011,Juni,4,77.7,1,1
2011-06-05,2011,Juni,5,,0,0
2011-06-06,2011,Juni,6,76.0,1,1
2011-06-07,2011,Juni,7,76.8,1,1
2011-06-08,2011,Juni,8,77.5,1,1
2011-06-09,2011,Juni,9,78.3,1,1
2011-06-10,2011,Juni,10,77.5,1,1
2011-06-11,2011,Juni,11,79.4,1,1
2011-06-12,2011,Juni,12,80.2,1,1
2011-06-13,2011,Juni,13,81.7,1,1
2011-06-14,2011,Juni,14,81.3,1,1
2011-06-15,2011,Juni,15,80.6,1,1
2011-06-16,2011,Juni,16,80.2,1,1
2011-06-17,2011,Juni,17,79.8,1,1
2011-06-18,2011,Juni,18,79.4,1,1
2011-06-19,2011,Juni,19,79.1,1,1
2011-06-20,2011,Juni,20,80.6,1,1
2011-06-21,2011,Juni,21,81.3,1,1
2011-06-22,2011,Juni,22,79.1,1,1
2011-06-23,2011,Juni,23,78.7,1,1
2011-06-24,2011,Juni,24,78.7,1,1
2011-06-25,2011,Juni,25,81.0,1,1
2011-06-26,2011,Juni,26,82.5,1,1
2011-06-27,2011,Juni,27,82.5,1,1
2011-06-28,2011,Juni,28,83.3,1,1
2011-06-29,2011,Juni,29,83.3,1,1
2011-06-30,2011,Juni,30,82.1,1,1
2011-07-01,2011,Juli,1,80.2,1,1
2011-07-02,2011,Juli,2,81.7,1,1
2011-07-03,2011,Juli,3,80.2,1,1
2011-07-04,2011,Juli,4,79.1,1,1
2011-07-05,2011,Juli,5,77.9,1,1
2011-07-06,2011,Juli,6,75.3,1,1
2011-07-07,2011,Juli,7,77.5,1,1
2011-07-08,2011,Juli,8,78.7,1,1
2011-07-09,2011,Juli,9,82.5,1,1
2011-07-10,2011,Juli,10,82.5,1,1
2011-07-11,2011,Juli,11,80.6,1,1
2011-07-12,2011,Juli,12,81.3,1,1
2011-07-13,2011,Juli,13,82.9,1,1
2011-07-14,2011,Juli,14,83.3,1,1
2011-07-15,2011,Juli,15,81.3,1,1
2011-07-16,2011,Juli,16,79.1,1,1
2011-07-17,2011,Juli,17,79.4,1,1
2011-07-18,2011,Juli,18,79.1,1,1
2011-07-19,2011,Juli,19,81.3,1,1
2011-07-20,2011,Juli,20,83.3,1,1
2011-07-21,2011,Juli,21,81.0,1,1
2011-07-22,2011,Juli,22,80.6,1,1
2011-07-23,2011,Juli,23,81.0,1,1
2011-07-24,2011,Juli,24,84.0,1,1
2011-07-25,2011,Juli,25,84.8,1,1
2011-07-26,2011,Juli,26,83.6,1,1
2011-07-27,2011,Juli,27,82.1,1,1
2011-07-28,2011,Juli,28,81.0,1,1
2011-07-29,2011,Juli,29,79.8,1,1
2011-07-30,2011,Juli,30,82.5,1,1
2011-07-31,2011,Juli,31,81.3,1,1
2011-08-01,2011,Agustus,1,83.6,1,1
2011-08-02,2011,Agustus,2,82.5,1,1
2011-08-03,2011,Agustus,3,80.6,1,1
2011-08-04,2011,Agustus,4,81.0,1,1
2011-08-05,2011,Agustus,5,79.4,1,1
2011-08-06,2011,Agustus,6,78.7,1,1
2011-08-07,2011,Agustus,7,81.7,1,1
2011-08-08,2011,Agustus,8,80.6,1,1
2011-08-09,2011,Agustus,9,81.0,1,1
2011-08-10,2011,Agustus,10,79.8,1,1
2011-08-11,2011,Agustus,11,80.2,1,1
2011-08-12,2011,Agustus,12,82.5,1,1
2011-08-13,2011,Agustus,13,78.7,1,1
2011-08-14,2011,Agustus,14,82.1,1,1
2011-08-15,2011,Agustus,15,80.2,1,1
2011-08-16,2011,Agustus,16,80.6,1,1
2011-08-17,2011,Agustus,17,81.7,1,1
2011-08-18,2011,Agustus,18,82.1,1,1
2011-08-19,2011,Agustus,19,81.0,1,1
2011-08-20,2011,Agustus,20,79.4,1,1
2011-08-21,2011,Agustus,21,80.6,1,1
2011-08-22,2011,Agustus,22,80.6,1,1
2011-08-23,2011,Agustus,23,87.4,1,1
2011-08-24,2011,Agustus,24,79.4,1,1
2011-08-25,2011,Agustus,25,80.6,1,1
2011-08-26,2011,Agustus,26,82.5,1,1
2011-08-27,2011,Agustus,27,85.5,1,1
2011-08-28,2011,Agustus,28,84.0,1,1
2011-08-29,2011,Agustus,29,79.8,1,1
2011-08-30,2011,Agustus,30,79.8,1,1
2011-08-31,2011,Agustus,31,81.3,1,1
2011-09-01,2011,September,1,81.7,1,1
2011-09-02,2011,September,2,81.3,1,1
2011-09-03,2011,September,3,81.0,1,1
2011-09-04,2011,September,4,85.5,1,1
2011-09-05,2011,September,5,84.4,1,1
2011-09-06,2011,September,6,81.3,1,1
2011-09-07,2011,September,7,80.2,1,1
2011-09-08,2011,September,8,77.5,1,1
2011-09-09,2011,September,9,80.6,1,1
2011-09-10,2011,September,10,83.6,1,1
2011-09-11,2011,September,11,81.3,1,1
2011-09-12,2011,September,12,78.7,1,1
2011-09-13,2011,September,13,82.5,1,1
2011-09-14,2011,September,14,82.1,1,1
2011-09-15,2011,September,15,83.3,1,1
2011-09-16,2011,September,16,82.5,1,1
2011-09-17,2011,September,17,81.3,1,1
2011-09-18,2011,September,18,83.6,1,1
2011-09-19,2011,September,19,81.3,1,1
2011-09-20,2011,September,20,81.7,1,1
2011-09-21,2011,September,21,79.1,1,1
2011-09-22,2011,September,22,80.2,1,1
2011-09-23,2011,September,23,82.9,1,1
2011-09-24,2011,September,24,81.3,1,1
2011-09-25,2011,September,25,80.6,1,1
2011-09-26,2011,September,26,79.1,1,1
2011-09-27,2011,September,27,81.7,1,1
2011-09-28,2011,September,28,82.5,1,1
2011-09-29,2011,September,29,82.9,1,1
2011-09-30,2011,September,30,82.1,1,1
2011-10-01,2011,Oktober,1,84.8,1,1
2011-10-02,2011,Oktober,2,84.0,1,1
2011-10-03,2011,Oktober,3,83.6,1,1
2011-10-04,2011,Oktober,4,85.9,1,1
2011-10-05,2011,Oktober,5,81.3,1,1
2011-10-06,2011,Oktober,6,81.0,1,1
2011-10-07,2011,Oktober,7,82.1,1,1
2011-10-08,2011,Oktober,8,82.5,1,1
2011-10-09,2011,Oktober,9,84.8,1,1
2011-10-10,2011,Oktober,10,89.7,1,1
2011-10-11,2011,Oktober,11,84.4,1,1
2011-10-12,2011,Oktober,12,81.7,1,1
2011-10-13,2011,Oktober,13,80.6,1,1
2011-10-14,2011,Oktober,14,81.0,1,1
2011-10-15,2011,Oktober,15,79.4,1,1
2011-10-16,2011,Oktober,16,76.0,1,1
2011-10-17,2011,Oktober,17,72.6,1,1
2011-10-18,2011,Oktober,18,75.6,1,1
2011-10-19,2011,Oktober,19,79.8,1,1
2011-10-20,2011,Oktober,20,83.6,1,1
2011-10-21,2011,Oktober,21,81.3,1,1
2011-10-22,2011,Oktober,22,81.0,1,1
2011-10-23,2011,Oktober,23,82.5,1,1
2011-10-24,2011,Oktober,24,78.3,1,1
2011-10-25,2011,Oktober,25,81.7,1,1
2011-10-26,2011,Oktober,26,84.8,1,1
2011-10-27,2011,Oktober,27,84.0,1,1
2011-10-28,2011,Oktober,28,81.0,1,1
2011-10-29,2011,Oktober,29,82.1,1,1
2011-10-30,2011,Oktober,30,84.0,1,1
2011-10-31,2011,Oktober,31,85.9,1,1
2011-11-01,2011,November,1,82.5,1,1
2011-11-02,2011,November,2,87.8,1,1
2011-11-03,2011,November,3,81.3,1,1
2011-11-04,2011,November,4,80.2,1,1
2011-11-05,2011,November,5,81.7,1,1
2011-11-06,2011,November,6,80.2,1,1
2011-11-07,2011,November,7,81.0,1,1
2011-11-08,2011,November,8,81.3,1,1
2011-11-09,2011,November,9,79.1,1,1
2011-11-10,2011,November,10,84.8,1,1
2011-11-11,2011,November,11,84.8,1,1
2011-11-12,2011,November,12,82.1,1,1
2011-11-13,2011,November,13,75.6,1,1
2011-11-14,2011,November,14,73.0,1,1
2011-11-15,2011,November,15,77.5,1,1
2011-11-16,2011,November,16,79.4,1,1
2011-11-17,2011,November,17,81.3,1,1
2011-11-18,2011,November,18,77.9,1,1
2011-11-19,2011,November,19,79.4,1,1
2011-11-20,2011,November,20,82.1,1,1
2011-11-21,2011,November,21,84.0,1,1
2011-11-22,2011,November,22,83.3,1,1
2011-11-23,2011,November,23,88.2,1,1
2011-11-24,2011,November,24,84.0,1,1
2011-11-25,2011,November,25,83.3,1,1
2011-11-26,2011,November,26,84.0,1,1
2011-11-27,2011,November,27,80.6,1,1
2011-11-28,2011,November,28,84.8,1,1
2011-11-29,2011,November,29,85.2,1,1
2011-11-30,2011,November,30,91.3,1,1
2011-12-01,2011,Desember,1,83.3,1,1
2011-12-02,2011,Desember,2,77.5,1,1
2011-12-03,2011,Desember,3,77.5,1,1
2011-12-04,2011,Desember,4,76.8,1,1
2011-12-05,2011,Desember,5,77.9,1,1
2011-12-06,2011,Desember,6,77.5,1,1
2011-12-07,2011,Desember,7,78.3,1,1
2011-12-08,2011,Desember,8,83.3,1,1
2011-12-09,2011,Desember,9,81.0,1,1
2011-12-10,2011,Desember,10,79.4,1,1
2011-12-11,2011,Desember,11,81.0,1,1
2011-12-12,2011,Desember,12,84.0,1,1
2011-12-13,2011,Desember,13,84.4,1,1
2011-12-14,2011,Desember,14,78.7,1,1
2011-12-15,2011,Desember,15,84.8,1,1
2011-12-16,2011,Desember,16,83.3,1,1
2011-12-17,2011,Desember,17,84.0,1,1
2011-12-18,2011,Desember,18,82.1,1,1
2011-12-19,2011,Desember,19,83.3,1,1
2011-12-20,2011,Desember,20,87.8,1,1
2011-12-21,2011,Desember,21,79.8,1,1
2011-12-22,2011,Desember,22,87.4,1,1
2011-12-23,2011,Desember,23,87.1,1,1
2011-12-24,2011,Desember,24,82.9,1,1
2011-12-25,2011,Desember,25,83.3,1,1
2011-12-26,2011,Desember,26,81.0,1,1
2011-12-27,2011,Desember,27,75.6,1,1
2011-12-28,2011,Desember,28,71.4,1,1
2011-12-29,2011,Desember,29,63.1,1,1
2011-12-30,2011,Desember,30,66.5,1,1
2011-12-31,2011,Desember,31,73.3,1,1
2012-01-01,2012,Januari,1,75.6,1,1
2012-01-02,2012,Januari,2,77.9,1,1
2012-01-03,2012,Januari,3,78.3,1,1
2012-01-04,2012,Januari,4,78.7,1,1
2012-01-05,2012,Januari,5,77.5,1,1
2012-01-06,2012,Januari,6,76.8,1,1
2012-01-07,2012,Januari,7,81.7,1,1
2012-01-08,2012,Januari,8,78.3,1,1
2012-01-09,2012,Januari,9,76.8,1,1
2012-01-10,2012,Januari,10,79.4,1,1
2012-01-11,2012,Januari,11,82.5,1,1
2012-01-12,2012,Januari,12,80.6,1,1
2012-01-13,2012,Januari,13,81.7,1,1
2012-01-14,2012,Januari,14,83.3,1,1
2012-01-15,2012,Januari,15,84.0,1,1
2012-01-16,2012,Januari,16,87.4,1,1
2012-01-17,2012,Januari,17,83.6,1,1
2012-01-18,2012,Januari,18,81.7,1,1
2012-01-19,2012,Januari,19,74.1,1,1
2012-01-20,2012,Januari,20,71.8,1,1
2012-01-21,2012,Januari,21,70.7,1,1
2012-01-22,2012,Januari,22,73.3,1,1
2012-01-23,2012,Januari,23,75.3,1,1
2012-01-24,2012,Januari,24,77.2,1,1
2012-01-25,2012,Januari,25,80.2,1,1
2012-01-26,2012,Januari,26,79.8,1,1
2012-01-27,2012,Januari,27,81.7,1,1
2012-01-28,2012,Januari,28,81.0,1,1
2012-01-29,2012,Januari,29,79.1,1,1
2012-01-30,2012,Januari,30,77.2,1,1
2012-01-31,2012,Januari,31,79.1,1,1
2012-02-01,2012,Februari,1,80.2,1,1
2012-02-02,2012,Februari,2,80.6,1,1
2012-02-03,2012,Februari,3,82.9,1,1
2012-02-04,2012,Februari,4,79.8,1,1
2012-02-05,2012,Februari,5,82.9,1,1
2012-02-06,2012,Februari,6,84.0,1,1
2012-02-07,2012,Februari,7,80.2,1,1
2012-02-08,2012,Februari,8,77.9,1,1
2012-02-09,2012,Februari,9,79.8,1,1
2012-02-10,2012,Februari,10,82.1,1,1
2012-02-11,2012,Februari,11,81.0,1,1
2012-02-12,2012,Februari,12,85.5,1,1
2012-02-13,2012,Februari,13,84.4,1,1
2012-02-14,2012,Februari,14,84.0,1,1
2012-02-15,2012,Februari,15,84.4,1,1
2012-02-16,2012,Februari,16,80.6,1,1
2012-02-17,2012,Februari,17,79.8,1,1
2012-02-18,2012,Februari,18,80.6,1,1
2012-02-19,2012,Februari,19,79.1,1,1
2012-02-20,2012,Februari,20,80.6,1,1
2012-02-21,2012,Februari,21,82.5,1,1
2012-02-22,2012,Februari,22,87.1,1,1
2012-02-23,2012,Februari,23,85.5,1,1
2012-02-24,2012,Februari,24,91.3,1,1
2012-02-25,2012,Februari,25,82.1,1,1
2012-02-26,2012,Februari,26,84.0,1,1
2012-02-27,2012,Februari,27,85.2,1,1
2012-02-28,2012,Februari,28,86.7,1,1
2012-02-29,2012,Februari,29,81.7,1,1
2012-03-01,2012,Maret,1,80.2,1,1
2012-03-02,2012,Maret,2,79.1,1,1
2012-03-03,2012,Maret,3,80.6,1,1
2012-03-04,2012,Maret,4,86.3,1,1
2012-03-05,2012,Maret,5,80.6,1,1
2012-03-06,2012,Maret,6,79.8,1,1
2012-03-07,2012,Maret,7,73.7,1,1
2012-03-08,2012,Maret,8,71.4,1,1
2012-03-09,2012,Maret,9,75.6,1,1
2012-03-10,2012,Maret,10,68.0,1,1
2012-03-11,2012,Maret,11,71.8,1,1
2012-03-12,2012,Maret,12,82.1,1,1
2012-03-13,2012,Maret,13,83.6,1,1
2012-03-14,2012,Maret,14,82.5,1,1
2012-03-15,2012,Maret,15,79.1,1,1
2012-03-16,2012,Maret,16,80.2,1,1
2012-03-17,2012,Maret,17,79.4,1,1
2012-03-18,2012,Maret,18,77.2,1,1
2012-03-19,2012,Maret,19,74.9,1,1
2012-03-20,2012,Maret,20,73.3,1,1
2012-03-21,2012,Maret,21,74.1,1,1
2012-03-22,2012,Maret,22,70.7,1,1
2012-03-23,2012,Maret,23,71.1,1,1
2012-03-24,2012,Maret,24,73.7,1,1
2012-03-25,2012,Maret,25,87.4,1,1
2012-03-26,2012,Maret,26,83.3,1,1
2012-03-27,2012,Maret,27,83.3,1,1
2012-03-28,2012,Maret,28,85.5,1,1
2012-03-29,2012,Maret,29,77.5,1,1
2012-03-30,2012,Maret,30,82.1,1,1
2012-03-31,2012,Maret,31,83.6,1,1
2012-04-01,2012,April,1,76.4,1,1
2012-04-02,2012,April,2,78.3,1,1
2012-04-03,2012,April,3,76.8,1,1
2012-04-04,2012,April,4,79.4,1,1
2012-04-05,2012,April,5,83.6,1,1
2012-04-06,2012,April,6,80.6,1,1
2012-04-07,2012,April,7,76.8,1,1
2012-04-08,2012,April,8,82.5,1,1
2012-04-09,2012,April,9,84.0,1,1
2012-04-10,2012,April,10,81.3,1,1
2012-04-11,2012,April,11,78.7,1,1
2012-04-12,2012,April,12,80.6,1,1
2012-04-13,2012,April,13,82.9,1,1
2012-04-14,2012,April,14,81.3,1,1
2012-04-15,2012,April,15,81.7,1,1
2012-04-16,2012,April,16,80.2,1,1
2012-04-17,2012,April,17,86.7,1,1
2012-04-18,2012,April,18,85.9,1,1
2012-04-19,2012,April,19,86.7,1,1
2012-04-20,2012,April,20,82.5,1,1
2012-04-21,2012,April,21,80.2,1,1
2012-04-22,2012,April,22,82.1,1,1
2012-04-23,2012,April,23,83.3,1,1
2012-04-24,2012,April,24,81.7,1,1
2012-04-25,2012,April,25,80.2,1,1
2012-04-26,2012,April,26,76.8,1,1
2012-04-27,2012,April,27,83.3,1,1
2012-04-28,2012,April,28,89.0,1,1
2012-04-29,2012,April,29,76.4,1,1
2012-04-30,2012,April,30,87.8,1,1
2012-05-01,2012,Mei,1,84.8,1,1
2012-05-02,2012,Mei,2,83.6,1,1
2012-05-03,2012,Mei,3,84.4,1,1
2012-05-04,2012,Mei,4,82.5,1,1
2012-05-05,2012,Mei,5,83.3,1,1
2012-05-06,2012,Mei,6,82.1,1,1
2012-05-07,2012,Mei,7,79.1,1,1
2012-05-08,2012,Mei,8,80.6,1,1
2012-05-09,2012,Mei,9,82.1,1,1
2012-05-10,2012,Mei,10,80.6,1,1
2012-05-11,2012,Mei,11,,0,0
2012-05-12,2012,Mei,12,81.4,2,1
2012-05-13,2012,Mei,13,81.4,2,1
2012-05-14,2012,Mei,14,80.6,2,1
2012-05-15,2012,Mei,15,79.8,2,1
2012-05-16,2012,Mei,16,79.8,2,1
2012-05-17,2012,Mei,17,81.4,2,1
2012-05-18,2012,Mei,18,79.4,2,1
2012-05-19,2012,Mei,19,79.0,2,1
2012-05-20,2012,Mei,20,81.8,2,1
2012-05-21,2012,Mei,21,80.6,2,1
2012-05-22,2012,Mei,22,80.2,2,1
2012-05-23,2012,Mei,23,82.2,2,1
2012-05-24,2012,Mei,24,84.5,2,1
2012-05-25,2012,Mei,25,81.8,2,1
2012-05-26,2012,Mei,26,83.0,2,1
2012-05-27,2012,Mei,27,82.2,2,1
2012-05-28,2012,Mei,28,81.8,2,1
2012-05-29,2012,Mei,29,82.2,2,1
2012-05-30,2012,Mei,30,81.8,2,1
2012-05-31,2012,Mei,31,83.0,2,1
2012-06-01,2012,Juni,1,81.8,2,1
2012-06-02,2012,Juni,2,81.8,2,1
2012-06-03,2012,Juni,3,82.2,2,1
2012-06-04,2012,Juni,4,82.2,2,1
2012-06-05,2012,Juni,5,83.7,2,1
2012-06-06,2012,Juni,6,83.7,2,1
2012-06-07,2012,Juni,7,82.2,2,1
2012-06-08,2012,Juni,8,83.0,2,1
2012-06-09,2012,Juni,9,83.3,2,1
2012-06-10,2012,Juni,10,83.0,2,1
2012-06-11,2012,Juni,11,81.4,2,1
2012-06-12,2012,Juni,12,80.2,2,1
2012-06-13,2012,Juni,13,77.4,2,1
2012-06-14,2012,Juni,14,77.0,2,1
2012-06-15,2012,Juni,15,77.4,2,1
2012-06-16,2012,Juni,16,79.0,2,1
2012-06-17,2012,Juni,17,78.2,2,1
2012-06-18,2012,Juni,18,79.4,2,1
2012-06-19,2012,Juni,19,81.8,2,1
2012-06-20,2012,Juni,20,80.2,2,1
2012-06-21,2012,Juni,21,79.4,2,1
2012-06-22,2012,Juni,22,79.0,2,1
2012-06-23,2012,Juni,23,77.0,2,1
2012-06-24,2012,Juni,24,76.3,2,1
2012-06-25,2012,Juni,25,76.3,2,1
2012-06-26,2012,Juni,26,79.4,2,1
2012-06-27,2012,Juni,27,80.2,2,1
2012-06-28,2012,Juni,28,79.8,2,1
2012-06-29,2012,Juni,29,80.6,2,1
2012-06-30,2012,Juni,30,82.2,2,1
2012-07-01,2012,Juli,1,81.0,2,1
2012-07-02,2012,Juli,2,79.4,2,1
2012-07-03,2012,Juli,3,80.2,2,1
2012-07-04,2012,Juli,4,80.2,2,1
2012-07-05,2012,Juli,5,81.0,2,1
2012-07-06,2012,Juli,6,81.4,2,1
2012-07-07,2012,Juli,7,81.8,2,1
2012-07-08,2012,Juli,8,82.2,2,1
2012-07-09,2012,Juli,9,81.8,2,1
2012-07-10,2012,Juli,10,80.2,2,1
2012-07-11,2012,Juli,11,79.4,2,1
2012-07-12,2012,Juli,12,82.6,2,1
2012-07-13,2012,Juli,13,84.9,2,1
2012-07-14,2012,Juli,14,83.7,2,1
2012-07-15,2012,Juli,15,83.3,2,1
2012-07-16,2012,Juli,16,81.4,2,1
2012-07-17,2012,Juli,17,81.8,2,1
2012-07-18,2012,Juli,18,81.8,2,1
2012-07-19,2012,Juli,19,82.6,2,1
2012-07-20,2012,Juli,20,82.6,2,1
2012-07-21,2012,Juli,21,83.3,2,1
2012-07-22,2012,Juli,22,83.0,2,1
2012-07-23,2012,Juli,23,80.6,2,1
2012-07-24,2012,Juli,24,83.3,2,1
2012-07-25,2012,Juli,25,83.7,2,1
2012-07-26,2012,Juli,26,83.7,2,1
2012-07-27,2012,Juli,27,81.4,2,1
2012-07-28,2012,Juli,28,81.4,2,1
2012-07-29,2012,Juli,29,81.4,2,1
2012-07-30,2012,Juli,30,80.6,2,1
2012-07-31,2012,Juli,31,81.0,2,1
2012-08-01,2012,Agustus,1,80.6,2,1
2012-08-02,2012,Agustus,2,82.6,2,1
2012-08-03,2012,Agustus,3,79.8,2,1
2012-08-04,2012,Agustus,4,79.4,2,1
2012-08-05,2012,Agustus,5,79.4,2,1
2012-08-06,2012,Agustus,6,79.0,2,1
2012-08-07,2012,Agustus,7,76.3,2,1
2012-08-08,2012,Agustus,8,73.5,2,1
2012-08-09,2012,Agustus,9,75.5,2,1
2012-08-10,2012,Agustus,10,81.4,2,1
2012-08-11,2012,Agustus,11,80.2,2,1
2012-08-12,2012,Agustus,12,78.2,2,1
2012-08-13,2012,Agustus,13,76.7,2,1
2012-08-14,2012,Agustus,14,77.0,2,1
2012-08-15,2012,Agustus,15,83.0,2,1
2012-08-16,2012,Agustus,16,77.8,2,1
2012-08-17,2012,Agustus,17,80.2,2,1
2012-08-18,2012,Agustus,18,82.2,2,1
2012-08-19,2012,Agustus,19,82.6,2,1
2012-08-20,2012,Agustus,20,84.1,2,1
2012-08-21,2012,Agustus,21,82.6,2,1
2012-08-22,2012,Agustus,22,81.0,2,1
2012-08-23,2012,Agustus,23,77.8,2,1
2012-08-24,2012,Agustus,24,79.8,2,1
2012-08-25,2012,Agustus,25,83.0,2,1
2012-08-26,2012,Agustus,26,86.1,2,1
2012-08-27,2012,Agustus,27,79.0,2,1
2012-08-28,2012,Agustus,28,81.4,2,1
2012-08-29,2012,Agustus,29,80.6,2,1
2012-08-30,2012,Agustus,30,79.0,2,1
2012-08-31,2012,Agustus,31,79.8,2,1
2012-09-01,2012,September,1,81.4,2,1
2012-09-02,2012,September,2,82.6,2,1
2012-09-03,2012,September,3,84.9,2,1
2012-09-04,2012,September,4,82.6,2,1
2012-09-05,2012,September,5,81.0,2,1
2012-09-06,2012,September,6,81.8,2,1
2012-09-07,2012,September,7,81.8,2,1
2012-09-08,2012,September,8,82.6,2,1
2012-09-09,2012,September,9,83.3,2,1
2012-09-10,2012,September,10,83.3,2,1
2012-09-11,2012,September,11,83.7,2,1
2012-09-12,2012,September,12,85.3,2,1
2012-09-13,2012,September,13,80.2,2,1
2012-09-14,2012,September,14,82.6,2,1
2012-09-15,2012,September,15,85.3,2,1
2012-09-16,2012,September,16,79.0,2,1
2012-09-17,2012,September,17,77.4,2,1
2012-09-18,2012,September,18,81.0,2,1
2012-09-19,2012,September,19,80.2,2,1
2012-09-20,2012,September,20,77.8,2,1
2012-09-21,2012,September,21,74.7,2,1
2012-09-22,2012,September,22,76.7,2,1
2012-09-23,2012,September,23,76.7,2,1
2012-09-24,2012,September,24,81.4,2,1
2012-09-25,2012,September,25,80.6,2,1
2012-09-26,2012,September,26,83.0,2,1
2012-09-27,2012,September,27,82.6,2,1
2012-09-28,2012,September,28,82.6,2,1
2012-09-29,2012,September,29,80.6,2,1
2012-09-30,2012,September,30,80.2,2,1
2012-10-01,2012,Oktober,1,81.0,2,1
2012-10-02,2012,Oktober,2,79.0,2,1
2012-10-03,2012,Oktober,3,77.8,2,1
2012-10-04,2012,Oktober,4,77.4,2,1
2012-10-05,2012,Oktober,5,76.7,2,1
2012-10-06,2012,Oktober,6,76.3,2,1
2012-10-07,2012,Oktober,7,75.5,2,1
2012-10-08,2012,Oktober,8,76.3,2,1
2012-10-09,2012,Oktober,9,77.8,2,1
2012-10-10,2012,Oktober,10,76.3,2,1
2012-10-11,2012,Oktober,11,71.9,2,1
2012-10-12,2012,Oktober,12,73.9,2,1
2012-10-13,2012,Oktober,13,79.0,2,1
2012-10-14,2012,Oktober,14,81.8,2,1
2012-10-15,2012,Oktober,15,85.3,2,1
2012-10-16,2012,Oktober,16,88.1,2,1
2012-10-17,2012,Oktober,17,83.0,2,1
2012-10-18,2012,Oktober,18,82.6,2,1
2012-10-19,2012,Oktober,19,78.2,2,1
2012-10-20,2012,Oktober,20,83.7,2,1
2012-10-21,2012,Oktober,21,84.1,2,1
2012-10-22,2012,Oktober,22,83.3,2,1
2012-10-23,2012,Oktober,23,79.0,2,1
2012-10-24,2012,Oktober,24,82.2,2,1
2012-10-25,2012,Oktober,25,84.9,2,1
2012-10-26,2012,Oktober,26,82.2,2,1
2012-10-27,2012,Oktober,27,87.3,2,1
2012-10-28,2012,Oktober,28,85.7,2,1
2012-10-29,2012,Oktober,29,83.7,2,1
2012-10-30,2012,Oktober,30,78.6,2,1
2012-10-31,2012,Oktober,31,81.8,2,1
2012-11-01,2012,November,1,86.1,2,1
2012-11-02,2012,November,2,79.0,2,1
2012-11-03,2012,November,3,84.9,2,1
2012-11-04,2012,November,4,81.4,2,1
2012-11-05,2012,November,5,83.0,2,1
2012-11-06,2012,November,6,86.9,2,1
2012-11-07,2012,November,7,81.8,2,1
2012-11-08,2012,November,8,86.5,2,1
2012-11-09,2012,November,9,90.0,2,1
2012-11-10,2012,November,10,86.9,2,1
2012-11-11,2012,November,11,88.5,2,1
2012-11-12,2012,November,12,88.1,2,1
2012-11-13,2012,November,13,84.1,2,1
2012-11-14,2012,November,14,84.9,2,1
2012-11-15,2012,November,15,85.3,2,1
2012-11-16,2012,November,16,84.1,2,1
2012-11-17,2012,November,17,83.7,2,1
2012-11-18,2012,November,18,83.0,2,1
2012-11-19,2012,November,19,81.0,2,1
2012-11-20,2012,November,20,78.2,2,1
2012-11-21,2012,November,21,81.8,2,1
2012-11-22,2012,November,22,75.5,2,1
2012-11-23,2012,November,23,77.8,2,1
2012-11-24,2012,November,24,77.4,2,1
2012-11-25,2012,November,25,88.1,2,1
2012-11-26,2012,November,26,79.8,2,1
2012-11-27,2012,November,27,83.3,2,1
2012-11-28,2012,November,28,83.7,2,1
2012-11-29,2012,November,29,85.3,2,1
2012-11-30,2012,November,30,88.1,2,1
2012-12-01,2012,Desember,1,81.8,2,1
2012-12-02,2012,Desember,2,76.7,2,1
2012-12-03,2012,Desember,3,76.3,2,1
2012-12-04,2012,Desember,4,77.8,2,1
2012-12-05,2012,Desember,5,78.2,2,1
2012-12-06,2012,Desember,6,81.4,2,1
2012-12-07,2012,Desember,7,81.8,2,1
2012-12-08,2012,Desember,8,81.4,2,1
2012-12-09,2012,Desember,9,82.2,2,1
2012-12-10,2012,Desember,10,78.6,2,1
2012-12-11,2012,Desember,11,77.0,2,1
2012-12-12,2012,Desember,12,78.2,2,1
2012-12-13,2012,Desember,13,80.2,2,1
2012-12-14,2012,Desember,14,86.5,2,1
2012-12-15,2012,Desember,15,84.5,2,1
2012-12-16,2012,Desember,16,78.6,2,1
2012-12-17,2012,Desember,17,79.8,2,1
2012-12-18,2012,Desember,18,82.6,2,1
2012-12-19,2012,Desember,19,86.1,2,1
2012-12-20,2012,Desember,20,86.5,2,1
2012-12-21,2012,Desember,21,82.6,2,1
2012-12-22,2012,Desember,22,83.0,2,1
2012-12-23,2012,Desember,23,86.1,2,1
2012-12-24,2012,Desember,24,79.0,2,1
2012-12-25,2012,Desember,25,78.6,2,1
2012-12-26,2012,Desember,26,86.1,2,1
2012-12-27,2012,Desember,27,84.9,2,1
2012-12-28,2012,Desember,28,84.5,2,1
2012-12-29,2012,Desember,29,81.8,2,1
2012-12-30,2012,Desember,30,81.8,2,1
2012-12-31,2012,Desember,31,85.3,2,1
2013-01-01,2013,Januari,1,84.5,2,1
2013-01-02,2013,Januari,2,86.1,2,1
2013-01-03,2013,Januari,3,86.1,2,1
2013-01-04,2013,Januari,4,83.3,2,1
2013-01-05,2013,Januari,5,86.5,2,1
2013-01-06,2013,Januari,6,86.5,2,1
2013-01-07,2013,Januari,7,85.7,2,1
2013-01-08,2013,Januari,8,83.7,2,1
2013-01-09,2013,Januari,9,83.0,2,1
2013-01-10,2013,Januari,10,80.6,2,1
2013-01-11,2013,Januari,11,79.8,2,1
2013-01-12,2013,Januari,12,82.2,2,1
2013-01-13,2013,Januari,13,81.4,2,1
2013-01-14,2013,Januari,14,81.8,2,1
2013-01-15,2013,Januari,15,82.2,2,1
2013-01-16,2013,Januari,16,86.5,2,1
2013-01-17,2013,Januari,17,82.2,2,1
2013-01-18,2013,Januari,18,82.2,2,1
2013-01-19,2013,Januari,19,82.6,2,1
2013-01-20,2013,Januari,20,83.3,2,1
2013-01-21,2013,Januari,21,82.2,2,1
2013-01-22,2013,Januari,22,81.4,2,1
2013-01-23,2013,Januari,23,82.2,2,1
2013-01-24,2013,Januari,24,84.1,2,1
2013-01-25,2013,Januari,25,80.6,2,1
2013-01-26,2013,Januari,26,82.2,2,1
2013-01-27,2013,Januari,27,82.6,2,1
2013-01-28,2013,Januari,28,79.4,2,1
2013-01-29,2013,Januari,29,81.0,2,1
2013-01-30,2013,Januari,30,80.6,2,1
2013-01-31,2013,Januari,31,83.0,2,1
2013-02-01,2013,Februari,1,86.5,2,1
2013-02-02,2013,Februari,2,88.9,2,1
2013-02-03,2013,Februari,3,86.9,2,1
2013-02-04,2013,Februari,4,81.8,2,1
2013-02-05,2013,Februari,5,83.7,2,1
2013-02-06,2013,Februari,6,84.1,2,1
2013-02-07,2013,Februari,7,82.2,2,1
2013-02-08,2013,Februari,8,81.8,2,1
2013-02-09,2013,Februari,9,81.8,2,1
2013-02-10,2013,Februari,10,85.3,2,1
2013-02-11,2013,Februari,11,87.7,2,1
2013-02-12,2013,Februari,12,82.6,2,1
2013-02-13,2013,Februari,13,79.8,2,1
2013-02-14,2013,Februari,14,79.4,2,1
2013-02-15,2013,Februari,15,81.8,2,1
2013-02-16,2013,Februari,16,82.6,2,1
2013-02-17,2013,Februari,17,81.0,2,1
2013-02-18,2013,Februari,18,80.2,2,1
2013-02-19,2013,Februari,19,80.6,2,1
2013-02-20,2013,Februari,20,79.4,2,1
2013-02-21,2013,Februari,21,79.8,2,1
2013-02-22,2013,Februari,22,81.4,2,1
2013-02-23,2013,Februari,23,81.8,2,1
2013-02-24,2013,Februari,24,83.0,2,1
2013-02-25,2013,Februari,25,83.7,2,1
2013-02-26,2013,Februari,26,83.0,2,1
2013-02-27,2013,Februari,27,83.0,2,1
2013-02-28,2013,Februari,28,82.6,2,1
2013-03-01,2013,Maret,1,81.0,2,1
2013-03-02,2013,Maret,2,85.7,2,1
2013-03-03,2013,Maret,3,77.4,2,1
2013-03-04,2013,Maret,4,82.6,2,1
2013-03-05,2013,Maret,5,79.8,2,1
2013-03-06,2013,Maret,6,77.8,2,1
2013-03-07,2013,Maret,7,74.7,2,1
2013-03-08,2013,Maret,8,80.6,2,1
2013-03-09,2013,Maret,9,81.4,2,1
2013-03-10,2013,Maret,10,80.6,2,1
2013-03-11,2013,Maret,11,77.4,2,1
2013-03-12,2013,Maret,12,77.0,2,1
2013-03-13,2013,Maret,13,75.1,2,1
2013-03-14,2013,Maret,14,74.7,2,1
2013-03-15,2013,Maret,15,78.2,2,1
2013-03-16,2013,Maret,16,81.4,2,1
2013-03-17,2013,Maret,17,78.6,2,1
2013-03-18,2013,Maret,18,79.0,2,1
2013-03-19,2013,Maret,19,83.3,2,1
2013-03-20,2013,Maret,20,79.4,2,1
2013-03-21,2013,Maret,21,81.4,2,1
2013-03-22,2013,Maret,22,76.7,2,1
2013-03-23,2013,Maret,23,83.0,2,1
2013-03-24,2013,Maret,24,79.4,2,1
2013-03-25,2013,Maret,25,80.2,2,1
2013-03-26,2013,Maret,26,76.7,2,1
2013-03-27,2013,Maret,27,74.7,2,1
2013-03-28,2013,Maret,28,74.7,2,1
2013-03-29,2013,Maret,29,74.3,2,1
2013-03-30,2013,Maret,30,72.7,2,1
2013-03-31,2013,Maret,31,74.7,2,1
2013-04-01,2013,April,1,80.2,2,1
2013-04-02,2013,April,2,90.4,2,1
2013-04-03,2013,April,3,83.0,2,1
2013-04-04,2013,April,4,85.3,2,1
2013-04-05,2013,April,5,89.3,2,1
2013-04-06,2013,April,6,79.8,2,1
2013-04-07,2013,April,7,78.2,2,1
2013-04-08,2013,April,8,81.0,2,1
2013-04-09,2013,April,9,80.6,2,1
2013-04-10,2013,April,10,84.5,2,1
2013-04-11,2013,April,11,81.0,2,1
2013-04-12,2013,April,12,78.6,2,1
2013-04-13,2013,April,13,83.0,2,1
2013-04-14,2013,April,14,82.6,2,1
2013-04-15,2013,April,15,81.4,2,1
2013-04-16,2013,April,16,85.7,2,1
2013-04-17,2013,April,17,81.4,2,1
2013-04-18,2013,April,18,81.8,2,1
2013-04-19,2013,April,19,81.4,2,1
2013-04-20,2013,April,20,81.0,2,1
2013-04-21,2013,April,21,81.0,2,1
2013-04-22,2013,April,22,76.7,2,1
2013-04-23,2013,April,23,72.3,2,1
2013-04-24,2013,April,24,74.7,2,1
2013-04-25,2013,April,25,79.0,2,1
2013-04-26,2013,April,26,75.5,2,1
2013-04-27,2013,April,27,74.3,2,1
2013-04-28,2013,April,28,75.5,2,1
2013-04-29,2013,April,29,78.6,2,1
2013-04-30,2013,April,30,76.3,2,1
2013-05-01,2013,Mei,1,82.6,2,1
2013-05-02,2013,Mei,2,86.5,2,1
2013-05-03,2013,Mei,3,84.5,2,1
2013-05-04,2013,Mei,4,86.5,2,1
2013-05-05,2013,Mei,5,93.2,2,1
2013-05-06,2013,Mei,6,84.9,2,1
2013-05-07,2013,Mei,7,87.3,2,1
2013-05-08,2013,Mei,8,86.5,2,1
2013-05-09,2013,Mei,9,89.3,2,1
2013-05-10,2013,Mei,10,84.5,2,1
2013-05-11,2013,Mei,11,81.4,2,1
2013-05-12,2013,Mei,12,85.7,2,1
2013-05-13,2013,Mei,13,84.1,2,1
2013-05-14,2013,Mei,14,83.7,2,1
2013-05-15,2013,Mei,15,84.9,2,1
2013-05-16,2013,Mei,16,84.9,2,1
2013-05-17,2013,Mei,17,86.9,2,1
2013-05-18,2013,Mei,18,84.9,2,1
2013-05-19,2013,Mei,19,77.8,2,1
2013-05-20,2013,Mei,20,79.0,2,1
2013-05-21,2013,Mei,21,81.0,2,1
2013-05-22,2013,Mei,22,79.4,2,1
2013-05-23,2013,Mei,23,79.8,2,1
2013-05-24,2013,Mei,24,81.4,2,1
2013-05-25,2013,Mei,25,79.8,2,1
2013-05-26,2013,Mei,26,81.4,2,1
2013-05-27,2013,Mei,27,80.6,2,1
2013-05-28,2013,Mei,28,79.8,2,1
2013-05-29,2013,Mei,29,78.2,2,1
2013-05-30,2013,Mei,30,79.4,2,1
2013-05-31,2013,Mei,31,80.6,2,1
2013-06-01,2013,Juni,1,82.2,2,1
2013-06-02,2013,Juni,2,79.8,2,1
2013-06-03,2013,Juni,3,82.6,2,1
2013-06-04,2013,Juni,4,84.9,2,1
2013-06-05,2013,Juni,5,82.2,2,1
2013-06-06,2013,Juni,6,87.3,2,1
2013-06-07,2013,Juni,7,85.7,2,1
2013-06-08,2013,Juni,8,88.5,2,1
2013-06-09,2013,Juni,9,84.5,2,1
2013-06-10,2013,Juni,10,84.1,2,1
2013-06-11,2013,Juni,11,82.2,2,1
2013-06-12,2013,Juni,12,83.7,2,1
2013-06-13,2013,Juni,13,83.3,2,1
2013-06-14,2013,Juni,14,83.3,2,1
2013-06-15,2013,Juni,15,83.7,2,1
2013-06-16,2013,Juni,16,83.0,2,1
2013-06-17,2013,Juni,17,84.5,2,1
2013-06-18,2013,Juni,18,84.1,2,1
2013-06-19,2013,Juni,19,81.0,2,1
2013-06-20,2013,Juni,20,83.0,2,1
2013-06-21,2013,Juni,21,83.3,2,1
2013-06-22,2013,Juni,22,84.5,2,1
2013-06-23,2013,Juni,23,85.3,2,1
2013-06-24,2013,Juni,24,84.5,2,1
2013-06-25,2013,Juni,25,83.0,2,1
2013-06-26,2013,Juni,26,79.0,2,1
2013-06-27,2013,Juni,27,80.6,2,1
2013-06-28,2013,Juni,28,81.0,2,1
2013-06-29,2013,Juni,29,82.2,2,1
2013-06-30,2013,Juni,30,80.6,2,1
2013-07-01,2013,Juli,1,81.8,2,1
2013-07-02,2013,Juli,2,80.6,2,1
2013-07-03,2013,Juli,3,78.6,2,1
2013-07-04,2013,Juli,4,78.2,2,1
2013-07-05,2013,Juli,5,80.6,2,1
2013-07-06,2013,Juli,6,81.8,2,1
2013-07-07,2013,Juli,7,79.8,2,1
2013-07-08,2013,Juli,8,83.3,2,1
2013-07-09,2013,Juli,9,83.0,2,1
2013-07-10,2013,Juli,10,81.8,2,1
2013-07-11,2013,Juli,11,80.6,2,1
2013-07-12,2013,Juli,12,82.2,2,1
2013-07-13,2013,Juli,13,83.0,2,1
2013-07-14,2013,Juli,14,83.3,2,1
2013-07-15,2013,Juli,15,83.0,2,1
2013-07-16,2013,Juli,16,82.6,2,1
2013-07-17,2013,Juli,17,82.2,2,1
2013-07-18,2013,Juli,18,80.6,2,1
2013-07-19,2013,Juli,19,81.4,2,1
2013-07-20,2013,Juli,20,80.6,2,1
2013-07-21,2013,Juli,21,81.4,2,1
2013-07-22,2013,Juli,22,79.8,2,1
2013-07-23,2013,Juli,23,82.6,2,1
2013-07-24,2013,Juli,24,83.0,2,1
2013-07-25,2013,Juli,25,79.8,2,1
2013-07-26,2013,Juli,26,79.8,2,1
2013-07-27,2013,Juli,27,83.3,2,1
2013-07-28,2013,Juli,28,86.1,2,1
2013-07-29,2013,Juli,29,84.1,2,1
2013-07-30,2013,Juli,30,82.2,2,1
2013-07-31,2013,Juli,31,81.4,2,1
2013-08-01,2013,Agustus,1,82.6,2,1
2013-08-02,2013,Agustus,2,82.6,2,1
2013-08-03,2013,Agustus,3,82.6,2,1
2013-08-04,2013,Agustus,4,85.3,2,1
2013-08-05,2013,Agustus,5,86.5,2,1
2013-08-06,2013,Agustus,6,86.5,2,1
2013-08-07,2013,Agustus,7,85.3,2,1
2013-08-08,2013,Agustus,8,91.2,2,1
2013-08-09,2013,Agustus,9,84.5,2,1
2013-08-10,2013,Agustus,10,83.7,2,1
2013-08-11,2013,Agustus,11,85.3,2,1
2013-08-12,2013,Agustus,12,85.3,2,1
2013-08-13,2013,Agustus,13,85.3,2,1
2013-08-14,2013,Agustus,14,86.9,2,1
2013-08-15,2013,Agustus,15,83.7,2,1
2013-08-16,2013,Agustus,16,79.0,2,1
2013-08-17,2013,Agustus,17,77.0,2,1
2013-08-18,2013,Agustus,18,77.4,2,1
2013-08-19,2013,Agustus,19,81.8,2,1
2013-08-20,2013,Agustus,20,82.6,2,1
2013-08-21,2013,Agustus,21,81.8,2,1
2013-08-22,2013,Agustus,22,81.0,2,1
2013-08-23,2013,Agustus,23,82.2,2,1
2013-08-24,2013,Agustus,24,83.0,2,1
2013-08-25,2013,Agustus,25,83.7,2,1
2013-08-26,2013,Agustus,26,85.3,2,1
2013-08-27,2013,Agustus,27,81.4,2,1
2013-08-28,2013,Agustus,28,82.2,2,1
2013-08-29,2013,Agustus,29,81.8,2,1
2013-08-30,2013,Agustus,30,85.7,2,1
2013-08-31,2013,Agustus,31,85.3,2,1
2013-09-01,2013,September,1,88.1,2,1
2013-09-02,2013,September,2,88.1,2,1
2013-09-03,2013,September,3,83.3,2,1
2013-09-04,2013,September,4,83.7,2,1
2013-09-05,2013,September,5,81.4,2,1
2013-09-06,2013,September,6,78.6,2,1
2013-09-07,2013,September,7,78.2,2,1
2013-09-08,2013,September,8,81.8,2,1
2013-09-09,2013,September,9,81.0,2,1
2013-09-10,2013,September,10,83.7,2,1
2013-09-11,2013,September,11,81.8,2,1
2013-09-12,2013,September,12,80.2,2,1
2013-09-13,2013,September,13,79.8,2,1
2013-09-14,2013,September,14,81.4,2,1
2013-09-15,2013,September,15,76.7,2,1
2013-09-16,2013,September,16,80.2,2,1
2013-09-17,2013,September,17,81.8,2,1
2013-09-18,2013,September,18,80.6,2,1
2013-09-19,2013,September,19,82.6,2,1
2013-09-20,2013,September,20,83.7,2,1
2013-09-21,2013,September,21,84.9,2,1
2013-09-22,2013,September,22,84.1,2,1
2013-09-23,2013,September,23,84.5,2,1
2013-09-24,2013,September,24,83.3,2,1
2013-09-25,2013,September,25,84.9,2,1
2013-09-26,2013,September,26,83.7,2,1
2013-09-27,2013,September,27,82.2,2,1
2013-09-28,2013,September,28,82.6,2,1
2013-09-29,2013,September,29,83.7,2,1
2013-09-30,2013,September,30,84.1,2,1
2013-10-01,2013,Oktober,1,83.3,2,1
2013-10-02,2013,Oktober,2,83.0,2,1
2013-10-03,2013,Oktober,3,83.0,2,1
2013-10-04,2013,Oktober,4,80.2,2,1
2013-10-05,2013,Oktober,5,77.8,2,1
2013-10-06,2013,Oktober,6,79.4,2,1
2013-10-07,2013,Oktober,7,81.0,2,1
2013-10-08,2013,Oktober,8,82.6,2,1
2013-10-09,2013,Oktober,9,80.6,2,1
2013-10-10,2013,Oktober,10,80.6,2,1
2013-10-11,2013,Oktober,11,81.0,2,1
2013-10-12,2013,Oktober,12,84.1,2,1
2013-10-13,2013,Oktober,13,81.8,2,1
2013-10-14,2013,Oktober,14,80.6,2,1
2013-10-15,2013,Oktober,15,83.3,2,1
2013-10-16,2013,Oktober,16,86.5,2,1
2013-10-17,2013,Oktober,17,88.9,2,1
2013-10-18,2013,Oktober,18,85.7,2,1
2013-10-19,2013,Oktober,19,86.5,2,1
2013-10-20,2013,Oktober,20,84.5,2,1
2013-10-21,2013,Oktober,21,82.6,2,1
2013-10-22,2013,Oktober,22,84.1,2,1
2013-10-23,2013,Oktober,23,77.4,2,1
2013-10-24,2013,Oktober,24,78.2,2,1
2013-10-25,2013,Oktober,25,74.3,2,1
2013-10-26,2013,Oktober,26,75.1,2,1
2013-10-27,2013,Oktober,27,79.8,2,1
2013-10-28,2013,Oktober,28,78.6,2,1
2013-10-29,2013,Oktober,29,76.7,2,1
2013-10-30,2013,Oktober,30,83.7,2,1
2013-10-31,2013,Oktober,31,82.2,2,1
2013-11-01,2013,November,1,82.2,2,1
2013-11-02,2013,November,2,81.0,2,1
2013-11-03,2013,November,3,77.4,2,1
2013-11-04,2013,November,4,77.4,2,1
2013-11-05,2013,November,5,76.3,2,1
2013-11-06,2013,November,6,80.6,2,1
2013-11-07,2013,November,7,86.9,2,1
2013-11-08,2013,November,8,79.4,2,1
2013-11-09,2013,November,9,80.6,2,1
2013-11-10,2013,November,10,81.8,2,1
2013-11-11,2013,November,11,80.2,2,1
2013-11-12,2013,November,12,82.6,2,1
2013-11-13,2013,November,13,84.1,2,1
2013-11-14,2013,November,14,87.3,2,1
2013-11-15,2013,November,15,81.8,2,1
2013-11-16,2013,November,16,80.2,2,1
2013-11-17,2013,November,17,80.6,2,1
2013-11-18,2013,November,18,77.0,2,1
2013-11-19,2013,November,19,79.0,2,1
2013-11-20,2013,November,20,75.9,2,1
2013-11-21,2013,November,21,73.9,2,1
2013-11-22,2013,November,22,70.0,2,1
2013-11-23,2013,November,23,73.5,2,1
2013-11-24,2013,November,24,77.4,2,1
2013-11-25,2013,November,25,76.3,2,1
2013-11-26,2013,November,26,79.4,2,1
2013-11-27,2013,November,27,78.2,2,1
2013-11-28,2013,November,28,81.8,2,1
2013-11-29,2013,November,29,81.8,2,1
2013-11-30,2013,November,30,85.7,2,1
2013-12-01,2013,Desember,1,87.3,2,1
2013-12-02,2013,Desember,2,85.3,2,1
2013-12-03,2013,Desember,3,81.0,2,1
2013-12-04,2013,Desember,4,82.6,2,1
2013-12-05,2013,Desember,5,86.9,2,1
2013-12-06,2013,Desember,6,85.7,2,1
2013-12-07,2013,Desember,7,86.1,2,1
2013-12-08,2013,Desember,8,85.7,2,1
2013-12-09,2013,Desember,9,86.1,2,1
2013-12-10,2013,Desember,10,82.6,2,1
2013-12-11,2013,Desember,11,78.2,2,1
2013-12-12,2013,Desember,12,81.0,2,1
2013-12-13,2013,Desember,13,81.4,2,1
2013-12-14,2013,Desember,14,81.4,2,1
2013-12-15,2013,Desember,15,81.4,2,1
2013-12-16,2013,Desember,16,77.4,2,1
2013-12-17,2013,Desember,17,82.6,2,1
2013-12-18,2013,Desember,18,79.8,2,1
2013-12-19,2013,Desember,19,75.5,2,1
2014-12-01,2014,Desember,1,78.4,1,5
2014-12-02,2014,Desember,2,81.7,1,5
2014-12-03,2014,Desember,3,83.2,1,5
2014-12-04,2014,Desember,4,82.8,1,5
2014-12-05,2014,Desember,5,86.5,1,5
2014-12-06,2014,Desember,6,84.0,1,5
2014-12-07,2014,Desember,7,80.9,1,5
2014-12-08,2014,Desember,8,81.8,1,5
2014-12-09,2014,Desember,9,81.2,1,5
2014-12-10,2014,Desember,10,79.7,1,5
2014-12-11,2014,Desember,11,79.6,1,5
2014-12-12,2014,Desember,12,72.9,1,5
2014-12-13,2014,Desember,13,75.6,1,5
2014-12-14,2014,Desember,14,80.3,1,5
2014-12-15,2014,Desember,15,78.3,1,5
2014-12-16,2014,Desember,16,79.0,1,5
2014-12-17,2014,Desember,17,83.3,1,5
2014-12-18,2014,Desember,18,82.5,1,5
2014-12-19,2014,Desember,19,79.4,1,5
2014-12-20,2014,Desember,20,84.6,1,5
2014-12-21,2014,Desember,21,83.1,1,5
2014-12-22,2014,Desember,22,81.9,1,5
2014-12-23,2014,Desember,23,83.7,1,5
2014-12-24,2014,Desember,24,87.1,1,5
2014-12-25,2014,Desember,25,82.2,1,5
2014-12-26,2014,Desember,26,81.2,1,5
2014-12-27,2014,Desember,27,78.1,1,5
2014-12-28,2014,Desember,28,79.0,1,5
2014-12-29,2014,Desember,29,79.4,1,5
2014-12-30,2014,Desember,30,77.9,1,5
2014-12-31,2014,Desember,31,75.2,1,5
2015-01-01,2015,Januari,1,76.5,1,5
2015-01-02,2015,Januari,2,73.0,1,5
2015-01-03,2015,Januari,3,80.4,1,5
2015-01-04,2015,Januari,4,80.5,1,5
2015-01-05,2015,Januari,5,72.5,1,5
2015-01-06,2015,Januari,6,77.8,1,5
2015-01-07,2015,Januari,7,77.3,1,5
2015-01-08,2015,Januari,8,72.5,1,5
2015-01-09,2015,Januari,9,73.1,1,5
2015-01-10,2015,Januari,10,83.2,1,5
2015-01-11,2015,Januari,11,81.0,1,5
2015-01-12,2015,Januari,12,71.6,1,5
2015-01-13,2015,Januari,13,71.2,1,5
2015-01-14,2015,Januari,14,72.4,1,5
2015-01-15,2015,Januari,15,73.3,1,5
2015-01-16,2015,Januari,16,75.4,1,5
2015-01-17,2015,Januari,17,78.8,1,5
2015-01-18,2015,Januari,18,77.5,1,5
2015-01-19,2015,Januari,19,74.7,1,5
2015-01-20,2015,Januari,20,77.0,1,5
2015-01-21,2015,Januari,21,78.9,1,5
2015-01-22,2015,Januari,22,79.2,1,5
2015-01-23,2015,Januari,23,77.3,1,5
2015-01-24,2015,Januari,24,71.8,1,5
2015-01-25,2015,Januari,25,77.0,1,5
2015-01-26,2015,Januari,26,83.5,1,5
2015-01-27,2015,Januari,27,78.1,1,5
2015-01-28,2015,Januari,28,78.2,1,5
2015-01-29,2015,Januari,29,80.9,1,5
2015-01-30,2015,Januari,30,80.9,1,5
2015-01-31,2015,Januari,31,81.1,1,5
2015-02-01,2015,Februari,1,80.4,1,5
2015-02-02,2015,Februari,2,80.1,1,5
2015-02-03,2015,Februari,3,83.8,1,5
2015-02-04,2015,Februari,4,83.8,1,5
2015-02-05,2015,Februari,5,83.9,1,5
2015-02-06,2015,Februari,6,78.1,1,5
2015-02-07,2015,Februari,7,82.4,1,5
2015-02-08,2015,Februari,8,84.8,1,5
2015-02-09,2015,Februari,9,87.8,1,5
2015-02-10,2015,Februari,10,84.8,1,5
2015-02-11,2015,Februari,11,83.8,1,5
2015-02-12,2015,Februari,12,78.3,1,5
2015-02-13,2015,Februari,13,77.0,1,5
2015-02-14,2015,Februari,14,79.1,1,5
2015-02-15,2015,Februari,15,73.3,1,5
2015-02-16,2015,Februari,16,73.0,1,5
2015-02-17,2015,Februari,17,77.9,1,5
2015-02-18,2015,Februari,18,75.6,1,5
2015-02-19,2015,Februari,19,75.9,1,5
2015-02-20,2015,Februari,20,77.8,1,5
2015-02-21,2015,Februari,21,74.7,1,5
2015-02-22,2015,Februari,22,71.8,1,5
2015-02-23,2015,Februari,23,72.1,1,5
2015-02-24,2015,Februari,24,73.1,1,5
2015-02-25,2015,Februari,25,75.5,1,5
2015-02-26,2015,Februari,26,74.6,1,5
2015-02-27,2015,Februari,27,71.9,1,5
2015-02-28,2015,Februari,28,72.6,1,5
2015-03-01,2015,Maret,1,78.4,1,5
2015-03-02,2015,Maret,2,79.2,1,5
2015-03-03,2015,Maret,3,77.4,1,5
2015-03-04,2015,Maret,4,75.0,1,5
2015-03-05,2015,Maret,5,77.2,1,5
2015-03-06,2015,Maret,6,80.4,1,5
2015-03-07,2015,Maret,7,76.8,1,5
2015-03-08,2015,Maret,8,79.9,1,5
2015-03-09,2015,Maret,9,78.7,1,5
2015-03-10,2015,Maret,10,83.4,1,5
2015-03-11,2015,Maret,11,80.3,1,5
2015-03-12,2015,Maret,12,83.0,1,5
2015-03-13,2015,Maret,13,83.9,1,5
2015-03-14,2015,Maret,14,78.3,1,5
2015-03-15,2015,Maret,15,75.7,1,5
2015-03-16,2015,Maret,16,74.2,1,5
2015-03-17,2015,Maret,17,74.7,1,5
2015-03-18,2015,Maret,18,80.2,1,5
2015-03-19,2015,Maret,19,79.9,1,5
2015-03-20,2015,Maret,20,77.6,1,5
2015-03-21,2015,Maret,21,81.7,1,5
2015-03-22,2015,Maret,22,78.1,1,5
2015-03-23,2015,Maret,23,78.0,1,5
2015-03-24,2015,Maret,24,80.4,1,5
2015-03-25,2015,Maret,25,79.3,1,5
2015-03-26,2015,Maret,26,81.9,1,5
2015-03-27,2015,Maret,27,80.8,1,5
2015-03-28,2015,Maret,28,79.5,1,5
2015-03-29,2015,Maret,29,79.7,1,5
2015-03-30,2015,Maret,30,77.8,1,5
2015-03-31,2015,Maret,31,77.1,1,5
2015-04-01,2015,April,1,81.2,1,5
2015-04-02,2015,April,2,77.9,1,5
2015-04-03,2015,April,3,77.1,1,5
2015-04-04,2015,April,4,76.1,1,5
2015-04-05,2015,April,5,75.2,1,5
2015-04-06,2015,April,6,79.9,1,5
2015-04-07,2015,April,7,80.1,1,5
2015-04-08,2015,April,8,85.5,1,5
2015-04-09,2015,April,9,81.8,1,5
2015-04-10,2015,April,10,82.8,1,5
2015-04-11,2015,April,11,79.2,1,5
2015-04-12,2015,April,12,77.7,1,5
2015-04-13,2015,April,13,79.6,1,5
2015-04-14,2015,April,14,82.3,1,5
2015-04-15,2015,April,15,81.2,1,5
2015-04-16,2015,April,16,75.8,1,5
2015-04-17,2015,April,17,79.9,1,5
2015-04-18,2015,April,18,83.8,1,5
2015-04-19,2015,April,19,82.2,1,5
2015-04-20,2015,April,20,82.8,1,5
2015-04-21,2015,April,21,78.0,1,5
2015-04-22,2015,April,22,81.8,1,5
2015-04-23,2015,April,23,73.6,1,5
2015-04-24,2015,April,24,70.1,1,5
2015-04-25,2015,April,25,72.7,1,5
2015-04-26,2015,April,26,76.4,1,5
2015-04-27,2015,April,27,81.1,1,5
2015-04-28,2015,April,28,81.0,1,5
2015-04-29,2015,April,29,80.4,1,5
2015-04-30,2015,April,30,84.0,1,5
2015-05-01,2015,Mei,1,79.7,1,5
2015-05-02,2015,Mei,2,81.8,1,5
2015-05-03,2015,Mei,3,83.1,1,5
2015-05-04,2015,Mei,4,82.4,1,5
2015-05-05,2015,Mei,5,80.0,1,5
2015-05-06,2015,Mei,6,75.6,1,5
2015-05-07,2015,Mei,7,74.8,1,5
2015-05-08,2015,Mei,8,,0,0
2015-05-09,2015,Mei,9,,0,0
2015-05-10,2015,Mei,10,80.3,1,5
2015-05-11,2015,Mei,11,83.2,1,5
2015-05-12,2015,Mei,12,84.2,1,5
2015-05-13,2015,Mei,13,81.8,1,5
2015-05-14,2015,Mei,14,81.6,1,5
2015-05-15,2015,Mei,15,80.1,1,5
2015-05-16,2015,Mei,16,79.0,1,5
2015-05-17,2015,Mei,17,76.8,1,5
2015-05-18,2015,Mei,18,76.0,1,5
2015-05-19,2015,Mei,19,78.7,1,5
2015-05-20,2015,Mei,20,77.1,1,5
2015-05-21,2015,Mei,21,76.8,1,5
2015-05-22,2015,Mei,22,79.5,1,5
2015-05-23,2015,Mei,23,76.5,1,5
2015-05-24,2015,Mei,24,81.4,1,5
2015-05-25,2015,Mei,25,80.3,1,5
2015-05-26,2015,Mei,26,79.3,1,5
2015-05-27,2015,Mei,27,78.1,1,5
2015-05-28,2015,Mei,28,76.2,1,5
2015-05-29,2015,Mei,29,74.2,1,5
2015-05-30,2015,Mei,30,74.4,1,5
2015-05-31,2015,Mei,31,74.5,1,5
2015-06-01,2015,Juni,1,77.0,1,5
2015-06-02,2015,Juni,2,75.8,1,5
2015-06-03,2015,Juni,3,75.7,1,5
2015-06-04,2015,Juni,4,74.9,1,5
2015-06-05,2015,Juni,5,76.9,1,5
2015-06-06,2015,Juni,6,74.4,1,5
2015-06-07,2015,Juni,7,78.9,1,5
2015-06-08,2015,Juni,8,75.4,1,5
2015-06-09,2015,Juni,9,77.8,1,5
2015-06-10,2015,Juni,10,77.2,1,5
2015-06-11,2015,Juni,11,78.5,1,5
2015-06-12,2015,Juni,12,78.8,1,5
2015-06-13,2015,Juni,13,75.9,1,5
2015-06-14,2015,Juni,14,78.3,1,5
2015-06-15,2015,Juni,15,78.7,1,5
2015-06-16,2015,Juni,16,80.8,1,5
2015-06-17,2015,Juni,17,78.3,1,5
2015-06-18,2015,Juni,18,79.3,1,5
2015-06-19,2015,Juni,19,79.5,1,5
2015-06-20,2015,Juni,20,78.1,1,5
2015-06-21,2015,Juni,21,78.5,1,5
2015-06-22,2015,Juni,22,77.9,1,5
2015-06-23,2015,Juni,23,79.3,1,5
2015-06-24,2015,Juni,24,78.2,1,5
2015-06-25,2015,Juni,25,77.1,1,5
2015-06-26,2015,Juni,26,75.0,1,5
2015-06-27,2015,Juni,27,75.7,1,5
2015-06-28,2015,Juni,28,78.9,1,5
2015-06-29,2015,Juni,29,79.2,1,5
2015-06-30,2015,Juni,30,75.7,1,5
2015-07-01,2015,Juli,1,73.7,1,5
2015-07-02,2015,Juli,2,79.9,1,5
2015-07-03,2015,Juli,3,76.9,1,5
2015-07-04,2015,Juli,4,83.3,1,5
2015-07-05,2015,Juli,5,86.1,1,5
2015-07-06,2015,Juli,6,87.7,1,5
2015-07-07,2015,Juli,7,81.3,1,5
2015-07-08,2015,Juli,8,80.3,1,5
2015-07-09,2015,Juli,9,80.7,1,5
2015-07-10,2015,Juli,10,81.2,1,5
2015-07-11,2015,Juli,11,79.6,1,5
2015-07-12,2015,Juli,12,81.3,1,5
2015-07-13,2015,Juli,13,80.4,1,5
2015-07-14,2015,Juli,14,81.0,1,5
2015-07-15,2015,Juli,15,82.4,1,5
2015-07-16,2015,Juli,16,82.9,1,5
2015-07-17,2015,Juli,17,81.5,1,5
2015-07-18,2015,Juli,18,82.1,1,5
2015-07-19,2015,Juli,19,80.9,1,5
2015-07-20,2015,Juli,20,82.5,1,5
2015-07-21,2015,Juli,21,82.0,1,5
2015-07-22,2015,Juli,22,81.7,1,5
2015-07-23,2015,Juli,23,78.5,1,5
2015-07-24,2015,Juli,24,75.3,1,5
2015-07-25,2015,Juli,25,78.7,1,5
2015-07-26,2015,Juli,26,77.1,1,5
2015-07-27,2015,Juli,27,77.1,1,5
2015-07-28,2015,Juli,28,77.9,1,5
2015-07-29,2015,Juli,29,81.6,1,5
2015-07-30,2015,Juli,30,73.8,1,5
2015-07-31,2015,Juli,31,77.5,1,5
2015-08-01,2015,Agustus,1,78.6,1,5
2015-08-02,2015,Agustus,2,78.8,1,5
2015-08-03,2015,Agustus,3,78.0,1,5
2015-08-04,2015,Agustus,4,79.3,1,5
2015-08-05,2015,Agustus,5,80.1,1,5
2015-08-06,2015,Agustus,6,79.0,1,5
2015-08-07,2015,Agustus,7,82.3,1,5
2015-08-08,2015,Agustus,8,81.8,1,5
2015-08-09,2015,Agustus,9,84.8,1,5
2015-08-10,2015,Agustus,10,84.4,1,5
2015-08-11,2015,Agustus,11,80.2,1,5
2015-08-12,2015,Agustus,12,82.9,1,5
2015-08-13,2015,Agustus,13,80.1,1,5
2015-08-14,2015,Agustus,14,83.0,1,5
2015-08-15,2015,Agustus,15,85.5,1,5
2015-08-16,2015,Agustus,16,83.8,1,5
2015-08-17,2015,Agustus,17,80.1,1,5
2015-08-18,2015,Agustus,18,79.0,1,5
2015-08-19,2015,Agustus,19,76.1,1,5
2015-08-20,2015,Agustus,20,79.2,1,5
2015-08-21,2015,Agustus,21,80.8,1,5
2015-08-22,2015,Agustus,22,79.7,1,5
2015-08-23,2015,Agustus,23,78.0,1,5
2015-08-24,2015,Agustus,24,77.3,1,5
2015-08-25,2015,Agustus,25,79.3,1,5
2015-08-26,2015,Agustus,26,79.8,1,5
2015-08-27,2015,Agustus,27,83.4,1,5
2015-08-28,2015,Agustus,28,87.4,1,5
2015-08-29,2015,Agustus,29,76.6,1,5
2015-08-30,2015,Agustus,30,83.2,1,5
2015-08-31,2015,Agustus,31,81.2,1,5
2015-09-01,2015,September,1,80.9,1,5
2015-09-02,2015,September,2,81.6,1,5
2015-09-03,2015,September,3,84.6,1,5
2015-09-04,2015,September,4,78.7,1,5
2015-09-05,2015,September,5,80.5,1,5
2015-09-06,2015,September,6,79.2,1,5
2015-09-07,2015,September,7,81.1,1,5
2015-09-08,2015,September,8,80.2,1,5
2015-09-09,2015,September,9,81.6,1,5
2015-09-10,2015,September,10,81.1,1,5
2015-09-11,2015,September,11,80.7,1,5
2015-09-12,2015,September,12,83.2,1,5
2015-09-13,2015,September,13,82.4,1,5
2015-09-14,2015,September,14,80.2,1,5
2015-09-15,2015,September,15,78.9,1,5
2015-09-16,2015,September,16,79.5,1,5
2015-09-17,2015,September,17,77.7,1,5
2015-09-18,2015,September,18,78.8,1,5
2015-09-19,2015,September,19,77.5,1,5
2015-09-20,2015,September,20,76.6,1,5
2015-09-21,2015,September,21,77.4,1,5
2015-09-22,2015,September,22,81.6,1,5
2015-09-23,2015,September,23,79.8,1,5
2015-09-24,2015,September,24,81.0,1,5
2015-09-25,2015,September,25,84.2,1,5
2015-09-26,2015,September,26,82.9,1,5
2015-09-27,2015,September,27,77.5,1,5
2015-09-28,2015,September,28,81.5,1,5
2015-09-29,2015,September,29,79.5,1,5
2015-09-30,2015,September,30,80.6,1,5
2015-10-01,2015,Oktober,1,79.0,1,5
2015-10-02,2015,Oktober,2,76.6,1,5
2015-10-03,2015,Oktober,3,75.9,1,5
2015-10-04,2015,Oktober,4,81.8,1,5
2015-10-05,2015,Oktober,5,83.1,1,5
2015-10-06,2015,Oktober,6,80.9,1,5
2015-10-07,2015,Oktober,7,78.7,1,5
2015-10-08,2015,Oktober,8,80.4,1,5
2015-10-09,2015,Oktober,9,78.8,1,5
2015-10-10,2015,Oktober,10,79.0,1,5
2015-10-11,2015,Oktober,11,75.2,1,5
2015-10-12,2015,Oktober,12,74.4,1,5
2015-10-13,2015,Oktober,13,75.2,1,5
2015-10-14,2015,Oktober,14,82.3,1,5
2015-10-15,2015,Oktober,15,82.3,1,5
2015-10-16,2015,Oktober,16,74.2,1,5
2015-10-17,2015,Oktober,17,73.1,1,5
2015-10-18,2015,Oktober,18,75.0,1,5
2015-10-19,2015,Oktober,19,76.0,1,5
2015-10-20,2015,Oktober,20,85.7,1,5
2015-10-21,2015,Oktober,21,83.5,1,5
2015-10-22,2015,Oktober,22,82.7,1,5
2015-10-23,2015,Oktober,23,86.9,1,5
2015-10-24,2015,Oktober,24,83.2,1,5
2015-10-25,2015,Oktober,25,86.1,1,5
2015-10-26,2015,Oktober,26,84.2,1,5
2015-10-27,2015,Oktober,27,86.1,1,5
2015-10-28,2015,Oktober,28,84.1,1,5
2015-10-29,2015,Oktober,29,79.5,1,5
2015-10-30,2015,Oktober,30,79.2,1,5
2015-10-31,2015,Oktober,31,77.2,1,5
2015-11-01,2015,November,1,77.3,1,5
2015-11-02,2015,November,2,80.2,1,5
2015-11-03,2015,November,3,82.0,1,5
2015-11-04,2015,November,4,83.9,1,5
2015-11-05,2015,November,5,81.9,1,5
2015-11-06,2015,November,6,87.4,1,5
2015-11-07,2015,November,7,83.2,1,5
2015-11-08,2015,November,8,80.1,1,5
2015-11-09,2015,November,9,79.4,1,5
2015-11-10,2015,November,10,82.7,1,5
2015-11-11,2015,November,11,82.7,1,5
2015-11-12,2015,November,12,85.8,1,5
2015-11-13,2015,November,13,83.8,1,5
2015-11-14,2015,November,14,84.5,1,5
2015-11-15,2015,November,15,83.5,1,5
2015-11-16,2015,November,16,84.4,1,5
2015-11-17,2015,November,17,79.6,1,5
2015-11-18,2015,November,18,79.8,1,5
2015-11-19,2015,November,19,80.6,1,5
2015-11-20,2015,November,20,85.7,1,5
2015-11-21,2015,November,21,79.3,1,5
2015-11-22,2015,November,22,80.6,1,5
2015-11-23,2015,November,23,81.1,1,5
2015-11-24,2015,November,24,82.4,1,5
2015-11-25,2015,November,25,82.4,1,5
2015-11-26,2015,November,26,84.0,1,5
2015-11-27,2015,November,27,82.5,1,5
2015-11-28,2015,November,28,82.1,1,5
2015-11-29,2015,November,29,85.1,1,5
2015-11-30,2015,November,30,82.8,1,5
2016-03-09,2016,Maret,9,86.0,2,5
2016-03-10,2016,Maret,10,80.3,2,5
2016-03-11,2016,Maret,11,78.2,2,5
2016-03-12,2016,Maret,12,76.6,2,5
2016-03-13,2016,Maret,13,78.9,2,5
2016-03-14,2016,Maret,14,79.3,2,5
2016-03-15,2016,Maret,15,81.0,2,5
2016-03-16,2016,Maret,16,78.9,2,5
2016-03-17,2016,Maret,17,79.7,2,5
2016-03-18,2016,Maret,18,76.9,2,5
2016-03-19,2016,Maret,19,75.6,2,5
2016-03-20,2016,Maret,20,76.4,2,5
2016-03-21,2016,Maret,21,75.0,2,5
2016-03-22,2016,Maret,22,75.0,2,5
2016-03-23,2016,Maret,23,78.5,2,5
2016-03-24,2016,Maret,24,74.3,2,5
2016-03-25,2016,Maret,25,75.9,2,5
2016-03-26,2016,Maret,26,83.0,2,5
2016-03-27,2016,Maret,27,76.9,2,5
2016-03-28,2016,Maret,28,80.8,2,5
2016-03-29,2016,Maret,29,78.6,2,5
2016-03-30,2016,Maret,30,79.3,2,5
2016-03-31,2016,Maret,31,76.1,2,5
2016-04-01,2016,April,1,74.2,2,5
2016-04-02,2016,April,2,77.7,2,5
2016-04-03,2016,April,3,76.9,2,5
2016-04-04,2016,April,4,80.8,2,5
2016-04-05,2016,April,5,74.6,2,5
2016-04-06,2016,April,6,81.9,2,5
2016-04-07,2016,April,7,78.2,2,5
2016-04-08,2016,April,8,73.9,2,5
2016-04-09,2016,April,9,81.8,2,5
2016-04-10,2016,April,10,79.2,2,5
2016-04-11,2016,April,11,81.0,2,5
2016-04-12,2016,April,12,79.0,2,5
2016-04-13,2016,April,13,76.6,2,5
2016-04-14,2016,April,14,75.7,2,5
2016-04-15,2016,April,15,75.9,2,5
2016-04-16,2016,April,16,77.7,2,5
2016-04-17,2016,April,17,79.4,2,5
2016-04-18,2016,April,18,76.8,2,5
2016-04-19,2016,April,19,77.9,2,5
2016-04-20,2016,April,20,79.5,2,5
2016-04-21,2016,April,21,76.9,2,5
2016-04-22,2016,April,22,78.1,2,5
2016-04-23,2016,April,23,80.2,2,5
2016-04-24,2016,April,24,79.4,2,5
2016-04-25,2016,April,25,76.8,2,5
2016-04-26,2016,April,26,76.2,2,5
2016-04-27,2016,April,27,73.8,2,5
2016-04-28,2016,April,28,72.3,2,5
2016-04-29,2016,April,29,77.5,2,5
2016-04-30,2016,April,30,75.5,2,5
2016-05-01,2016,Mei,1,75.0,2,5
2016-05-02,2016,Mei,2,79.3,2,5
2016-05-03,2016,Mei,3,77.8,2,5
2016-05-04,2016,Mei,4,77.5,2,5
2016-05-05,2016,Mei,5,80.5,2,5
2016-05-06,2016,Mei,6,79.2,2,5
2016-05-07,2016,Mei,7,75.4,2,5
2017-03-05,2017,Maret,5,81.2,2,1
2017-03-06,2017,Maret,6,79.1,2,1
2017-03-07,2017,Maret,7,81.6,2,1
2017-03-08,2017,Maret,8,78.7,2,1
2018-06-04,2018,Juni,4,76.9,2,1
2018-06-05,2018,Juni,5,77.3,2,1
2018-06-06,2018,Juni,6,76.1,2,1
2018-06-07,2018,Juni,7,73.8,2,1
2018-06-08,2018,Juni,8,76.5,2,1
2018-06-09,2018,Juni,9,78.4,2,1
2018-06-10,2018,Juni,10,78.8,2,1
2018-06-11,2018,Juni,11,78.4,2,1
2018-06-12,2018,Juni,12,78.8,2,1
2018-06-13,2018,Juni,13,79.6,2,1
2018-06-14,2018,Juni,14,80.0,2,1
2018-06-15,2018,Juni,15,79.2,2,1
2018-06-16,2018,Juni,16,78.4,2,1
2018-06-17,2018,Juni,17,78.1,2,1
2018-06-18,2018,Juni,18,78.4,2,1
2018-06-19,2018,Juni,19,80.3,2,1
2018-06-20,2018,Juni,20,81.1,2,1
2018-06-21,2018,Juni,21,78.8,2,1
2018-06-22,2018,Juni,22,78.1,2,1
2018-06-23,2018,Juni,23,79.2,2,1
2018-06-24,2018,Juni,24,76.1,2,1
2018-06-25,2018,Juni,25,77.3,2,1
2018-06-26,2018,Juni,26,77.7,2,1
2018-06-27,2018,Juni,27,78.4,2,1
2018-06-28,2018,Juni,28,81.1,2,1
2018-06-29,2018,Juni,29,80.7,2,1
2018-06-30,2018,Juni,30,78.1,2,1
2018-07-01,2018,Juli,1,80.3,2,1
2018-07-02,2018,Juli,2,77.3,2,1
2018-07-03,2018,Juli,3,78.1,2,1
2018-07-04,2018,Juli,4,77.3,2,1
2018-07-05,2018,Juli,5,79.2,2,1
2018-07-06,2018,Juli,6,80.0,2,1
2018-07-07,2018,Juli,7,78.8,2,1
2018-07-08,2018,Juli,8,79.2,2,1
2018-07-09,2018,Juli,9,80.0,2,1
2018-07-10,2018,Juli,10,78.8,2,1
2018-07-11,2018,Juli,11,78.8,2,1
2018-07-12,2018,Juli,12,78.8,2,1
2018-07-13,2018,Juli,13,80.0,2,1
2018-07-14,2018,Juli,14,80.0,2,1
2018-07-15,2018,Juli,15,81.1,2,1
2018-07-16,2018,Juli,16,81.5,2,1
2018-07-17,2018,Juli,17,81.5,2,1
2018-07-18,2018,Juli,18,81.1,2,1
2018-07-19,2018,Juli,19,80.0,2,1
2018-07-20,2018,Juli,20,80.0,2,1
2018-07-21,2018,Juli,21,81.5,2,1
2018-07-22,2018,Juli,22,79.6,2,1
2018-07-23,2018,Juli,23,79.2,2,1
2018-07-24,2018,Juli,24,80.3,2,1
2018-07-25,2018,Juli,25,81.5,2,1
2018-07-26,2018,Juli,26,86.5,2,1
2018-07-27,2018,Juli,27,83.0,2,1
2018-07-28,2018,Juli,28,82.3,2,1
2018-07-29,2018,Juli,29,82.6,2,1
2018-07-30,2018,Juli,30,79.6,2,1
2018-07-31,2018,Juli,31,78.4,2,1
