Date,Year,Month,Day,SST,Q,S
2006-11-16,2006,11,16,29.31,1,5
2006-11-17,2006,11,17,29.52,1,5
2006-11-18,2006,11,18,29.34,1,5
2006-11-19,2006,11,19,29.36,1,5
2006-11-20,2006,11,20,29.05,1,5
2006-11-21,2006,11,21,29.01,1,5
2006-11-22,2006,11,22,29.07,1,5
2006-11-23,2006,11,23,28.99,1,5
2006-11-24,2006,11,24,29.28,1,5
2006-11-25,2006,11,25,29.38,1,5
2006-11-26,2006,11,26,29.18,1,5
2006-11-27,2006,11,27,29.11,1,5
2006-11-28,2006,11,28,29.26,1,5
2006-11-29,2006,11,29,29.36,1,5
2006-11-30,2006,11,30,29.18,1,5
2006-12-01,2006,12,1,29.36,1,5
2006-12-02,2006,12,2,29.21,1,5
2006-12-03,2006,12,3,29.2,1,5
2006-12-04,2006,12,4,29.07,1,5
2006-12-05,2006,12,5,29.04,1,5
2006-12-06,2006,12,6,29.09,1,5
2006-12-07,2006,12,7,29.02,1,5
2006-12-08,2006,12,8,29.44,1,5
2006-12-09,2006,12,9,29.11,1,5
2006-12-10,2006,12,10,29.23,1,5
2006-12-11,2006,12,11,29.13,1,5
2006-12-12,2006,12,12,29.4,1,5
2006-12-13,2006,12,13,29.3,1,5
2006-12-14,2006,12,14,29.47,1,5
2006-12-15,2006,12,15,29.48,1,5
2006-12-16,2006,12,16,29.08,1,5
2006-12-17,2006,12,17,29.17,1,5
2006-12-18,2006,12,18,29.57,1,5
2006-12-19,2006,12,19,29.45,1,5
2006-12-20,2006,12,20,29.06,1,5
2006-12-21,2006,12,21,29.08,1,5
2006-12-22,2006,12,22,28.59,1,5
2006-12-23,2006,12,23,28.51,1,5
2006-12-24,2006,12,24,28.92,1,5
2006-12-25,2006,12,25,29.01,1,5
2006-12-26,2006,12,26,29.05,1,5
2006-12-27,2006,12,27,28.97,1,5
2006-12-28,2006,12,28,29.11,1,5
2006-12-29,2006,12,29,29.08,1,5
2006-12-30,2006,12,30,29.05,1,5
2006-12-31,2006,12,31,29.07,1,5
2007-01-01,2007,1,1,29.07,1,5
2007-01-02,2007,1,2,28.95,1,5
2007-01-03,2007,1,3,28.82,1,5
2007-01-04,2007,1,4,28.72,1,5
2007-01-05,2007,1,5,28.62,1,5
2007-01-06,2007,1,6,28.65,1,5
2007-01-07,2007,1,7,28.88,1,5
2007-01-08,2007,1,8,29.05,1,5
2007-01-09,2007,1,9,28.9,1,5
2007-01-10,2007,1,10,29.01,1,5
2007-01-11,2007,1,11,29.13,1,5
2007-01-12,2007,1,12,29.2,1,5
2007-01-13,2007,1,13,29.04,1,5
2007-01-14,2007,1,14,28.86,1,5
2007-01-15,2007,1,15,28.88,1,5
2007-01-16,2007,1,16,28.98,1,5
2007-01-17,2007,1,17,29.06,1,5
2007-01-18,2007,1,18,29.22,1,5
2007-01-19,2007,1,19,29.01,1,5
2007-01-20,2007,1,20,28.97,1,5
2007-01-21,2007,1,21,28.89,1,5
2007-01-22,2007,1,22,28.77,1,5
2007-01-23,2007,1,23,28.64,1,5
2007-01-24,2007,1,24,28.72,1,5
2007-01-25,2007,1,25,28.9,1,5
2007-01-26,2007,1,26,29.1,1,5
2007-01-27,2007,1,27,28.96,1,5
2007-01-28,2007,1,28,28.88,1,5
2007-01-29,2007,1,29,28.82,1,5
2007-01-30,2007,1,30,28.75,1,5
2007-01-31,2007,1,31,28.79,1,5
2007-02-01,2007,2,1,28.77,1,5
2007-02-02,2007,2,2,28.63,1,5
2007-02-03,2007,2,3,28.65,1,5
2007-02-04,2007,2,4,28.63,1,5
2007-02-05,2007,2,5,28.63,1,5
2007-02-06,2007,2,6,28.66,1,5
2007-02-07,2007,2,7,28.73,1,5
2007-02-08,2007,2,8,29.03,1,5
2007-02-09,2007,2,9,28.91,1,5
2007-02-10,2007,2,10,28.87,1,5
2007-02-11,2007,2,11,28.94,1,5
2007-02-12,2007,2,12,28.96,1,5
2007-02-13,2007,2,13,29.23,1,5
2007-02-14,2007,2,14,29.36,1,5
2007-02-15,2007,2,15,29.39,1,5
2007-02-16,2007,2,16,29.34,1,5
2007-02-17,2007,2,17,29.29,1,5
2007-02-18,2007,2,18,29.35,1,5
2007-02-19,2007,2,19,29.26,1,5
2007-02-20,2007,2,20,29.19,1,5
2007-02-21,2007,2,21,28.94,1,5
2007-02-22,2007,2,22,28.79,1,5
2007-02-23,2007,2,23,28.89,1,5
2007-02-24,2007,2,24,29.3,1,5
2007-02-25,2007,2,25,29.37,1,5
2007-02-26,2007,2,26,29.45,1,5
2007-02-27,2007,2,27,29.18,1,5
2007-02-28,2007,2,28,28.85,1,5
2007-03-01,2007,3,1,28.82,1,5
2007-03-02,2007,3,2,29.45,1,5
2007-03-03,2007,3,3,29.15,1,5
2007-03-04,2007,3,4,28.91,1,5
2007-03-05,2007,3,5,28.95,1,5
2007-03-06,2007,3,6,28.87,1,5
2007-03-07,2007,3,7,28.91,1,5
2007-03-08,2007,3,8,28.97,1,5
2007-03-09,2007,3,9,29.24,1,5
2007-03-10,2007,3,10,29.72,1,5
2007-03-11,2007,3,11,29.66,1,5
2007-03-12,2007,3,12,29.84,1,5
2007-03-13,2007,3,13,29.59,1,5
2007-03-14,2007,3,14,30.04,1,5
2007-03-15,2007,3,15,30.01,1,5
2007-03-16,2007,3,16,30.04,1,5
2007-03-17,2007,3,17,29.85,1,5
2007-03-18,2007,3,18,29.86,1,5
2007-03-19,2007,3,19,29.83,1,5
2007-03-20,2007,3,20,29.85,1,5
2007-03-21,2007,3,21,29.9,1,5
2007-03-22,2007,3,22,29.86,1,5
2007-03-23,2007,3,23,30.05,1,5
2007-03-24,2007,3,24,29.92,1,5
2007-03-25,2007,3,25,30.0,1,5
2007-03-26,2007,3,26,30.31,1,5
2007-03-27,2007,3,27,30.43,1,5
2007-03-28,2007,3,28,30.44,1,5
2007-03-29,2007,3,29,30.3,1,5
2007-03-30,2007,3,30,30.54,1,5
2007-03-31,2007,3,31,30.61,1,5
2007-04-01,2007,4,1,30.68,1,5
2007-04-02,2007,4,2,30.87,1,5
2007-04-03,2007,4,3,30.5,1,5
2007-04-04,2007,4,4,30.42,1,5
2007-04-05,2007,4,5,30.22,1,5
2007-04-06,2007,4,6,29.96,1,5
2007-04-07,2007,4,7,29.87,1,5
2007-04-08,2007,4,8,30.19,1,5
2007-04-09,2007,4,9,30.19,1,5
2007-04-10,2007,4,10,30.27,1,5
2007-04-11,2007,4,11,30.08,1,5
2007-04-12,2007,4,12,30.28,1,5
2007-04-13,2007,4,13,30.05,1,5
2007-04-14,2007,4,14,30.46,1,5
2007-04-15,2007,4,15,30.08,1,5
2007-04-16,2007,4,16,30.48,1,5
2007-04-17,2007,4,17,30.75,1,5
2007-04-18,2007,4,18,30.46,1,5
2007-04-19,2007,4,19,30.46,1,5
2007-04-20,2007,4,20,30.58,1,5
2007-04-21,2007,4,21,30.76,1,5
2007-04-22,2007,4,22,30.31,1,5
2007-04-23,2007,4,23,30.23,1,5
2007-04-24,2007,4,24,30.16,1,5
2007-04-25,2007,4,25,29.92,1,5
2007-04-26,2007,4,26,30.09,1,5
2007-04-27,2007,4,27,29.97,1,5
2007-04-28,2007,4,28,29.83,1,5
2007-04-29,2007,4,29,29.81,1,5
2007-04-30,2007,4,30,29.76,1,5
2007-05-01,2007,5,1,29.9,1,5
2007-05-02,2007,5,2,29.85,1,5
2007-05-03,2007,5,3,29.77,1,5
2007-05-04,2007,5,4,29.77,1,5
2007-05-05,2007,5,5,29.72,1,5
2007-05-06,2007,5,6,29.74,1,5
2007-05-07,2007,5,7,29.74,1,5
2007-05-08,2007,5,8,29.79,1,5
2007-05-09,2007,5,9,29.73,1,5
2007-05-10,2007,5,10,29.67,1,5
2007-05-11,2007,5,11,29.7,1,5
2007-05-12,2007,5,12,29.61,1,5
2007-05-13,2007,5,13,29.65,1,5
2007-05-14,2007,5,14,29.65,1,5
2007-05-15,2007,5,15,29.66,1,5
2007-05-16,2007,5,16,29.72,1,5
2007-05-17,2007,5,17,29.66,1,5
2007-05-18,2007,5,18,29.64,1,5
2007-05-19,2007,5,19,29.92,1,5
2007-05-20,2007,5,20,29.68,1,5
2007-05-21,2007,5,21,29.66,1,5
2007-05-22,2007,5,22,29.84,1,5
2007-05-23,2007,5,23,30.08,1,5
2007-05-24,2007,5,24,30.56,1,5
2007-05-25,2007,5,25,30.41,1,5
2007-05-26,2007,5,26,30.52,1,5
2007-05-27,2007,5,27,30.47,1,5
2007-05-28,2007,5,28,30.52,1,5
2007-05-29,2007,5,29,30.13,1,5
2007-05-30,2007,5,30,29.86,1,5
2007-05-31,2007,5,31,29.89,1,5
2007-06-01,2007,6,1,29.84,1,5
2007-06-02,2007,6,2,29.97,1,5
2007-06-03,2007,6,3,29.71,1,5
2007-06-04,2007,6,4,29.78,1,5
2007-06-05,2007,6,5,29.76,1,5
2007-06-06,2007,6,6,29.67,1,5
2007-06-07,2007,6,7,29.81,1,5
2007-06-08,2007,6,8,29.76,1,5
2007-06-09,2007,6,9,29.93,1,5
2007-06-10,2007,6,10,29.88,1,5
2007-06-11,2007,6,11,29.75,1,5
2007-06-12,2007,6,12,29.73,1,5
2007-06-13,2007,6,13,29.76,1,5
2007-06-14,2007,6,14,29.64,1,5
2007-06-15,2007,6,15,29.47,1,5
2007-06-16,2007,6,16,29.4,1,5
2007-06-17,2007,6,17,29.33,1,5
2007-06-18,2007,6,18,29.08,1,5
2007-06-19,2007,6,19,29.01,1,5
2007-06-20,2007,6,20,29.06,1,5
2007-06-21,2007,6,21,29.07,1,5
2007-06-22,2007,6,22,29.21,1,5
2007-06-23,2007,6,23,29.29,1,5
2007-06-24,2007,6,24,29.45,1,5
2007-06-25,2007,6,25,29.33,1,5
2007-06-26,2007,6,26,29.17,1,5
2007-06-27,2007,6,27,29.08,1,5
2007-06-28,2007,6,28,29.03,1,5
2007-06-29,2007,6,29,29.07,1,5
2007-06-30,2007,6,30,29.09,1,5
2007-07-01,2007,7,1,29.09,1,5
2007-07-02,2007,7,2,29.15,1,5
2007-07-03,2007,7,3,29.17,1,5
2007-07-04,2007,7,4,29.26,1,5
2007-07-05,2007,7,5,29.25,1,5
2007-07-06,2007,7,6,29.21,1,5
2007-07-07,2007,7,7,29.17,1,5
2007-07-08,2007,7,8,29.15,1,5
2007-07-09,2007,7,9,29.19,1,5
2007-07-10,2007,7,10,29.16,1,5
2007-07-11,2007,7,11,29.22,1,5
2007-07-12,2007,7,12,29.17,1,5
2007-07-13,2007,7,13,29.15,1,5
2007-07-14,2007,7,14,29.15,1,5
2007-07-15,2007,7,15,29.06,1,5
2007-07-16,2007,7,16,29.08,1,5
2007-07-17,2007,7,17,29.07,1,5
2007-07-18,2007,7,18,29.01,1,5
2007-07-19,2007,7,19,28.95,1,5
2007-07-20,2007,7,20,28.87,1,5
2007-07-21,2007,7,21,28.81,1,5
2007-07-22,2007,7,22,28.8,1,5
2007-07-23,2007,7,23,28.75,1,5
2007-07-24,2007,7,24,28.71,1,5
2007-07-25,2007,7,25,28.98,1,5
2007-07-26,2007,7,26,29.14,1,5
2007-07-27,2007,7,27,29.0,1,5
2007-07-28,2007,7,28,29.12,1,5
2007-07-29,2007,7,29,28.95,1,5
2007-07-30,2007,7,30,28.83,1,5
2007-07-31,2007,7,31,28.84,1,5
2007-08-01,2007,8,1,28.91,1,5
2007-08-02,2007,8,2,29.01,1,5
2007-08-03,2007,8,3,28.92,1,5
2007-08-04,2007,8,4,28.83,1,5
2007-08-05,2007,8,5,28.8,1,5
2007-08-06,2007,8,6,28.91,1,5
2007-08-07,2007,8,7,28.88,1,5
2007-08-08,2007,8,8,28.83,1,5
2007-08-09,2007,8,9,28.83,1,5
2007-08-10,2007,8,10,28.8,1,5
2007-08-11,2007,8,11,28.76,1,5
2007-08-12,2007,8,12,28.68,1,5
2007-08-13,2007,8,13,28.6,1,5
2007-08-14,2007,8,14,28.72,1,5
2007-08-15,2007,8,15,28.66,1,5
2007-08-16,2007,8,16,28.68,1,5
2007-08-17,2007,8,17,28.62,1,5
2007-08-18,2007,8,18,28.62,1,5
2007-08-19,2007,8,19,28.56,1,5
2007-08-20,2007,8,20,28.51,1,5
2007-08-21,2007,8,21,28.52,1,5
2007-08-22,2007,8,22,28.53,1,5
2007-08-23,2007,8,23,28.56,1,5
2007-08-24,2007,8,24,28.56,1,5
2007-08-25,2007,8,25,28.96,1,5
2007-08-26,2007,8,26,28.94,1,5
2007-08-27,2007,8,27,29.06,1,5
2007-08-28,2007,8,28,28.95,1,5
2007-08-29,2007,8,29,28.93,1,5
2007-08-30,2007,8,30,28.85,1,5
2007-08-31,2007,8,31,28.68,1,5
2007-09-01,2007,9,1,28.62,1,5
2007-09-02,2007,9,2,28.59,1,5
2007-09-03,2007,9,3,28.59,1,5
2007-09-04,2007,9,4,28.7,1,5
2007-09-05,2007,9,5,28.9,1,5
2007-09-06,2007,9,6,28.76,1,5
2007-09-07,2007,9,7,28.7,1,5
2007-09-08,2007,9,8,28.61,1,5
2007-09-09,2007,9,9,28.78,1,5
2007-09-10,2007,9,10,28.91,1,5
2007-09-11,2007,9,11,28.82,1,5
2007-09-12,2007,9,12,28.93,1,5
2007-09-13,2007,9,13,28.78,1,5
2007-09-14,2007,9,14,28.78,1,5
2007-09-15,2007,9,15,28.68,1,5
2007-09-16,2007,9,16,28.66,1,5
2007-09-17,2007,9,17,28.69,1,5
2007-09-18,2007,9,18,28.66,1,5
2007-09-19,2007,9,19,28.59,1,5
2007-09-20,2007,9,20,28.67,1,5
2007-09-21,2007,9,21,28.76,1,5
2007-09-22,2007,9,22,28.72,1,5
2007-09-23,2007,9,23,28.69,1,5
2007-09-24,2007,9,24,28.85,1,5
2007-09-25,2007,9,25,28.85,1,5
2007-09-26,2007,9,26,28.88,1,5
2007-09-27,2007,9,27,28.95,1,5
2007-09-28,2007,9,28,28.96,1,5
2007-09-29,2007,9,29,28.91,1,5
2007-09-30,2007,9,30,28.75,1,5
2007-10-01,2007,10,1,28.69,1,5
2007-10-02,2007,10,2,28.63,1,5
2007-10-03,2007,10,3,28.59,1,5
2007-10-04,2007,10,4,28.53,1,5
2007-10-05,2007,10,5,28.44,1,5
2007-10-06,2007,10,6,28.37,1,5
2007-10-07,2007,10,7,,0,0
2007-10-08,2007,10,8,28.9,4,5
2007-10-09,2007,10,9,28.77,4,5
2007-10-10,2007,10,10,28.62,4,5
2007-10-11,2007,10,11,28.99,4,5
2007-10-12,2007,10,12,29.11,4,5
2007-10-13,2007,10,13,28.51,4,5
2007-10-14,2007,10,14,28.37,4,5
2007-10-15,2007,10,15,28.41,4,5
2007-10-16,2007,10,16,28.54,4,5
2007-10-17,2007,10,17,28.45,4,5
2007-10-18,2007,10,18,28.69,4,5
2007-10-19,2007,10,19,28.48,4,5
2007-10-20,2007,10,20,28.43,4,5
2007-10-21,2007,10,21,28.32,4,5
2007-10-22,2007,10,22,28.25,4,5
2007-10-23,2007,10,23,28.21,4,5
2007-10-24,2007,10,24,28.09,4,5
2007-10-25,2007,10,25,28.07,4,5
2007-10-26,2007,10,26,28.08,4,5
2007-10-27,2007,10,27,28.08,4,5
2007-10-28,2007,10,28,28.17,4,5
2007-10-29,2007,10,29,28.18,4,5
2007-10-30,2007,10,30,28.33,4,5
2007-10-31,2007,10,31,28.23,4,5
2007-11-01,2007,11,1,28.32,4,5
2007-11-02,2007,11,2,27.99,4,5
2007-11-03,2007,11,3,28.03,4,5
2007-11-04,2007,11,4,28.46,4,5
2007-11-05,2007,11,5,28.51,4,5
2007-11-06,2007,11,6,28.32,4,5
2007-11-07,2007,11,7,28.1,4,5
2007-11-08,2007,11,8,27.99,4,5
2007-11-09,2007,11,9,27.93,4,5
2007-11-10,2007,11,10,27.9,4,5
2007-11-11,2007,11,11,27.96,4,5
2007-11-12,2007,11,12,28.08,4,5
2007-11-13,2007,11,13,28.1,4,5
2007-11-14,2007,11,14,28.34,4,5
2007-11-15,2007,11,15,28.79,4,5
2007-11-16,2007,11,16,28.64,4,5
2007-11-17,2007,11,17,28.6,4,5
2007-11-18,2007,11,18,28.87,4,5
2007-11-19,2007,11,19,28.71,4,5
2007-11-20,2007,11,20,28.55,4,5
2007-11-21,2007,11,21,28.54,4,5
2007-11-22,2007,11,22,28.8,4,5
2007-11-23,2007,11,23,28.94,4,5
2007-11-24,2007,11,24,28.95,4,5
2007-11-25,2007,11,25,29.13,4,5
2007-11-26,2007,11,26,29.15,4,5
2007-11-27,2007,11,27,29.06,4,5
2007-11-28,2007,11,28,28.93,4,5
2007-11-29,2007,11,29,29.13,4,5
2007-11-30,2007,11,30,29.15,4,5
2007-12-01,2007,12,1,28.93,4,5
2007-12-02,2007,12,2,28.74,4,5
2007-12-03,2007,12,3,28.38,4,5
2007-12-04,2007,12,4,28.2,4,5
2007-12-05,2007,12,5,28.18,4,5
2007-12-06,2007,12,6,28.24,4,5
2007-12-07,2007,12,7,28.28,4,5
2007-12-08,2007,12,8,28.45,4,5
2007-12-09,2007,12,9,28.4,4,5
2007-12-10,2007,12,10,28.41,4,5
2007-12-11,2007,12,11,28.39,4,5
2007-12-12,2007,12,12,28.41,4,5
2007-12-13,2007,12,13,28.63,4,5
2007-12-14,2007,12,14,28.36,4,5
2007-12-15,2007,12,15,28.04,4,5
2007-12-16,2007,12,16,28.42,4,5
2007-12-17,2007,12,17,28.61,4,5
2007-12-18,2007,12,18,28.61,4,5
2007-12-19,2007,12,19,28.83,4,5
2007-12-20,2007,12,20,28.62,4,5
2007-12-21,2007,12,21,28.86,4,5
2007-12-22,2007,12,22,29.01,4,5
2007-12-23,2007,12,23,29.13,4,5
2007-12-24,2007,12,24,28.48,4,5
2007-12-25,2007,12,25,28.57,4,5
2007-12-26,2007,12,26,28.34,4,5
2007-12-27,2007,12,27,28.45,4,5
2007-12-28,2007,12,28,28.38,4,5
2007-12-29,2007,12,29,28.38,4,5
2007-12-30,2007,12,30,28.43,4,5
2007-12-31,2007,12,31,28.44,4,5
2008-01-01,2008,1,1,28.5,4,5
2008-01-02,2008,1,2,28.44,4,5
2008-01-03,2008,1,3,28.61,4,5
2008-01-04,2008,1,4,28.66,4,5
2008-01-05,2008,1,5,28.8,4,5
2008-01-06,2008,1,6,29.06,4,5
2008-01-07,2008,1,7,29.29,4,5
2008-01-08,2008,1,8,29.14,4,5
2008-01-09,2008,1,9,29.22,4,5
2008-01-10,2008,1,10,29.37,4,5
2008-01-11,2008,1,11,29.38,4,5
2008-01-12,2008,1,12,29.76,4,5
2008-01-13,2008,1,13,29.55,4,5
2008-01-14,2008,1,14,29.39,4,5
2008-01-15,2008,1,15,29.21,4,5
2008-01-16,2008,1,16,29.0,4,5
2008-01-17,2008,1,17,28.92,4,5
2008-01-18,2008,1,18,29.11,4,5
2008-01-19,2008,1,19,29.25,4,5
2008-01-20,2008,1,20,29.68,4,5
2008-01-21,2008,1,21,29.42,4,5
2008-01-22,2008,1,22,29.22,4,5
2008-01-23,2008,1,23,29.16,4,5
2008-01-24,2008,1,24,29.4,4,5
2008-01-25,2008,1,25,29.54,4,5
2008-01-26,2008,1,26,29.29,4,5
2008-01-27,2008,1,27,29.36,4,5
2008-01-28,2008,1,28,29.23,4,5
2008-01-29,2008,1,29,29.29,4,5
2008-01-30,2008,1,30,29.25,4,5
2008-01-31,2008,1,31,29.27,4,5
2008-02-01,2008,2,1,29.4,4,5
2008-02-02,2008,2,2,29.25,4,5
2008-02-03,2008,2,3,29.33,4,5
2008-02-04,2008,2,4,29.28,4,5
2008-02-05,2008,2,5,29.16,4,5
2008-02-06,2008,2,6,29.34,4,5
2008-02-07,2008,2,7,29.57,4,5
2008-02-08,2008,2,8,29.29,4,5
2008-02-09,2008,2,9,29.3,4,5
2008-02-10,2008,2,10,29.2,4,5
2008-02-11,2008,2,11,28.97,4,5
2008-02-12,2008,2,12,28.84,4,5
2008-02-13,2008,2,13,29.0,4,5
2008-02-14,2008,2,14,28.87,4,5
2008-02-15,2008,2,15,28.79,4,5
2008-02-16,2008,2,16,28.79,4,5
2008-02-17,2008,2,17,28.64,4,5
2008-02-18,2008,2,18,28.75,4,5
2008-02-19,2008,2,19,29.14,4,5
2008-02-20,2008,2,20,29.43,4,5
2008-02-21,2008,2,21,29.28,4,5
2008-02-22,2008,2,22,28.75,4,5
2008-02-23,2008,2,23,28.82,4,5
2008-02-24,2008,2,24,29.13,4,5
2008-02-25,2008,2,25,29.24,4,5
2008-02-26,2008,2,26,29.51,4,5
2008-02-27,2008,2,27,29.5,4,5
2008-02-28,2008,2,28,29.61,4,5
2008-02-29,2008,2,29,29.62,4,5
2008-03-01,2008,3,1,29.76,4,5
2008-03-02,2008,3,2,29.68,4,5
2008-03-03,2008,3,3,29.49,4,5
2008-03-04,2008,3,4,29.51,4,5
2008-03-05,2008,3,5,29.39,4,5
2008-03-06,2008,3,6,29.14,4,5
2008-03-07,2008,3,7,29.14,4,5
2008-03-08,2008,3,8,29.03,4,5
2008-03-09,2008,3,9,28.88,4,5
2008-03-10,2008,3,10,29.0,4,5
2008-03-11,2008,3,11,29.14,4,5
2008-03-12,2008,3,12,29.1,4,5
2008-03-13,2008,3,13,29.01,4,5
2008-03-14,2008,3,14,28.85,4,5
2008-03-15,2008,3,15,28.92,4,5
2008-03-16,2008,3,16,28.97,4,5
2008-03-17,2008,3,17,28.95,4,5
2008-03-18,2008,3,18,28.74,4,5
2008-03-19,2008,3,19,28.87,4,5
2008-03-20,2008,3,20,29.48,4,5
2008-03-21,2008,3,21,29.52,4,5
2008-03-22,2008,3,22,29.64,4,5
2008-03-23,2008,3,23,29.56,4,5
2008-03-24,2008,3,24,29.39,4,5
2008-03-25,2008,3,25,29.21,4,5
2008-03-26,2008,3,26,29.08,4,5
2008-03-27,2008,3,27,29.23,4,5
2008-03-28,2008,3,28,29.18,4,5
2008-03-29,2008,3,29,29.16,4,5
2008-03-30,2008,3,30,29.0,4,5
2008-03-31,2008,3,31,28.8,4,5
2008-04-01,2008,4,1,29.24,4,5
2008-04-02,2008,4,2,29.23,4,5
2008-04-03,2008,4,3,29.57,4,5
2008-04-04,2008,4,4,29.85,4,5
2008-04-05,2008,4,5,29.78,4,5
2008-04-06,2008,4,6,29.46,4,5
2008-04-07,2008,4,7,29.64,4,5
2008-04-08,2008,4,8,29.62,4,5
2008-04-09,2008,4,9,29.55,4,5
2008-04-10,2008,4,10,29.77,4,5
2008-04-11,2008,4,11,29.45,4,5
2008-04-12,2008,4,12,29.47,4,5
2008-04-13,2008,4,13,29.51,4,5
2008-04-14,2008,4,14,29.39,4,5
2008-04-15,2008,4,15,29.49,4,5
2008-04-16,2008,4,16,29.44,4,5
2008-04-17,2008,4,17,29.72,4,5
2008-04-18,2008,4,18,29.67,4,5
2008-04-19,2008,4,19,29.63,4,5
2008-04-20,2008,4,20,29.5,4,5
2008-04-21,2008,4,21,29.42,4,5
2008-04-22,2008,4,22,29.39,4,5
2008-04-23,2008,4,23,29.1,4,5
2008-04-24,2008,4,24,29.23,4,5
2008-04-25,2008,4,25,29.43,4,5
2008-04-26,2008,4,26,29.33,4,5
2008-04-27,2008,4,27,29.28,4,5
2008-04-28,2008,4,28,29.21,4,5
2008-04-29,2008,4,29,29.2,4,5
2008-04-30,2008,4,30,29.22,4,5
2008-05-01,2008,5,1,29.29,4,5
2008-05-02,2008,5,2,29.34,4,5
2008-05-03,2008,5,3,29.32,4,5
2008-05-04,2008,5,4,29.37,4,5
2008-05-05,2008,5,5,29.53,4,5
2008-05-06,2008,5,6,29.58,4,5
2008-05-07,2008,5,7,29.49,4,5
2008-05-08,2008,5,8,29.42,4,5
2008-05-09,2008,5,9,29.24,4,5
2008-05-10,2008,5,10,29.31,4,5
2008-05-11,2008,5,11,29.22,4,5
2008-05-12,2008,5,12,29.22,4,5
2008-05-13,2008,5,13,29.28,4,5
2008-05-14,2008,5,14,29.24,4,5
2008-05-15,2008,5,15,29.36,4,5
2008-05-16,2008,5,16,29.35,4,5
2008-05-17,2008,5,17,29.38,4,5
2008-05-18,2008,5,18,29.41,4,5
2008-05-19,2008,5,19,29.3,4,5
2008-05-20,2008,5,20,29.33,4,5
2008-05-21,2008,5,21,29.5,4,5
2008-05-22,2008,5,22,29.85,4,5
2008-05-23,2008,5,23,29.63,4,5
2008-05-24,2008,5,24,29.32,4,5
2008-05-25,2008,5,25,29.3,4,5
2008-05-26,2008,5,26,29.46,4,5
2008-05-27,2008,5,27,29.58,4,5
2008-05-28,2008,5,28,29.87,4,5
2008-05-29,2008,5,29,29.75,4,5
2008-05-30,2008,5,30,29.6,4,5
2008-05-31,2008,5,31,29.46,4,5
2008-06-01,2008,6,1,29.18,4,5
2008-06-02,2008,6,2,29.11,4,5
2008-06-03,2008,6,3,29.07,4,5
2008-06-04,2008,6,4,29.44,4,5
2008-06-05,2008,6,5,29.25,4,5
2008-06-06,2008,6,6,29.09,4,5
2008-06-07,2008,6,7,29.09,4,5
2008-06-08,2008,6,8,29.22,4,5
2008-06-09,2008,6,9,28.86,4,5
2008-06-10,2008,6,10,28.86,4,5
2008-06-11,2008,6,11,28.77,4,5
2008-06-12,2008,6,12,28.88,4,5
2008-06-13,2008,6,13,28.86,4,5
2008-06-14,2008,6,14,28.87,4,5
2008-06-15,2008,6,15,28.91,4,5
2008-06-16,2008,6,16,29.17,4,5
2008-06-17,2008,6,17,29.42,4,5
2008-06-18,2008,6,18,29.22,4,5
2008-06-19,2008,6,19,29.25,4,5
2008-06-20,2008,6,20,29.65,4,5
2008-06-21,2008,6,21,29.27,4,5
2008-06-22,2008,6,22,28.91,4,5
2008-06-23,2008,6,23,28.96,4,5
2008-06-24,2008,6,24,28.97,4,5
2008-06-25,2008,6,25,28.98,4,5
2008-06-26,2008,6,26,28.99,4,5
2008-06-27,2008,6,27,29.09,4,5
2008-06-28,2008,6,28,29.36,4,5
2008-06-29,2008,6,29,29.33,4,5
2008-06-30,2008,6,30,29.24,4,5
2008-07-01,2008,7,1,29.25,4,5
2008-07-02,2008,7,2,29.18,4,5
2008-07-03,2008,7,3,29.13,4,5
2008-07-04,2008,7,4,29.1,4,5
2008-07-05,2008,7,5,29.11,4,5
2008-07-06,2008,7,6,29.1,4,5
2008-07-07,2008,7,7,29.12,4,5
2008-07-08,2008,7,8,29.02,4,5
2008-07-09,2008,7,9,29.0,4,5
2008-07-10,2008,7,10,28.98,4,5
2008-07-11,2008,7,11,29.5,4,5
2008-07-12,2008,7,12,29.16,4,5
2008-07-13,2008,7,13,29.14,4,5
2008-07-14,2008,7,14,29.05,4,5
2008-07-15,2008,7,15,28.92,4,5
2008-07-16,2008,7,16,28.66,4,5
2008-07-17,2008,7,17,28.68,4,5
2008-07-18,2008,7,18,28.62,4,5
2008-07-19,2008,7,19,28.45,4,5
2008-07-20,2008,7,20,28.46,4,5
2008-07-21,2008,7,21,28.53,4,5
2008-07-22,2008,7,22,28.54,4,5
2010-07-04,2010,7,4,29.56,1,5
2010-07-05,2010,7,5,29.64,1,5
2010-07-06,2010,7,6,29.53,1,5
2010-07-07,2010,7,7,29.54,1,5
2010-07-08,2010,7,8,29.44,1,5
2010-07-09,2010,7,9,29.49,1,5
2010-07-10,2010,7,10,29.45,1,5
2010-07-11,2010,7,11,29.46,1,5
2010-07-12,2010,7,12,29.84,1,5
2010-07-13,2010,7,13,29.57,1,5
2010-07-14,2010,7,14,29.3,1,5
2010-07-15,2010,7,15,29.2,1,5
2010-07-16,2010,7,16,29.16,1,5
2010-07-17,2010,7,17,29.16,1,5
2010-07-18,2010,7,18,29.15,1,5
2010-07-19,2010,7,19,29.12,1,5
2010-07-20,2010,7,20,29.12,1,5
2010-07-21,2010,7,21,29.18,1,5
2010-07-22,2010,7,22,29.2,1,5
2010-07-23,2010,7,23,29.09,1,5
2010-07-24,2010,7,24,29.1,1,5
2010-07-25,2010,7,25,29.05,1,5
2010-07-26,2010,7,26,29.12,1,5
2010-07-27,2010,7,27,28.99,1,5
2010-07-28,2010,7,28,28.88,1,5
2010-07-29,2010,7,29,28.92,1,5
2010-07-30,2010,7,30,28.86,1,5
2010-07-31,2010,7,31,28.9,1,5
2010-08-01,2010,8,1,28.88,1,5
2010-08-02,2010,8,2,28.89,1,5
2010-08-03,2010,8,3,28.82,1,5
2010-08-04,2010,8,4,28.86,1,5
2010-08-05,2010,8,5,28.95,1,5
2010-08-06,2010,8,6,28.89,1,5
2010-08-07,2010,8,7,28.9,1,5
2010-08-08,2010,8,8,28.92,1,5
2010-08-09,2010,8,9,28.95,1,5
2010-08-10,2010,8,10,28.91,1,5
2010-08-11,2010,8,11,28.9,1,5
2010-08-12,2010,8,12,28.86,1,5
2010-08-13,2010,8,13,28.89,1,5
2010-08-14,2010,8,14,28.8,1,5
2010-08-15,2010,8,15,28.68,1,5
2010-08-16,2010,8,16,28.68,1,5
2010-08-17,2010,8,17,28.71,1,5
2010-08-18,2010,8,18,28.71,1,5
2010-08-19,2010,8,19,28.59,1,5
2010-08-20,2010,8,20,28.42,1,5
2010-08-21,2010,8,21,28.41,1,5
2010-08-22,2010,8,22,28.37,1,5
2010-08-23,2010,8,23,28.48,1,5
2010-08-24,2010,8,24,28.62,1,5
2010-08-25,2010,8,25,28.63,1,5
2010-08-26,2010,8,26,28.67,1,5
2010-08-27,2010,8,27,28.71,1,5
2010-08-28,2010,8,28,28.69,1,5
2010-08-29,2010,8,29,28.76,1,5
2010-08-30,2010,8,30,28.85,1,5
2010-08-31,2010,8,31,28.83,1,5
2010-09-01,2010,9,1,28.82,1,5
2010-09-02,2010,9,2,28.72,1,5
2010-09-03,2010,9,3,28.63,1,5
2010-09-04,2010,9,4,28.53,1,5
2010-09-05,2010,9,5,28.7,1,5
2010-09-06,2010,9,6,28.78,1,5
2010-09-07,2010,9,7,28.84,1,5
2010-09-08,2010,9,8,28.86,1,5
2010-09-09,2010,9,9,29.03,1,5
2010-09-10,2010,9,10,28.76,1,5
2010-09-11,2010,9,11,28.87,1,5
2010-09-12,2010,9,12,28.94,1,5
2010-09-13,2010,9,13,28.98,1,5
2010-09-14,2010,9,14,28.82,1,5
2010-09-15,2010,9,15,28.78,1,5
2010-09-16,2010,9,16,28.76,1,5
2010-09-17,2010,9,17,28.76,1,5
2010-09-18,2010,9,18,28.77,1,5
2010-09-19,2010,9,19,28.73,1,5
2010-09-20,2010,9,20,28.73,1,5
2010-09-21,2010,9,21,28.67,1,5
2010-09-22,2010,9,22,28.58,1,5
2010-09-23,2010,9,23,28.61,1,5
2010-09-24,2010,9,24,28.56,1,5
2010-09-25,2010,9,25,28.55,1,5
2010-09-26,2010,9,26,28.5,1,5
2010-09-27,2010,9,27,28.59,1,5
2010-09-28,2010,9,28,28.52,1,5
2010-09-29,2010,9,29,28.49,1,5
2010-09-30,2010,9,30,28.48,1,5
2010-10-01,2010,10,1,28.65,1,5
2010-10-02,2010,10,2,28.59,1,5
2010-10-03,2010,10,3,28.45,1,5
2010-10-04,2010,10,4,28.46,1,5
2010-10-05,2010,10,5,28.42,1,5
2010-10-06,2010,10,6,28.55,1,5
2010-10-07,2010,10,7,28.59,1,5
2010-10-08,2010,10,8,28.62,1,5
2010-10-09,2010,10,9,28.61,1,5
2010-10-10,2010,10,10,28.58,1,5
2010-10-11,2010,10,11,28.52,1,5
2010-10-12,2010,10,12,28.53,1,5
2010-10-13,2010,10,13,28.57,1,5
2010-10-14,2010,10,14,28.53,1,5
2010-10-15,2010,10,15,28.59,1,5
2010-10-16,2010,10,16,28.52,1,5
2010-10-17,2010,10,17,28.55,1,5
2010-10-18,2010,10,18,28.62,1,5
2010-10-19,2010,10,19,28.67,1,5
2010-10-20,2010,10,20,28.76,1,5
2010-10-21,2010,10,21,28.72,1,5
2010-10-22,2010,10,22,28.66,1,5
2010-10-23,2010,10,23,28.66,1,5
2010-10-24,2010,10,24,28.69,1,5
2010-10-25,2010,10,25,28.86,1,5
2010-10-26,2010,10,26,28.87,1,5
2010-10-27,2010,10,27,28.85,1,5
2010-10-28,2010,10,28,28.89,1,5
2010-10-29,2010,10,29,28.75,1,5
2010-10-30,2010,10,30,28.65,1,5
2010-10-31,2010,10,31,28.66,1,5
2010-11-01,2010,11,1,28.69,1,5
2010-11-02,2010,11,2,28.71,1,5
2010-11-03,2010,11,3,28.61,1,5
2010-11-04,2010,11,4,28.54,1,5
2010-11-05,2010,11,5,28.55,1,5
2010-11-06,2010,11,6,28.58,1,5
2010-11-07,2010,11,7,28.65,1,5
2010-11-08,2010,11,8,28.49,1,5
2010-11-09,2010,11,9,28.55,1,5
2010-11-10,2010,11,10,28.26,1,5
2010-11-11,2010,11,11,28.35,1,5
2010-11-12,2010,11,12,28.34,1,5
2010-11-13,2010,11,13,28.63,1,5
2010-11-14,2010,11,14,28.54,1,5
2010-11-15,2010,11,15,28.61,1,5
2010-11-16,2010,11,16,28.61,1,5
2010-11-17,2010,11,17,28.8,1,5
2010-11-18,2010,11,18,28.83,1,5
2010-11-19,2010,11,19,28.64,1,5
2010-11-20,2010,11,20,28.77,1,5
2010-11-21,2010,11,21,28.86,1,5
2010-11-22,2010,11,22,28.57,1,5
2010-11-23,2010,11,23,28.45,1,5
2010-11-24,2010,11,24,28.31,1,5
2010-11-25,2010,11,25,28.29,1,5
2010-11-26,2010,11,26,28.27,1,5
2010-11-27,2010,11,27,28.27,1,5
2010-11-28,2010,11,28,28.3,1,5
2010-11-29,2010,11,29,28.31,1,5
2010-11-30,2010,11,30,28.37,1,5
2010-12-01,2010,12,1,28.44,1,5
2010-12-02,2010,12,2,28.24,1,5
2010-12-03,2010,12,3,28.29,1,5
2010-12-04,2010,12,4,28.15,1,5
2010-12-05,2010,12,5,28.08,1,5
2010-12-06,2010,12,6,27.98,1,5
2010-12-07,2010,12,7,27.99,1,5
2010-12-08,2010,12,8,28.43,1,5
2010-12-09,2010,12,9,28.53,1,5
2010-12-10,2010,12,10,28.47,1,5
2010-12-11,2010,12,11,28.33,1,5
2010-12-12,2010,12,12,28.26,1,5
2010-12-13,2010,12,13,28.32,1,5
2010-12-14,2010,12,14,28.46,1,5
2010-12-15,2010,12,15,28.45,1,5
2010-12-16,2010,12,16,28.47,1,5
2010-12-17,2010,12,17,28.62,1,5
2010-12-18,2010,12,18,28.75,1,5
2010-12-19,2010,12,19,28.68,1,5
2010-12-20,2010,12,20,28.54,1,5
2010-12-21,2010,12,21,28.68,1,5
2010-12-22,2010,12,22,28.7,1,5
2010-12-23,2010,12,23,28.72,1,5
2010-12-24,2010,12,24,28.68,1,5
2010-12-25,2010,12,25,28.56,1,5
2010-12-26,2010,12,26,28.67,1,5
2010-12-27,2010,12,27,28.79,1,5
2010-12-28,2010,12,28,28.9,1,5
2010-12-29,2010,12,29,28.9,1,5
2010-12-30,2010,12,30,29.11,1,5
2010-12-31,2010,12,31,28.92,1,5
2011-01-01,2011,1,1,29.11,1,5
2011-01-02,2011,1,2,29.16,1,5
2011-01-03,2011,1,3,28.92,1,5
2011-01-04,2011,1,4,28.81,1,5
2011-01-05,2011,1,5,28.56,1,5
2011-01-06,2011,1,6,28.7,1,5
2011-01-07,2011,1,7,28.64,1,5
2011-01-08,2011,1,8,28.77,1,5
2011-01-09,2011,1,9,28.66,1,5
2011-01-10,2011,1,10,28.65,1,5
2011-01-11,2011,1,11,28.52,1,5
2011-01-12,2011,1,12,28.56,1,5
2011-01-13,2011,1,13,28.62,1,5
2011-01-14,2011,1,14,28.93,1,5
2011-01-15,2011,1,15,29.01,1,5
2011-01-16,2011,1,16,29.0,1,5
2011-01-17,2011,1,17,29.01,1,5
2011-01-18,2011,1,18,29.01,1,5
2011-01-19,2011,1,19,28.87,1,5
2011-01-20,2011,1,20,28.7,1,5
2011-01-21,2011,1,21,28.89,1,5
2011-01-22,2011,1,22,28.72,1,5
2011-01-23,2011,1,23,28.77,1,5
2011-01-24,2011,1,24,28.73,1,5
2011-01-25,2011,1,25,28.85,1,5
2011-01-26,2011,1,26,28.94,1,5
2011-01-27,2011,1,27,29.3,1,5
2011-01-28,2011,1,28,29.18,1,5
2011-01-29,2011,1,29,29.24,1,5
2011-01-30,2011,1,30,29.3,1,5
2011-01-31,2011,1,31,29.07,1,5
2011-02-01,2011,2,1,29.24,1,5
2011-02-02,2011,2,2,28.93,1,5
2011-02-03,2011,2,3,29.11,1,5
2011-02-04,2011,2,4,29.7,1,5
2011-02-05,2011,2,5,29.33,1,5
2011-02-06,2011,2,6,29.27,1,5
2011-02-07,2011,2,7,29.21,1,5
2011-02-08,2011,2,8,29.47,1,5
2011-02-09,2011,2,9,29.29,1,5
2011-02-10,2011,2,10,28.49,1,5
2011-02-11,2011,2,11,28.82,1,5
2011-02-12,2011,2,12,28.96,1,5
2011-02-13,2011,2,13,28.94,1,5
2011-02-14,2011,2,14,28.82,1,5
2011-02-15,2011,2,15,29.17,1,5
2011-02-16,2011,2,16,29.16,1,5
2011-02-17,2011,2,17,29.2,1,5
2011-02-18,2011,2,18,29.3,1,5
2011-02-19,2011,2,19,29.61,1,5
2011-02-20,2011,2,20,29.55,1,5
2011-02-21,2011,2,21,29.08,1,5
2011-02-22,2011,2,22,29.11,1,5
2011-02-23,2011,2,23,28.87,1,5
2011-02-24,2011,2,24,28.8,1,5
2011-02-25,2011,2,25,28.72,1,5
2011-02-26,2011,2,26,28.48,1,5
2011-02-27,2011,2,27,28.65,1,5
2011-02-28,2011,2,28,29.63,1,5
2011-03-01,2011,3,1,29.5,1,5
2011-03-02,2011,3,2,29.67,1,5
2011-03-03,2011,3,3,29.53,1,5
2011-03-04,2011,3,4,29.64,1,5
2011-03-05,2011,3,5,29.56,1,5
2011-03-06,2011,3,6,29.75,1,5
2011-03-07,2011,3,7,29.79,1,5
2011-03-08,2011,3,8,29.29,1,5
2011-03-09,2011,3,9,29.06,1,5
2011-03-10,2011,3,10,29.09,1,5
2011-03-11,2011,3,11,29.58,1,5
2011-03-12,2011,3,12,29.82,1,5
2011-03-13,2011,3,13,30.09,1,5
2011-03-14,2011,3,14,29.97,1,5
2011-03-15,2011,3,15,29.97,1,5
2011-03-16,2011,3,16,29.8,1,5
2011-03-17,2011,3,17,29.75,1,5
2011-03-18,2011,3,18,29.76,1,5
2011-03-19,2011,3,19,29.89,1,5
2011-03-20,2011,3,20,30.13,1,5
2011-03-21,2011,3,21,30.04,1,5
2011-03-22,2011,3,22,29.99,1,5
2011-03-23,2011,3,23,30.18,1,5
2011-03-24,2011,3,24,29.88,1,5
2011-03-25,2011,3,25,29.64,1,5
2011-03-26,2011,3,26,29.47,1,5
2011-03-27,2011,3,27,29.47,1,5
2011-03-28,2011,3,28,29.42,1,5
2011-03-29,2011,3,29,29.25,1,5
2011-03-30,2011,3,30,29.27,1,5
2011-03-31,2011,3,31,29.23,1,5
2011-04-01,2011,4,1,29.44,1,5
2011-04-02,2011,4,2,29.34,1,5
2011-04-03,2011,4,3,29.38,1,5
2011-04-04,2011,4,4,29.49,1,5
2011-04-05,2011,4,5,29.98,1,5
2011-04-06,2011,4,6,29.91,1,5
2011-04-07,2011,4,7,30.06,1,5
2011-04-08,2011,4,8,29.96,1,5
2011-04-09,2011,4,9,30.27,1,5
2011-04-10,2011,4,10,30.36,1,5
2011-04-11,2011,4,11,30.08,1,5
2011-04-12,2011,4,12,29.69,1,5
2011-04-13,2011,4,13,29.58,1,5
2011-04-14,2011,4,14,29.45,1,5
2011-04-15,2011,4,15,29.6,1,5
2011-04-16,2011,4,16,30.02,1,5
2011-04-17,2011,4,17,29.86,1,5
2011-04-18,2011,4,18,29.58,1,5
2011-04-19,2011,4,19,29.57,1,5
2011-04-20,2011,4,20,29.67,1,5
2011-04-21,2011,4,21,29.85,1,5
2011-04-22,2011,4,22,30.17,1,5
2011-04-23,2011,4,23,30.11,1,5
2011-04-24,2011,4,24,29.74,1,5
2011-04-25,2011,4,25,29.81,1,5
2011-04-26,2011,4,26,29.89,1,5
2011-04-27,2011,4,27,29.89,1,5
2011-04-28,2011,4,28,29.71,1,5
2011-04-29,2011,4,29,29.63,1,5
2011-04-30,2011,4,30,29.43,1,5
2011-05-01,2011,5,1,29.49,1,5
2011-05-02,2011,5,2,29.54,1,5
2011-05-03,2011,5,3,29.53,1,5
2011-05-04,2011,5,4,29.45,1,5
2011-05-05,2011,5,5,29.35,1,5
2011-05-06,2011,5,6,29.23,1,5
2011-05-07,2011,5,7,29.07,1,5
2011-05-08,2011,5,8,29.01,1,5
2011-05-09,2011,5,9,28.88,1,5
2011-05-10,2011,5,10,28.94,1,5
2011-05-11,2011,5,11,29.22,1,5
2011-05-12,2011,5,12,29.2,1,5
2011-05-13,2011,5,13,29.45,1,5
2011-05-14,2011,5,14,29.71,1,5
2011-05-15,2011,5,15,29.8,1,5
2011-05-16,2011,5,16,29.92,1,5
2011-05-17,2011,5,17,29.66,1,5
2011-05-18,2011,5,18,29.83,1,5
2011-05-19,2011,5,19,29.62,1,5
2011-05-20,2011,5,20,29.7,1,5
2011-05-21,2011,5,21,29.86,1,5
2011-05-22,2011,5,22,30.27,1,5
2011-05-23,2011,5,23,30.3,1,5
2011-05-24,2011,5,24,30.06,1,5
2011-05-25,2011,5,25,29.98,1,5
2011-05-26,2011,5,26,29.88,1,5
2011-05-27,2011,5,27,29.63,1,5
2011-05-28,2011,5,28,29.48,1,5
2011-05-29,2011,5,29,29.46,1,5
2011-05-30,2011,5,30,29.39,1,5
2011-05-31,2011,5,31,29.45,1,5
2011-06-01,2011,6,1,29.38,1,5
2011-06-02,2011,6,2,29.4,1,5
2011-06-03,2011,6,3,29.4,1,5
2011-06-04,2011,6,4,29.39,1,5
2011-06-05,2011,6,5,,0,0
2011-06-06,2011,6,6,29.37,1,5
2011-06-07,2011,6,7,29.37,1,5
2011-06-08,2011,6,8,29.37,1,5
2011-06-09,2011,6,9,29.33,1,5
2011-06-10,2011,6,10,29.31,1,5
2011-06-11,2011,6,11,29.32,1,5
2011-06-12,2011,6,12,29.34,1,5
2011-06-13,2011,6,13,29.29,1,5
2011-06-14,2011,6,14,29.17,1,5
2011-06-15,2011,6,15,29.19,1,5
2011-06-16,2011,6,16,29.21,1,5
2011-06-17,2011,6,17,29.19,1,5
2011-06-18,2011,6,18,29.17,1,5
2011-06-19,2011,6,19,29.23,1,5
2011-06-20,2011,6,20,29.19,1,5
2011-06-21,2011,6,21,29.21,1,5
2011-06-22,2011,6,22,29.22,1,5
2011-06-23,2011,6,23,29.32,1,5
2011-06-24,2011,6,24,29.28,1,5
2011-06-25,2011,6,25,29.19,1,5
2011-06-26,2011,6,26,29.14,1,5
2011-06-27,2011,6,27,29.11,1,5
2011-06-28,2011,6,28,28.96,1,5
2011-06-29,2011,6,29,28.89,1,5
2011-06-30,2011,6,30,28.98,1,5
2011-07-01,2011,7,1,28.9,1,5
2011-07-02,2011,7,2,28.88,1,5
2011-07-03,2011,7,3,28.86,1,5
2011-07-04,2011,7,4,28.92,1,5
2011-07-05,2011,7,5,28.9,1,5
2011-07-06,2011,7,6,28.99,1,5
2011-07-07,2011,7,7,28.98,1,5
2011-07-08,2011,7,8,29.03,1,5
2011-07-09,2011,7,9,29.0,1,5
2011-07-10,2011,7,10,28.91,1,5
2011-07-11,2011,7,11,28.8,1,5
2011-07-12,2011,7,12,28.72,1,5
2011-07-13,2011,7,13,28.66,1,5
2011-07-14,2011,7,14,28.61,1,5
2011-07-15,2011,7,15,28.58,1,5
2011-07-16,2011,7,16,28.6,1,5
2011-07-17,2011,7,17,28.7,1,5
2011-07-18,2011,7,18,28.78,1,5
2011-07-19,2011,7,19,28.78,1,5
2011-07-20,2011,7,20,28.84,1,5
2011-07-21,2011,7,21,28.73,1,5
2011-07-22,2011,7,22,28.82,1,5
2011-07-23,2011,7,23,28.79,1,5
2011-07-24,2011,7,24,28.69,1,5
2011-07-25,2011,7,25,28.72,1,5
2011-07-26,2011,7,26,28.75,1,5
2011-07-27,2011,7,27,28.73,1,5
2011-07-28,2011,7,28,28.7,1,5
2011-07-29,2011,7,29,28.69,1,5
2011-07-30,2011,7,30,28.78,1,5
2011-07-31,2011,7,31,28.84,1,5
2011-08-01,2011,8,1,28.74,1,5
2011-08-02,2011,8,2,28.74,1,5
2011-08-03,2011,8,3,28.97,1,5
2011-08-04,2011,8,4,28.94,1,5
2011-08-05,2011,8,5,28.75,1,5
2011-08-06,2011,8,6,29.01,1,5
2011-08-07,2011,8,7,28.88,1,5
2011-08-08,2011,8,8,28.84,1,5
2011-08-09,2011,8,9,28.83,1,5
2011-08-10,2011,8,10,28.87,1,5
2011-08-11,2011,8,11,28.88,1,5
2011-08-12,2011,8,12,28.98,1,5
2011-08-13,2011,8,13,28.95,1,5
2011-08-14,2011,8,14,28.91,1,5
2011-08-15,2011,8,15,28.59,1,5
2011-08-16,2011,8,16,28.67,1,5
2011-08-17,2011,8,17,28.71,1,5
2011-08-18,2011,8,18,28.76,1,5
2011-08-19,2011,8,19,28.77,1,5
2011-08-20,2011,8,20,28.78,1,5
2011-08-21,2011,8,21,28.88,1,5
2011-08-22,2011,8,22,28.83,1,5
2011-08-23,2011,8,23,28.63,1,5
2011-08-24,2011,8,24,28.57,1,5
2011-08-25,2011,8,25,28.7,1,5
2011-08-26,2011,8,26,29.15,1,5
2011-08-27,2011,8,27,29.11,1,5
2011-08-28,2011,8,28,29.07,1,5
2011-08-29,2011,8,29,29.05,1,5
2011-08-30,2011,8,30,29.01,1,5
2011-08-31,2011,8,31,29.06,1,5
2011-09-01,2011,9,1,29.02,1,5
2011-09-02,2011,9,2,29.11,1,5
2011-09-03,2011,9,3,29.05,1,5
2011-09-04,2011,9,4,28.89,1,5
2011-09-05,2011,9,5,29.0,1,5
2011-09-06,2011,9,6,29.01,1,5
2011-09-07,2011,9,7,29.1,1,5
2011-09-08,2011,9,8,29.2,1,5
2011-09-09,2011,9,9,29.17,1,5
2011-09-10,2011,9,10,28.98,1,5
2011-09-11,2011,9,11,28.87,1,5
2011-09-12,2011,9,12,28.83,1,5
2011-09-13,2011,9,13,28.8,1,5
2011-09-14,2011,9,14,28.73,1,5
2011-09-15,2011,9,15,28.72,1,5
2011-09-16,2011,9,16,28.77,1,5
2011-09-17,2011,9,17,28.89,1,5
2011-09-18,2011,9,18,28.83,1,5
2011-09-19,2011,9,19,28.84,1,5
2011-09-20,2011,9,20,28.81,1,5
2011-09-21,2011,9,21,28.82,1,5
2011-09-22,2011,9,22,28.83,1,5
2011-09-23,2011,9,23,28.81,1,5
2011-09-24,2011,9,24,28.83,1,5
2011-09-25,2011,9,25,29.03,1,5
2011-09-26,2011,9,26,29.13,1,5
2011-09-27,2011,9,27,29.04,1,5
2011-09-28,2011,9,28,28.82,1,5
2011-09-29,2011,9,29,28.7,1,5
2011-09-30,2011,9,30,28.62,1,5
2011-10-01,2011,10,1,28.51,1,5
2011-10-02,2011,10,2,28.5,1,5
2011-10-03,2011,10,3,28.59,1,5
2011-10-04,2011,10,4,28.57,1,5
2011-10-05,2011,10,5,28.44,1,5
2011-10-06,2011,10,6,28.66,1,5
2011-10-07,2011,10,7,28.59,1,5
2011-10-08,2011,10,8,28.54,1,5
2011-10-09,2011,10,9,28.43,1,5
2011-10-10,2011,10,10,28.41,1,5
2011-10-11,2011,10,11,28.44,1,5
2011-10-12,2011,10,12,28.59,1,5
2011-10-13,2011,10,13,28.77,1,5
2011-10-14,2011,10,14,28.93,1,5
2011-10-15,2011,10,15,29.19,1,5
2011-10-16,2011,10,16,29.33,1,5
2011-10-17,2011,10,17,29.29,1,5
2011-10-18,2011,10,18,29.48,1,5
2011-10-19,2011,10,19,29.47,1,5
2011-10-20,2011,10,20,29.02,1,5
2011-10-21,2011,10,21,29.24,1,5
2011-10-22,2011,10,22,29.13,1,5
2011-10-23,2011,10,23,28.93,1,5
2011-10-24,2011,10,24,29.29,1,5
2011-10-25,2011,10,25,29.42,1,5
2011-10-26,2011,10,26,29.43,1,5
2011-10-27,2011,10,27,29.21,1,5
2011-10-28,2011,10,28,29.35,1,5
2011-10-29,2011,10,29,29.62,1,5
2011-10-30,2011,10,30,29.31,1,5
2011-10-31,2011,10,31,29.13,1,5
2011-11-01,2011,11,1,28.96,1,5
2011-11-02,2011,11,2,28.9,1,5
2011-11-03,2011,11,3,28.88,1,5
2011-11-04,2011,11,4,28.92,1,5
2011-11-05,2011,11,5,28.92,1,5
2011-11-06,2011,11,6,29.08,1,5
2011-11-07,2011,11,7,29.2,1,5
2011-11-08,2011,11,8,29.04,1,5
2011-11-09,2011,11,9,29.0,1,5
2011-11-10,2011,11,10,29.0,1,5
2011-11-11,2011,11,11,28.72,1,5
2011-11-12,2011,11,12,28.87,1,5
2011-11-13,2011,11,13,29.28,1,5
2011-11-14,2011,11,14,29.43,1,5
2011-11-15,2011,11,15,29.22,1,5
2011-11-16,2011,11,16,29.44,1,5
2011-11-17,2011,11,17,29.43,1,5
2011-11-18,2011,11,18,29.52,1,5
2011-11-19,2011,11,19,29.59,1,5
2011-11-20,2011,11,20,29.58,1,5
2011-11-21,2011,11,21,29.61,1,5
2011-11-22,2011,11,22,29.57,1,5
2011-11-23,2011,11,23,29.41,1,5
2011-11-24,2011,11,24,29.62,1,5
2011-11-25,2011,11,25,29.86,1,5
2011-11-26,2011,11,26,29.53,1,5
2011-11-27,2011,11,27,29.42,1,5
2011-11-28,2011,11,28,29.18,1,5
2011-11-29,2011,11,29,29.22,1,5
2011-11-30,2011,11,30,29.23,1,5
2011-12-01,2011,12,1,29.2,1,5
2011-12-02,2011,12,2,29.24,1,5
2011-12-03,2011,12,3,29.24,1,5
2011-12-04,2011,12,4,29.51,1,5
2011-12-05,2011,12,5,29.42,1,5
2011-12-06,2011,12,6,29.41,1,5
2011-12-07,2011,12,7,29.36,1,5
2011-12-08,2011,12,8,29.36,1,5
2011-12-09,2011,12,9,29.51,1,5
2011-12-10,2011,12,10,29.53,1,5
2011-12-11,2011,12,11,29.58,1,5
2011-12-12,2011,12,12,29.41,1,5
2011-12-13,2011,12,13,29.37,1,5
2011-12-14,2011,12,14,29.45,1,5
2011-12-15,2011,12,15,29.47,1,5
2011-12-16,2011,12,16,29.31,1,5
2011-12-17,2011,12,17,29.4,1,5
2011-12-18,2011,12,18,29.62,1,5
2011-12-19,2011,12,19,29.59,1,5
2011-12-20,2011,12,20,29.47,1,5
2011-12-21,2011,12,21,29.63,1,5
2011-12-22,2011,12,22,29.44,1,5
2011-12-23,2011,12,23,29.37,1,5
2011-12-24,2011,12,24,29.23,1,5
2011-12-25,2011,12,25,29.06,1,5
2011-12-26,2011,12,26,28.93,1,5
2011-12-27,2011,12,27,28.85,1,5
2011-12-28,2011,12,28,29.02,1,5
2011-12-29,2011,12,29,28.98,1,5
2011-12-30,2011,12,30,29.19,1,5
2011-12-31,2011,12,31,29.31,1,5
2012-01-01,2012,1,1,29.25,1,5
2012-01-02,2012,1,2,28.98,1,5
2012-01-03,2012,1,3,29.24,1,5
2012-01-04,2012,1,4,29.5,1,5
2012-01-05,2012,1,5,29.65,1,5
2012-01-06,2012,1,6,29.59,1,5
2012-01-07,2012,1,7,29.32,1,5
2012-01-08,2012,1,8,29.29,1,5
2012-01-09,2012,1,9,29.23,1,5
2012-01-10,2012,1,10,29.23,1,5
2012-01-11,2012,1,11,29.48,1,5
2012-01-12,2012,1,12,29.18,1,5
2012-01-13,2012,1,13,29.17,1,5
2012-01-14,2012,1,14,29.1,1,5
2012-01-15,2012,1,15,29.12,1,5
2012-01-16,2012,1,16,29.06,1,5
2012-01-17,2012,1,17,29.12,1,5
2012-01-18,2012,1,18,29.16,1,5
2012-01-19,2012,1,19,29.49,1,5
2012-01-20,2012,1,20,29.42,1,5
2012-01-21,2012,1,21,29.37,1,5
2012-01-22,2012,1,22,29.39,1,5
2012-01-23,2012,1,23,29.27,1,5
2012-01-24,2012,1,24,29.11,1,5
2012-01-25,2012,1,25,28.92,1,5
2012-01-26,2012,1,26,28.92,1,5
2012-01-27,2012,1,27,28.9,1,5
2012-01-28,2012,1,28,29.01,1,5
2012-01-29,2012,1,29,29.07,1,5
2012-01-30,2012,1,30,28.92,1,5
2012-01-31,2012,1,31,28.91,1,5
2012-02-01,2012,2,1,29.05,1,5
2012-02-02,2012,2,2,29.18,1,5
2012-02-03,2012,2,3,29.07,1,5
2012-02-04,2012,2,4,29.54,1,5
2012-02-05,2012,2,5,29.1,1,5
2012-02-06,2012,2,6,29.29,1,5
2012-02-07,2012,2,7,29.39,1,5
2012-02-08,2012,2,8,29.47,1,5
2012-02-09,2012,2,9,29.22,1,5
2012-02-10,2012,2,10,29.18,1,5
2012-02-11,2012,2,11,29.16,1,5
2012-02-12,2012,2,12,29.11,1,5
2012-02-13,2012,2,13,29.2,1,5
2012-02-14,2012,2,14,29.3,1,5
2012-02-15,2012,2,15,29.18,1,5
2012-02-16,2012,2,16,29.12,1,5
2012-02-17,2012,2,17,29.48,1,5
2012-02-18,2012,2,18,29.22,1,5
2012-02-19,2012,2,19,29.25,1,5
2012-02-20,2012,2,20,29.35,1,5
2012-02-21,2012,2,21,29.32,1,5
2012-02-22,2012,2,22,29.3,1,5
2012-02-23,2012,2,23,29.37,1,5
2012-02-24,2012,2,24,29.12,1,5
2012-02-25,2012,2,25,29.15,1,5
2012-02-26,2012,2,26,29.31,1,5
2012-02-27,2012,2,27,29.38,1,5
2012-02-28,2012,2,28,29.11,1,5
2012-02-29,2012,2,29,29.01,1,5
2012-03-01,2012,3,1,29.05,1,5
2012-03-02,2012,3,2,29.32,1,5
2012-03-03,2012,3,3,29.16,1,5
2012-03-04,2012,3,4,28.94,1,5
2012-03-05,2012,3,5,28.98,1,5
2012-03-06,2012,3,6,28.9,1,5
2012-03-07,2012,3,7,28.71,1,5
2012-03-08,2012,3,8,28.47,1,5
2012-03-09,2012,3,9,28.54,1,5
2012-03-10,2012,3,10,28.8,1,5
2012-03-11,2012,3,11,29.29,1,5
2012-03-12,2012,3,12,29.19,1,5
2012-03-13,2012,3,13,29.17,1,5
2012-03-14,2012,3,14,29.44,1,5
2012-03-15,2012,3,15,29.89,1,5
2012-03-16,2012,3,16,29.73,1,5
2012-03-17,2012,3,17,29.75,1,5
2012-03-18,2012,3,18,29.85,1,5
2012-03-19,2012,3,19,29.97,1,5
2012-03-20,2012,3,20,30.04,1,5
2012-03-21,2012,3,21,29.97,1,5
2012-03-22,2012,3,22,29.88,1,5
2012-03-23,2012,3,23,29.93,1,5
2012-03-24,2012,3,24,29.91,1,5
2012-03-25,2012,3,25,29.65,1,5
2012-03-26,2012,3,26,29.17,1,5
2012-03-27,2012,3,27,29.22,1,5
2012-03-28,2012,3,28,29.21,1,5
2012-03-29,2012,3,29,29.96,1,5
2012-03-30,2012,3,30,29.58,1,5
2012-03-31,2012,3,31,29.54,1,5
2012-04-01,2012,4,1,30.07,1,5
2012-04-02,2012,4,2,30.12,1,5
2012-04-03,2012,4,3,30.04,1,5
2012-04-04,2012,4,4,29.83,1,5
2012-04-05,2012,4,5,29.64,1,5
2012-04-06,2012,4,6,30.21,1,5
2012-04-07,2012,4,7,30.35,1,5
2012-04-08,2012,4,8,29.71,1,5
2012-04-09,2012,4,9,29.82,1,5
2012-04-10,2012,4,10,29.87,1,5
2012-04-11,2012,4,11,30.28,1,5
2012-04-12,2012,4,12,30.03,1,5
2012-04-13,2012,4,13,29.89,1,5
2012-04-14,2012,4,14,30.12,1,5
2012-04-15,2012,4,15,30.01,1,5
2012-04-16,2012,4,16,30.07,1,5
2012-04-17,2012,4,17,29.93,1,5
2012-04-18,2012,4,18,29.77,1,5
2012-04-19,2012,4,19,29.8,1,5
2012-04-20,2012,4,20,29.62,1,5
2012-04-21,2012,4,21,29.67,1,5
2012-04-22,2012,4,22,29.76,1,5
2012-04-23,2012,4,23,29.78,1,5
2012-04-24,2012,4,24,30.09,1,5
2012-04-25,2012,4,25,30.0,1,5
2012-04-26,2012,4,26,30.37,1,5
2012-04-27,2012,4,27,30.16,1,5
2012-04-28,2012,4,28,29.8,1,5
2012-04-29,2012,4,29,29.68,1,5
2012-04-30,2012,4,30,29.57,1,5
2012-05-01,2012,5,1,29.58,1,5
2012-05-02,2012,5,2,29.67,1,5
2012-05-03,2012,5,3,29.69,1,5
2012-05-04,2012,5,4,29.61,1,5
2012-05-05,2012,5,5,29.61,1,5
2012-05-06,2012,5,6,29.67,1,5
2012-05-07,2012,5,7,29.61,1,5
2012-05-08,2012,5,8,29.67,1,5
2012-05-09,2012,5,9,29.7,1,5
2012-05-10,2012,5,10,30.01,1,5
2012-05-11,2012,5,11,,0,0
2012-05-12,2012,5,12,29.87,2,1
2012-05-13,2012,5,13,29.97,2,1
2012-05-14,2012,5,14,29.83,2,1
2012-05-15,2012,5,15,29.85,2,1
2012-05-16,2012,5,16,29.82,2,1
2012-05-17,2012,5,17,29.88,2,1
2012-05-18,2012,5,18,29.86,2,1
2012-05-19,2012,5,19,29.96,2,1
2012-05-20,2012,5,20,29.94,2,1
2012-05-21,2012,5,21,29.8,2,1
2012-05-22,2012,5,22,29.76,2,1
2012-05-23,2012,5,23,29.75,2,1
2012-05-24,2012,5,24,29.68,2,1
2012-05-25,2012,5,25,29.64,2,1
2012-05-26,2012,5,26,29.56,2,1
2012-05-27,2012,5,27,29.55,2,1
2012-05-28,2012,5,28,29.54,2,1
2012-05-29,2012,5,29,29.53,2,1
2012-05-30,2012,5,30,29.42,2,1
2012-05-31,2012,5,31,29.39,2,1
2012-06-01,2012,6,1,29.31,2,1
2012-06-02,2012,6,2,29.28,2,1
2012-06-03,2012,6,3,29.27,2,1
2012-06-04,2012,6,4,29.2,2,1
2012-06-05,2012,6,5,29.17,2,1
2012-06-06,2012,6,6,29.08,2,1
2012-06-07,2012,6,7,28.97,2,1
2012-06-08,2012,6,8,28.88,2,1
2012-06-09,2012,6,9,28.84,2,1
2012-06-10,2012,6,10,28.82,2,1
2012-06-11,2012,6,11,28.85,2,1
2012-06-12,2012,6,12,28.88,2,1
2012-06-13,2012,6,13,28.91,2,1
2012-06-14,2012,6,14,28.97,2,1
2012-06-15,2012,6,15,29.05,2,1
2012-06-16,2012,6,16,29.02,2,1
2012-06-17,2012,6,17,28.99,2,1
2012-06-18,2012,6,18,29.18,2,1
2012-06-19,2012,6,19,29.2,2,1
2012-06-20,2012,6,20,29.11,2,1
2012-06-21,2012,6,21,29.18,2,1
2012-06-22,2012,6,22,29.39,2,1
2012-06-23,2012,6,23,29.31,2,1
2012-06-24,2012,6,24,29.29,2,1
2012-06-25,2012,6,25,29.34,2,1
2012-06-26,2012,6,26,29.47,2,1
2012-06-27,2012,6,27,29.13,2,1
2012-06-28,2012,6,28,29.27,2,1
2012-06-29,2012,6,29,29.2,2,1
2012-06-30,2012,6,30,29.18,2,1
2012-07-01,2012,7,1,29.13,2,1
2012-07-02,2012,7,2,29.03,2,1
2012-07-03,2012,7,3,29.03,2,1
2012-07-04,2012,7,4,28.93,2,1
2012-07-05,2012,7,5,28.95,2,1
2012-07-06,2012,7,6,28.85,2,1
2012-07-07,2012,7,7,28.91,2,1
2012-07-08,2012,7,8,28.8,2,1
2012-07-09,2012,7,9,28.8,2,1
2012-07-10,2012,7,10,28.72,2,1
2012-07-11,2012,7,11,28.77,2,1
2012-07-12,2012,7,12,28.74,2,1
2012-07-13,2012,7,13,28.69,2,1
2012-07-14,2012,7,14,28.66,2,1
2012-07-15,2012,7,15,28.63,2,1
2012-07-16,2012,7,16,28.65,2,1
2012-07-17,2012,7,17,28.7,2,1
2012-07-18,2012,7,18,28.73,2,1
2012-07-19,2012,7,19,28.7,2,1
2012-07-20,2012,7,20,28.77,2,1
2012-07-21,2012,7,21,28.72,2,1
2012-07-22,2012,7,22,28.73,2,1
2012-07-23,2012,7,23,28.69,2,1
2012-07-24,2012,7,24,28.6,2,1
2012-07-25,2012,7,25,28.67,2,1
2012-07-26,2012,7,26,28.65,2,1
2012-07-27,2012,7,27,28.66,2,1
2012-07-28,2012,7,28,28.61,2,1
2012-07-29,2012,7,29,28.7,2,1
2012-07-30,2012,7,30,28.78,2,1
2012-07-31,2012,7,31,28.76,2,1
2012-08-01,2012,8,1,28.77,2,1
2012-08-02,2012,8,2,28.75,2,1
2012-08-03,2012,8,3,28.74,2,1
2012-08-04,2012,8,4,28.79,2,1
2012-08-05,2012,8,5,28.81,2,1
2012-08-06,2012,8,6,28.92,2,1
2012-08-07,2012,8,7,29.07,2,1
2012-08-08,2012,8,8,29.24,2,1
2012-08-09,2012,8,9,29.23,2,1
2012-08-10,2012,8,10,29.16,2,1
2012-08-11,2012,8,11,29.22,2,1
2012-08-12,2012,8,12,29.51,2,1
2012-08-13,2012,8,13,29.64,2,1
2012-08-14,2012,8,14,29.96,2,1
2012-08-15,2012,8,15,29.78,2,1
2012-08-16,2012,8,16,29.37,2,1
2012-08-17,2012,8,17,29.35,2,1
2012-08-18,2012,8,18,29.21,2,1
2012-08-19,2012,8,19,29.11,2,1
2012-08-20,2012,8,20,29.0,2,1
2012-08-21,2012,8,21,28.92,2,1
2012-08-22,2012,8,22,28.84,2,1
2012-08-23,2012,8,23,28.78,2,1
2012-08-24,2012,8,24,28.9,2,1
2012-08-25,2012,8,25,28.79,2,1
2012-08-26,2012,8,26,28.75,2,1
2012-08-27,2012,8,27,28.62,2,1
2012-08-28,2012,8,28,28.53,2,1
2012-08-29,2012,8,29,28.59,2,1
2012-08-30,2012,8,30,28.54,2,1
2012-08-31,2012,8,31,28.64,2,1
2012-09-01,2012,9,1,28.68,2,1
2012-09-02,2012,9,2,28.79,2,1
2012-09-03,2012,9,3,28.83,2,1
2012-09-04,2012,9,4,28.81,2,1
2012-09-05,2012,9,5,28.82,2,1
2012-09-06,2012,9,6,28.8,2,1
2012-09-07,2012,9,7,28.98,2,1
2012-09-08,2012,9,8,28.9,2,1
2012-09-09,2012,9,9,28.73,2,1
2012-09-10,2012,9,10,28.72,2,1
2012-09-11,2012,9,11,28.67,2,1
2012-09-12,2012,9,12,28.46,2,1
2012-09-13,2012,9,13,28.53,2,1
2012-09-14,2012,9,14,28.88,2,1
2012-09-15,2012,9,15,28.65,2,1
2012-09-16,2012,9,16,28.56,2,1
2012-09-17,2012,9,17,28.59,2,1
2012-09-18,2012,9,18,28.61,2,1
2012-09-19,2012,9,19,28.64,2,1
2012-09-20,2012,9,20,28.68,2,1
2012-09-21,2012,9,21,29.21,2,1
2012-09-22,2012,9,22,29.41,2,1
2012-09-23,2012,9,23,29.53,2,1
2012-09-24,2012,9,24,29.16,2,1
2012-09-25,2012,9,25,28.9,2,1
2012-09-26,2012,9,26,28.65,2,1
2012-09-27,2012,9,27,28.52,2,1
2012-09-28,2012,9,28,28.38,2,1
2012-09-29,2012,9,29,28.37,2,1
2012-09-30,2012,9,30,28.45,2,1
2012-10-01,2012,10,1,28.5,2,1
2012-10-02,2012,10,2,28.62,2,1
2012-10-03,2012,10,3,28.82,2,1
2012-10-04,2012,10,4,28.84,2,1
2012-10-05,2012,10,5,29.37,2,1
2012-10-06,2012,10,6,29.59,2,1
2012-10-07,2012,10,7,29.53,2,1
2012-10-08,2012,10,8,29.55,2,1
2012-10-09,2012,10,9,29.35,2,1
2012-10-10,2012,10,10,29.36,2,1
2012-10-11,2012,10,11,29.78,2,1
2012-10-12,2012,10,12,29.8,2,1
2012-10-13,2012,10,13,29.74,2,1
2012-10-14,2012,10,14,29.78,2,1
2012-10-15,2012,10,15,29.6,2,1
2012-10-16,2012,10,16,29.47,2,1
2012-10-17,2012,10,17,29.31,2,1
2012-10-18,2012,10,18,29.15,2,1
2012-10-19,2012,10,19,28.97,2,1
2012-10-20,2012,10,20,29.06,2,1
2012-10-21,2012,10,21,29.17,2,1
2012-10-22,2012,10,22,29.26,2,1
2012-10-23,2012,10,23,29.43,2,1
2012-10-24,2012,10,24,29.17,2,1
2012-10-25,2012,10,25,29.01,2,1
2012-10-26,2012,10,26,29.02,2,1
2012-10-27,2012,10,27,29.08,2,1
2012-10-28,2012,10,28,29.03,2,1
2012-10-29,2012,10,29,28.89,2,1
2012-10-30,2012,10,30,28.85,2,1
2012-10-31,2012,10,31,29.0,2,1
2012-11-01,2012,11,1,28.85,2,1
2012-11-02,2012,11,2,28.97,2,1
2012-11-03,2012,11,3,28.77,2,1
2012-11-04,2012,11,4,29.06,2,1
2012-11-05,2012,11,5,29.02,2,1
2012-11-06,2012,11,6,28.72,2,1
2012-11-07,2012,11,7,28.94,2,1
2012-11-08,2012,11,8,28.93,2,1
2012-11-09,2012,11,9,28.91,2,1
2012-11-10,2012,11,10,28.74,2,1
2012-11-11,2012,11,11,28.7,2,1
2012-11-12,2012,11,12,28.66,2,1
2012-11-13,2012,11,13,28.7,2,1
2012-11-14,2012,11,14,28.69,2,1
2012-11-15,2012,11,15,28.83,2,1
2012-11-16,2012,11,16,28.95,2,1
2012-11-17,2012,11,17,28.92,2,1
2012-11-18,2012,11,18,29.12,2,1
2012-11-19,2012,11,19,29.32,2,1
2012-11-20,2012,11,20,29.41,2,1
2012-11-21,2012,11,21,29.37,2,1
2012-11-22,2012,11,22,29.81,2,1
2012-11-23,2012,11,23,29.67,2,1
2012-11-24,2012,11,24,29.55,2,1
2012-11-25,2012,11,25,29.29,2,1
2012-11-26,2012,11,26,29.27,2,1
2012-11-27,2012,11,27,29.4,2,1
2012-11-28,2012,11,28,29.4,2,1
2012-11-29,2012,11,29,29.18,2,1
2012-11-30,2012,11,30,29.01,2,1
2012-12-01,2012,12,1,28.95,2,1
2012-12-02,2012,12,2,29.23,2,1
2012-12-03,2012,12,3,29.2,2,1
2012-12-04,2012,12,4,29.26,2,1
2012-12-05,2012,12,5,29.36,2,1
2012-12-06,2012,12,6,29.24,2,1
2012-12-07,2012,12,7,29.26,2,1
2012-12-08,2012,12,8,29.34,2,1
2012-12-09,2012,12,9,29.37,2,1
2012-12-10,2012,12,10,29.4,2,1
2012-12-11,2012,12,11,29.23,2,1
2012-12-12,2012,12,12,29.39,2,1
2012-12-13,2012,12,13,29.35,2,1
2012-12-14,2012,12,14,29.16,2,1
2012-12-15,2012,12,15,28.86,2,1
2012-12-16,2012,12,16,29.18,2,1
2012-12-17,2012,12,17,29.2,2,1
2012-12-18,2012,12,18,29.19,2,1
2012-12-19,2012,12,19,29.17,2,1
2012-12-20,2012,12,20,29.13,2,1
2012-12-21,2012,12,21,29.09,2,1
2012-12-22,2012,12,22,29.46,2,1
2012-12-23,2012,12,23,29.09,2,1
2012-12-24,2012,12,24,29.11,2,1
2012-12-25,2012,12,25,29.49,2,1
2012-12-26,2012,12,26,29.2,2,1
2012-12-27,2012,12,27,29.16,2,1
2012-12-28,2012,12,28,29.12,2,1
2012-12-29,2012,12,29,29.32,2,1
2012-12-30,2012,12,30,29.57,2,1
2012-12-31,2012,12,31,28.94,2,1
2013-01-01,2013,1,1,29.03,2,1
2013-01-02,2013,1,2,29.01,2,1
2013-01-03,2013,1,3,29.04,2,1
2013-01-04,2013,1,4,29.3,2,1
2013-01-05,2013,1,5,29.28,2,1
2013-01-06,2013,1,6,29.27,2,1
2013-01-07,2013,1,7,29.1,2,1
2013-01-08,2013,1,8,29.29,2,1
2013-01-09,2013,1,9,29.17,2,1
2013-01-10,2013,1,10,29.54,2,1
2013-01-11,2013,1,11,29.31,2,1
2013-01-12,2013,1,12,29.49,2,1
2013-01-13,2013,1,13,29.31,2,1
2013-01-14,2013,1,14,29.14,2,1
2013-01-15,2013,1,15,29.07,2,1
2013-01-16,2013,1,16,29.08,2,1
2013-01-17,2013,1,17,28.99,2,1
2013-01-18,2013,1,18,29.14,2,1
2013-01-19,2013,1,19,29.13,2,1
2013-01-20,2013,1,20,29.18,2,1
2013-01-21,2013,1,21,29.26,2,1
2013-01-22,2013,1,22,29.26,2,1
2013-01-23,2013,1,23,29.2,2,1
2013-01-24,2013,1,24,29.22,2,1
2013-01-25,2013,1,25,29.22,2,1
2013-01-26,2013,1,26,29.38,2,1
2013-01-27,2013,1,27,29.14,2,1
2013-01-28,2013,1,28,29.25,2,1
2013-01-29,2013,1,29,29.16,2,1
2013-01-30,2013,1,30,29.24,2,1
2013-01-31,2013,1,31,29.29,2,1
2013-02-01,2013,2,1,,0,0
2013-02-02,2013,2,2,29.28,2,1
2013-02-03,2013,2,3,29.23,2,1
2013-02-04,2013,2,4,29.21,2,1
2013-02-05,2013,2,5,29.23,2,1
2013-02-06,2013,2,6,29.25,2,1
2013-02-07,2013,2,7,29.15,2,1
2013-02-08,2013,2,8,29.18,2,1
2013-02-09,2013,2,9,29.22,2,1
2013-02-10,2013,2,10,29.23,2,1
2013-02-11,2013,2,11,29.21,2,1
2013-04-17,2013,4,17,29.93,2,1
2013-04-18,2013,4,18,30.14,2,1
2013-04-19,2013,4,19,,0,0
2013-04-20,2013,4,20,30.56,2,1
2013-04-21,2013,4,21,30.49,2,1
2013-04-22,2013,4,22,30.72,2,1
2013-04-23,2013,4,23,30.47,2,1
2013-04-24,2013,4,24,,0,0
2013-04-25,2013,4,25,,0,0
2013-04-26,2013,4,26,,0,0
2013-04-27,2013,4,27,,0,0
2013-04-28,2013,4,28,,0,0
2013-04-29,2013,4,29,30.89,2,1
2013-04-30,2013,4,30,30.93,2,1
2013-05-01,2013,5,1,30.69,2,1
2013-05-02,2013,5,2,30.27,2,1
2013-05-03,2013,5,3,30.16,2,1
2013-05-04,2013,5,4,30.0,2,1
2013-05-05,2013,5,5,29.86,2,1
2013-05-06,2013,5,6,,0,0
2013-05-07,2013,5,7,29.81,2,1
2013-05-08,2013,5,8,29.79,2,1
2013-05-09,2013,5,9,29.58,2,1
2013-05-10,2013,5,10,,0,0
2013-05-11,2013,5,11,29.32,2,1
2013-05-12,2013,5,12,29.34,2,1
2013-05-13,2013,5,13,29.37,2,1
2013-05-14,2013,5,14,29.33,2,1
2013-05-30,2013,5,30,29.44,2,1
2013-05-31,2013,5,31,29.57,2,1
2013-06-01,2013,6,1,29.51,2,1
2013-08-13,2013,8,13,28.23,2,1
2013-08-14,2013,8,14,28.19,2,1
2013-08-15,2013,8,15,28.18,2,1
2013-08-16,2013,8,16,28.21,2,1
2013-08-17,2013,8,17,,0,0
2013-08-18,2013,8,18,28.28,2,1
2013-08-19,2013,8,19,28.41,2,1
2013-08-20,2013,8,20,28.37,2,1
2013-08-21,2013,8,21,28.34,2,1
2013-08-22,2013,8,22,28.34,2,1
2013-08-23,2013,8,23,28.45,2,1
2013-08-24,2013,8,24,28.56,2,1
2013-08-25,2013,8,25,,0,0
2013-08-26,2013,8,26,,0,0
2013-08-27,2013,8,27,28.58,2,1
2013-08-28,2013,8,28,28.58,2,1
2013-08-29,2013,8,29,28.64,2,1
2013-08-30,2013,8,30,28.56,2,1
2013-08-31,2013,8,31,,0,0
2013-09-01,2013,9,1,28.6,2,1
2013-09-02,2013,9,2,,0,0
2013-09-03,2013,9,3,,0,0
2013-09-04,2013,9,4,,0,0
2013-09-05,2013,9,5,28.43,2,1
2013-09-06,2013,9,6,,0,0
2013-09-07,2013,9,7,,0,0
2013-09-08,2013,9,8,28.46,2,1
2013-09-09,2013,9,9,,0,0
2013-09-10,2013,9,10,,0,0
2013-09-11,2013,9,11,,0,0
2013-09-12,2013,9,12,,0,0
2013-09-13,2013,9,13,,0,0
2013-09-14,2013,9,14,28.36,2,1
2013-09-15,2013,9,15,,0,0
2013-09-16,2013,9,16,,0,0
2013-09-17,2013,9,17,,0,0
2013-09-18,2013,9,18,,0,0
2013-09-19,2013,9,19,28.35,2,1
2013-09-20,2013,9,20,28.37,2,1
2013-09-21,2013,9,21,28.32,2,1
2013-09-22,2013,9,22,,0,0
2013-09-23,2013,9,23,28.38,2,1
2013-09-24,2013,9,24,28.4,2,1
2013-09-25,2013,9,25,28.46,2,1
2013-09-26,2013,9,26,28.53,2,1
2013-09-27,2013,9,27,28.58,2,1
2013-09-28,2013,9,28,28.56,2,1
2013-09-29,2013,9,29,,0,0
2013-09-30,2013,9,30,,0,0
2013-10-01,2013,10,1,,0,0
2013-10-02,2013,10,2,,0,0
2013-10-03,2013,10,3,28.54,2,1
2013-10-04,2013,10,4,,0,0
2013-10-05,2013,10,5,28.94,2,1
2013-10-06,2013,10,6,28.89,2,1
2013-10-07,2013,10,7,28.69,2,1
2013-10-08,2013,10,8,28.66,2,1
2013-10-09,2013,10,9,28.7,2,1
2013-10-10,2013,10,10,28.78,2,1
2013-10-11,2013,10,11,28.82,2,1
2013-10-28,2013,10,28,29.34,2,1
2013-10-29,2013,10,29,29.31,2,1
2013-10-30,2013,10,30,28.92,2,1
2013-10-31,2013,10,31,29.17,2,1
2013-11-01,2013,11,1,29.21,2,1
2013-11-02,2013,11,2,29.62,2,1
2013-11-03,2013,11,3,29.55,2,1
2013-11-04,2013,11,4,29.62,2,1
2014-11-30,2014,11,30,29.0,1,5
2014-12-01,2014,12,1,29.37,1,5
2014-12-02,2014,12,2,28.96,1,5
2014-12-03,2014,12,3,28.68,1,5
2014-12-04,2014,12,4,28.92,1,5
2014-12-05,2014,12,5,28.6,1,5
2014-12-06,2014,12,6,28.71,1,5
2014-12-07,2014,12,7,29.21,1,5
2014-12-08,2014,12,8,29.13,1,5
2014-12-09,2014,12,9,29.31,1,5
2014-12-10,2014,12,10,29.4,1,5
2014-12-11,2014,12,11,29.38,1,5
2014-12-12,2014,12,12,29.0,1,5
2014-12-13,2014,12,13,28.97,1,5
2014-12-14,2014,12,14,29.26,1,5
2014-12-15,2014,12,15,29.48,1,5
2014-12-16,2014,12,16,29.63,1,5
2014-12-17,2014,12,17,29.28,1,5
2014-12-18,2014,12,18,29.31,1,5
2014-12-19,2014,12,19,29.43,1,5
2014-12-20,2014,12,20,29.16,1,5
2014-12-21,2014,12,21,29.12,1,5
2014-12-22,2014,12,22,29.14,1,5
2014-12-23,2014,12,23,29.05,1,5
2014-12-24,2014,12,24,28.78,1,5
2014-12-25,2014,12,25,28.77,1,5
2014-12-26,2014,12,26,28.91,1,5
2014-12-27,2014,12,27,29.0,1,5
2014-12-28,2014,12,28,28.99,1,5
2014-12-29,2014,12,29,29.38,1,5
2014-12-30,2014,12,30,29.38,1,5
2014-12-31,2014,12,31,29.39,1,5
2015-01-01,2015,1,1,29.4,1,5
2015-01-02,2015,1,2,29.71,1,5
2015-01-03,2015,1,3,29.38,1,5
2015-01-04,2015,1,4,29.42,1,5
2015-01-05,2015,1,5,29.43,1,5
2015-01-06,2015,1,6,29.5,1,5
2015-01-07,2015,1,7,29.42,1,5
2015-01-08,2015,1,8,29.31,1,5
2015-01-09,2015,1,9,29.58,1,5
2015-01-10,2015,1,10,29.37,1,5
2015-01-11,2015,1,11,29.16,1,5
2015-01-12,2015,1,12,29.21,1,5
2015-01-13,2015,1,13,29.24,1,5
2015-01-14,2015,1,14,29.5,1,5
2015-01-15,2015,1,15,29.75,1,5
2015-01-16,2015,1,16,29.7,1,5
2015-01-17,2015,1,17,29.58,1,5
2015-01-18,2015,1,18,29.56,1,5
2015-01-19,2015,1,19,29.47,1,5
2015-01-20,2015,1,20,29.41,1,5
2015-01-21,2015,1,21,29.29,1,5
2015-01-22,2015,1,22,29.25,1,5
2015-01-23,2015,1,23,29.11,1,5
2015-01-24,2015,1,24,29.0,1,5
2015-01-25,2015,1,25,28.96,1,5
2015-01-26,2015,1,26,28.91,1,5
2015-01-27,2015,1,27,29.24,1,5
2015-01-28,2015,1,28,29.27,1,5
2015-01-29,2015,1,29,29.17,1,5
2015-01-30,2015,1,30,29.24,1,5
2015-01-31,2015,1,31,29.11,1,1
2015-02-01,2015,2,1,29.04,1,5
2015-02-02,2015,2,2,28.97,1,5
2015-02-03,2015,2,3,28.87,1,5
2015-02-04,2015,2,4,28.82,1,5
2015-02-05,2015,2,5,28.69,1,5
2015-02-06,2015,2,6,29.0,1,5
2015-02-07,2015,2,7,28.77,1,5
2015-02-08,2015,2,8,28.64,1,5
2015-02-09,2015,2,9,28.6,1,5
2015-02-10,2015,2,10,28.66,1,5
2015-02-11,2015,2,11,28.76,1,5
2015-02-12,2015,2,12,28.72,1,5
2015-02-13,2015,2,13,28.7,1,5
2015-02-14,2015,2,14,28.6,1,5
2015-02-15,2015,2,15,28.64,1,5
2015-02-16,2015,2,16,28.62,1,5
2015-02-17,2015,2,17,28.45,1,5
2015-02-18,2015,2,18,28.67,1,5
2015-02-19,2015,2,19,28.47,1,5
2015-02-20,2015,2,20,28.5,1,5
2015-02-21,2015,2,21,28.87,1,5
2015-02-22,2015,2,22,28.89,1,5
2015-02-23,2015,2,23,29.09,1,5
2015-02-24,2015,2,24,29.2,1,5
2015-02-25,2015,2,25,29.14,1,5
2015-02-26,2015,2,26,29.1,1,5
2015-02-27,2015,2,27,29.2,1,5
2015-02-28,2015,2,28,29.19,1,5
2015-03-01,2015,3,1,29.25,1,5
2015-03-02,2015,3,2,29.6,1,5
2015-03-03,2015,3,3,29.78,1,5
2015-03-04,2015,3,4,29.97,1,5
2015-03-05,2015,3,5,29.88,1,5
2015-03-06,2015,3,6,29.73,1,5
2015-03-07,2015,3,7,29.72,1,5
2015-03-08,2015,3,8,29.61,1,5
2015-03-09,2015,3,9,29.5,1,5
2015-03-10,2015,3,10,29.61,1,5
2015-03-11,2015,3,11,29.61,1,5
2015-03-12,2015,3,12,29.63,1,5
2015-03-13,2015,3,13,29.67,1,5
2015-03-14,2015,3,14,30.09,1,5
2015-03-15,2015,3,15,29.83,1,5
2015-03-16,2015,3,16,29.82,1,5
2015-03-17,2015,3,17,29.81,1,5
2015-03-18,2015,3,18,29.91,1,5
2015-03-19,2015,3,19,29.77,1,5
2015-03-20,2015,3,20,29.85,1,5
2015-03-21,2015,3,21,29.79,1,5
2015-03-22,2015,3,22,30.06,1,5
2015-03-23,2015,3,23,30.15,1,5
2015-03-24,2015,3,24,30.29,1,5
2015-03-25,2015,3,25,30.27,1,5
2015-03-26,2015,3,26,30.08,1,5
2015-03-27,2015,3,27,30.16,1,5
2015-03-28,2015,3,28,30.36,1,5
2015-03-29,2015,3,29,30.18,1,5
2015-03-30,2015,3,30,30.34,1,5
2015-03-31,2015,3,31,30.64,1,5
2015-04-01,2015,4,1,30.15,1,5
2015-04-02,2015,4,2,30.32,1,5
2015-04-03,2015,4,3,30.36,1,5
2015-04-04,2015,4,4,30.77,1,5
2015-04-05,2015,4,5,30.89,1,5
2015-04-06,2015,4,6,30.72,1,5
2015-04-07,2015,4,7,30.93,1,5
2015-04-08,2015,4,8,30.53,1,5
2015-04-09,2015,4,9,30.53,1,5
2015-04-10,2015,4,10,30.42,1,5
2015-04-11,2015,4,11,30.39,1,5
2015-04-12,2015,4,12,30.37,1,5
2015-04-13,2015,4,13,30.28,1,5
2015-04-14,2015,4,14,30.31,1,5
2015-04-15,2015,4,15,30.25,1,5
2015-04-16,2015,4,16,30.53,1,5
2015-04-17,2015,4,17,30.49,1,5
2015-04-18,2015,4,18,30.28,1,5
2015-04-19,2015,4,19,30.36,1,5
2015-04-20,2015,4,20,30.32,1,5
2015-04-21,2015,4,21,30.37,1,5
2015-04-22,2015,4,22,30.16,1,5
2015-04-23,2015,4,23,30.65,1,5
2015-04-24,2015,4,24,30.77,1,5
2015-04-25,2015,4,25,30.85,1,5
2015-04-26,2015,4,26,30.29,1,5
2015-04-27,2015,4,27,30.18,1,5
2015-04-28,2015,4,28,30.3,1,5
2015-04-29,2015,4,29,30.47,1,5
2015-04-30,2015,4,30,30.19,1,5
2015-05-01,2015,5,1,30.06,1,5
2015-05-02,2015,5,2,30.06,1,5
2015-05-03,2015,5,3,30.17,1,5
2015-05-04,2015,5,4,30.23,1,5
2015-05-05,2015,5,5,30.4,1,1
2015-05-06,2015,5,6,30.39,1,5
2015-05-07,2015,5,7,30.48,1,5
2015-05-08,2015,5,8,,0,0
2015-05-09,2015,5,9,30.13,1,5
2015-05-10,2015,5,10,30.27,1,5
2015-05-11,2015,5,11,30.2,1,5
2015-05-12,2015,5,12,30.07,1,5
2015-05-13,2015,5,13,30.03,1,5
2015-05-14,2015,5,14,29.97,1,5
2015-05-15,2015,5,15,30.13,1,5
2015-05-16,2015,5,16,30.08,1,5
2015-05-17,2015,5,17,30.19,1,5
2015-05-18,2015,5,18,30.53,1,5
2015-05-19,2015,5,19,30.46,1,5
2015-05-20,2015,5,20,30.33,1,5
2015-05-21,2015,5,21,30.3,1,5
2015-05-22,2015,5,22,30.27,1,5
2015-05-23,2015,5,23,30.52,1,5
2015-05-24,2015,5,24,30.19,1,5
2015-05-25,2015,5,25,30.16,1,5
2015-05-26,2015,5,26,30.11,1,5
2015-05-27,2015,5,27,30.1,1,5
2015-05-28,2015,5,28,30.24,1,5
2015-05-29,2015,5,29,30.12,1,5
2015-05-30,2015,5,30,30.24,1,5
2015-05-31,2015,5,31,30.46,1,5
2015-06-01,2015,6,1,30.35,1,5
2015-06-02,2015,6,2,30.6,1,5
2015-06-03,2015,6,3,30.85,1,5
2015-06-04,2015,6,4,30.65,1,5
2015-06-05,2015,6,5,30.68,1,5
2015-06-06,2015,6,6,30.99,1,5
2015-06-07,2015,6,7,30.45,1,5
2015-06-08,2015,6,8,30.53,1,5
2015-06-09,2015,6,9,30.43,1,5
2015-06-10,2015,6,10,30.35,1,5
2015-06-11,2015,6,11,30.26,1,5
2015-06-12,2015,6,12,30.17,1,5
2015-06-13,2015,6,13,30.45,1,5
2015-06-14,2015,6,14,30.24,1,5
2015-06-15,2015,6,15,30.29,1,5
2015-06-16,2015,6,16,30.23,1,5
2015-06-17,2015,6,17,30.23,1,5
2015-06-18,2015,6,18,30.22,1,5
2015-06-19,2015,6,19,30.2,1,5
2015-06-20,2015,6,20,30.19,1,5
2015-06-21,2015,6,21,30.15,1,5
2015-06-22,2015,6,22,30.16,1,5
2015-06-23,2015,6,23,30.25,1,5
2015-06-24,2015,6,24,30.24,1,5
2015-06-25,2015,6,25,30.28,1,5
2015-06-26,2015,6,26,30.28,1,5
2015-06-27,2015,6,27,30.25,1,5
2015-06-28,2015,6,28,30.2,1,5
2015-06-29,2015,6,29,30.09,1,5
2015-06-30,2015,6,30,30.23,1,5
2015-07-01,2015,7,1,30.14,1,5
2015-07-02,2015,7,2,30.21,1,5
2015-07-03,2015,7,3,29.99,1,5
2015-07-04,2015,7,4,29.82,1,5
2015-07-05,2015,7,5,29.8,1,5
2015-07-06,2015,7,6,29.8,1,5
2015-07-07,2015,7,7,29.7,1,5
2015-07-08,2015,7,8,29.55,1,5
2015-07-09,2015,7,9,29.45,1,5
2015-07-10,2015,7,10,29.39,1,5
2015-07-11,2015,7,11,29.41,1,5
2015-07-12,2015,7,12,29.32,1,5
2015-07-13,2015,7,13,29.34,1,5
2015-07-14,2015,7,14,29.28,1,5
2015-07-15,2015,7,15,29.21,1,5
2015-07-16,2015,7,16,29.13,1,5
2015-07-17,2015,7,17,29.08,1,5
2015-07-18,2015,7,18,29.09,1,5
2015-07-19,2015,7,19,29.11,1,5
2015-07-20,2015,7,20,29.2,1,5
2015-07-21,2015,7,21,29.19,1,5
2015-07-22,2015,7,22,29.21,1,5
2015-07-23,2015,7,23,29.32,1,5
2015-07-24,2015,7,24,29.66,1,5
2015-07-25,2015,7,25,29.47,1,5
2015-07-26,2015,7,26,29.42,1,5
2015-07-27,2015,7,27,29.35,1,5
2015-07-28,2015,7,28,29.42,1,5
2015-07-29,2015,7,29,29.52,1,5
2015-07-30,2015,7,30,29.36,1,5
2015-07-31,2015,7,31,29.46,1,5
2015-08-01,2015,8,1,29.36,1,5
2015-08-02,2015,8,2,29.32,1,5
2015-08-03,2015,8,3,29.24,1,5
2015-08-04,2015,8,4,29.19,1,5
2015-08-05,2015,8,5,29.17,1,5
2015-08-06,2015,8,6,29.12,1,5
2015-08-07,2015,8,7,29.05,1,5
2015-08-08,2015,8,8,29.07,1,5
2015-08-09,2015,8,9,29.1,1,5
2015-08-10,2015,8,10,28.95,1,5
2015-08-11,2015,8,11,29.08,1,5
2015-08-12,2015,8,12,29.04,1,5
2015-08-13,2015,8,13,28.95,1,5
2015-08-14,2015,8,14,28.93,1,5
2015-08-15,2015,8,15,28.98,1,5
2015-08-16,2015,8,16,28.9,1,5
2015-08-17,2015,8,17,28.89,1,5
2015-08-18,2015,8,18,29.18,1,5
2015-08-19,2015,8,19,29.74,1,5
2015-08-20,2015,8,20,29.32,1,5
2015-08-21,2015,8,21,29.26,1,5
2015-08-22,2015,8,22,29.23,1,5
2015-08-23,2015,8,23,29.32,1,5
2015-08-24,2015,8,24,29.37,1,5
2015-08-25,2015,8,25,29.33,1,5
2015-08-26,2015,8,26,29.3,1,5
2015-08-27,2015,8,27,29.32,1,5
2015-08-28,2015,8,28,29.15,1,5
2015-08-29,2015,8,29,29.32,1,5
2015-08-30,2015,8,30,29.1,1,5
2015-08-31,2015,8,31,29.37,1,5
2015-09-01,2015,9,1,29.33,1,5
2015-09-02,2015,9,2,29.4,1,5
2015-09-03,2015,9,3,29.3,1,5
2015-09-04,2015,9,4,29.6,1,5
2015-09-05,2015,9,5,29.43,1,5
2015-09-06,2015,9,6,29.39,1,5
2015-09-07,2015,9,7,29.55,1,5
2015-09-08,2015,9,8,29.48,1,5
2015-09-09,2015,9,9,29.24,1,5
2015-09-10,2015,9,10,29.29,1,5
2015-09-11,2015,9,11,29.32,1,5
2015-09-12,2015,9,12,29.38,1,5
2015-09-13,2015,9,13,29.27,1,5
2015-09-14,2015,9,14,29.21,1,5
2015-09-15,2015,9,15,29.2,1,5
2015-09-16,2015,9,16,29.18,1,5
2015-09-17,2015,9,17,29.14,1,5
2015-09-18,2015,9,18,29.18,1,5
2015-09-19,2015,9,19,29.25,1,5
2015-09-20,2015,9,20,29.54,1,5
2015-09-21,2015,9,21,29.53,1,5
2015-09-22,2015,9,22,29.38,1,5
2015-09-23,2015,9,23,29.3,1,5
2015-09-24,2015,9,24,29.29,1,5
2015-09-25,2015,9,25,29.1,1,5
2015-09-26,2015,9,26,29.08,1,5
2015-09-27,2015,9,27,29.02,1,5
2015-09-28,2015,9,28,28.95,1,5
2015-09-29,2015,9,29,29.01,1,5
2015-09-30,2015,9,30,28.87,1,5
2015-10-01,2015,10,1,29.11,1,5
2015-10-02,2015,10,2,29.09,1,5
2015-10-03,2015,10,3,29.36,1,5
2015-10-04,2015,10,4,29.05,1,5
2015-10-05,2015,10,5,29.2,1,5
2015-10-06,2015,10,6,29.17,1,5
2015-10-07,2015,10,7,29.54,1,5
2015-10-08,2015,10,8,29.43,1,5
2015-10-09,2015,10,9,29.45,1,5
2015-10-10,2015,10,10,29.74,1,5
2015-10-11,2015,10,11,29.98,1,5
2015-10-12,2015,10,12,30.02,1,5
2015-10-13,2015,10,13,30.5,1,5
2015-10-14,2015,10,14,29.81,1,5
2015-10-15,2015,10,15,29.19,1,5
2015-10-16,2015,10,16,30.0,1,5
2015-10-17,2015,10,17,30.18,1,5
2015-10-18,2015,10,18,30.35,1,5
2015-10-19,2015,10,19,30.34,1,5
2015-10-20,2015,10,20,29.56,1,5
2015-10-21,2015,10,21,29.72,1,5
2015-10-22,2015,10,22,29.84,1,5
2015-10-23,2015,10,23,29.45,1,5
2015-10-24,2015,10,24,29.84,1,5
2015-10-25,2015,10,25,29.7,1,5
2015-10-26,2015,10,26,29.37,1,5
2015-10-27,2015,10,27,29.22,1,5
2015-10-28,2015,10,28,29.24,1,5
2015-10-29,2015,10,29,29.25,1,5
2015-10-30,2015,10,30,29.41,1,5
2015-10-31,2015,10,31,29.6,1,5
2015-11-01,2015,11,1,29.77,1,5
2015-11-02,2015,11,2,29.76,1,5
2015-11-03,2015,11,3,29.57,1,5
2015-11-04,2015,11,4,29.56,1,5
2015-11-05,2015,11,5,29.31,1,5
2015-11-06,2015,11,6,29.18,1,5
2015-11-07,2015,11,7,29.08,1,5
2015-11-08,2015,11,8,29.33,1,5
2015-11-09,2015,11,9,29.25,1,5
2015-11-10,2015,11,10,29.21,1,5
2015-11-11,2015,11,11,29.07,1,5
2015-11-12,2015,11,12,28.98,1,5
2015-11-13,2015,11,13,29.3,1,5
2015-11-14,2015,11,14,29.1,1,5
2015-11-15,2015,11,15,29.03,1,5
2015-11-16,2015,11,16,28.94,1,5
2015-11-17,2015,11,17,29.45,1,5
2015-11-18,2015,11,18,29.54,1,5
2015-11-19,2015,11,19,29.55,1,5
2015-11-20,2015,11,20,29.13,1,5
2015-11-21,2015,11,21,29.38,1,5
2015-11-22,2015,11,22,29.19,1,5
2015-11-23,2015,11,23,29.23,1,5
2015-11-24,2015,11,24,29.32,1,5
2015-11-25,2015,11,25,29.27,1,5
2015-11-26,2015,11,26,29.27,1,5
2015-11-27,2015,11,27,29.39,1,5
2015-11-28,2015,11,28,29.38,1,5
2015-11-29,2015,11,29,29.26,1,5
2015-11-30,2015,11,30,29.35,1,5
2015-12-01,2015,12,1,29.36,1,5
2015-12-02,2015,12,2,29.38,1,5
2015-12-03,2015,12,3,29.26,1,5
2015-12-04,2015,12,4,29.45,1,5
2015-12-05,2015,12,5,29.62,1,5
2015-12-06,2015,12,6,29.41,1,5
2015-12-07,2015,12,7,29.49,1,5
2015-12-08,2015,12,8,29.69,1,5
2015-12-09,2015,12,9,29.59,1,5
2015-12-10,2015,12,10,29.5,1,5
2015-12-11,2015,12,11,29.42,1,5
2015-12-12,2015,12,12,29.33,1,5
2015-12-13,2015,12,13,29.49,1,5
2015-12-14,2015,12,14,29.34,1,5
2015-12-15,2015,12,15,29.13,1,5
2015-12-16,2015,12,16,29.23,1,5
2015-12-17,2015,12,17,29.22,1,5
2015-12-18,2015,12,18,29.34,1,5
2015-12-19,2015,12,19,29.5,1,5
2015-12-20,2015,12,20,29.3,1,5
2015-12-21,2015,12,21,29.3,1,5
2015-12-22,2015,12,22,29.3,1,5
2015-12-23,2015,12,23,29.37,1,5
2015-12-24,2015,12,24,29.33,1,5
2015-12-25,2015,12,25,29.38,1,5
2015-12-26,2015,12,26,29.47,1,5
2015-12-27,2015,12,27,29.75,1,5
2015-12-28,2015,12,28,29.6,1,5
2015-12-29,2015,12,29,29.49,1,5
2015-12-30,2015,12,30,29.41,1,5
2015-12-31,2015,12,31,29.4,1,5
2016-01-01,2016,1,1,29.43,1,5
2016-01-02,2016,1,2,29.56,1,5
2016-01-03,2016,1,3,29.64,1,5
2016-01-04,2016,1,4,29.6,1,5
2016-01-05,2016,1,5,29.5,1,5
2016-01-06,2016,1,6,29.59,1,5
2016-01-07,2016,1,7,29.54,1,5
2016-01-08,2016,1,8,29.6,1,5
2016-01-09,2016,1,9,29.59,1,5
2016-01-10,2016,1,10,29.59,1,5
2016-01-11,2016,1,11,29.52,1,5
2016-01-12,2016,1,12,29.55,1,5
2016-01-13,2016,1,13,29.52,1,5
2016-01-14,2016,1,14,29.55,1,5
2016-01-15,2016,1,15,29.45,1,5
2016-01-16,2016,1,16,29.43,1,5
2016-01-17,2016,1,17,29.41,1,5
2016-01-18,2016,1,18,29.46,1,5
2016-01-19,2016,1,19,29.45,1,5
2016-01-20,2016,1,20,29.44,1,5
2016-01-21,2016,1,21,29.45,1,5
2016-01-22,2016,1,22,29.7,1,5
2016-01-23,2016,1,23,29.76,1,5
2016-01-24,2016,1,24,29.77,1,5
2016-01-25,2016,1,25,29.66,1,5
2016-01-26,2016,1,26,29.58,1,5
2016-01-27,2016,1,27,29.82,1,5
2016-01-28,2016,1,28,29.97,1,5
2016-01-29,2016,1,29,29.6,1,5
2016-01-30,2016,1,30,29.54,1,5
2016-01-31,2016,1,31,29.57,1,5
2016-02-01,2016,2,1,29.62,1,5
2016-02-02,2016,2,2,29.52,1,5
2016-02-03,2016,2,3,29.39,1,5
2016-02-04,2016,2,4,29.42,1,5
2016-02-05,2016,2,5,29.45,1,5
2016-02-06,2016,2,6,29.43,1,5
2016-02-07,2016,2,7,29.02,1,5
2016-02-08,2016,2,8,29.13,1,5
2016-02-09,2016,2,9,29.22,1,5
2016-02-10,2016,2,10,29.25,1,5
2016-02-11,2016,2,11,29.33,1,5
2016-02-12,2016,2,12,29.32,1,5
2016-02-13,2016,2,13,29.48,1,5
2016-02-14,2016,2,14,29.62,1,5
2016-02-15,2016,2,15,29.42,1,5
2016-02-16,2016,2,16,29.41,1,5
2016-02-17,2016,2,17,29.53,1,5
2016-02-18,2016,2,18,29.7,1,5
2016-02-19,2016,2,19,29.99,1,5
2016-02-20,2016,2,20,29.62,1,5
2016-02-21,2016,2,21,29.54,1,5
2016-02-22,2016,2,22,29.48,1,5
2016-02-23,2016,2,23,29.63,1,5
2016-02-24,2016,2,24,29.74,1,5
2016-02-25,2016,2,25,29.57,1,5
2016-02-26,2016,2,26,29.58,1,5
2016-02-27,2016,2,27,29.64,1,5
2016-02-28,2016,2,28,29.67,1,5
2016-02-29,2016,2,29,29.66,1,5
2016-03-01,2016,3,1,29.69,1,5
2016-03-02,2016,3,2,29.72,1,5
2016-03-03,2016,3,3,29.62,1,5
2016-03-04,2016,3,4,29.64,1,5
2016-03-05,2016,3,5,29.67,1,5
2016-03-06,2016,3,6,29.67,1,5
2016-03-07,2016,3,7,29.67,1,5
2016-03-08,2016,3,8,,0,0
2016-03-09,2016,3,9,29.61,2,1
2016-03-10,2016,3,10,30.19,2,1
2016-03-11,2016,3,11,29.74,2,1
2016-03-12,2016,3,12,29.91,2,1
2016-03-13,2016,3,13,30.02,2,1
2016-03-14,2016,3,14,30.14,2,1
2016-03-15,2016,3,15,29.95,2,1
2016-03-16,2016,3,16,29.89,2,1
2016-03-17,2016,3,17,30.12,2,1
2016-03-18,2016,3,18,30.03,2,1
2016-03-19,2016,3,19,30.09,2,1
2016-03-20,2016,3,20,29.92,2,1
2016-03-21,2016,3,21,30.27,2,1
2016-03-22,2016,3,22,30.36,2,1
2016-03-23,2016,3,23,30.14,2,1
2016-03-24,2016,3,24,30.25,2,1
2016-03-25,2016,3,25,30.36,2,1
2016-03-26,2016,3,26,30.13,2,1
2016-03-27,2016,3,27,30.37,2,1
2016-03-28,2016,3,28,30.51,2,1
2016-03-29,2016,3,29,30.44,2,1
2016-03-30,2016,3,30,30.58,2,1
2016-03-31,2016,3,31,31.16,2,1
2016-04-01,2016,4,1,31.17,2,1
2016-04-02,2016,4,2,30.97,2,1
2016-04-03,2016,4,3,31.0,2,1
2016-04-04,2016,4,4,30.82,2,1
2016-04-05,2016,4,5,30.94,2,1
2016-04-06,2016,4,6,30.51,2,1
2016-04-07,2016,4,7,30.73,2,1
2016-04-08,2016,4,8,31.16,2,1
2016-04-09,2016,4,9,30.56,2,1
2016-04-10,2016,4,10,30.78,2,1
2016-04-11,2016,4,11,30.38,2,1
2016-04-12,2016,4,12,30.67,2,1
2016-04-13,2016,4,13,31.2,2,1
2016-04-14,2016,4,14,31.21,2,1
2016-04-15,2016,4,15,31.1,2,1
2016-04-16,2016,4,16,31.07,2,1
2016-04-17,2016,4,17,31.16,2,1
2016-04-18,2016,4,18,31.29,2,1
2016-04-19,2016,4,19,31.4,2,1
2016-04-20,2016,4,20,31.41,2,1
2016-04-21,2016,4,21,31.43,2,1
2016-04-22,2016,4,22,31.27,2,1
2016-04-23,2016,4,23,31.2,2,1
2016-04-24,2016,4,24,30.99,2,1
2016-04-25,2016,4,25,31.2,2,1
2016-04-26,2016,4,26,31.47,2,1
2016-04-27,2016,4,27,31.58,2,1
2016-04-28,2016,4,28,31.78,2,1
2016-04-29,2016,4,29,31.62,2,1
2016-04-30,2016,4,30,31.32,2,1
2016-05-01,2016,5,1,31.58,2,1
2016-05-02,2016,5,2,31.29,2,1
2016-05-03,2016,5,3,31.32,2,1
2016-05-04,2016,5,4,30.94,2,1
2016-05-05,2016,5,5,31.16,2,1
2016-05-06,2016,5,6,31.1,2,1
2016-05-07,2016,5,7,31.2,2,1
2016-05-08,2016,5,8,31.37,2,1
2016-05-09,2016,5,9,31.22,2,1
2016-05-10,2016,5,10,31.3,2,1
2016-05-11,2016,5,11,31.36,2,1
2016-05-12,2016,5,12,30.97,2,1
2016-05-13,2016,5,13,30.86,2,1
2016-05-14,2016,5,14,30.71,2,1
2016-05-15,2016,5,15,30.55,2,1
2016-05-16,2016,5,16,30.66,2,1
2016-05-17,2016,5,17,,0,0
2016-05-18,2016,5,18,30.43,2,1
2016-05-19,2016,5,19,30.48,2,1
2016-05-20,2016,5,20,30.46,2,1
2016-05-21,2016,5,21,30.45,2,1
2016-05-22,2016,5,22,30.4,2,1
2016-05-23,2016,5,23,30.37,2,1
2016-05-24,2016,5,24,,0,0
2016-05-25,2016,5,25,30.29,2,1
2016-05-26,2016,5,26,30.24,2,1
2016-05-27,2016,5,27,30.18,2,1
2016-05-28,2016,5,28,30.12,2,1
2016-05-29,2016,5,29,30.11,2,1
2016-05-30,2016,5,30,30.04,2,1
2016-05-31,2016,5,31,30.06,2,1
2016-06-01,2016,6,1,30.06,2,1
2016-06-02,2016,6,2,30.04,2,1
2016-06-03,2016,6,3,30.05,2,1
2016-06-04,2016,6,4,30.03,2,1
2016-06-05,2016,6,5,30.1,2,1
2016-06-06,2016,6,6,30.14,2,1
2016-06-07,2016,6,7,30.18,2,1
2016-06-08,2016,6,8,30.11,2,1
2016-06-09,2016,6,9,30.1,2,1
2016-06-10,2016,6,10,30.15,2,1
2016-06-11,2016,6,11,30.03,2,1
2016-06-12,2016,6,12,29.94,2,1
2016-06-13,2016,6,13,29.93,2,1
2016-06-14,2016,6,14,29.9,2,1
2016-06-15,2016,6,15,29.82,2,1
2016-06-16,2016,6,16,29.8,2,1
2016-06-17,2016,6,17,29.77,2,1
2016-06-18,2016,6,18,29.73,2,1
2016-06-19,2016,6,19,29.56,2,1
2016-06-20,2016,6,20,29.5,2,1
2017-03-05,2017,3,5,28.88,2,1
2017-03-06,2017,3,6,29.08,2,1
2017-03-07,2017,3,7,29.19,2,1
2017-03-08,2017,3,8,29.4,2,1
2017-03-09,2017,3,9,29.19,2,1
2017-03-10,2017,3,10,29.81,2,1
2017-03-11,2017,3,11,29.91,2,1
2017-03-12,2017,3,12,29.91,2,1
2017-03-13,2017,3,13,29.63,2,1
2017-03-14,2017,3,14,29.61,2,1
2017-03-15,2017,3,15,29.57,2,1
2017-03-16,2017,3,16,29.66,2,1
2017-03-17,2017,3,17,29.67,2,1
2017-03-18,2017,3,18,29.93,2,1
2017-03-19,2017,3,19,29.89,2,1
2017-03-20,2017,3,20,29.7,2,1
2017-03-21,2017,3,21,29.63,2,1
2017-03-22,2017,3,22,29.57,2,1
2017-03-23,2017,3,23,30.25,2,1
2017-03-24,2017,3,24,30.1,2,1
2017-03-25,2017,3,25,30.01,2,1
2017-03-26,2017,3,26,30.28,2,1
2017-03-27,2017,3,27,30.38,2,1
2017-03-28,2017,3,28,30.16,2,1
2017-03-29,2017,3,29,30.29,2,1
2017-03-30,2017,3,30,30.32,2,1
2017-03-31,2017,3,31,30.2,2,1
2017-04-01,2017,4,1,30.34,2,1
2017-04-02,2017,4,2,30.1,2,1
2017-04-03,2017,4,3,30.36,2,1
2017-04-04,2017,4,4,30.35,2,1
2017-04-05,2017,4,5,30.37,2,1
2017-04-06,2017,4,6,30.14,2,1
2017-04-07,2017,4,7,30.28,2,1
2017-04-08,2017,4,8,30.45,2,1
2017-04-09,2017,4,9,30.45,2,1
2017-04-10,2017,4,10,30.19,2,1
2017-04-11,2017,4,11,29.9,2,1
2017-04-12,2017,4,12,29.79,2,1
2017-04-13,2017,4,13,29.65,2,1
2017-04-14,2017,4,14,29.56,2,1
2017-04-15,2017,4,15,29.35,2,1
2017-04-16,2017,4,16,29.47,2,1
2017-04-17,2017,4,17,29.63,2,1
2017-04-18,2017,4,18,29.69,2,1
2017-04-19,2017,4,19,29.79,2,1
2017-04-20,2017,4,20,29.89,2,1
2017-04-21,2017,4,21,30.2,2,1
2017-04-22,2017,4,22,30.17,2,1
2017-04-23,2017,4,23,30.42,2,1
2017-04-24,2017,4,24,30.52,2,1
2017-04-25,2017,4,25,30.29,2,1
2017-04-26,2017,4,26,30.22,2,1
2017-04-27,2017,4,27,30.16,2,1
2017-04-28,2017,4,28,30.19,2,1
2017-04-29,2017,4,29,30.44,2,1
2017-04-30,2017,4,30,30.94,2,1
2017-05-01,2017,5,1,30.53,2,1
2017-05-02,2017,5,2,30.73,2,1
2017-05-03,2017,5,3,30.61,2,1
2017-05-04,2017,5,4,30.72,2,1
2017-05-05,2017,5,5,30.51,2,1
2017-05-06,2017,5,6,30.51,2,1
2017-05-07,2017,5,7,30.84,2,1
2017-05-08,2017,5,8,31.03,2,1
2017-05-09,2017,5,9,30.38,2,1
2017-05-10,2017,5,10,30.26,2,1
2017-05-11,2017,5,11,30.05,2,1
2017-05-12,2017,5,12,29.98,2,1
2017-05-13,2017,5,13,30.01,2,1
2017-05-14,2017,5,14,29.88,2,1
2017-05-15,2017,5,15,29.88,2,1
2017-05-16,2017,5,16,29.78,2,1
2017-05-17,2017,5,17,29.73,2,1
2017-05-18,2017,5,18,29.69,2,1
2017-05-19,2017,5,19,29.6,2,1
2017-05-20,2017,5,20,29.5,2,1
2017-05-21,2017,5,21,29.4,2,1
2017-05-22,2017,5,22,29.15,2,1
2017-05-23,2017,5,23,28.96,2,1
2017-05-24,2017,5,24,28.89,2,1
2017-05-25,2017,5,25,28.97,2,1
2017-05-26,2017,5,26,29.1,2,1
2017-05-27,2017,5,27,29.15,2,1
2017-05-28,2017,5,28,29.13,2,1
2017-05-29,2017,5,29,29.19,2,1
2017-05-30,2017,5,30,29.17,2,1
2017-05-31,2017,5,31,29.14,2,1
2017-06-01,2017,6,1,29.01,2,1
2017-06-02,2017,6,2,28.99,2,1
2017-06-03,2017,6,3,28.99,2,1
2017-06-04,2017,6,4,29.13,2,1
2017-06-05,2017,6,5,29.13,2,1
2017-06-06,2017,6,6,29.18,2,1
2017-06-07,2017,6,7,29.11,2,1
2017-06-08,2017,6,8,29.12,2,1
2017-06-09,2017,6,9,29.16,2,1
2017-06-10,2017,6,10,29.17,2,1
2017-06-11,2017,6,11,29.19,2,1
2017-06-12,2017,6,12,29.24,2,1
2017-06-13,2017,6,13,29.17,2,1
2017-06-14,2017,6,14,29.23,2,1
2018-06-04,2018,6,4,29.79,2,1
2018-06-05,2018,6,5,29.82,2,1
2018-06-06,2018,6,6,29.9,2,1
2018-06-07,2018,6,7,29.88,2,1
2018-06-08,2018,6,8,29.76,2,1
2018-06-09,2018,6,9,29.55,2,1
2018-06-10,2018,6,10,29.51,2,1
2018-06-11,2018,6,11,29.47,2,1
2018-06-12,2018,6,12,29.5,2,1
2018-06-13,2018,6,13,29.62,2,1
2018-06-14,2018,6,14,29.64,2,1
2018-06-15,2018,6,15,29.58,2,1
2018-06-16,2018,6,16,29.52,2,1
2018-06-17,2018,6,17,29.46,2,1
2018-06-18,2018,6,18,29.37,2,1
2018-06-19,2018,6,19,29.32,2,1
2018-06-20,2018,6,20,29.31,2,1
2018-06-21,2018,6,21,29.42,2,1
2018-06-22,2018,6,22,29.42,2,1
2018-06-23,2018,6,23,29.34,2,1
2018-06-24,2018,6,24,29.35,2,1
2018-06-25,2018,6,25,29.4,2,1
2018-06-26,2018,6,26,29.47,2,1
2018-06-27,2018,6,27,29.45,2,1
2018-06-28,2018,6,28,29.41,2,1
2018-06-29,2018,6,29,29.36,2,1
2018-06-30,2018,6,30,29.4,2,1
2018-07-01,2018,7,1,29.43,2,1
2018-07-02,2018,7,2,29.47,2,1
2018-07-03,2018,7,3,29.49,2,1
2018-07-04,2018,7,4,29.42,2,1
2018-07-05,2018,7,5,29.3,2,1
2018-07-06,2018,7,6,29.2,2,1
2018-07-07,2018,7,7,29.14,2,1
2018-07-08,2018,7,8,29.1,2,1
2018-07-09,2018,7,9,29.01,2,1
2018-07-10,2018,7,10,28.99,2,1
2018-07-11,2018,7,11,29.01,2,1
2018-07-12,2018,7,12,29.06,2,1
2018-07-13,2018,7,13,28.99,2,1
2018-07-14,2018,7,14,29.09,2,1
2018-07-15,2018,7,15,29.05,2,1
2018-07-16,2018,7,16,29.04,2,1
2018-07-17,2018,7,17,28.92,2,1
2018-07-18,2018,7,18,28.77,2,1
2018-07-19,2018,7,19,28.72,2,1
2018-07-20,2018,7,20,28.71,2,1
2018-07-21,2018,7,21,28.67,2,1
2018-07-22,2018,7,22,28.81,2,1
2018-07-23,2018,7,23,28.76,2,1
2018-07-24,2018,7,24,28.72,2,1
2018-07-25,2018,7,25,28.71,2,1
2018-07-26,2018,7,26,28.61,2,1
2018-07-27,2018,7,27,28.61,2,1
2018-07-28,2018,7,28,28.6,2,1
2018-07-29,2018,7,29,28.53,2,1
2018-07-30,2018,7,30,28.52,2,1
2018-07-31,2018,7,31,28.61,2,1
