Date,Year,Month,Day,SWRad,StDev,Max,Q,S,data_quality,source_priority
2006-11-17,2006,11,17,250.13,358.01,1105.66,2,5,high,5
2006-11-18,2006,11,18,226.62,331.59,1098.94,2,5,high,5
2006-11-19,2006,11,19,251.29,346.0,1077.89,2,5,high,5
2006-11-20,2006,11,20,168.93,294.11,1292.48,2,5,high,5
2006-11-21,2006,11,21,95.26,163.48,622.72,2,5,high,5
2006-11-22,2006,11,22,208.17,290.26,1032.64,2,5,high,5
2006-11-23,2006,11,23,173.87,288.74,1226.18,2,5,high,5
2006-11-24,2006,11,24,261.19,354.47,991.42,2,5,high,5
2006-11-25,2006,11,25,218.69,317.22,1191.23,2,5,high,5
2006-11-26,2006,11,26,159.64,242.01,1102.98,2,5,high,5
2006-11-27,2006,11,27,169.51,306.2,1108.8,2,5,high,5
2006-11-28,2006,11,28,269.49,353.7,990.98,2,5,high,5
2006-11-29,2006,11,29,269.27,356.46,1015.17,2,5,high,5
2006-11-30,2006,11,30,80.15,182.0,1013.82,2,5,high,5
2006-12-01,2006,12,1,243.37,343.35,1110.59,2,5,high,5
2006-12-02,2006,12,2,169.46,289.03,1178.69,2,5,high,5
2006-12-03,2006,12,3,200.67,304.7,1080.58,2,5,high,5
2006-12-04,2006,12,4,117.05,161.17,566.72,2,5,high,5
2006-12-05,2006,12,5,220.4,316.27,1047.42,2,5,high,5
2006-12-06,2006,12,6,241.42,337.32,1048.32,2,5,high,5
2006-12-07,2006,12,7,221.05,289.55,1051.9,2,5,high,5
2006-12-08,2006,12,8,231.55,322.94,995.9,2,5,high,5
2006-12-09,2006,12,9,111.84,155.43,678.72,2,5,high,5
2006-12-10,2006,12,10,202.59,289.22,1337.28,2,5,high,5
2006-12-11,2006,12,11,231.86,339.03,1086.85,2,5,high,5
2006-12-12,2006,12,12,231.06,322.06,1154.5,2,5,high,5
2006-12-13,2006,12,13,256.74,356.68,1046.08,2,5,high,5
2006-12-14,2006,12,14,258.59,349.92,971.26,2,5,high,5
2006-12-15,2006,12,15,233.9,348.49,1199.3,2,5,high,5
2006-12-16,2006,12,16,132.95,247.31,1249.02,2,5,high,5
2006-12-17,2006,12,17,256.54,339.36,973.5,2,5,high,5
2006-12-18,2006,12,18,223.16,309.67,1082.37,2,5,high,5
2006-12-19,2006,12,19,137.26,256.12,1130.3,2,5,high,5
2006-12-20,2006,12,20,29.12,49.62,242.82,2,5,high,5
2006-12-21,2006,12,21,237.34,343.74,1040.7,2,5,high,5
2006-12-22,2006,12,22,10.35,20.82,92.29,2,5,high,5
2006-12-23,2006,12,23,182.61,263.63,1107.46,2,5,high,5
2006-12-24,2006,12,24,85.77,113.24,437.7,2,5,high,5
2006-12-25,2006,12,25,66.05,104.98,515.2,2,5,high,5
2006-12-26,2006,12,26,178.5,277.32,1021.89,2,5,high,5
2006-12-27,2006,12,27,171.15,253.6,1166.59,2,5,high,5
2006-12-28,2006,12,28,133.59,205.58,1118.21,2,5,high,5
2006-12-29,2006,12,29,251.45,336.87,1066.69,2,5,high,5
2006-12-30,2006,12,30,141.3,207.66,997.25,2,5,high,5
2006-12-31,2006,12,31,252.98,339.13,986.5,2,5,high,5
2007-01-01,2007,1,1,249.23,339.62,1044.74,2,5,high,5
2007-01-02,2007,1,2,196.95,288.36,1107.46,2,5,high,5
2007-01-03,2007,1,3,210.72,289.75,1064.45,2,5,high,5
2007-01-04,2007,1,4,240.84,329.48,1130.3,2,5,high,5
2007-01-05,2007,1,5,256.25,341.74,1029.06,2,5,high,5
2007-01-06,2007,1,6,256.04,341.81,1027.26,2,5,high,5
2007-01-07,2007,1,7,264.96,349.12,1045.18,2,5,high,5
2007-01-08,2007,1,8,261.44,350.16,1004.86,2,5,high,5
2007-01-09,2007,1,9,155.36,221.11,761.6,2,5,high,5
2007-01-10,2007,1,10,271.8,356.47,1085.06,2,5,high,5
2007-01-11,2007,1,11,270.13,347.31,1122.69,2,5,high,5
2007-01-12,2007,1,12,282.41,367.94,981.12,2,5,high,5
2007-01-13,2007,1,13,194.39,304.09,1237.38,2,5,high,5
2007-01-14,2007,1,14,106.19,192.78,953.34,2,5,high,5
2007-01-15,2007,1,15,249.2,347.88,1279.04,2,5,high,5
2007-01-16,2007,1,16,274.01,360.85,1041.15,2,5,high,5
2007-01-17,2007,1,17,241.64,349.84,1185.41,2,5,high,5
2007-01-18,2007,1,18,213.77,317.49,1320.26,2,5,high,5
2007-01-19,2007,1,19,139.4,243.14,1089.54,2,5,high,5
2007-01-20,2007,1,20,196.79,316.94,1236.48,2,5,high,5
2007-01-21,2007,1,21,47.83,70.78,407.68,2,5,high,5
2007-01-22,2007,1,22,186.64,269.36,1266.5,2,5,high,5
2007-01-23,2007,1,23,94.72,130.72,512.51,2,5,high,5
2007-01-24,2007,1,24,137.93,192.81,996.35,2,5,high,5
2007-01-25,2007,1,25,266.8,360.56,1208.26,2,5,high,5
2007-01-26,2007,1,26,266.74,362.97,1074.3,2,5,high,5
2007-01-27,2007,1,27,137.74,174.71,623.17,2,5,high,5
2007-01-28,2007,1,28,255.6,348.24,1059.07,2,5,high,5
2007-01-29,2007,1,29,254.53,348.84,982.46,2,5,high,5
2007-01-30,2007,1,30,78.95,149.52,870.02,2,5,high,5
2007-01-31,2007,1,31,202.88,300.93,1094.02,2,5,high,5
2007-02-01,2007,2,1,274.7,370.3,1007.55,2,5,high,5
2007-02-02,2007,2,2,218.47,302.04,976.19,2,5,high,5
2007-02-03,2007,2,3,245.39,338.13,1052.8,2,5,high,5
2007-02-04,2007,2,4,191.39,255.46,1235.58,2,5,high,5
2007-02-05,2007,2,5,284.25,373.67,999.49,2,5,high,5
2007-02-06,2007,2,6,281.93,374.55,1016.51,2,5,high,5
2007-02-07,2007,2,7,296.62,387.79,1049.22,2,5,high,5
2007-02-08,2007,2,8,291.16,381.56,1105.22,2,5,high,5
2007-02-09,2007,2,9,294.43,386.59,1119.1,2,5,high,5
2007-02-10,2007,2,10,284.97,379.09,1192.58,2,5,high,5
2007-02-11,2007,2,11,278.97,369.19,1121.34,2,5,high,5
2007-02-12,2007,2,12,268.03,363.16,1100.29,2,5,high,5
2007-02-13,2007,2,13,295.91,387.41,1168.83,2,5,high,5
2007-02-14,2007,2,14,258.55,362.26,1190.78,2,5,high,5
2007-02-15,2007,2,15,275.48,369.9,1098.5,2,5,high,5
2007-02-16,2007,2,16,292.2,392.67,1113.28,2,5,high,5
2007-02-17,2007,2,17,284.03,374.71,1176.9,2,5,high,5
2007-02-18,2007,2,18,232.62,328.45,1179.58,2,5,high,5
2007-02-19,2007,2,19,147.51,199.9,928.26,2,5,high,5
2007-02-20,2007,2,20,297.72,388.69,1061.76,2,5,high,5
2007-02-21,2007,2,21,270.56,368.23,1186.75,2,5,high,5
2007-02-22,2007,2,22,234.42,314.6,1290.69,2,5,high,5
2007-02-23,2007,2,23,294.13,392.72,1097.15,2,5,high,5
2007-02-24,2007,2,24,308.9,401.13,1245.89,2,5,high,5
2007-02-25,2007,2,25,301.25,389.81,1107.01,2,5,high,5
2007-02-26,2007,2,26,292.93,386.08,1100.74,2,5,high,5
2007-02-27,2007,2,27,269.01,366.23,1107.9,2,5,high,5
2007-02-28,2007,2,28,216.72,306.25,1301.44,2,5,high,5
2007-03-01,2007,3,1,297.59,379.98,1098.94,2,5,high,5
2007-03-02,2007,3,2,297.17,386.44,1112.83,2,5,high,5
2007-03-03,2007,3,3,253.28,360.9,1209.6,2,5,high,5
2007-03-04,2007,3,4,226.41,301.64,1109.7,2,5,high,5
2007-03-05,2007,3,5,274.97,364.17,1158.08,2,5,high,5
2007-03-06,2007,3,6,270.2,371.8,1145.09,2,5,high,5
2007-03-07,2007,3,7,279.17,374.06,1251.26,2,5,high,5
2007-03-08,2007,3,8,196.33,286.17,1065.79,2,5,high,5
2007-03-09,2007,3,9,290.48,385.8,1135.68,2,5,high,5
2007-03-10,2007,3,10,264.31,381.62,1154.94,2,5,high,5
2007-03-11,2007,3,11,222.09,331.26,1174.21,2,5,high,5
2007-03-12,2007,3,12,237.08,332.95,1020.1,2,5,high,5
2007-03-13,2007,3,13,205.28,292.82,1134.78,2,5,high,5
2007-03-14,2007,3,14,256.62,352.86,1218.56,2,5,high,5
2007-03-15,2007,3,15,271.05,368.92,1101.18,2,5,high,5
2007-03-16,2007,3,16,286.08,401.83,1130.75,2,5,high,5
2007-03-17,2007,3,17,235.4,347.19,1200.19,2,5,high,5
2007-03-18,2007,3,18,279.73,369.32,1152.7,2,5,high,5
2007-03-19,2007,3,19,274.59,354.17,1081.92,2,5,high,5
2007-03-20,2007,3,20,313.7,405.65,1168.83,2,5,high,5
2007-03-21,2007,3,21,299.24,395.15,1238.27,2,5,high,5
2007-03-22,2007,3,22,236.36,311.38,1105.66,2,5,high,5
2007-03-23,2007,3,23,306.3,400.76,1079.68,2,5,high,5
2007-03-24,2007,3,24,329.17,416.54,1091.78,2,5,high,5
2007-03-25,2007,3,25,316.73,403.5,1097.15,2,5,high,5
2007-03-26,2007,3,26,310.44,406.02,1179.58,2,5,high,5
2007-03-27,2007,3,27,312.07,399.04,1051.01,2,5,high,5
2007-03-28,2007,3,28,313.13,399.37,1055.49,2,5,high,5
2007-03-29,2007,3,29,317.73,403.38,1068.03,2,5,high,5
2007-03-30,2007,3,30,299.77,392.98,1160.32,2,5,high,5
2007-03-31,2007,3,31,302.86,386.57,1151.81,2,5,high,5
2007-04-01,2007,4,1,240.13,340.98,1309.5,2,5,high,5
2007-04-02,2007,4,2,292.04,392.72,1271.87,2,5,high,5
2007-04-03,2007,4,3,125.37,196.51,1046.53,2,5,high,5
2007-04-04,2007,4,4,268.09,376.72,1215.42,2,5,high,5
2007-04-05,2007,4,5,121.58,200.82,807.3,2,5,high,5
2007-04-06,2007,4,6,162.01,246.99,963.65,2,5,high,5
2007-04-07,2007,4,7,106.41,154.89,866.88,2,5,high,5
2007-04-08,2007,4,8,302.67,385.5,1314.88,2,5,high,5
2007-04-09,2007,4,9,278.55,352.45,1211.39,2,5,high,5
2007-04-10,2007,4,10,296.9,384.71,1169.28,2,5,high,5
2007-04-11,2007,4,11,193.19,251.74,1089.98,2,5,high,5
2007-04-12,2007,4,12,299.68,375.72,1092.67,2,5,high,5
2007-04-13,2007,4,13,208.95,271.5,1184.51,2,5,high,5
2007-04-14,2007,4,14,280.58,378.05,1331.46,2,5,high,5
2007-04-15,2007,4,15,259.8,346.62,1148.22,2,5,high,5
2007-04-16,2007,4,16,298.55,384.13,1097.6,2,5,high,5
2007-04-17,2007,4,17,308.92,396.35,1080.58,2,5,high,5
2007-04-18,2007,4,18,291.07,378.41,1147.78,2,5,high,5
2007-04-19,2007,4,19,294.62,382.01,1040.26,2,5,high,5
2007-04-20,2007,4,20,278.0,383.55,1187.2,2,5,high,5
2007-04-21,2007,4,21,256.25,383.51,1070.27,2,5,high,5
2007-04-22,2007,4,22,120.81,201.33,865.09,2,5,high,5
2007-04-23,2007,4,23,204.89,322.35,1152.26,2,5,high,5
2007-04-24,2007,4,24,149.73,277.69,1197.5,2,5,high,5
2007-04-25,2007,4,25,165.99,245.55,991.87,2,5,high,5
2007-04-26,2007,4,26,246.71,375.0,1170.62,2,5,high,5
2007-04-27,2007,4,27,224.7,352.54,1180.03,2,5,high,5
2007-04-28,2007,4,28,92.97,189.24,1042.94,2,5,high,5
2007-04-29,2007,4,29,250.72,365.7,1245.44,2,5,high,5
2007-04-30,2007,4,30,145.51,217.58,1031.74,2,5,high,5
2007-05-01,2007,5,1,292.84,383.91,1226.62,2,5,high,5
2007-05-02,2007,5,2,185.58,258.78,1308.16,2,5,high,5
2007-05-03,2007,5,3,72.23,90.63,313.6,2,5,high,5
2007-05-04,2007,5,4,162.34,225.93,966.78,2,5,high,5
2007-05-05,2007,5,5,131.81,170.18,582.85,2,5,high,5
2007-05-06,2007,5,6,165.09,211.15,773.25,2,5,high,5
2007-05-07,2007,5,7,92.51,118.75,478.02,2,5,high,5
2007-05-08,2007,5,8,210.83,308.05,1246.78,2,5,high,5
2007-05-09,2007,5,9,210.37,291.86,1062.21,2,5,high,5
2007-05-10,2007,5,10,112.66,180.24,897.79,2,5,high,5
2007-05-11,2007,5,11,288.73,371.65,1027.71,2,5,high,5
2007-05-12,2007,5,12,163.98,280.46,1089.54,2,5,high,5
2007-05-13,2007,5,13,265.91,347.23,1137.92,2,5,high,5
2007-05-14,2007,5,14,242.61,340.43,1056.38,2,5,high,5
2007-05-15,2007,5,15,199.34,263.59,956.03,2,5,high,5
2007-05-16,2007,5,16,285.93,370.8,1021.44,2,5,high,5
2007-05-17,2007,5,17,248.67,357.56,1034.88,2,5,high,5
2007-05-18,2007,5,18,213.45,268.24,899.58,2,5,high,5
2007-05-19,2007,5,19,288.79,367.69,1022.34,2,5,high,5
2007-05-20,2007,5,20,294.89,376.7,1113.28,2,5,high,5
2007-05-21,2007,5,21,245.65,343.76,1169.28,2,5,high,5
2007-05-22,2007,5,22,284.55,368.68,1060.86,2,5,high,5
2007-05-23,2007,5,23,283.37,366.96,996.8,2,5,high,5
2007-05-24,2007,5,24,288.81,368.16,977.09,2,5,high,5
2007-05-25,2007,5,25,259.11,344.25,1054.59,2,5,high,5
2007-05-26,2007,5,26,215.36,303.03,1115.97,2,5,high,5
2007-05-27,2007,5,27,225.51,337.42,1261.12,2,5,high,5
2007-05-28,2007,5,28,281.47,355.94,1172.86,2,5,high,5
2007-05-29,2007,5,29,257.98,345.42,1214.98,2,5,high,5
2007-05-30,2007,5,30,243.42,349.51,1081.92,2,5,high,5
2007-05-31,2007,5,31,194.44,261.11,836.86,2,5,high,5
2007-06-01,2007,6,1,197.47,290.92,1138.82,2,5,high,5
2007-06-02,2007,6,2,279.91,372.4,999.04,2,5,high,5
2007-06-03,2007,6,3,123.76,169.66,528.19,2,5,high,5
2007-06-04,2007,6,4,240.51,320.44,1111.04,2,5,high,5
2007-06-05,2007,6,5,261.77,347.55,1051.01,2,5,high,5
2007-06-06,2007,6,6,77.99,100.64,301.5,2,5,high,5
2007-06-07,2007,6,7,263.71,361.59,1055.49,2,5,high,5
2007-06-08,2007,6,8,202.52,303.63,1229.31,2,5,high,5
2007-06-09,2007,6,9,278.54,357.12,957.82,2,5,high,5
2007-06-10,2007,6,10,277.45,359.58,1072.51,2,5,high,5
2007-06-11,2007,6,11,134.64,215.03,878.53,2,5,high,5
2007-06-12,2007,6,12,53.17,74.14,316.74,2,5,high,5
2007-06-13,2007,6,13,173.19,271.4,1163.01,2,5,high,5
2007-06-14,2007,6,14,61.53,109.24,710.98,2,5,high,5
2007-06-15,2007,6,15,115.87,160.95,944.83,2,5,high,5
2007-06-16,2007,6,16,189.49,258.82,1071.17,2,5,high,5
2007-06-17,2007,6,17,196.13,260.26,1015.62,2,5,high,5
2007-06-18,2007,6,18,177.54,273.33,1147.78,2,5,high,5
2007-06-19,2007,6,19,165.2,248.53,962.3,2,5,high,5
2007-06-20,2007,6,20,160.73,238.86,843.58,2,5,high,5
2007-06-21,2007,6,21,247.63,338.74,997.7,2,5,high,5
2007-06-22,2007,6,22,211.46,266.67,827.9,2,5,high,5
2007-06-23,2007,6,23,272.74,351.95,1064.9,2,5,high,5
2007-06-24,2007,6,24,205.26,276.45,1034.43,2,5,high,5
2007-06-25,2007,6,25,154.96,220.11,1142.4,2,5,high,5
2007-06-26,2007,6,26,55.15,100.52,633.92,2,5,high,5
2007-06-27,2007,6,27,155.68,202.38,723.97,2,5,high,5
2007-06-28,2007,6,28,141.21,198.43,868.22,2,5,high,5
2007-06-29,2007,6,29,252.52,328.81,1082.82,2,5,high,5
2007-06-30,2007,6,30,267.73,354.89,1017.86,2,5,high,5
2007-07-01,2007,7,1,274.57,347.71,929.15,2,5,high,5
2007-07-02,2007,7,2,269.42,343.92,1028.16,2,5,high,5
2007-07-03,2007,7,3,269.77,337.56,1000.83,2,5,high,5
2007-07-04,2007,7,4,254.5,319.45,935.87,2,5,high,5
2007-07-05,2007,7,5,267.72,353.93,1173.31,2,5,high,5
2007-07-06,2007,7,6,275.56,366.56,986.05,2,5,high,5
2007-07-07,2007,7,7,219.52,294.47,1038.02,2,5,high,5
2007-07-08,2007,7,8,167.98,248.27,882.11,2,5,high,5
2007-07-09,2007,7,9,222.79,310.33,1041.6,2,5,high,5
2007-07-10,2007,7,10,148.35,190.91,554.18,2,5,high,5
2007-07-11,2007,7,11,268.79,357.81,1081.02,2,5,high,5
2007-07-12,2007,7,12,191.11,264.37,1097.15,2,5,high,5
2007-07-13,2007,7,13,218.32,323.74,1076.1,2,5,high,5
2007-07-14,2007,7,14,251.16,340.73,1068.48,2,5,high,5
2007-07-15,2007,7,15,157.52,197.99,605.7,2,5,high,5
2007-07-16,2007,7,16,219.5,316.15,1240.51,2,5,high,5
2007-07-17,2007,7,17,238.2,325.1,1156.74,2,5,high,5
2007-07-18,2007,7,18,206.95,293.76,1070.27,2,5,high,5
2007-07-19,2007,7,19,171.53,255.99,1147.33,2,5,high,5
2007-07-20,2007,7,20,69.91,113.0,468.61,2,5,high,5
2007-07-21,2007,7,21,119.26,165.77,711.42,2,5,high,5
2007-07-22,2007,7,22,172.29,273.82,953.79,2,5,high,5
2007-07-23,2007,7,23,185.56,239.46,873.15,2,5,high,5
2007-07-24,2007,7,24,69.62,86.22,243.71,2,5,high,5
2007-07-25,2007,7,25,280.34,358.66,1008.0,2,5,high,5
2007-07-26,2007,7,26,278.46,363.33,1081.02,2,5,high,5
2007-07-27,2007,7,27,259.75,338.98,997.25,2,5,high,5
2007-07-28,2007,7,28,253.97,340.75,999.94,2,5,high,5
2007-07-29,2007,7,29,215.59,292.37,1169.73,2,5,high,5
2007-07-30,2007,7,30,98.76,149.31,660.35,2,5,high,5
2007-07-31,2007,7,31,135.07,180.43,622.72,2,5,high,5
2007-08-01,2007,8,1,289.82,372.63,1040.26,2,5,high,5
2007-08-02,2007,8,2,264.62,349.7,1232.0,2,5,high,5
2007-08-03,2007,8,3,289.37,369.83,1055.94,2,5,high,5
2007-08-04,2007,8,4,279.9,363.79,1072.96,2,5,high,5
2007-08-05,2007,8,5,300.43,382.99,1064.9,2,5,high,5
2007-08-06,2007,8,6,293.89,370.12,1130.3,2,5,high,5
2007-08-07,2007,8,7,232.99,315.32,1042.94,2,5,high,5
2007-08-08,2007,8,8,220.72,297.96,1159.42,2,5,high,5
2007-08-09,2007,8,9,237.17,299.1,952.9,2,5,high,5
2007-08-10,2007,8,10,217.62,289.64,909.89,2,5,high,5
2007-08-11,2007,8,11,220.89,326.79,1123.58,2,5,high,5
2007-08-12,2007,8,12,215.76,318.21,1146.88,2,5,high,5
2007-08-13,2007,8,13,108.59,145.56,600.77,2,5,high,5
2007-08-14,2007,8,14,271.69,359.28,1091.33,2,5,high,5
2007-08-15,2007,8,15,117.36,153.86,657.22,2,5,high,5
2007-08-16,2007,8,16,228.59,303.66,914.37,2,5,high,5
2007-08-17,2007,8,17,194.55,287.97,1048.32,2,5,high,5
2007-08-18,2007,8,18,256.31,331.46,1100.29,2,5,high,5
2007-08-19,2007,8,19,99.51,138.03,518.78,2,5,high,5
2007-08-20,2007,8,20,61.88,102.3,716.35,2,5,high,5
2007-08-21,2007,8,21,150.59,224.03,970.37,2,5,high,5
2007-08-22,2007,8,22,188.7,273.21,950.66,2,5,high,5
2007-08-23,2007,8,23,198.83,280.99,1185.41,2,5,high,5
2007-08-24,2007,8,24,259.97,366.58,1149.57,2,5,high,5
2007-08-25,2007,8,25,277.77,381.75,1122.24,2,5,high,5
2007-08-26,2007,8,26,264.54,353.66,1272.32,2,5,high,5
2007-08-27,2007,8,27,289.08,377.93,1167.94,2,5,high,5
2007-08-28,2007,8,28,253.36,348.57,1213.18,2,5,high,5
2007-08-29,2007,8,29,212.21,279.29,889.28,2,5,high,5
2007-08-30,2007,8,30,113.18,183.2,760.7,2,5,high,5
2007-08-31,2007,8,31,113.2,154.2,720.83,2,5,high,5
2007-09-01,2007,9,1,67.14,89.0,314.5,2,5,high,5
2007-09-02,2007,9,2,204.34,299.11,1319.36,2,5,high,5
2007-09-03,2007,9,3,246.68,341.52,1246.34,2,5,high,5
2007-09-04,2007,9,4,256.74,332.2,1145.54,2,5,high,5
2007-09-05,2007,9,5,244.25,323.89,921.54,2,5,high,5
2007-09-06,2007,9,6,228.95,347.09,1093.12,2,5,high,5
2007-09-07,2007,9,7,217.94,352.32,1121.34,2,5,high,5
2007-09-08,2007,9,8,205.8,303.64,1316.67,2,5,high,5
2007-09-09,2007,9,9,245.9,338.23,1304.13,2,5,high,5
2007-09-10,2007,9,10,261.87,377.4,1256.19,2,5,high,5
2007-09-11,2007,9,11,297.52,388.73,1059.07,2,5,high,5
2007-09-12,2007,9,12,287.65,379.27,1204.22,2,5,high,5
2007-09-13,2007,9,13,162.02,239.16,1107.01,2,5,high,5
2007-09-14,2007,9,14,150.4,224.88,1056.83,2,5,high,5
2007-09-15,2007,9,15,173.59,246.75,941.7,2,5,high,5
2007-09-16,2007,9,16,265.81,368.68,1092.67,2,5,high,5
2007-09-17,2007,9,17,221.22,317.84,1196.16,2,5,high,5
2007-09-18,2007,9,18,191.69,265.4,1049.22,2,5,high,5
2007-09-19,2007,9,19,147.32,216.83,981.12,2,5,high,5
2007-09-20,2007,9,20,297.34,382.97,1184.51,2,5,high,5
2007-09-21,2007,9,21,290.95,382.11,1103.87,2,5,high,5
2007-09-22,2007,9,22,288.2,379.19,1078.78,2,5,high,5
2007-09-23,2007,9,23,162.99,266.91,1346.24,2,5,high,5
2007-09-24,2007,9,24,291.5,382.82,1065.34,2,5,high,5
2007-09-25,2007,9,25,277.54,375.35,1323.84,2,5,high,5
2007-09-26,2007,9,26,205.04,306.99,1115.07,2,5,high,5
2007-09-27,2007,9,27,269.19,367.49,1153.15,2,5,high,5
2007-09-28,2007,9,28,285.52,393.28,1058.62,2,5,high,5
2007-09-29,2007,9,29,182.3,253.34,1087.3,2,5,high,5
2007-09-30,2007,9,30,108.78,179.18,1122.24,2,5,high,5
2007-10-01,2007,10,1,188.61,263.62,976.19,2,5,high,5
2007-10-02,2007,10,2,275.53,371.04,1142.85,2,5,high,5
2007-10-03,2007,10,3,253.91,344.77,1071.62,2,5,high,5
2007-10-04,2007,10,4,128.01,189.63,863.3,2,5,high,5
2007-10-05,2007,10,5,70.29,106.15,454.27,2,5,high,5
2007-10-06,2007,10,6,112.96,179.68,1128.06,2,5,high,5
2007-10-08,2007,10,8,252.73,324.62,1060.79,2,1,high,1
2007-10-09,2007,10,9,229.45,322.76,1339.77,2,1,high,1
2007-10-10,2007,10,10,296.98,383.77,1126.93,2,1,high,1
2007-10-11,2007,10,11,280.68,369.33,1142.76,2,1,high,1
2007-10-12,2007,10,12,276.49,379.11,1054.27,2,1,high,1
2007-10-13,2007,10,13,112.08,155.56,689.13,2,1,high,1
2007-10-14,2007,10,14,95.78,131.34,487.0,2,1,high,1
2007-10-15,2007,10,15,173.09,259.42,1293.66,2,1,high,1
2007-10-16,2007,10,16,262.98,375.85,1081.515,2,1,high,1
2007-10-17,2007,10,17,122.33,194.68,869.37,2,1,high,1
2007-10-18,2007,10,18,264.38,373.06,1092.46,2,1,high,1
2007-10-19,2007,10,19,73.42,123.42,513.08,2,1,high,1
2007-10-20,2007,10,20,161.91,216.57,780.42,2,1,high,1
2007-10-21,2007,10,21,55.26,101.07,773.9,2,1,high,1
2007-10-22,2007,10,22,125.12,195.61,908.96,2,1,high,1
2007-10-23,2007,10,23,174.02,265.47,1345.36,2,1,high,1
2007-10-24,2007,10,24,111.15,183.5,972.77,2,1,high,1
2007-10-25,2007,10,25,182.87,302.73,1254.07,2,1,high,1
2007-10-26,2007,10,26,93.45,129.48,456.26,2,1,high,1
2007-10-27,2007,10,27,168.9,229.14,961.59,2,1,high,1
2007-10-28,2007,10,28,242.49,325.55,1144.16,2,1,high,1
2007-10-29,2007,10,29,276.02,364.67,1157.2,2,1,high,1
2007-10-30,2007,10,30,208.49,335.8,1151.61,2,1,high,1
2007-10-31,2007,10,31,198.71,301.8,1088.27,2,1,high,1
2007-11-01,2007,11,1,244.82,339.99,1238.24,2,1,high,1
2007-11-02,2007,11,2,39.43,61.01,233.64,2,1,high,1
2007-11-03,2007,11,3,215.94,306.92,1174.9,2,1,high,1
2007-11-04,2007,11,4,249.47,357.22,1159.06,2,1,high,1
2007-11-05,2007,11,5,276.02,358.15,1066.85,2,1,high,1
2007-11-06,2007,11,6,227.58,311.58,1193.53,2,1,high,1
2007-11-07,2007,11,7,62.71,84.76,308.16,2,1,high,1
2007-11-08,2007,11,8,85.53,166.27,833.04,2,1,high,1
2007-11-09,2007,11,9,65.97,98.74,434.37,2,1,high,1
2007-11-10,2007,11,10,187.53,298.07,1114.35,2,1,high,1
2007-11-11,2007,11,11,263.45,353.5,1103.64,2,1,high,1
2007-11-12,2007,11,12,264.84,354.43,1115.75,2,1,high,1
2007-11-13,2007,11,13,256.46,342.78,1006.77,2,1,high,1
2007-11-14,2007,11,14,278.82,370.26,1156.27,2,1,high,1
2007-11-15,2007,11,15,275.56,367.0,1173.97,2,1,high,1
2007-11-16,2007,11,16,272.76,375.39,1028.66,2,1,high,1
2007-11-17,2007,11,17,296.05,385.17,1099.91,2,1,high,1
2007-11-18,2007,11,18,265.31,371.19,1247.55,2,1,high,1
2007-11-19,2007,11,19,268.1,357.69,1104.57,2,1,high,1
2007-11-20,2007,11,20,174.02,263.61,1113.885,2,1,high,1
2007-11-21,2007,11,21,234.57,341.39,1123.2,2,1,high,1
2007-11-22,2007,11,22,260.65,347.44,1020.27,2,1,high,1
2007-11-23,2007,11,23,264.38,346.98,982.55,2,1,high,1
2007-11-24,2007,11,24,266.71,349.3,977.42,2,1,high,1
2007-11-25,2007,11,25,285.8,373.52,1126.46,2,1,high,1
2007-11-26,2007,11,26,244.35,343.72,1214.95,2,1,high,1
2007-11-27,2007,11,27,235.97,340.46,1105.5,2,1,high,1
2007-11-28,2007,11,28,230.38,343.25,1140.43,2,1,high,1
2007-11-29,2007,11,29,268.57,339.52,995.59,2,1,high,1
2007-11-30,2007,11,30,262.05,355.82,1077.09,2,1,high,1
2007-12-01,2007,12,1,134.9,221.69,1235.91,2,1,high,1
2007-12-02,2007,12,2,67.84,110.85,437.63,2,1,high,1
2007-12-03,2007,12,3,91.12,134.13,471.17,2,1,high,1
2007-12-04,2007,12,4,267.64,357.69,1047.28,2,1,high,1
2007-12-05,2007,12,5,271.83,358.62,1023.07,2,1,high,1
2007-12-06,2007,12,6,271.36,363.74,1078.02,2,1,high,1
2007-12-07,2007,12,7,189.39,285.5,1071.5,2,1,high,1
2007-12-08,2007,12,8,139.56,224.49,1038.44,2,1,high,1
2007-12-09,2007,12,9,65.51,105.72,459.99,2,1,high,1
2007-12-10,2007,12,10,111.62,154.16,584.81,2,1,high,1
2007-12-11,2007,12,11,97.64,146.71,697.05,2,1,high,1
2007-12-12,2007,12,12,139.09,191.42,980.22,2,1,high,1
2007-12-13,2007,12,13,154.93,224.49,1100.38,2,1,high,1
2007-12-14,2007,12,14,142.35,206.79,1109.69,2,1,high,1
2007-12-15,2007,12,15,141.89,195.14,773.9,2,1,high,1
2007-12-16,2007,12,16,249.47,320.43,1021.2,2,1,high,1
2007-12-17,2007,12,17,265.77,351.17,1110.16,2,1,high,1
2007-12-18,2007,12,18,254.13,353.03,1071.04,2,1,high,1
2007-12-19,2007,12,19,269.97,360.48,1051.01,2,1,high,1
2007-12-20,2007,12,20,195.45,282.7,1099.91,2,1,high,1
2007-12-21,2007,12,21,207.56,330.67,1316.48,2,1,high,1
2007-12-22,2007,12,22,184.27,282.24,1184.21,2,1,high,1
2007-12-23,2007,12,23,227.58,310.18,1104.1,2,1,high,1
2007-12-24,2007,12,24,79.94,128.54,775.76,2,1,high,1
2007-12-25,2007,12,25,236.9,334.4,1118.08,2,1,high,1
2007-12-26,2007,12,26,140.03,190.02,929.92,2,1,high,1
2007-12-27,2007,12,27,203.83,282.7,1035.64,2,1,high,1
2007-12-28,2007,12,28,206.63,274.32,1009.56,2,1,high,1
2007-12-29,2007,12,29,203.37,269.2,943.42,2,1,high,1
2007-12-30,2007,12,30,217.8,312.98,973.23,2,1,high,1
2007-12-31,2007,12,31,226.65,315.77,1044.49,2,1,high,1
2008-01-01,2008,1,1,164.71,274.79,1095.72,2,1,high,1
2008-01-02,2008,1,2,169.83,253.36,1001.18,2,1,high,1
2008-01-03,2008,1,3,247.15,325.09,929.45,2,1,high,1
2008-01-04,2008,1,4,197.31,285.96,1153.47,2,1,high,1
2008-01-05,2008,1,5,247.61,326.02,944.36,2,1,high,1
2010-07-05,2010,7,5,277.93,352.38,1002.7,2,5,high,5
2010-07-06,2010,7,6,271.63,350.73,1033.42,2,5,high,5
2010-07-07,2010,7,7,260.47,349.98,1131.11,2,5,high,5
2010-07-08,2010,7,8,196.76,285.39,1202.36,2,5,high,5
2010-07-09,2010,7,9,268.71,353.55,989.9,2,5,high,5
2010-07-10,2010,7,10,271.55,353.68,1043.23,2,5,high,5
2010-07-11,2010,7,11,155.93,196.72,759.96,2,5,high,5
2010-07-12,2010,7,12,248.63,336.83,1034.7,2,5,high,5
2010-07-13,2010,7,13,202.56,294.48,1012.09,2,5,high,5
2010-07-14,2010,7,14,24.04,31.86,102.12,2,5,high,5
2010-07-15,2010,7,15,71.53,97.87,424.22,2,5,high,5
2010-07-16,2010,7,16,49.32,107.86,867.04,2,5,high,5
2010-07-17,2010,7,17,178.62,280.64,1091.87,2,5,high,5
2010-07-18,2010,7,18,256.86,346.1,988.62,2,5,high,5
2010-07-19,2010,7,19,203.14,275.76,978.81,2,5,high,5
2010-07-20,2010,7,20,203.2,273.41,982.65,2,5,high,5
2010-07-21,2010,7,21,248.1,338.34,997.16,2,5,high,5
2010-07-22,2010,7,22,263.91,348.08,1096.56,2,5,high,5
2010-07-23,2010,7,23,98.66,128.35,577.37,2,5,high,5
2010-07-24,2010,7,24,178.59,231.43,919.94,2,5,high,5
2010-07-25,2010,7,25,78.57,113.62,426.78,2,5,high,5
2010-07-26,2010,7,26,251.25,324.18,960.89,2,5,high,5
2010-07-27,2010,7,27,167.21,232.76,989.05,2,5,high,5
2011-06-06,2011,6,6,223.96,307.25,1081.01,1,1,high,1
2011-06-07,2011,6,7,268.42,340.71,1011.02,1,1,high,1
2011-06-08,2011,6,8,277.22,350.83,982.85,1,1,high,1
2011-06-09,2011,6,9,201.95,255.31,925.18,1,1,high,1
2011-06-10,2011,6,10,234.52,314.3,1069.13,1,1,high,1
2011-06-11,2011,6,11,264.02,345.55,1122.39,1,1,high,1
2011-06-12,2011,6,12,253.01,336.75,1044.48,1,1,high,1
2011-06-13,2011,6,13,285.58,365.36,1033.91,1,1,high,1
2011-06-14,2011,6,14,109.51,130.74,550.14,1,1,high,1
2011-06-15,2011,6,15,184.78,290.53,1071.77,1,1,high,1
2011-06-16,2011,6,16,278.54,365.36,1072.21,1,1,high,1
2011-06-17,2011,6,17,291.75,368.88,1029.07,1,1,high,1
2011-06-18,2011,6,18,294.83,372.84,989.01,1,1,high,1
2011-06-19,2011,6,19,286.91,365.8,996.06,1,1,high,1
2011-06-20,2011,6,20,269.74,353.91,1055.92,1,1,high,1
2011-06-21,2011,6,21,289.99,369.32,1051.52,1,1,high,1
2011-06-22,2011,6,22,256.97,356.56,1051.52,1,1,high,1
2011-06-23,2011,6,23,279.86,360.52,1080.57,1,1,high,1
2011-06-24,2011,6,24,258.29,326.18,976.25,1,1,high,1
2011-06-25,2011,6,25,210.31,296.25,1009.26,1,1,high,1
2011-06-26,2011,6,26,97.62,165.51,852.11,1,1,high,1
2011-06-27,2011,6,27,211.63,279.08,911.1,1,1,high,1
2011-06-28,2011,6,28,85.3,114.89,496.0,1,1,high,1
2011-06-29,2011,6,29,36.88,62.95,409.72,1,1,high,1
2011-06-30,2011,6,30,188.3,276.44,1105.66,1,1,high,1
2011-07-01,2011,7,1,94.98,141.3,809.85,1,1,high,1
2011-07-02,2011,7,2,220.88,312.98,1130.31,1,1,high,1
2011-07-03,2011,7,3,201.95,277.76,1021.15,1,1,high,1
2011-07-04,2011,7,4,160.13,219.22,813.82,1,1,high,1
2011-07-05,2011,7,5,259.61,342.47,1001.34,1,1,high,1
2011-07-06,2011,7,6,277.66,353.91,969.2,1,1,high,1
2011-07-07,2011,7,7,282.94,357.0,1091.58,1,1,high,1
2011-07-08,2011,7,8,285.58,364.04,1037.87,1,1,high,1
2011-07-09,2011,7,9,249.05,346.43,1140.88,1,1,high,1
2011-07-10,2011,7,10,157.05,257.95,1037.87,1,1,high,1
2011-07-11,2011,7,11,132.4,197.21,753.51,1,1,high,1
2011-07-12,2011,7,12,154.85,220.54,868.4,1,1,high,1
2011-07-13,2011,7,13,87.06,126.78,523.73,1,1,high,1
2011-07-14,2011,7,14,77.37,113.13,699.37,1,1,high,1
2011-07-15,2011,7,15,220.88,296.69,968.32,1,1,high,1
2011-07-16,2011,7,16,254.33,333.23,1049.76,1,1,high,1
2011-07-17,2011,7,17,293.07,370.64,1006.18,1,1,high,1
2011-07-18,2011,7,18,284.7,365.36,1013.22,1,1,high,1
2011-07-19,2011,7,19,272.82,343.79,936.63,1,1,high,1
2011-07-20,2011,7,20,260.49,344.67,1049.76,1,1,high,1
2011-07-21,2011,7,21,95.42,150.11,894.81,1,1,high,1
2011-07-22,2011,7,22,262.69,338.95,1048.88,1,1,high,1
2011-07-23,2011,7,23,231.88,322.22,1127.67,1,1,high,1
2011-07-24,2011,7,24,70.77,91.56,425.13,1,1,high,1
2011-07-25,2011,7,25,150.89,259.71,1178.73,1,1,high,1
2011-07-26,2011,7,26,203.71,279.52,1306.83,1,1,high,1
2011-07-27,2011,7,27,200.19,296.69,1168.61,1,1,high,1
2011-07-28,2011,7,28,252.57,327.5,1347.33,1,1,high,1
2011-07-29,2011,7,29,258.29,338.07,1205.59,1,1,high,1
2011-07-30,2011,7,30,253.89,327.5,1072.21,1,1,high,1
2011-07-31,2011,7,31,227.04,303.73,1078.37,1,1,high,1
2011-08-01,2011,8,1,122.27,168.59,931.35,1,1,high,1
2011-08-02,2011,8,2,141.2,202.49,1157.17,1,1,high,1
2011-08-03,2011,8,3,289.11,378.13,1049.32,1,1,high,1
2011-08-04,2011,8,4,279.86,374.6,1105.22,1,1,high,1
2011-08-05,2011,8,5,278.54,372.84,1173.45,1,1,high,1
2011-08-06,2011,8,6,300.55,378.57,1051.52,1,1,high,1
2011-08-07,2011,8,7,290.87,379.89,1134.28,1,1,high,1
2011-08-08,2011,8,8,274.14,364.48,1141.32,1,1,high,1
2011-08-09,2011,8,9,241.13,334.11,1131.63,1,1,high,1
2011-08-10,2011,8,10,254.33,350.39,1075.73,1,1,high,1
2011-08-11,2011,8,11,283.82,378.57,1071.33,1,1,high,1
2011-08-12,2011,8,12,303.63,390.01,1176.97,1,1,high,1
2011-08-13,2011,8,13,175.1,240.34,1089.38,1,1,high,1
2011-08-14,2011,8,14,201.51,266.32,1141.76,1,1,high,1
2011-08-15,2011,8,15,186.98,288.77,1195.46,1,1,high,1
2011-08-16,2011,8,16,295.71,389.57,1127.67,1,1,high,1
2011-08-17,2011,8,17,234.08,329.26,1194.58,1,1,high,1
2011-08-18,2011,8,18,282.5,371.08,1114.03,1,1,high,1
2011-08-19,2011,8,19,270.62,369.32,1092.9,1,1,high,1
2011-08-20,2011,8,20,243.77,312.98,1088.94,1,1,high,1
2011-08-21,2011,8,21,291.31,384.73,1148.36,1,1,high,1
2011-08-22,2011,8,22,275.02,384.29,1172.13,1,1,high,1
2011-08-23,2011,8,23,43.92,94.64,777.28,1,1,high,1
2011-08-24,2011,8,24,71.21,91.56,421.6,1,1,high,1
2011-08-25,2011,8,25,238.48,337.63,1395.31,1,1,high,1
2011-08-26,2011,8,26,266.22,365.8,1119.31,1,1,high,1
2011-08-27,2011,8,27,187.86,251.35,1147.48,1,1,high,1
2011-08-28,2011,8,28,74.29,108.29,329.16,1,1,high,1
2011-08-29,2011,8,29,216.47,286.57,1058.56,1,1,high,1
2011-08-30,2011,8,30,282.5,376.8,1126.35,1,1,high,1
2011-08-31,2011,8,31,298.35,384.29,1124.59,1,1,high,1
2011-09-01,2011,9,1,227.48,328.82,1000.9,1,1,high,1
2011-09-02,2011,9,2,258.73,338.51,1079.25,1,1,high,1
2011-09-03,2011,9,3,155.73,212.17,1033.47,1,1,high,1
2011-09-04,2011,9,4,35.12,51.94,188.3,1,1,high,1
2011-09-05,2011,9,5,224.4,351.27,1204.27,1,1,high,1
2011-09-06,2011,9,6,193.58,276.0,1188.42,1,1,high,1
2011-09-07,2011,9,7,270.62,363.16,1123.27,1,1,high,1
2011-09-08,2011,9,8,253.45,325.74,1263.69,1,1,high,1
2011-09-09,2011,9,9,285.14,386.49,1150.56,1,1,high,1
2011-09-10,2011,9,10,100.7,174.32,947.19,1,1,high,1
2011-09-11,2011,9,11,147.8,214.37,899.21,1,1,high,1
2011-09-12,2011,9,12,235.84,314.3,1073.97,1,1,high,1
2011-09-13,2011,9,13,161.45,241.67,1128.55,1,1,high,1
2011-09-14,2011,9,14,220.0,324.86,1106.1,1,1,high,1
2011-09-15,2011,9,15,162.77,229.34,963.92,1,1,high,1
2011-09-16,2011,9,16,223.08,310.78,1256.21,1,1,high,1
2011-09-17,2011,9,17,282.94,381.21,1224.96,1,1,high,1
2011-09-18,2011,9,18,223.96,348.63,1229.36,1,1,high,1
2011-09-19,2011,9,19,202.39,278.64,1162.45,1,1,high,1
2011-09-20,2011,9,20,256.97,359.2,1176.97,1,1,high,1
2011-09-21,2011,9,21,251.25,363.6,1199.86,1,1,high,1
2011-09-22,2011,9,22,293.07,384.29,1164.65,1,1,high,1
2011-09-23,2011,9,23,251.69,349.51,1126.35,1,1,high,1
2011-09-24,2011,9,24,275.9,369.32,1209.55,1,1,high,1
2011-09-25,2011,9,25,157.05,212.61,899.65,1,1,high,1
2011-09-26,2011,9,26,237.16,350.39,1170.81,1,1,high,1
2011-09-27,2011,9,27,260.49,349.07,1147.92,1,1,high,1
2011-09-28,2011,9,28,160.57,210.85,686.16,1,1,high,1
2011-09-29,2011,9,29,249.93,329.7,1125.47,1,1,high,1
2011-09-30,2011,9,30,213.39,295.37,1067.81,1,1,high,1
2011-10-01,2011,10,1,158.37,261.03,1118.43,1,1,high,1
2011-10-02,2011,10,2,138.12,238.14,1002.22,1,1,high,1
2011-10-03,2011,10,3,261.81,351.27,1292.74,1,1,high,1
2011-10-04,2011,10,4,164.53,291.41,1073.09,1,1,high,1
2011-10-05,2011,10,5,211.63,296.25,1000.9,1,1,high,1
2011-10-06,2011,10,6,301.43,393.97,1158.05,1,1,high,1
2011-10-07,2011,10,7,268.86,364.48,1177.41,1,1,high,1
2011-10-08,2011,10,8,288.23,385.61,1147.48,1,1,high,1
2011-10-09,2011,10,9,131.08,226.7,1066.05,1,1,high,1
2011-10-10,2011,10,10,37.76,79.23,594.6,1,1,high,1
2011-10-11,2011,10,11,135.04,204.25,1210.87,1,1,high,1
2011-10-12,2011,10,12,270.62,382.09,1289.66,1,1,high,1
2011-10-13,2011,10,13,288.67,380.77,1121.95,1,1,high,1
2011-10-14,2011,10,14,306.71,397.05,1123.71,1,1,high,1
2011-10-15,2011,10,15,314.2,400.13,1133.4,1,1,high,1
2011-10-16,2011,10,16,299.67,396.17,1155.84,1,1,high,1
2011-10-17,2011,10,17,289.55,382.97,1112.71,1,1,high,1
2011-10-18,2011,10,18,271.5,371.52,1232.0,1,1,high,1
2011-10-19,2011,10,19,219.12,339.39,1283.5,1,1,high,1
2011-10-20,2011,10,20,82.22,124.57,720.93,1,1,high,1
2011-10-21,2011,10,21,221.76,320.9,1186.66,1,1,high,1
2011-10-22,2011,10,22,273.7,357.88,1083.21,1,1,high,1
2011-10-23,2011,10,23,48.76,78.79,309.8,1,1,high,1
2011-10-24,2011,10,24,249.05,324.86,1052.4,1,1,high,1
2011-10-25,2011,10,25,284.26,371.52,1191.5,1,1,high,1
2011-10-26,2011,10,26,244.65,374.16,1165.97,1,1,high,1
2011-10-27,2011,10,27,117.87,178.72,742.94,1,1,high,1
2011-10-28,2011,10,28,248.17,368.88,1391.35,1,1,high,1
2011-10-29,2011,10,29,216.03,313.86,1123.27,1,1,high,1
2011-10-30,2011,10,30,232.32,323.98,1301.99,1,1,high,1
2011-10-31,2011,10,31,207.67,315.18,1372.86,1,1,high,1
2011-11-01,2011,11,1,69.01,106.53,415.88,1,1,high,1
2011-11-02,2011,11,2,50.08,88.04,431.73,1,1,high,1
2011-11-03,2011,11,3,204.15,290.53,1109.62,1,1,high,1
2011-11-04,2011,11,4,106.87,149.23,815.14,1,1,high,1
2011-11-05,2011,11,5,108.63,186.2,1088.94,1,1,high,1
2011-11-06,2011,11,6,219.12,317.82,1180.06,1,1,high,1
2011-11-07,2011,11,7,269.3,364.48,1099.06,1,1,high,1
2011-11-08,2011,11,8,270.62,362.28,1167.73,1,1,high,1
2011-11-09,2011,11,9,282.94,377.24,1093.34,1,1,high,1
2011-11-10,2011,11,10,242.89,353.47,1382.54,1,1,high,1
2011-11-11,2011,11,11,79.57,114.45,420.28,1,1,high,1
2011-11-12,2011,11,12,188.74,289.21,1147.92,1,1,high,1
2011-11-13,2011,11,13,228.36,338.07,1101.26,1,1,high,1
2011-11-14,2011,11,14,278.1,358.32,1025.99,1,1,high,1
2011-11-15,2011,11,15,297.47,380.33,1086.73,1,1,high,1
2011-11-16,2011,11,16,288.23,371.52,1106.54,1,1,high,1
2011-11-17,2011,11,17,285.58,377.24,1135.6,1,1,high,1
2011-11-18,2011,11,18,241.13,348.19,1105.22,1,1,high,1
2011-11-19,2011,11,19,280.74,369.32,1062.08,1,1,high,1
2011-11-20,2011,11,20,274.14,368.0,1078.81,1,1,high,1
2011-11-21,2011,11,21,253.89,343.79,1224.07,1,1,high,1
2011-11-22,2011,11,22,244.65,340.27,1222.31,1,1,high,1
2011-11-23,2011,11,23,143.84,252.23,1209.55,1,1,high,1
2011-11-24,2011,11,24,222.2,320.02,1210.43,1,1,high,1
2011-11-25,2011,11,25,257.85,347.31,1081.45,1,1,high,1
2011-11-26,2011,11,26,33.35,50.18,248.61,1,1,high,1
2011-11-27,2011,11,27,150.01,199.85,945.87,1,1,high,1
2011-11-28,2011,11,28,193.58,267.64,973.17,1,1,high,1
2011-11-29,2011,11,29,241.13,342.03,1176.53,1,1,high,1
2011-11-30,2011,11,30,106.43,199.85,1223.63,1,1,high,1
2011-12-01,2011,12,1,54.04,78.35,350.29,1,1,high,1
2011-12-02,2011,12,2,200.19,290.97,1057.24,1,1,high,1
2011-12-03,2011,12,3,287.35,372.84,1017.18,1,1,high,1
2011-12-04,2011,12,4,283.38,366.24,978.89,1,1,high,1
2011-12-05,2011,12,5,286.03,367.56,1088.06,1,1,high,1
2011-12-06,2011,12,6,282.5,365.8,1052.4,1,1,high,1
2011-12-07,2011,12,7,284.26,371.96,1062.96,1,1,high,1
2011-12-08,2011,12,8,223.96,314.3,1211.31,1,1,high,1
2011-12-09,2011,12,9,278.98,360.08,1120.63,1,1,high,1
2011-12-10,2011,12,10,279.42,363.6,1129.87,1,1,high,1
2011-12-11,2011,12,11,179.94,250.47,965.24,1,1,high,1
2011-12-12,2011,12,12,76.93,114.01,397.39,1,1,high,1
2011-12-13,2011,12,13,107.75,169.91,1087.62,1,1,high,1
2011-12-14,2011,12,14,273.26,370.2,1184.46,1,1,high,1
2011-12-15,2011,12,15,214.71,314.3,1135.6,1,1,high,1
2011-12-16,2011,12,16,131.08,185.76,957.32,1,1,high,1
2011-12-17,2011,12,17,202.39,331.46,1296.27,1,1,high,1
2011-12-18,2011,12,18,240.25,328.38,1147.48,1,1,high,1
2011-12-19,2011,12,19,231.44,339.39,1160.25,1,1,high,1
2011-12-20,2011,12,20,64.61,99.04,647.42,1,1,high,1
2011-12-21,2011,12,21,267.98,350.39,1134.28,1,1,high,1
2011-12-22,2011,12,22,87.5,124.57,675.15,1,1,high,1
2011-12-23,2011,12,23,56.24,84.52,374.06,1,1,high,1
2011-12-24,2011,12,24,163.65,232.42,890.85,1,1,high,1
2011-12-25,2011,12,25,164.09,246.07,1043.6,1,1,high,1
2011-12-26,2011,12,26,231.44,323.1,984.61,1,1,high,1
2011-12-27,2011,12,27,211.63,273.36,1017.18,1,1,high,1
2011-12-28,2011,12,28,274.58,357.44,973.17,1,1,high,1
2011-12-29,2011,12,29,293.07,379.01,1019.83,1,1,high,1
2011-12-30,2011,12,30,298.35,381.65,1022.47,1,1,high,1
2011-12-31,2011,12,31,266.22,357.88,995.17,1,1,high,1
2012-01-01,2012,1,1,263.14,339.83,1032.15,1,1,high,1
2012-01-02,2012,1,2,133.28,187.08,841.99,1,1,high,1
2012-01-03,2012,1,3,280.74,362.28,1021.59,1,1,high,1
2012-01-04,2012,1,4,234.52,323.54,1110.95,1,1,high,1
2012-01-05,2012,1,5,242.45,335.43,1184.9,1,1,high,1
2012-01-06,2012,1,6,271.06,355.68,1086.29,1,1,high,1
2012-01-07,2012,1,7,152.65,228.02,1146.6,1,1,high,1
2012-01-08,2012,1,8,257.41,358.76,1146.16,1,1,high,1
2012-01-09,2012,1,9,270.62,360.08,1026.43,1,1,high,1
2012-01-10,2012,1,10,263.58,357.44,993.41,1,1,high,1
2012-01-11,2012,1,11,234.52,316.06,1017.62,1,1,high,1
2012-01-12,2012,1,12,243.77,327.06,1218.35,1,1,high,1
2012-01-13,2012,1,13,207.23,280.84,999.14,1,1,high,1
2012-01-14,2012,1,14,195.79,281.28,1006.62,1,1,high,1
2012-01-15,2012,1,15,201.51,284.36,1146.6,1,1,high,1
2012-01-16,2012,1,16,97.18,143.94,632.02,1,1,high,1
2012-01-17,2012,1,17,241.13,327.06,1052.4,1,1,high,1
2012-01-18,2012,1,18,216.03,320.02,1209.99,1,1,high,1
2012-01-19,2012,1,19,275.02,364.48,1089.38,1,1,high,1
2012-01-20,2012,1,20,269.3,358.32,1141.32,1,1,high,1
2012-01-21,2012,1,21,273.26,361.4,1025.55,1,1,high,1
2012-01-22,2012,1,22,272.38,363.16,1069.57,1,1,high,1
2012-01-23,2012,1,23,256.53,349.95,1081.45,1,1,high,1
2012-01-24,2012,1,24,220.0,285.68,999.58,1,1,high,1
2012-01-25,2012,1,25,194.47,275.56,1214.39,1,1,high,1
2012-01-26,2012,1,26,242.01,356.12,1157.61,1,1,high,1
2012-01-27,2012,1,27,208.11,273.8,944.11,1,1,high,1
2012-01-28,2012,1,28,244.21,329.26,964.36,1,1,high,1
2012-01-29,2012,1,29,228.8,317.82,1049.76,1,1,high,1
2012-01-30,2012,1,30,212.07,300.21,1112.71,1,1,high,1
2012-01-31,2012,1,31,243.77,333.23,1108.3,1,1,high,1
2012-02-01,2012,2,1,245.97,331.9,1091.58,1,1,high,1
2012-02-02,2012,2,2,235.84,329.7,1109.62,1,1,high,1
2012-02-03,2012,2,3,231.0,337.63,1194.58,1,1,high,1
2012-02-04,2012,2,4,282.5,380.33,1160.69,1,1,high,1
2012-02-05,2012,2,5,96.3,147.46,817.34,1,1,high,1
2012-02-06,2012,2,6,287.35,388.69,1295.39,1,1,high,1
2012-02-07,2012,2,7,290.43,398.37,1373.74,1,1,high,1
2012-02-08,2012,2,8,300.55,391.77,1153.64,1,1,high,1
2012-02-09,2012,2,9,257.41,358.32,1123.71,1,1,high,1
2012-02-10,2012,2,10,184.78,273.8,1335.0,1,1,high,1
2012-02-11,2012,2,11,221.76,315.62,1311.23,1,1,high,1
2012-02-12,2012,2,12,161.45,254.87,1122.83,1,1,high,1
2012-02-13,2012,2,13,155.29,246.95,952.48,1,1,high,1
2012-02-14,2012,2,14,127.56,182.24,765.83,1,1,high,1
2012-02-15,2012,2,15,141.2,246.95,878.96,1,1,high,1
2012-02-16,2012,2,16,137.24,185.76,831.42,1,1,high,1
2012-02-17,2012,2,17,245.97,354.79,1092.46,1,1,high,1
2012-02-18,2012,2,18,131.52,164.19,601.2,1,1,high,1
2012-02-19,2012,2,19,257.41,369.32,840.005,1,1,high,1
2012-02-20,2012,2,20,249.93,341.59,1078.81,1,1,high,1
2012-02-21,2012,2,21,220.44,329.7,1197.66,1,1,high,1
2012-02-22,2012,2,22,177.74,255.31,1003.54,1,1,high,1
2012-02-23,2012,2,23,172.46,253.55,1083.21,1,1,high,1
2012-02-24,2012,2,24,16.63,25.09,183.9,1,1,high,1
2012-02-25,2012,2,25,177.74,247.39,912.42,1,1,high,1
2012-02-26,2012,2,26,216.91,342.91,1272.94,1,1,high,1
2012-02-27,2012,2,27,213.39,290.09,1207.79,1,1,high,1
2012-02-28,2012,2,28,96.74,169.47,1322.68,1,1,high,1
2012-02-29,2012,2,29,190.5,302.85,1343.81,1,1,high,1
2012-03-01,2012,3,1,291.75,408.94,1371.98,1,1,high,1
2012-03-02,2012,3,2,282.94,372.84,1162.45,1,1,high,1
2012-03-03,2012,3,3,163.65,221.86,933.99,1,1,high,1
2012-03-04,2012,3,4,60.21,91.56,322.56,1,1,high,1
2012-03-05,2012,3,5,137.68,192.36,729.3,1,1,high,1
2012-03-06,2012,3,6,179.5,276.88,1269.85,1,1,high,1
2012-03-07,2012,3,7,173.34,234.62,906.7,1,1,high,1
2012-03-08,2012,3,8,176.42,255.31,959.52,1,1,high,1
2012-03-09,2012,3,9,190.06,255.75,1077.49,1,1,high,1
2012-03-10,2012,3,10,299.23,390.45,1248.29,1,1,high,1
2012-03-11,2012,3,11,277.22,377.68,1038.31,1,1,high,1
2012-03-12,2012,3,12,226.6,324.42,1158.93,1,1,high,1
2012-03-13,2012,3,13,284.26,368.0,1204.71,1,1,high,1
2012-03-14,2012,3,14,269.74,362.28,1110.06,1,1,high,1
2012-03-15,2012,3,15,311.56,394.85,1186.66,1,1,high,1
2012-03-16,2012,3,16,287.79,386.49,1134.72,1,1,high,1
2012-03-17,2012,3,17,244.21,349.51,1220.99,1,1,high,1
2012-03-18,2012,3,18,298.35,395.73,1094.22,1,1,high,1
2012-03-19,2012,3,19,307.15,393.09,1183.14,1,1,high,1
2012-03-20,2012,3,20,266.22,381.65,1096.42,1,1,high,1
2012-03-21,2012,3,21,309.36,398.81,1066.49,1,1,high,1
2012-03-22,2012,3,22,301.43,396.17,1054.6,1,1,high,1
2012-03-23,2012,3,23,299.67,390.89,1180.06,1,1,high,1
2012-03-24,2012,3,24,314.2,402.34,1075.29,1,1,high,1
2012-03-25,2012,3,25,105.11,195.45,955.56,1,1,high,1
2012-03-26,2012,3,26,164.97,220.1,893.05,1,1,high,1
2012-03-27,2012,3,27,304.07,409.38,1113.59,1,1,high,1
2012-03-28,2012,3,28,249.93,327.94,1121.95,1,1,high,1
2012-03-29,2012,3,29,328.72,419.06,1220.99,1,1,high,1
2012-03-30,2012,3,30,223.08,372.84,1195.46,1,1,high,1
2012-03-31,2012,3,31,112.15,161.99,687.04,1,1,high,1
2012-04-01,2012,4,1,308.03,397.05,1076.61,1,1,high,1
2012-04-02,2012,4,2,271.06,366.68,1144.84,1,1,high,1
2012-04-03,2012,4,3,318.16,403.66,1191.06,1,1,high,1
2012-04-04,2012,4,4,300.11,398.81,1108.3,1,1,high,1
2012-04-05,2012,4,5,116.99,176.96,1152.32,1,1,high,1
2012-04-06,2012,4,6,293.95,392.21,1266.33,1,1,high,1
2012-04-07,2012,4,7,318.16,398.81,1119.31,1,1,high,1
2012-04-08,2012,4,8,108.63,134.26,418.08,1,1,high,1
2012-04-09,2012,4,9,277.22,382.53,1191.06,1,1,high,1
2012-04-10,2012,4,10,136.8,182.68,841.99,1,1,high,1
2012-04-11,2012,4,11,324.76,415.1,1228.48,1,1,high,1
2012-04-12,2012,4,12,209.87,295.81,1070.45,1,1,high,1
2012-04-13,2012,4,13,104.67,156.27,1125.47,1,1,high,1
2012-04-14,2012,4,14,220.88,313.42,1173.45,1,1,high,1
2012-04-15,2012,4,15,130.2,207.33,1130.31,1,1,high,1
2012-04-16,2012,4,16,283.38,377.24,1097.3,1,1,high,1
2012-04-17,2012,4,17,101.58,183.56,817.78,1,1,high,1
2012-04-18,2012,4,18,98.5,173.0,787.4,1,1,high,1
2012-04-19,2012,4,19,226.6,325.3,1207.79,1,1,high,1
2012-04-20,2012,4,20,176.42,231.98,1029.51,1,1,high,1
2012-04-21,2012,4,21,224.4,348.63,1284.82,1,1,high,1
2012-04-22,2012,4,22,308.03,395.29,1133.4,1,1,high,1
2012-04-23,2012,4,23,214.27,327.94,1176.97,1,1,high,1
2012-04-24,2012,4,24,277.22,384.73,1314.75,1,1,high,1
2012-04-25,2012,4,25,302.31,383.85,1120.19,1,1,high,1
2012-04-26,2012,4,26,304.51,385.61,1032.59,1,1,high,1
2012-04-27,2012,4,27,273.26,380.77,1160.25,1,1,high,1
2012-04-28,2012,4,28,23.67,36.1,195.35,1,1,high,1
2012-04-29,2012,4,29,132.4,187.52,796.21,1,1,high,1
2012-04-30,2012,4,30,65.93,90.24,364.82,1,1,high,1
2012-05-01,2012,5,1,157.49,225.38,930.47,1,1,high,1
2012-05-02,2012,5,2,298.79,395.73,1108.3,1,1,high,1
2012-05-03,2012,5,3,203.27,305.93,1213.07,1,1,high,1
2012-05-04,2012,5,4,106.87,151.43,677.36,1,1,high,1
2012-05-05,2012,5,5,151.33,220.98,1333.24,1,1,high,1
2012-05-06,2012,5,6,299.23,385.61,1107.42,1,1,high,1
2012-05-07,2012,5,7,234.52,294.05,803.25,1,1,high,1
2012-05-08,2012,5,8,293.95,374.16,1035.67,1,1,high,1
2012-05-09,2012,5,9,238.48,326.62,1151.88,1,1,high,1
2012-05-10,2012,5,10,303.19,381.21,1014.98,1,1,high,1
2012-05-12,2012,5,12,265.72,351.85,1148.16,2,1,high,1
2012-05-13,2012,5,13,270.41,379.06,1096.55,2,1,high,1
2012-05-14,2012,5,14,260.55,364.99,1173.96,2,1,high,1
2012-05-15,2012,5,15,215.52,298.37,1118.6,2,1,high,1
2012-05-16,2012,5,16,282.6,367.33,1057.15,2,1,high,1
2012-05-17,2012,5,17,258.68,348.57,1054.33,2,1,high,1
2012-05-18,2012,5,18,234.75,317.14,1116.26,2,1,high,1
2012-05-19,2012,5,19,278.85,361.23,1080.6,2,1,high,1
2012-05-20,2012,5,20,281.67,357.48,1038.85,2,1,high,1
2012-05-21,2012,5,21,215.52,305.88,1297.81,2,1,high,1
2012-05-22,2012,5,22,167.67,256.15,1046.82,2,1,high,1
2012-05-23,2012,5,23,181.74,248.17,1012.11,2,1,high,1
2012-05-24,2012,5,24,56.95,82.1,280.26,2,1,high,1
2012-05-25,2012,5,25,139.05,216.74,902.8,2,1,high,1
2012-05-26,2012,5,26,77.12,102.27,421.47,2,1,high,1
2012-05-27,2012,5,27,203.79,292.74,968.01,2,1,high,1
2012-05-28,2012,5,28,201.91,271.63,1134.08,2,1,high,1
2012-05-29,2012,5,29,265.72,351.85,1060.9,2,1,high,1
2012-05-30,2012,5,30,155.94,224.25,944.08,2,1,high,1
2012-05-31,2012,5,31,161.1,243.95,973.64,2,1,high,1
2012-06-01,2012,6,1,82.28,118.22,585.2,2,1,high,1
2012-06-02,2012,6,2,225.84,302.59,961.44,2,1,high,1
2012-06-03,2012,6,3,279.79,358.42,1074.03,2,1,high,1
2012-06-04,2012,6,4,257.27,352.32,1118.6,2,1,high,1
2012-06-05,2012,6,5,162.04,253.8,977.86,2,1,high,1
2012-06-06,2012,6,6,86.97,144.49,679.49,2,1,high,1
2012-06-07,2012,6,7,197.69,263.18,1001.79,2,1,high,1
2012-06-08,2012,6,8,217.86,301.18,964.73,2,1,high,1
2012-06-09,2012,6,9,253.05,338.25,1073.57,2,1,high,1
2012-06-10,2012,6,10,158.28,201.73,596.92,2,1,high,1
2012-06-11,2012,6,11,248.83,338.72,1080.13,2,1,high,1
2012-06-12,2012,6,12,261.49,336.37,1070.28,2,1,high,1
2012-06-13,2012,6,13,263.84,341.53,983.49,2,1,high,1
2012-06-14,2012,6,14,282.6,357.01,971.29,2,1,high,1
2012-06-15,2012,6,15,281.67,357.95,1130.8,2,1,high,1
2012-06-16,2012,6,16,262.43,339.18,1060.43,2,1,high,1
2012-06-17,2012,6,17,230.06,318.07,1176.31,2,1,high,1
2012-06-18,2012,6,18,276.97,360.76,1021.02,2,1,high,1
2012-06-19,2012,6,19,246.48,329.8,1171.61,2,1,high,1
2012-06-20,2012,6,20,275.1,357.01,1102.18,2,1,high,1
2012-06-21,2012,6,21,284.48,361.23,1057.61,2,1,high,1
2012-06-22,2012,6,22,280.73,356.54,1019.61,2,1,high,1
2012-06-23,2012,6,23,281.2,361.23,1044.48,2,1,high,1
2012-06-24,2012,6,24,275.57,356.54,1083.89,2,1,high,1
2012-06-25,2012,6,25,291.05,365.46,974.11,2,1,high,1
2012-06-26,2012,6,26,251.64,335.9,1078.73,2,1,high,1
2012-06-27,2012,6,27,261.49,341.06,996.63,2,1,high,1
2012-06-28,2012,6,28,284.48,373.9,1062.78,2,1,high,1
2012-06-29,2012,6,29,251.17,351.85,1160.35,2,1,high,1
2012-06-30,2012,6,30,196.75,310.1,1187.1,2,1,high,1
2012-07-01,2012,7,1,209.42,286.17,968.01,2,1,high,1
2012-07-02,2012,7,2,205.67,312.44,1128.92,2,1,high,1
2012-07-03,2012,7,3,165.79,258.02,1219.47,2,1,high,1
2012-07-04,2012,7,4,145.15,191.88,755.02,2,1,high,1
2012-07-05,2012,7,5,200.51,267.88,872.31,2,1,high,1
2012-07-06,2012,7,6,94.01,145.9,913.12,2,1,high,1
2012-07-07,2012,7,7,139.52,216.74,785.99,2,1,high,1
2012-07-08,2012,7,8,61.64,82.57,254.46,2,1,high,1
2012-07-09,2012,7,9,176.58,252.39,998.03,2,1,high,1
2012-07-10,2012,7,10,74.31,94.3,269.0,2,1,high,1
2012-07-11,2012,7,11,261.02,346.69,1054.33,2,1,high,1
2012-07-12,2012,7,12,171.42,274.91,1130.8,2,1,high,1
2012-07-13,2012,7,13,113.72,176.86,676.68,2,1,high,1
2012-07-14,2012,7,14,149.37,204.54,907.96,2,1,high,1
2012-07-15,2012,7,15,208.01,306.34,1114.38,2,1,high,1
2012-07-16,2012,7,16,265.72,348.57,1048.7,2,1,high,1
2012-07-17,2012,7,17,276.04,362.64,1073.1,2,1,high,1
2012-07-18,2012,7,18,261.96,343.41,992.87,2,1,high,1
2012-07-19,2012,7,19,237.1,327.93,1059.49,2,1,high,1
2012-07-20,2012,7,20,278.38,366.39,1057.15,2,1,high,1
2012-07-21,2012,7,21,206.14,283.36,1108.75,2,1,high,1
2012-07-22,2012,7,22,208.95,266.47,1016.8,2,1,high,1
2012-07-23,2012,7,23,256.8,354.2,1029.47,2,1,high,1
2012-07-24,2012,7,24,60.23,81.16,377.84,2,1,high,1
2012-07-25,2012,7,25,264.31,339.65,1020.08,2,1,high,1
2012-07-26,2012,7,26,178.46,256.15,897.64,2,1,high,1
2012-07-27,2012,7,27,281.67,364.52,1029.0,2,1,high,1
2012-07-28,2012,7,28,261.96,347.16,1139.24,2,1,high,1
2012-07-29,2012,7,29,248.36,328.39,1131.27,2,1,high,1
2012-07-30,2012,7,30,254.93,339.65,1017.74,2,1,high,1
2012-07-31,2012,7,31,275.1,363.58,1062.31,2,1,high,1
2012-08-01,2012,8,1,259.62,336.37,1108.75,2,1,high,1
2012-08-02,2012,8,2,260.55,354.67,1089.05,2,1,high,1
2012-08-03,2012,8,3,267.59,356.07,1127.05,2,1,high,1
2012-08-04,2012,8,4,284.48,369.21,1104.06,2,1,high,1
2012-08-05,2012,8,5,290.58,373.43,1095.61,2,1,high,1
2012-08-06,2012,8,6,296.21,379.53,1082.01,2,1,high,1
2012-08-07,2012,8,7,295.74,385.63,1104.06,2,1,high,1
2012-08-08,2012,8,8,236.16,329.8,1084.82,2,1,high,1
2012-08-09,2012,8,9,262.43,361.7,1151.44,2,1,high,1
2012-08-10,2012,8,10,279.32,380.0,1029.0,2,1,high,1
2012-08-11,2012,8,11,298.09,378.59,1044.95,2,1,high,1
2012-08-12,2012,8,12,310.28,390.79,1039.79,2,1,high,1
2012-08-13,2012,8,13,291.99,384.22,1105.94,2,1,high,1
2012-08-14,2012,8,14,300.43,383.75,1120.01,2,1,high,1
2012-08-15,2012,8,15,259.62,365.93,1115.79,2,1,high,1
2012-08-16,2012,8,16,187.37,275.38,1055.74,2,1,high,1
2012-08-17,2012,8,17,260.55,347.63,1100.31,2,1,high,1
2012-08-18,2012,8,18,102.93,166.07,852.13,2,1,high,1
2012-08-19,2012,8,19,58.36,74.12,241.32,2,1,high,1
2012-08-20,2012,8,20,196.28,284.3,1196.48,2,1,high,1
2012-08-21,2012,8,21,260.09,379.53,1204.92,2,1,high,1
2012-08-22,2012,8,22,241.32,323.7,1168.8,2,1,high,1
2012-08-23,2012,8,23,284.48,382.34,1234.95,2,1,high,1
2012-08-24,2012,8,24,250.23,327.93,1188.5,2,1,high,1
2012-08-25,2012,8,25,256.33,346.22,1138.0700000000002,2,1,high,1
2012-08-26,2012,8,26,233.81,358.89,1087.64,2,1,high,1
2012-08-27,2012,8,27,168.6,254.27,1057.61,2,1,high,1
2012-08-28,2012,8,28,52.26,75.06,421.0,2,1,high,1
2012-08-29,2012,8,29,301.84,388.91,1085.76,2,1,high,1
2012-08-30,2012,8,30,238.97,317.6,1163.17,2,1,high,1
2012-08-31,2012,8,31,293.39,377.18,1129.86,2,1,high,1
2012-09-01,2012,9,1,276.04,369.21,1178.18,2,1,high,1
2012-09-02,2012,9,2,286.83,374.84,1092.8,2,1,high,1
2012-09-03,2012,9,3,298.55,386.1,1124.23,2,1,high,1
2012-09-04,2012,9,4,259.62,345.28,1061.84,2,1,high,1
2012-09-05,2012,9,5,288.23,388.91,1134.55,2,1,high,1
2012-09-06,2012,9,6,195.34,238.79,749.39,2,1,high,1
2012-09-07,2012,9,7,307.94,399.23,1131.74,2,1,high,1
2012-09-08,2012,9,8,230.53,319.95,1336.75,2,1,high,1
2012-09-09,2012,9,9,132.95,233.63,1159.89,2,1,high,1
2012-09-10,2012,9,10,238.51,335.9,1211.96,2,1,high,1
2012-09-11,2012,9,11,116.06,169.36,806.16,2,1,high,1
2012-09-12,2012,9,12,58.83,90.07,353.44,2,1,high,1
2012-09-13,2012,9,13,236.16,332.15,1245.74,2,1,high,1
2012-09-14,2012,9,14,277.44,373.43,1102.65,2,1,high,1
2012-09-15,2012,9,15,89.32,153.88,666.83,2,1,high,1
2012-09-16,2012,9,16,216.46,304.94,1029.47,2,1,high,1
2012-09-17,2012,9,17,240.38,323.7,1196.95,2,1,high,1
2012-09-18,2012,9,18,218.33,310.57,1297.81,2,1,high,1
2012-09-19,2012,9,19,135.76,204.54,947.37,2,1,high,1
2012-09-20,2012,9,20,315.44,402.05,1204.92,2,1,high,1
2012-09-21,2012,9,21,294.33,379.06,1062.31,2,1,high,1
2012-09-22,2012,9,22,305.59,398.3,1162.23,2,1,high,1
2012-09-23,2012,9,23,299.96,395.95,1174.9,2,1,high,1
2012-09-24,2012,9,24,290.58,382.81,1287.49,2,1,high,1
2012-09-25,2012,9,25,203.32,327.93,1112.5,2,1,high,1
2012-09-26,2012,9,26,64.46,88.2,312.16,2,1,high,1
2012-09-27,2012,9,27,223.96,322.76,1101.24,2,1,high,1
2012-09-28,2012,9,28,165.32,235.51,1021.02,2,1,high,1
2012-09-29,2012,9,29,261.96,372.02,1182.4,2,1,high,1
2012-09-30,2012,9,30,296.68,387.04,1085.76,2,1,high,1
2012-10-01,2012,10,1,245.07,342.47,1143.47,2,1,high,1
2012-10-02,2012,10,2,239.91,317.14,1082.01,2,1,high,1
2012-10-03,2012,10,3,307.47,399.7,1310.01,2,1,high,1
2012-10-04,2012,10,4,312.63,400.17,1076.38,2,1,high,1
2012-10-05,2012,10,5,307.0,400.17,1206.8,2,1,high,1
2012-10-06,2012,10,6,309.81,396.89,1133.15,2,1,high,1
2012-10-07,2012,10,7,301.84,385.63,1085.76,2,1,high,1
2012-10-08,2012,10,8,281.67,370.15,1205.86,2,1,high,1
2012-10-09,2012,10,9,290.11,386.1,1125.64,2,1,high,1
2012-10-10,2012,10,10,299.96,386.57,1106.87,2,1,high,1
2012-10-11,2012,10,11,315.91,402.99,1116.73,2,1,high,1
2012-10-12,2012,10,12,284.95,386.1,1132.68,2,1,high,1
2012-10-13,2012,10,13,205.67,283.36,1151.44,2,1,high,1
2012-10-14,2012,10,14,259.62,373.9,1086.23,2,1,high,1
2012-10-15,2012,10,15,160.16,260.84,1167.39,2,1,high,1
2012-10-16,2012,10,16,232.88,368.74,1147.69,2,1,high,1
2012-10-17,2012,10,17,68.68,92.42,300.43,2,1,high,1
2012-10-18,2012,10,18,150.31,234.57,908.43,2,1,high,1
2012-10-19,2012,10,19,302.31,385.16,1046.82,2,1,high,1
2012-10-20,2012,10,20,182.68,259.43,1059.49,2,1,high,1
2012-10-21,2012,10,21,53.2,96.64,491.37,2,1,high,1
2012-10-22,2012,10,22,236.63,334.49,1181.0,2,1,high,1
2012-10-23,2012,10,23,277.91,370.15,1182.4,2,1,high,1
2012-10-24,2012,10,24,238.97,331.21,1230.73,2,1,high,1
2012-10-25,2012,10,25,80.41,113.53,529.84,2,1,high,1
2012-10-26,2012,10,26,269.94,359.36,1201.64,2,1,high,1
2012-10-27,2012,10,27,234.75,343.88,1157.54,2,1,high,1
2012-10-28,2012,10,28,190.18,281.48,1128.92,2,1,high,1
2012-10-29,2012,10,29,123.57,182.49,1158.95,2,1,high,1
2012-10-30,2012,10,30,267.12,355.13,1191.79,2,1,high,1
2012-10-31,2012,10,31,208.95,306.81,1221.81,2,1,high,1
2012-11-01,2012,11,1,108.55,208.3,1024.78,2,1,high,1
2012-11-02,2012,11,2,121.22,184.84,796.78,2,1,high,1
2012-11-03,2012,11,3,81.35,134.17,435.54,2,1,high,1
2012-11-04,2012,11,4,207.54,291.33,1218.53,2,1,high,1
2012-11-05,2012,11,5,244.13,313.85,1108.75,2,1,high,1
2012-11-06,2012,11,6,27.86,38.47,113.25,2,1,high,1
2012-11-07,2012,11,7,284.01,372.96,1029.94,2,1,high,1
2012-11-08,2012,11,8,127.32,203.6,1056.68,2,1,high,1
2012-11-09,2012,11,9,77.12,165.6,1044.95,2,1,high,1
2012-11-10,2012,11,10,60.23,100.39,534.06,2,1,high,1
2012-11-11,2012,11,11,30.68,46.91,168.14,2,1,high,1
2012-11-12,2012,11,12,53.67,72.25,284.01,2,1,high,1
2012-11-13,2012,11,13,161.57,234.1,1084.36,2,1,high,1
2012-11-14,2012,11,14,236.16,340.12,1239.64,2,1,high,1
2012-11-15,2012,11,15,108.55,159.04,720.31,2,1,high,1
2012-11-16,2012,11,16,220.21,300.25,1277.17,2,1,high,1
2012-11-17,2012,11,17,223.02,325.58,1239.64,2,1,high,1
2012-11-18,2012,11,18,261.49,349.04,1052.45,2,1,high,1
2012-11-19,2012,11,19,182.68,282.42,1098.43,2,1,high,1
2012-11-20,2012,11,20,254.46,352.32,1032.28,2,1,high,1
2012-11-21,2012,11,21,196.28,311.97,1151.44,2,1,high,1
2012-11-22,2012,11,22,262.9,349.04,1066.06,2,1,high,1
2012-11-23,2012,11,23,238.04,332.62,1168.8,2,1,high,1
2012-11-24,2012,11,24,269.47,360.3,983.96,2,1,high,1
2012-11-25,2012,11,25,223.96,330.27,1246.21,2,1,high,1
2012-11-26,2012,11,26,175.17,258.02,1261.69,2,1,high,1
2012-11-27,2012,11,27,215.52,318.54,1255.59,2,1,high,1
2012-11-28,2012,11,28,231.94,325.58,1122.36,2,1,high,1
2012-11-29,2012,11,29,101.99,157.63,831.96,2,1,high,1
2012-11-30,2012,11,30,75.25,117.28,579.1,2,1,high,1
2012-12-01,2012,12,1,108.09,135.58,422.41,2,1,high,1
2012-12-02,2012,12,2,250.7,337.31,1059.96,2,1,high,1
2012-12-03,2012,12,3,242.73,333.09,991.0,2,1,high,1
2012-12-04,2012,12,4,265.72,354.67,1001.79,2,1,high,1
2012-12-05,2012,12,5,257.27,342.0,1087.17,2,1,high,1
2012-12-06,2012,12,6,249.76,341.53,1167.86,2,1,high,1
2012-12-07,2012,12,7,231.0,354.67,1059.02,2,1,high,1
2012-12-08,2012,12,8,251.64,350.91,1155.66,2,1,high,1
2012-12-09,2012,12,9,212.7,296.02,1038.85,2,1,high,1
2012-12-10,2012,12,10,217.39,299.31,1147.69,2,1,high,1
2012-12-11,2012,12,11,156.88,233.63,1075.44,2,1,high,1
2012-12-12,2012,12,12,265.72,357.48,1153.79,2,1,high,1
2012-12-13,2012,12,13,263.37,354.2,1052.92,2,1,high,1
2012-12-14,2012,12,14,124.51,164.67,592.23,2,1,high,1
2012-12-15,2012,12,15,69.15,117.28,644.78,2,1,high,1
2012-12-16,2012,12,16,270.41,364.52,1068.4,2,1,high,1
2012-12-17,2012,12,17,259.62,354.67,1044.48,2,1,high,1
2012-12-18,2012,12,18,171.89,259.9,1176.77,2,1,high,1
2012-12-19,2012,12,19,101.99,190.0,1219.0,2,1,high,1
2012-12-20,2012,12,20,124.51,201.73,1130.33,2,1,high,1
2012-12-21,2012,12,21,212.23,311.97,1141.12,2,1,high,1
2012-12-22,2012,12,22,268.06,356.07,1122.82,2,1,high,1
2012-12-23,2012,12,23,90.73,115.41,381.12,2,1,high,1
2012-12-24,2012,12,24,136.23,201.73,682.31,2,1,high,1
2012-12-25,2012,12,25,272.28,348.57,1092.8,2,1,high,1
2012-12-26,2012,12,26,163.91,256.62,1222.28,2,1,high,1
2012-12-27,2012,12,27,194.41,263.65,992.87,2,1,high,1
2012-12-28,2012,12,28,171.89,239.26,1005.07,2,1,high,1
2012-12-29,2012,12,29,247.89,346.69,1074.5,2,1,high,1
2012-12-30,2012,12,30,244.6,330.74,1036.97,2,1,high,1
2012-12-31,2012,12,31,99.64,135.11,577.22,2,1,high,1
2013-01-01,2013,1,1,269.0,358.89,1084.36,2,1,high,1
2013-01-02,2013,1,2,157.81,243.95,1053.86,2,1,high,1
2013-01-03,2013,1,3,183.62,259.9,1101.71,2,1,high,1
2013-01-04,2013,1,4,198.63,306.34,1239.64,2,1,high,1
2013-01-05,2013,1,5,170.48,272.57,1107.34,2,1,high,1
2013-01-06,2013,1,6,190.65,277.73,1140.65,2,1,high,1
2013-01-07,2013,1,7,212.7,309.63,1071.22,2,1,high,1
2013-01-08,2013,1,8,238.51,349.04,1153.79,2,1,high,1
2013-01-09,2013,1,9,135.3,232.22,1273.42,2,1,high,1
2013-01-10,2013,1,10,251.64,347.16,1161.76,2,1,high,1
2013-01-11,2013,1,11,273.69,359.83,1149.1,2,1,high,1
2013-01-12,2013,1,12,276.51,368.74,1104.53,2,1,high,1
2013-01-13,2013,1,13,201.44,309.16,1120.01,2,1,high,1
2013-01-14,2013,1,14,276.51,364.99,1135.49,2,1,high,1
2013-01-15,2013,1,15,127.32,206.42,1302.03,2,1,high,1
2013-01-16,2013,1,16,123.57,243.01,1158.01,2,1,high,1
2013-01-17,2013,1,17,41.47,72.72,252.11,2,1,high,1
2013-01-18,2013,1,18,182.21,263.18,1257.94,2,1,high,1
2013-01-19,2013,1,19,181.27,258.02,1169.74,2,1,high,1
2013-01-20,2013,1,20,209.42,297.9,1079.19,2,1,high,1
2013-01-21,2013,1,21,227.25,312.91,1184.75,2,1,high,1
2013-01-22,2013,1,22,272.28,382.34,1111.56,2,1,high,1
2013-01-23,2013,1,23,187.37,248.64,1113.44,2,1,high,1
2013-01-24,2013,1,24,208.48,325.58,1198.35,2,1,high,1
2013-01-25,2013,1,25,208.01,258.49,1072.16,2,1,high,1
2013-01-26,2013,1,26,280.26,369.21,1170.21,2,1,high,1
2013-01-27,2013,1,27,243.67,348.57,1183.34,2,1,high,1
2013-01-28,2013,1,28,250.23,360.76,1084.36,2,1,high,1
2013-01-29,2013,1,29,250.23,358.89,1168.8,2,1,high,1
2013-01-30,2013,1,30,283.54,383.75,1220.87,2,1,high,1
2013-01-31,2013,1,31,281.2,384.22,1121.42,2,1,high,1
2013-02-01,2013,2,1,268.53,369.21,1309.07,2,1,high,1
2013-02-02,2013,2,2,177.99,285.23,1260.75,2,1,high,1
2013-02-03,2013,2,3,116.53,178.74,694.5,2,1,high,1
2013-02-04,2013,2,4,173.3,268.81,1147.69,2,1,high,1
2013-02-05,2013,2,5,147.49,212.99,944.55,2,1,high,1
2013-02-06,2013,2,6,172.83,291.33,1286.55,2,1,high,1
2013-02-07,2013,2,7,109.96,154.81,618.97,2,1,high,1
2013-02-08,2013,2,8,194.88,311.04,1217.12,2,1,high,1
2013-02-09,2013,2,9,233.34,357.95,1214.77,2,1,high,1
2013-02-10,2013,2,10,216.93,319.01,1290.77,2,1,high,1
2013-02-11,2013,2,11,107.15,160.91,949.24,2,1,high,1
2013-02-12,2013,2,12,298.09,389.38,1082.01,2,1,high,1
2013-02-13,2013,2,13,299.02,392.2,1229.32,2,1,high,1
2013-02-14,2013,2,14,250.7,354.2,1355.98,2,1,high,1
2013-02-15,2013,2,15,186.43,281.01,1109.22,2,1,high,1
2013-02-16,2013,2,16,171.89,250.05,911.71,2,1,high,1
2013-02-17,2013,2,17,174.7,271.16,1234.48,2,1,high,1
2013-02-18,2013,2,18,294.33,386.57,1054.33,2,1,high,1
2013-02-19,2013,2,19,241.32,364.05,1187.1,2,1,high,1
2013-02-20,2013,2,20,253.05,348.1,1095.15,2,1,high,1
2013-02-21,2013,2,21,219.27,301.18,1079.66,2,1,high,1
2013-02-22,2013,2,22,279.32,370.15,1129.39,2,1,high,1
2013-02-23,2013,2,23,211.3,290.86,1021.49,2,1,high,1
2013-02-24,2013,2,24,219.74,292.27,982.08,2,1,high,1
2013-02-25,2013,2,25,270.41,369.68,1116.73,2,1,high,1
2013-02-26,2013,2,26,268.53,351.85,1234.48,2,1,high,1
2013-02-27,2013,2,27,253.52,332.15,1279.52,2,1,high,1
2013-02-28,2013,2,28,289.17,386.57,1072.63,2,1,high,1
2013-03-01,2013,3,1,248.83,355.6,1172.55,2,1,high,1
2013-03-02,2013,3,2,218.8,326.99,1252.77,2,1,high,1
2013-03-03,2013,3,3,296.21,376.25,1073.1,2,1,high,1
2013-03-04,2013,3,4,221.62,328.86,1261.69,2,1,high,1
2013-03-05,2013,3,5,301.37,381.41,1070.75,2,1,high,1
2013-03-06,2013,3,6,266.18,365.46,1095.15,2,1,high,1
2013-03-07,2013,3,7,304.65,385.63,1014.45,2,1,high,1
2013-03-08,2013,3,8,245.07,354.2,1150.97,2,1,high,1
2013-03-09,2013,3,9,270.41,363.11,1083.89,2,1,high,1
2013-03-10,2013,3,10,299.02,387.04,1090.92,2,1,high,1
2013-03-11,2013,3,11,299.49,386.57,1082.95,2,1,high,1
2013-03-12,2013,3,12,305.12,389.38,1133.15,2,1,high,1
2013-03-13,2013,3,13,277.91,383.75,1157.54,2,1,high,1
2013-03-14,2013,3,14,288.23,374.84,1167.39,2,1,high,1
2013-03-15,2013,3,15,273.22,362.64,1110.63,2,1,high,1
2013-03-16,2013,3,16,256.33,356.54,1133.61,2,1,high,1
2013-03-17,2013,3,17,285.89,384.69,1045.42,2,1,high,1
2013-03-18,2013,3,18,251.17,348.57,1241.05,2,1,high,1
2013-03-19,2013,3,19,147.02,205.48,994.28,2,1,high,1
2013-03-20,2013,3,20,280.73,371.09,1022.9,2,1,high,1
2013-03-21,2013,3,21,212.7,313.38,1188.03,2,1,high,1
2013-03-22,2013,3,22,293.86,378.59,1065.12,2,1,high,1
2013-03-23,2013,3,23,107.62,147.31,619.44,2,1,high,1
2013-03-24,2013,3,24,271.81,381.88,1264.97,2,1,high,1
2013-03-25,2013,3,25,276.04,392.2,1033.69,2,1,high,1
2013-03-26,2013,3,26,275.1,365.93,1025.24,2,1,high,1
2013-03-27,2013,3,27,296.68,375.78,1181.94,2,1,high,1
2013-03-28,2013,3,28,306.06,391.26,1216.18,2,1,high,1
2013-03-29,2013,3,29,216.46,302.12,1126.11,2,1,high,1
2013-03-30,2013,3,30,284.95,374.84,1018.21,2,1,high,1
2013-03-31,2013,3,31,264.31,345.28,1063.71,2,1,high,1
2013-04-01,2013,4,1,188.78,258.49,1016.8,2,1,high,1
2013-04-02,2013,4,2,63.52,84.44,384.41,2,1,high,1
2013-04-03,2013,4,3,175.17,268.35,1141.59,2,1,high,1
2013-04-04,2013,4,4,113.72,209.7,1313.76,2,1,high,1
2013-04-05,2013,4,5,86.51,123.38,415.37,2,1,high,1
2013-04-06,2013,4,6,83.69,105.09,426.16,2,1,high,1
2013-04-07,2013,4,7,260.55,357.01,1297.81,2,1,high,1
2013-04-08,2013,4,8,275.1,380.0,1148.16,2,1,high,1
2013-04-09,2013,4,9,267.12,374.37,1157.54,2,1,high,1
2013-04-10,2013,4,10,128.73,217.68,988.65,2,1,high,1
2013-04-11,2013,4,11,241.79,317.14,1067.0,2,1,high,1
2013-04-12,2013,4,12,295.74,378.59,1001.79,2,1,high,1
2013-04-13,2013,4,13,264.31,348.1,1051.05,2,1,high,1
2013-04-14,2013,4,14,298.55,384.22,1093.74,2,1,high,1
2013-04-15,2013,4,15,240.85,332.62,1247.14,2,1,high,1
2013-04-16,2013,4,16,56.01,69.43,231.0,2,1,high,1
2013-04-17,2013,4,17,227.25,314.32,621.085,2,1,high,1
2013-04-18,2013,4,18,236.63,304.47,1011.17,2,1,high,1
2013-04-19,2013,4,19,250.7,352.79,1199.76,2,1,high,1
2013-04-20,2013,4,20,299.02,391.73,1134.55,2,1,high,1
2013-04-21,2013,4,21,238.97,324.64,1181.0,2,1,high,1
2013-04-22,2013,4,22,257.74,357.95,1103.12,2,1,high,1
2013-04-23,2013,4,23,307.0,390.32,1056.21,2,1,high,1
2013-04-24,2013,4,24,282.6,368.27,1055.74,2,1,high,1
2013-04-25,2013,4,25,279.32,386.1,1136.9,2,1,high,1
2013-04-26,2013,4,26,223.96,320.42,1241.05,2,1,high,1
2013-04-27,2013,4,27,283.54,368.27,1113.44,2,1,high,1
2013-04-28,2013,4,28,306.06,387.04,1181.94,2,1,high,1
2013-04-29,2013,4,29,229.12,313.38,1181.0,2,1,high,1
2013-04-30,2013,4,30,291.05,375.78,1020.55,2,1,high,1
2013-05-01,2013,5,1,267.12,345.75,992.4,2,1,high,1
2013-05-02,2013,5,2,132.01,179.21,743.76,2,1,high,1
2013-05-03,2013,5,3,238.51,359.83,1167.86,2,1,high,1
2013-05-04,2013,5,4,108.09,175.46,746.58,2,1,high,1
2013-05-05,2013,5,5,65.86,95.7,363.76,2,1,high,1
2013-05-06,2013,5,6,153.59,224.72,889.2,2,1,high,1
2013-05-07,2013,5,7,118.41,167.48,908.9,2,1,high,1
2013-05-08,2013,5,8,161.1,277.73,1076.38,2,1,high,1
2013-05-09,2013,5,9,14.73,25.8,214.11,2,1,high,1
2013-05-10,2013,5,10,55.07,76.94,242.73,2,1,high,1
2013-05-11,2013,5,11,140.93,220.02,1009.29,2,1,high,1
2013-05-12,2013,5,12,225.84,301.65,1253.71,2,1,high,1
2013-05-13,2013,5,13,162.51,224.72,835.71,2,1,high,1
2013-05-14,2013,5,14,177.52,235.51,1050.58,2,1,high,1
2013-05-15,2013,5,15,212.23,299.78,1075.21,2,1,high,1
2013-05-16,2013,5,16,232.88,325.11,1099.84,2,1,high,1
2013-05-17,2013,5,17,228.65,305.41,945.96,2,1,high,1
2013-05-18,2013,5,18,226.31,316.67,1063.24,2,1,high,1
2013-05-19,2013,5,19,275.57,370.62,1062.31,2,1,high,1
2013-05-20,2013,5,20,236.63,296.96,948.78,2,1,high,1
2013-05-21,2013,5,21,279.79,363.11,1052.92,2,1,high,1
2013-05-22,2013,5,22,282.6,370.15,1148.16,2,1,high,1
2013-05-23,2013,5,23,265.72,345.75,1164.11,2,1,high,1
2013-05-24,2013,5,24,223.02,303.06,1144.87,2,1,high,1
2013-05-25,2013,5,25,216.93,282.42,1002.26,2,1,high,1
2013-05-26,2013,5,26,107.15,135.11,477.76,2,1,high,1
2013-05-27,2013,5,27,91.2,117.75,351.1,2,1,high,1
2013-05-28,2013,5,28,228.65,300.72,988.65,2,1,high,1
2013-05-29,2013,5,29,294.33,375.31,1082.48,2,1,high,1
2013-05-30,2013,5,30,278.85,355.6,1103.12,2,1,high,1
2013-05-31,2013,5,31,256.8,348.1,1074.5,2,1,high,1
2013-06-01,2013,6,1,240.38,333.55,1087.64,2,1,high,1
2013-06-02,2013,6,2,261.49,337.78,1109.69,2,1,high,1
2013-06-03,2013,6,3,126.85,212.05,1149.1,2,1,high,1
2013-06-04,2013,6,4,53.67,91.95,548.13,2,1,high,1
2013-06-05,2013,6,5,248.36,357.95,1270.13,2,1,high,1
2013-06-06,2013,6,6,63.52,97.58,512.95,2,1,high,1
2013-06-07,2013,6,7,145.15,220.49,938.45,2,1,high,1
2013-06-08,2013,6,8,177.05,267.41,1190.38,2,1,high,1
2013-06-09,2013,6,9,154.53,249.11,1055.27,2,1,high,1
2013-06-10,2013,6,10,229.59,311.97,1302.5,2,1,high,1
2013-06-11,2013,6,11,116.06,153.41,460.88,2,1,high,1
2013-06-12,2013,6,12,117.47,160.44,553.76,2,1,high,1
2013-06-13,2013,6,13,162.97,214.39,703.89,2,1,high,1
2013-06-14,2013,6,14,271.34,344.81,1005.07,2,1,high,1
2013-06-15,2013,6,15,250.23,330.27,1062.78,2,1,high,1
2013-06-16,2013,6,16,257.74,342.94,1019.15,2,1,high,1
2013-06-17,2013,6,17,167.2,225.65,836.18,2,1,high,1
2013-06-18,2013,6,18,104.33,144.49,801.0,2,1,high,1
2013-06-19,2013,6,19,238.97,308.22,947.37,2,1,high,1
2013-06-20,2013,6,20,261.02,342.0,1027.12,2,1,high,1
2013-06-21,2013,6,21,262.9,348.1,1013.05,2,1,high,1
2013-06-22,2013,6,22,271.34,352.79,1070.75,2,1,high,1
2013-06-23,2013,6,23,102.46,156.69,732.04,2,1,high,1
2013-06-24,2013,6,24,236.16,326.05,1004.6,2,1,high,1
2013-06-25,2013,6,25,255.86,334.49,961.91,2,1,high,1
2013-06-26,2013,6,26,201.91,272.1,941.27,2,1,high,1
2013-06-27,2013,6,27,257.27,335.43,1036.97,2,1,high,1
2013-06-28,2013,6,28,262.43,343.88,1010.23,2,1,high,1
2013-06-29,2013,6,29,276.97,354.67,1058.08,2,1,high,1
2013-06-30,2013,6,30,281.67,363.11,1040.73,2,1,high,1
2013-07-01,2013,7,1,232.88,320.89,1047.76,2,1,high,1
2013-07-02,2013,7,2,202.85,273.97,1082.48,2,1,high,1
2013-07-03,2013,7,3,60.23,94.3,463.22,2,1,high,1
2013-07-04,2013,7,4,210.36,288.05,994.28,2,1,high,1
2013-07-05,2013,7,5,253.05,351.38,1113.91,2,1,high,1
2013-07-06,2013,7,6,152.18,220.96,872.31,2,1,high,1
2013-07-07,2013,7,7,186.43,253.8,932.36,2,1,high,1
2013-07-08,2013,7,8,108.09,180.15,873.71,2,1,high,1
2013-07-09,2013,7,9,151.25,217.21,1011.17,2,1,high,1
2013-07-10,2013,7,10,189.72,256.62,1177.24,2,1,high,1
2013-07-11,2013,7,11,286.36,365.46,1059.49,2,1,high,1
2013-07-12,2013,7,12,208.48,296.49,1183.81,2,1,high,1
2013-07-13,2013,7,13,257.27,327.46,1084.82,2,1,high,1
2013-07-14,2013,7,14,235.69,329.8,1081.07,2,1,high,1
2013-07-15,2013,7,15,184.55,262.72,865.74,2,1,high,1
2013-07-16,2013,7,16,260.09,336.37,1046.82,2,1,high,1
2013-07-17,2013,7,17,208.01,280.07,896.23,2,1,high,1
2013-07-18,2013,7,18,217.39,290.86,972.23,2,1,high,1
2013-07-19,2013,7,19,253.99,327.93,996.63,2,1,high,1
2013-07-20,2013,7,20,276.97,358.42,1044.48,2,1,high,1
2013-07-21,2013,7,21,206.6,266.47,930.48,2,1,high,1
2013-07-22,2013,7,22,291.52,369.21,1010.23,2,1,high,1
2013-07-23,2013,7,23,276.97,370.62,1011.17,2,1,high,1
2013-07-24,2013,7,24,215.52,288.05,1097.96,2,1,high,1
2013-07-25,2013,7,25,284.95,373.43,1056.21,2,1,high,1
2013-07-26,2013,7,26,283.07,366.39,1053.39,2,1,high,1
2013-07-27,2013,7,27,218.33,284.76,972.7,2,1,high,1
2013-07-28,2013,7,28,232.41,309.16,1040.73,2,1,high,1
2013-07-29,2013,7,29,218.33,306.81,944.55,2,1,high,1
2013-07-30,2013,7,30,210.83,288.52,1015.86,2,1,high,1
2013-07-31,2013,7,31,236.16,341.06,1013.52,2,1,high,1
2013-08-01,2013,8,1,161.1,239.73,1218.53,2,1,high,1
2013-08-02,2013,8,2,212.7,289.93,936.11,2,1,high,1
2013-08-03,2013,8,3,145.15,199.85,747.99,2,1,high,1
2013-08-04,2013,8,4,87.91,132.77,575.81,2,1,high,1
2013-08-05,2013,8,5,51.79,78.35,318.26,2,1,high,1
2013-08-06,2013,8,6,100.11,150.59,739.54,2,1,high,1
2013-08-07,2013,8,7,213.64,306.81,1162.23,2,1,high,1
2013-08-08,2013,8,8,67.74,106.96,529.84,2,1,high,1
2013-08-09,2013,8,9,109.49,157.63,707.17,2,1,high,1
2013-08-10,2013,8,10,134.36,180.62,761.12,2,1,high,1
2013-08-11,2013,8,11,179.39,269.75,1058.08,2,1,high,1
2013-08-12,2013,8,12,269.94,354.67,1035.1,2,1,high,1
2013-08-13,2013,8,13,95.89,125.73,487.62,2,1,high,1
2013-08-14,2013,8,14,84.16,142.62,548.6,2,1,high,1
2013-08-15,2013,8,15,155.47,207.83,763.94,2,1,high,1
2013-08-16,2013,8,16,232.88,316.67,1092.8,2,1,high,1
2013-08-17,2013,8,17,297.62,380.0,1060.43,2,1,high,1
2013-08-18,2013,8,18,256.33,338.72,1046.82,2,1,high,1
2013-08-19,2013,8,19,304.18,387.51,1100.31,2,1,high,1
2013-08-20,2013,8,20,229.59,330.27,1282.8,2,1,high,1
2013-08-21,2013,8,21,284.95,372.49,1110.16,2,1,high,1
2013-08-22,2013,8,22,242.26,320.89,1135.49,2,1,high,1
2013-08-23,2013,8,23,233.34,315.26,1074.5,2,1,high,1
2013-08-24,2013,8,24,236.16,318.54,1120.48,2,1,high,1
2013-08-25,2013,8,25,287.3,378.12,1089.98,2,1,high,1
2013-08-26,2013,8,26,291.05,381.41,1058.08,2,1,high,1
2013-08-27,2013,8,27,277.91,381.41,1035.1,2,1,high,1
2013-08-28,2013,8,28,257.74,331.68,1181.94,2,1,high,1
2013-08-29,2013,8,29,256.8,330.74,1068.87,2,1,high,1
2013-08-30,2013,8,30,181.74,292.27,1345.66,2,1,high,1
2013-08-31,2013,8,31,275.57,376.72,1140.18,2,1,high,1
2013-09-01,2013,9,1,155.94,248.17,1256.53,2,1,high,1
2013-09-02,2013,9,2,90.73,163.26,608.65,2,1,high,1
2013-09-03,2013,9,3,147.96,224.72,1125.17,2,1,high,1
2013-09-04,2013,9,4,158.75,251.46,1203.52,2,1,high,1
2013-09-05,2013,9,5,225.84,310.57,983.96,2,1,high,1
2013-09-06,2013,9,6,201.44,273.04,1107.34,2,1,high,1
2013-09-07,2013,9,7,252.58,336.84,1189.44,2,1,high,1
2013-09-08,2013,9,8,289.64,380.47,1127.52,2,1,high,1
2013-09-09,2013,9,9,219.74,309.16,1121.42,2,1,high,1
2013-09-10,2013,9,10,63.05,95.7,438.83,2,1,high,1
2013-09-11,2013,9,11,99.64,166.07,1118.13,2,1,high,1
2013-09-12,2013,9,12,277.44,368.74,1229.32,2,1,high,1
2013-09-13,2013,9,13,307.0,394.54,1048.7,2,1,high,1
2013-09-14,2013,9,14,273.69,357.48,1065.12,2,1,high,1
2013-09-15,2013,9,15,251.17,345.75,1231.19,2,1,high,1
2013-09-16,2013,9,16,217.86,285.23,895.76,2,1,high,1
2013-09-17,2013,9,17,268.06,361.23,1166.45,2,1,high,1
2013-09-18,2013,9,18,287.76,371.55,1101.71,2,1,high,1
2013-09-19,2013,9,19,260.55,353.26,1143.94,2,1,high,1
2013-09-20,2013,9,20,262.9,356.54,1124.23,2,1,high,1
2013-09-21,2013,9,21,251.17,350.44,1047.76,2,1,high,1
2013-09-22,2013,9,22,234.28,302.59,1051.52,2,1,high,1
2013-09-23,2013,9,23,264.78,351.85,1069.81,2,1,high,1
2013-09-24,2013,9,24,243.67,310.1,950.65,2,1,high,1
2013-09-25,2013,9,25,252.11,343.41,1210.55,2,1,high,1
2013-09-26,2013,9,26,272.28,365.93,1080.13,2,1,high,1
2013-09-27,2013,9,27,263.37,357.48,1142.53,2,1,high,1
2013-09-28,2013,9,28,279.79,372.02,1128.45,2,1,high,1
2013-09-29,2013,9,29,289.17,380.94,1122.36,2,1,high,1
2013-09-30,2013,9,30,284.01,395.95,1136.43,2,1,high,1
2013-10-01,2013,10,1,246.95,342.94,1150.5,2,1,high,1
2013-10-02,2013,10,2,175.64,257.55,1232.13,2,1,high,1
2013-10-03,2013,10,3,83.69,116.81,438.36,2,1,high,1
2013-10-04,2013,10,4,284.95,380.47,1111.1,2,1,high,1
2013-10-05,2013,10,5,283.54,368.27,1130.33,2,1,high,1
2013-10-06,2013,10,6,276.51,372.96,1099.84,2,1,high,1
2013-10-07,2013,10,7,126.85,156.22,443.99,2,1,high,1
2013-10-08,2013,10,8,239.44,342.94,1232.6,2,1,high,1
2013-10-09,2013,10,9,290.11,375.31,1188.97,2,1,high,1
2013-10-10,2013,10,10,283.54,370.62,1044.95,2,1,high,1
2013-10-11,2013,10,11,281.2,372.49,1088.58,2,1,high,1
2013-10-12,2013,10,12,201.44,281.01,1134.08,2,1,high,1
2013-10-13,2013,10,13,279.79,379.53,1068.87,2,1,high,1
2013-10-14,2013,10,14,270.41,364.99,1160.82,2,1,high,1
2013-10-15,2013,10,15,276.51,370.62,1140.65,2,1,high,1
2013-10-16,2013,10,16,201.91,300.72,1146.28,2,1,high,1
2013-10-17,2013,10,17,24.11,32.37,132.95,2,1,high,1
2013-10-18,2013,10,18,105.74,157.63,703.89,2,1,high,1
2013-10-19,2013,10,19,67.27,88.2,320.13,2,1,high,1
2013-10-20,2013,10,20,38.18,48.79,205.2,2,1,high,1
2013-10-21,2013,10,21,134.36,168.89,664.95,2,1,high,1
2013-10-22,2013,10,22,182.68,257.09,1183.34,2,1,high,1
2013-10-23,2013,10,23,256.33,345.28,1325.02,2,1,high,1
2013-10-24,2013,10,24,268.06,363.58,1217.59,2,1,high,1
2013-10-25,2013,10,25,294.33,380.47,1095.15,2,1,high,1
2013-10-26,2013,10,26,292.46,376.72,1054.8,2,1,high,1
2013-10-27,2013,10,27,287.3,374.37,1044.48,2,1,high,1
2013-10-28,2013,10,28,278.38,368.27,1131.27,2,1,high,1
2013-10-29,2013,10,29,257.74,350.44,1191.79,2,1,high,1
2013-10-30,2013,10,30,140.93,240.2,1326.43,2,1,high,1
2013-10-31,2013,10,31,284.95,386.1,1139.24,2,1,high,1
2013-11-01,2013,11,1,234.28,329.8,1087.64,2,1,high,1
2013-11-02,2013,11,2,260.55,365.46,1212.9,2,1,high,1
2013-11-03,2013,11,3,245.54,319.01,1157.07,2,1,high,1
2013-11-04,2013,11,4,248.36,346.22,1102.65,2,1,high,1
2013-11-05,2013,11,5,273.22,361.23,1083.89,2,1,high,1
2013-11-06,2013,11,6,226.78,309.63,1083.89,2,1,high,1
2013-11-07,2013,11,7,272.28,377.18,1168.8,2,1,high,1
2013-11-08,2013,11,8,249.76,334.96,1105.0,2,1,high,1
2013-11-09,2013,11,9,139.05,217.68,890.13,2,1,high,1
2013-11-10,2013,11,10,194.88,271.16,1025.71,2,1,high,1
2013-11-11,2013,11,11,239.91,343.88,1183.34,2,1,high,1
2013-11-12,2013,11,12,208.48,306.81,1094.68,2,1,high,1
2013-11-13,2013,11,13,208.01,316.2,1215.24,2,1,high,1
2013-11-14,2013,11,14,65.39,115.41,537.34,2,1,high,1
2013-11-15,2013,11,15,160.63,234.1,894.82,2,1,high,1
2013-11-16,2013,11,16,171.89,242.07,1048.23,2,1,high,1
2013-11-17,2013,11,17,238.51,326.05,1120.48,2,1,high,1
2013-11-18,2013,11,18,278.38,356.07,1003.19,2,1,high,1
2013-11-19,2013,11,19,188.31,262.25,981.61,2,1,high,1
2013-11-20,2013,11,20,272.28,358.42,1143.47,2,1,high,1
2013-11-21,2013,11,21,283.07,361.7,1016.8,2,1,high,1
2013-11-22,2013,11,22,269.47,350.91,1000.85,2,1,high,1
2013-11-23,2013,11,23,204.26,299.78,1061.84,2,1,high,1
2013-11-24,2013,11,24,258.68,341.06,1094.68,2,1,high,1
2013-11-25,2013,11,25,254.93,347.63,1058.55,2,1,high,1
2013-11-26,2013,11,26,198.63,282.89,1279.52,2,1,high,1
2013-11-27,2013,11,27,254.46,346.69,1018.21,2,1,high,1
2013-11-28,2013,11,28,224.9,311.51,1021.02,2,1,high,1
2013-11-29,2013,11,29,108.55,167.95,901.39,2,1,high,1
2013-11-30,2013,11,30,229.12,335.9,1060.43,2,1,high,1
2013-12-01,2013,12,1,162.97,240.67,1012.11,2,1,high,1
2013-12-02,2013,12,2,109.02,161.85,735.32,2,1,high,1
2013-12-03,2013,12,3,132.48,180.62,649.94,2,1,high,1
2013-12-04,2013,12,4,226.78,314.79,969.42,2,1,high,1
2013-12-05,2013,12,5,164.38,250.52,1164.11,2,1,high,1
2013-12-06,2013,12,6,210.83,311.97,1018.68,2,1,high,1
2013-12-07,2013,12,7,125.91,213.46,846.03,2,1,high,1
2013-12-08,2013,12,8,187.37,278.67,1225.56,2,1,high,1
2013-12-09,2013,12,9,108.09,158.1,662.6,2,1,high,1
2013-12-10,2013,12,10,185.02,253.8,869.96,2,1,high,1
2013-12-11,2013,12,11,138.58,225.65,1036.97,2,1,high,1
2013-12-12,2013,12,12,194.41,283.36,998.03,2,1,high,1
2013-12-13,2013,12,13,240.38,313.85,930.48,2,1,high,1
2013-12-14,2013,12,14,215.52,314.32,1131.74,2,1,high,1
2013-12-15,2013,12,15,194.88,307.28,1101.71,2,1,high,1
2013-12-16,2013,12,16,189.25,277.26,1109.69,2,1,high,1
2013-12-17,2013,12,17,235.22,324.17,1025.24,2,1,high,1
2013-12-18,2013,12,18,253.99,350.91,991.0,2,1,high,1
2013-12-19,2013,12,19,254.46,345.28,955.81,2,1,high,1
2014-12-01,2014,12,1,255.09,358.98,1171.09,2,5,high,5
2014-12-02,2014,12,2,189.67,271.56,1012.93,2,5,high,5
2014-12-03,2014,12,3,83.79,110.44,392.89,2,5,high,5
2014-12-04,2014,12,4,289.17,388.26,1165.49,2,5,high,5
2014-12-05,2014,12,5,137.57,223.83,1318.05,2,5,high,5
2014-12-06,2014,12,6,236.4,329.65,1205.14,2,5,high,5
2014-12-07,2014,12,7,268.77,363.38,1087.57,2,5,high,5
2014-12-08,2014,12,8,219.54,329.66,1213.07,2,5,high,5
2014-12-09,2014,12,9,242.31,357.74,1058.18,2,5,high,5
2014-12-10,2014,12,10,203.41,309.51,1114.63,2,5,high,5
2014-12-11,2014,12,11,224.44,341.32,1135.16,2,5,high,5
2014-12-12,2014,12,12,71.64,113.08,581.84,2,5,high,5
2014-12-13,2014,12,13,196.09,273.01,1149.62,2,5,high,5
2014-12-14,2014,12,14,257.75,344.49,1171.55,2,5,high,5
2014-12-15,2014,12,15,221.86,300.94,1218.21,2,5,high,5
2014-12-16,2014,12,16,262.91,359.54,1131.43,2,5,high,5
2014-12-17,2014,12,17,173.42,262.63,1007.33,2,5,high,5
2014-12-18,2014,12,18,243.13,330.53,1043.72,2,5,high,5
2014-12-19,2014,12,19,248.28,332.84,1175.28,2,5,high,5
2014-12-20,2014,12,20,81.92,116.07,582.78,2,5,high,5
2014-12-21,2014,12,21,117.35,240.77,1205.61,2,5,high,5
2014-12-22,2014,12,22,143.65,219.53,1271.39,2,5,high,5
2014-12-23,2014,12,23,142.44,203.47,741.4,2,5,high,5
2014-12-24,2014,12,24,47.13,80.39,368.17,2,5,high,5
2014-12-25,2014,12,25,57.74,84.81,312.65,2,5,high,5
2014-12-26,2014,12,26,198.6,278.14,1124.9,2,5,high,5
2014-12-27,2014,12,27,177.06,236.82,912.62,2,5,high,5
2014-12-28,2014,12,28,217.48,294.46,1065.18,2,5,high,5
2014-12-29,2014,12,29,232.42,310.85,1041.39,2,5,high,5
2014-12-30,2014,12,30,271.13,359.54,1131.9,2,5,high,5
2014-12-31,2014,12,31,265.58,357.35,1115.1,2,5,high,5
2015-01-01,2015,1,1,237.16,333.78,1044.65,2,5,high,5
2015-01-02,2015,1,2,271.76,353.24,1010.13,2,5,high,5
2015-01-03,2015,1,3,186.66,243.05,815.11,2,5,high,5
2015-01-04,2015,1,4,167.44,310.83,1371.23,2,5,high,5
2015-01-05,2015,1,5,270.17,370.48,1053.52,2,5,high,5
2015-01-06,2015,1,6,217.23,318.76,1115.57,2,5,high,5
2015-01-07,2015,1,7,239.13,358.84,1205.14,2,5,high,5
2015-01-08,2015,1,8,268.76,365.96,1064.71,2,5,high,5
2015-01-09,2015,1,9,284.5,370.32,1110.44,2,5,high,5
2015-01-10,2015,1,10,225.24,311.99,1183.68,2,5,high,5
2015-01-11,2015,1,11,85.76,122.36,658.36,2,5,high,5
2015-01-12,2015,1,12,219.74,293.74,1191.15,2,5,high,5
2015-01-13,2015,1,13,238.88,333.23,1317.58,2,5,high,5
2015-01-14,2015,1,14,283.44,363.59,1033.46,2,5,high,5
2015-01-15,2015,1,15,260.42,345.78,1130.03,2,5,high,5
2015-01-16,2015,1,16,285.94,372.35,1047.92,2,5,high,5
2015-01-17,2015,1,17,276.39,364.21,1077.78,2,5,high,5
2015-01-18,2015,1,18,203.24,311.33,1076.84,2,5,high,5
2015-01-19,2015,1,19,298.21,380.19,1060.05,2,5,high,5
2015-01-20,2015,1,20,232.31,313.64,1090.37,2,5,high,5
2015-01-21,2015,1,21,211.04,318.99,1222.87,2,5,high,5
2015-01-22,2015,1,22,249.44,364.02,1091.77,2,5,high,5
2015-01-23,2015,1,23,50.44,73.43,273.92,2,5,high,5
2015-05-10,2015,5,10,278.09,354.69,1088.76,2,5,high,5
2015-05-11,2015,5,11,266.9,339.94,968.18,2,5,high,5
2015-05-12,2015,5,12,140.8,176.74,775.81,2,5,high,5
2015-05-13,2015,5,13,228.05,322.3,1097.67,2,5,high,5
2015-05-14,2015,5,14,87.61,119.83,479.29,2,5,high,5
2015-05-15,2015,5,15,272.98,349.54,1047.94,2,5,high,5
2015-05-16,2015,5,16,264.23,355.23,1060.14,2,5,high,5
2015-05-17,2015,5,17,275.92,365.26,1050.75,2,5,high,5
2015-05-18,2015,5,18,295.62,374.96,1150.69,2,5,high,5
2015-05-19,2015,5,19,296.57,382.71,1283.0,2,5,high,5
2015-05-20,2015,5,20,281.22,363.51,1079.84,2,5,high,5
2015-05-21,2015,5,21,255.46,349.1,1154.91,2,5,high,5
2015-05-22,2015,5,22,156.63,221.16,967.71,2,5,high,5
2015-05-23,2015,5,23,242.1,312.13,901.55,2,5,high,5
2015-05-24,2015,5,24,43.49,54.89,173.38,2,5,high,5
2015-05-25,2015,5,25,76.46,117.41,451.14,2,5,high,5
2015-05-26,2015,5,26,145.41,194.21,736.4,2,5,high,5
2015-05-27,2015,5,27,199.89,261.22,850.41,2,5,high,5
2015-05-28,2015,5,28,263.7,334.49,1086.88,2,5,high,5
2015-05-29,2015,5,29,225.01,318.64,1083.6,2,5,high,5
2015-05-30,2015,5,30,270.03,343.7,1019.79,2,5,high,5
2015-05-31,2015,5,31,299.05,365.84,1080.78,2,5,high,5
2015-06-01,2015,6,1,291.54,361.79,979.44,2,5,high,5
2015-06-02,2015,6,2,269.13,349.14,1126.29,2,5,high,5
2015-06-03,2015,6,3,291.4,359.8,953.63,2,5,high,5
2015-06-04,2015,6,4,276.93,349.93,1011.81,2,5,high,5
2015-06-05,2015,6,5,254.52,331.04,1006.18,2,5,high,5
2015-06-06,2015,6,6,260.35,329.46,937.68,2,5,high,5
2015-06-07,2015,6,7,130.47,225.5,1063.89,2,5,high,5
2015-06-08,2015,6,8,244.74,310.66,978.97,2,5,high,5
2015-06-09,2015,6,9,225.27,321.75,1146.0,2,5,high,5
2015-06-10,2015,6,10,190.81,291.83,968.18,2,5,high,5
2015-06-11,2015,6,11,103.93,170.81,1015.1,2,5,high,5
2015-06-12,2015,6,12,87.6,132.45,754.23,2,5,high,5
2015-06-13,2015,6,13,271.24,351.97,1181.66,2,5,high,5
2015-06-14,2015,6,14,192.53,294.47,1000.08,2,5,high,5
2015-06-15,2015,6,15,144.96,221.23,825.54,2,5,high,5
2015-06-16,2015,6,16,56.85,87.71,301.47,2,5,high,5
2015-06-17,2015,6,17,201.61,276.39,1081.72,2,5,high,5
2015-06-18,2015,6,18,240.97,331.19,986.94,2,5,high,5
2015-06-19,2015,6,19,254.34,336.05,1252.5,2,5,high,5
2015-06-20,2015,6,20,259.89,333.21,1009.93,2,5,high,5
2015-06-21,2015,6,21,226.68,309.79,999.61,2,5,high,5
2015-06-22,2015,6,22,272.05,348.3,979.44,2,5,high,5
2015-06-23,2015,6,23,259.21,337.93,989.29,2,5,high,5
2015-06-24,2015,6,24,250.58,334.97,1063.42,2,5,high,5
2015-06-25,2015,6,25,264.83,345.17,996.33,2,5,high,5
2015-06-26,2015,6,26,241.73,311.56,1019.32,2,5,high,5
2015-06-27,2015,6,27,255.09,327.21,987.88,2,5,high,5
2015-06-28,2015,6,28,236.12,304.65,1001.49,2,5,high,5
2015-06-29,2015,6,29,114.93,158.83,659.45,2,5,high,5
2015-06-30,2015,6,30,272.0,343.6,979.44,2,5,high,5
2015-07-01,2015,7,1,287.72,365.95,1025.42,2,5,high,5
2015-07-02,2015,7,2,275.04,361.63,1047.94,2,5,high,5
2015-07-03,2015,7,3,115.42,165.23,666.02,2,5,high,5
2015-07-04,2015,7,4,219.12,353.9,1260.95,2,5,high,5
2015-07-05,2015,7,5,57.89,91.91,440.81,2,5,high,5
2015-07-06,2015,7,6,27.97,40.43,219.83,2,5,high,5
2015-07-07,2015,7,7,215.96,308.66,1153.04,2,5,high,5
2015-07-08,2015,7,8,186.95,262.18,1113.62,2,5,high,5
2015-07-09,2015,7,9,210.35,328.55,1166.64,2,5,high,5
2015-07-10,2015,7,10,232.69,328.8,1104.71,2,5,high,5
2015-07-11,2015,7,11,297.85,368.66,1149.75,2,5,high,5
2015-07-12,2015,7,12,180.1,277.59,1127.7,2,5,high,5
2015-07-13,2015,7,13,233.44,318.51,994.45,2,5,high,5
2015-07-14,2015,7,14,216.44,303.63,1080.78,2,5,high,5
2015-07-15,2015,7,15,171.44,230.29,732.18,2,5,high,5
2015-07-16,2015,7,16,59.32,81.87,314.13,2,5,high,5
2015-07-17,2015,7,17,74.36,91.63,381.23,2,5,high,5
2015-07-18,2015,7,18,113.24,168.59,786.13,2,5,high,5
2015-07-19,2015,7,19,151.87,196.85,700.74,2,5,high,5
2015-07-20,2015,7,20,216.8,288.6,906.24,2,5,high,5
2015-07-21,2015,7,21,193.59,251.4,838.68,2,5,high,5
2015-07-22,2015,7,22,266.27,349.11,1026.36,2,5,high,5
2015-07-23,2015,7,23,270.3,346.87,1066.71,2,5,high,5
2015-07-24,2015,7,24,281.09,360.93,1056.85,2,5,high,5
2015-07-25,2015,7,25,272.63,351.57,1063.89,2,5,high,5
2015-07-26,2015,7,26,255.7,337.79,1010.87,2,5,high,5
2015-07-27,2015,7,27,213.66,260.68,831.64,2,5,high,5
2015-07-28,2015,7,28,209.74,303.18,1267.99,2,5,high,5
2015-07-29,2015,7,29,276.66,365.21,1204.18,2,5,high,5
2015-07-30,2015,7,30,190.11,279.53,1257.19,2,5,high,5
2015-07-31,2015,7,31,264.68,346.94,1105.65,2,5,high,5
2015-08-01,2015,8,1,235.96,327.01,1159.14,2,5,high,5
2015-08-02,2015,8,2,269.43,357.95,1002.43,2,5,high,5
2015-08-03,2015,8,3,189.38,273.05,1051.69,2,5,high,5
2015-08-04,2015,8,4,248.11,352.61,1119.72,2,5,high,5
2015-08-05,2015,8,5,262.9,340.04,1008.06,2,5,high,5
2015-08-06,2015,8,6,277.07,360.76,1084.07,2,5,high,5
2015-08-07,2015,8,7,176.05,238.77,1189.16,2,5,high,5
2015-08-08,2015,8,8,225.32,311.32,1061.08,2,5,high,5
2015-08-09,2015,8,9,220.44,331.46,1241.71,2,5,high,5
2015-08-10,2015,8,10,64.01,87.81,339.0,2,5,high,5
2015-08-11,2015,8,11,283.96,368.5,1241.24,2,5,high,5
2015-08-12,2015,8,12,264.46,358.95,1220.13,2,5,high,5
2015-08-13,2015,8,13,268.64,347.15,1193.85,2,5,high,5
2015-08-14,2015,8,14,186.55,307.3,1146.94,2,5,high,5
2015-08-15,2015,8,15,176.29,261.87,1295.2,2,5,high,5
2015-08-16,2015,8,16,101.7,165.71,722.32,2,5,high,5
2015-08-17,2015,8,17,254.32,339.38,1197.14,2,5,high,5
2015-08-18,2015,8,18,287.02,372.68,1128.64,2,5,high,5
2015-08-19,2015,8,19,285.48,359.3,1142.24,2,5,high,5
2015-08-20,2015,8,20,263.18,360.04,1083.6,2,5,high,5
2015-08-21,2015,8,21,227.66,310.95,1263.76,2,5,high,5
2015-08-22,2015,8,22,183.47,227.77,846.66,2,5,high,5
2015-08-23,2015,8,23,272.91,353.87,1094.39,2,5,high,5
2015-08-24,2015,8,24,277.86,369.66,1130.51,2,5,high,5
2015-08-25,2015,8,25,274.64,370.98,1174.15,2,5,high,5
2015-08-26,2015,8,26,245.98,340.23,1068.11,2,5,high,5
2015-08-27,2015,8,27,272.82,360.76,1180.25,2,5,high,5
2015-08-28,2015,8,28,115.61,205.49,884.66,2,5,high,5
2015-08-29,2015,8,29,203.45,284.94,1268.92,2,5,high,5
2015-08-30,2015,8,30,261.48,396.58,1189.16,2,5,high,5
2015-08-31,2015,8,31,225.03,309.76,1008.06,2,5,high,5
2015-09-01,2015,9,1,284.42,374.84,1163.36,2,5,high,5
2015-09-02,2015,9,2,297.44,377.83,1153.5,2,5,high,5
2015-09-03,2015,9,3,188.5,295.34,1334.14,2,5,high,5
2015-09-04,2015,9,4,279.8,388.85,1207.93,2,5,high,5
2015-09-05,2015,9,5,192.88,307.16,1127.7,2,5,high,5
2015-09-06,2015,9,6,289.35,385.34,1134.27,2,5,high,5
2015-09-07,2015,9,7,278.39,384.16,1117.85,2,5,high,5
2015-09-08,2015,9,8,280.92,373.58,1097.2,2,5,high,5
2015-09-09,2015,9,9,160.52,262.46,1294.73,2,5,high,5
2015-09-10,2015,9,10,222.67,326.48,1064.83,2,5,high,5
2015-09-11,2015,9,11,136.09,180.63,581.1,2,5,high,5
2015-09-12,2015,9,12,184.32,300.68,1382.47,2,5,high,5
2015-09-13,2015,9,13,88.93,137.88,498.99,2,5,high,5
2015-09-14,2015,9,14,257.09,344.6,1260.01,2,5,high,5
2015-09-15,2015,9,15,272.61,359.16,1137.55,2,5,high,5
2015-09-16,2015,9,16,243.45,358.98,1178.37,2,5,high,5
2015-09-17,2015,9,17,184.89,251.88,1181.66,2,5,high,5
2015-09-18,2015,9,18,276.55,365.31,1158.67,2,5,high,5
2015-09-19,2015,9,19,147.62,187.08,815.22,2,5,high,5
2015-09-20,2015,9,20,284.16,379.98,1110.81,2,5,high,5
2015-09-21,2015,9,21,298.07,380.97,1062.48,2,5,high,5
2015-09-22,2015,9,22,101.6,159.21,937.21,2,5,high,5
2015-09-23,2015,9,23,159.16,258.85,1095.33,2,5,high,5
2015-09-24,2015,9,24,215.97,331.91,1410.62,2,5,high,5
2015-09-25,2015,9,25,189.08,329.03,1250.16,2,5,high,5
2015-09-26,2015,9,26,192.87,279.5,1171.8,2,5,high,5
2015-09-27,2015,9,27,189.55,277.59,1009.47,2,5,high,5
2015-09-28,2015,9,28,135.27,181.59,610.19,2,5,high,5
2015-09-29,2015,9,29,231.38,332.59,1283.94,2,5,high,5
2015-09-30,2015,9,30,172.1,245.99,1026.82,2,5,high,5
2015-10-01,2015,10,1,300.4,392.56,1090.16,2,5,high,5
2015-10-02,2015,10,2,315.18,405.91,1063.89,2,5,high,5
2015-10-03,2015,10,3,292.88,385.27,1111.28,2,5,high,5
2015-10-04,2015,10,4,265.72,356.84,1221.54,2,5,high,5
2015-10-05,2015,10,5,193.35,297.23,1149.75,2,5,high,5
2015-10-06,2015,10,6,212.15,309.78,1167.11,2,5,high,5
2015-10-07,2015,10,7,268.24,376.56,1181.66,2,5,high,5
2015-10-08,2015,10,8,258.82,387.03,1159.6,2,5,high,5
2015-10-09,2015,10,9,275.69,375.85,1143.65,2,5,high,5
2015-10-10,2015,10,10,303.7,390.23,1163.36,2,5,high,5
2015-10-11,2015,10,11,299.46,383.96,1123.48,2,5,high,5
2015-10-12,2015,10,12,283.84,368.62,1100.96,2,5,high,5
2015-10-13,2015,10,13,287.47,376.48,1142.24,2,5,high,5
2015-10-14,2015,10,14,80.08,103.97,399.06,2,5,high,5
2015-10-15,2015,10,15,69.26,114.57,415.48,2,5,high,5
2015-10-16,2015,10,16,288.65,388.2,1210.75,2,5,high,5
2015-10-17,2015,10,17,275.62,374.86,1107.99,2,5,high,5
2015-10-18,2015,10,18,240.22,361.99,1132.39,2,5,high,5
2015-10-19,2015,10,19,277.08,369.07,1171.33,2,5,high,5
2015-10-20,2015,10,20,96.73,156.17,856.98,2,5,high,5
2015-10-21,2015,10,21,257.8,361.63,1272.68,2,5,high,5
2015-10-22,2015,10,22,240.64,360.09,1020.26,2,5,high,5
2015-10-23,2015,10,23,30.08,42.06,218.89,2,5,high,5
2015-10-24,2015,10,24,248.66,337.49,1190.57,2,5,high,5
2015-10-25,2015,10,25,215.99,331.59,1213.56,2,5,high,5
2015-10-26,2015,10,26,227.19,314.43,1285.35,2,5,high,5
2015-10-27,2015,10,27,245.42,357.6,1212.62,2,5,high,5
2015-10-28,2015,10,28,270.33,372.28,1165.23,2,5,high,5
2015-10-29,2015,10,29,175.11,266.73,1149.75,2,5,high,5
2015-10-30,2015,10,30,205.35,291.67,982.25,2,5,high,5
2015-10-31,2015,10,31,259.64,338.44,923.14,2,5,high,5
2015-11-01,2015,11,1,227.7,301.65,886.07,2,5,high,5
2015-11-02,2015,11,2,208.1,294.09,1047.47,2,5,high,5
2015-11-03,2015,11,3,280.54,361.16,1062.48,2,5,high,5
2015-11-04,2015,11,4,157.91,298.8,1258.13,2,5,high,5
2015-11-05,2015,11,5,164.49,230.28,882.79,2,5,high,5
2015-11-06,2015,11,6,94.73,162.67,695.58,2,5,high,5
2015-11-07,2015,11,7,105.88,172.84,818.51,2,5,high,5
2015-11-08,2015,11,8,261.48,332.7,1106.12,2,5,high,5
2015-11-09,2015,11,9,215.3,296.1,1298.48,2,5,high,5
2015-11-10,2015,11,10,133.89,202.54,939.09,2,5,high,5
2015-11-11,2015,11,11,178.66,265.73,1114.56,2,5,high,5
2015-11-12,2015,11,12,68.46,115.07,800.21,2,5,high,5
2015-11-13,2015,11,13,236.34,347.27,1137.55,2,5,high,5
2015-11-14,2015,11,14,119.66,169.95,617.7,2,5,high,5
2015-11-15,2015,11,15,123.21,171.93,863.08,2,5,high,5
2015-11-16,2015,11,16,121.16,200.19,1115.5,2,5,high,5
2015-11-17,2015,11,17,271.69,350.5,1030.11,2,5,high,5
2015-11-18,2015,11,18,260.86,346.55,1031.52,2,5,high,5
2015-11-19,2015,11,19,289.39,378.68,1155.85,2,5,high,5
2015-11-20,2015,11,20,86.4,119.77,439.87,2,5,high,5
2015-11-21,2015,11,21,271.48,351.48,1190.57,2,5,high,5
2015-11-22,2015,11,22,198.72,269.78,1022.13,2,5,high,5
2015-11-23,2015,11,23,266.99,344.05,1000.08,2,5,high,5
2015-11-24,2015,11,24,207.15,280.21,1238.9,2,5,high,5
2015-11-25,2015,11,25,169.47,232.98,1196.67,2,5,high,5
2015-11-26,2015,11,26,153.27,274.85,1319.13,2,5,high,5
2015-11-27,2015,11,27,255.03,331.78,1192.45,2,5,high,5
2015-11-28,2015,11,28,184.68,254.48,1001.02,2,5,high,5
2015-11-29,2015,11,29,69.65,125.08,582.98,2,5,high,5
2015-11-30,2015,11,30,85.29,145.37,729.36,2,5,high,5
2016-03-09,2016,3,9,69.31,128.15,686.22,2,5,high,5
2016-03-10,2016,3,10,271.25,360.69,1219.61,2,5,high,5
2016-03-11,2016,3,11,281.93,364.51,1133.76,2,5,high,5
2016-03-12,2016,3,12,296.07,380.73,1066.68,2,5,high,5
2016-03-13,2016,3,13,263.09,361.01,998.19,2,5,high,5
2016-03-14,2016,3,14,240.59,309.01,944.24,2,5,high,5
2016-03-15,2016,3,15,185.97,282.07,1064.8,2,5,high,5
2016-03-16,2016,3,16,162.68,260.51,1177.86,2,5,high,5
2016-03-17,2016,3,17,268.31,363.73,1133.29,2,5,high,5
2016-03-18,2016,3,18,282.5,374.93,1029.62,2,5,high,5
2016-03-19,2016,3,19,287.99,378.09,1126.73,2,5,high,5
2016-03-20,2016,3,20,122.05,191.05,851.35,2,5,high,5
2016-03-21,2016,3,21,209.38,288.45,1205.07,2,5,high,5
2016-03-22,2016,3,22,267.51,355.55,1271.22,2,5,high,5
2016-03-23,2016,3,23,176.91,267.2,1075.12,2,5,high,5
2016-03-24,2016,3,24,283.96,377.15,1080.28,2,5,high,5
2016-03-25,2016,3,25,294.55,377.29,1009.44,2,5,high,5
2016-03-26,2016,3,26,219.79,329.2,1051.2,2,5,high,5
2016-03-27,2016,3,27,304.46,387.9,1038.53,2,5,high,5
2016-03-28,2016,3,28,289.53,392.73,1147.84,2,5,high,5
2016-03-29,2016,3,29,308.71,387.9,1232.28,2,5,high,5
2016-03-30,2016,3,30,210.96,286.47,1139.86,2,5,high,5
2016-03-31,2016,3,31,286.94,373.6,1087.32,2,5,high,5
2016-04-01,2016,4,1,297.62,381.04,1118.28,2,5,high,5
2016-04-02,2016,4,2,285.28,366.84,1259.96,2,5,high,5
2016-04-03,2016,4,3,245.23,334.91,1063.39,2,5,high,5
2016-04-04,2016,4,4,178.22,278.48,1219.14,2,5,high,5
2016-04-05,2016,4,5,240.66,338.97,1222.9,2,5,high,5
2016-04-06,2016,4,6,63.03,112.75,574.57,2,5,high,5
2016-04-07,2016,4,7,293.24,373.86,1057.76,2,5,high,5
2016-04-08,2016,4,8,303.86,380.61,1035.72,2,5,high,5
2016-04-09,2016,4,9,134.06,189.81,1060.58,2,5,high,5
2016-04-10,2016,4,10,263.67,350.95,1088.26,2,5,high,5
2016-04-11,2016,4,11,118.24,170.1,689.03,2,5,high,5
2016-04-12,2016,4,12,214.96,287.27,1156.28,2,5,high,5
2016-04-13,2016,4,13,300.76,385.61,1085.91,2,5,high,5
2016-04-14,2016,4,14,298.96,377.56,1159.56,2,5,high,5
2016-04-15,2016,4,15,300.45,384.32,1067.15,2,5,high,5
2016-04-16,2016,4,16,223.55,316.22,1227.12,2,5,high,5
2016-04-17,2016,4,17,227.58,360.68,1181.14,2,5,high,5
2016-04-18,2016,4,18,215.22,282.08,1074.18,2,5,high,5
2017-03-05,2017,3,5,63.21,86.81,280.75,2,1,high,1
2017-03-06,2017,3,6,294.02,393.21,1209.12,2,1,high,1
2017-03-07,2017,3,7,235.3,333.97,1273.97,2,1,high,1
2017-03-08,2017,3,8,315.47,401.38,1157.03,2,1,high,1
2017-03-09,2017,3,9,192.91,305.37,1186.65,2,1,high,1
2017-03-10,2017,3,10,304.24,399.84,1216.27,2,1,high,1
2017-03-11,2017,3,11,290.45,384.01,1114.65,2,1,high,1
2017-03-12,2017,3,12,296.07,392.18,1133.54,2,1,high,1
2017-03-13,2017,3,13,236.83,351.33,1250.99,2,1,high,1
2017-03-14,2017,3,14,313.43,399.33,1076.35,2,1,high,1
2017-03-15,2017,3,15,314.96,402.91,1076.86,2,1,high,1
2017-03-16,2017,3,16,297.6,386.06,1194.31,2,1,high,1
2017-03-17,2017,3,17,256.74,358.48,1252.02,2,1,high,1
2017-03-18,2017,3,18,263.89,362.57,1188.18,2,1,high,1
2017-03-19,2017,3,19,293.0,388.1,1224.44,2,1,high,1
2017-03-20,2017,3,20,145.42,244.09,1195.84,2,1,high,1
2017-03-21,2017,3,21,267.98,368.18,1157.54,2,1,high,1
2017-03-22,2017,3,22,294.02,384.53,1155.5,2,1,high,1
2017-03-23,2017,3,23,303.73,388.61,1072.78,2,1,high,1
2017-03-24,2017,3,24,309.34,401.38,1078.9,2,1,high,1
2017-03-25,2017,3,25,310.87,393.72,1088.1,2,1,high,1
2017-03-26,2017,3,26,319.04,402.91,1067.16,2,1,high,1
2017-03-27,2017,3,27,314.96,405.97,1090.65,2,1,high,1
2017-03-28,2017,3,28,266.96,360.52,1098.31,2,1,high,1
2017-03-29,2017,3,29,286.36,390.14,1132.01,2,1,high,1
2017-03-30,2017,3,30,305.26,398.31,1082.48,2,1,high,1
2017-03-31,2017,3,31,290.45,395.76,1161.12,2,1,high,1
2017-04-01,2017,4,1,305.26,389.12,1126.91,2,1,high,1
2017-04-02,2017,4,2,187.81,281.37,1235.16,2,1,high,1
2017-04-03,2017,4,3,306.28,396.27,1066.14,2,1,high,1
2017-04-04,2017,4,4,297.6,396.78,1151.93,2,1,high,1
2017-04-05,2017,4,5,305.77,395.25,1173.89,2,1,high,1
2017-04-06,2017,4,6,91.8,126.13,738.81,2,1,high,1
2017-04-07,2017,4,7,304.75,392.7,1146.82,2,1,high,1
2017-04-08,2017,4,8,304.75,401.38,1071.75,2,1,high,1
2017-04-09,2017,4,9,306.28,395.76,1044.69,2,1,high,1
2017-04-10,2017,4,10,74.95,110.81,825.62,2,1,high,1
2017-04-11,2017,4,11,60.14,91.92,388.49,2,1,high,1
2017-04-12,2017,4,12,79.04,124.09,657.1,2,1,high,1
2017-04-13,2017,4,13,132.14,191.5,1311.76,2,1,high,1
2017-04-14,2017,4,14,265.43,386.57,1260.7,2,1,high,1
2017-04-15,2017,4,15,272.06,365.12,1142.74,2,1,high,1
2017-04-16,2017,4,16,200.57,310.99,1154.99,2,1,high,1
2017-04-17,2017,4,17,257.26,348.27,1080.95,2,1,high,1
2017-04-18,2017,4,18,236.32,330.4,1030.39,2,1,high,1
2017-04-19,2017,4,19,282.79,367.16,1061.54,2,1,high,1
2017-04-20,2017,4,20,272.58,363.59,1120.27,2,1,high,1
2017-04-21,2017,4,21,262.36,339.08,1135.08,2,1,high,1
2017-04-22,2017,4,22,295.04,378.91,1024.26,2,1,high,1
2017-04-23,2017,4,23,265.94,336.01,1084.52,2,1,high,1
2017-04-24,2017,4,24,307.81,390.14,1085.54,2,1,high,1
2017-04-25,2017,4,25,294.53,381.97,1093.2,2,1,high,1
2017-04-26,2017,4,26,278.19,358.48,1077.88,2,1,high,1
2017-04-27,2017,4,27,288.92,368.69,1030.9,2,1,high,1
2017-04-28,2017,4,28,280.75,362.06,1003.33,2,1,high,1
2017-04-29,2017,4,29,282.79,390.65,1184.61,2,1,high,1
2017-04-30,2017,4,30,300.66,389.63,1078.39,2,1,high,1
2017-05-01,2017,5,1,233.25,355.93,1298.49,2,1,high,1
2017-05-02,2017,5,2,249.6,329.37,1091.16,2,1,high,1
2017-05-03,2017,5,3,257.26,349.8,1110.56,2,1,high,1
2017-05-04,2017,5,4,261.34,340.1,1018.14,2,1,high,1
2017-05-05,2017,5,5,223.04,306.91,1213.21,2,1,high,1
2017-05-06,2017,5,6,249.08,354.91,1150.4,2,1,high,1
2017-05-07,2017,5,7,295.04,372.78,1049.29,2,1,high,1
2017-05-08,2017,5,8,274.11,364.61,1113.63,2,1,high,1
2017-05-09,2017,5,9,89.25,157.28,624.42,2,1,high,1
2017-05-10,2017,5,10,166.87,270.65,1129.97,2,1,high,1
2017-05-11,2017,5,11,47.38,67.92,285.85,2,1,high,1
2017-05-12,2017,5,12,58.61,82.73,303.73,2,1,high,1
2017-05-13,2017,5,13,230.19,343.16,1193.8,2,1,high,1
2017-05-14,2017,5,14,90.27,146.05,806.21,2,1,high,1
2017-05-15,2017,5,15,212.83,305.37,1339.85,2,1,high,1
2017-05-16,2017,5,16,48.4,62.81,282.28,2,1,high,1
2017-05-17,2017,5,17,133.68,176.69,550.37,2,1,high,1
2017-05-18,2017,5,18,110.19,193.03,770.98,2,1,high,1
2017-05-19,2017,5,19,173.51,246.65,1182.06,2,1,high,1
2017-05-20,2017,5,20,59.12,75.58,320.58,2,1,high,1
2017-05-21,2017,5,21,107.12,150.13,737.78,2,1,high,1
2017-05-22,2017,5,22,38.69,55.66,203.64,2,1,high,1
2017-05-23,2017,5,23,62.69,82.73,261.34,2,1,high,1
2017-05-24,2017,5,24,155.63,255.84,1048.26,2,1,high,1
2017-05-25,2017,5,25,235.3,323.25,1136.61,2,1,high,1
2017-05-26,2017,5,26,278.7,359.5,961.45,2,1,high,1
2017-05-27,2017,5,27,264.92,351.84,1152.95,2,1,high,1
2017-05-28,2017,5,28,263.89,334.99,1038.05,2,1,high,1
2017-05-29,2017,5,29,261.34,345.2,1017.11,2,1,high,1
2017-05-30,2017,5,30,267.47,360.52,1173.89,2,1,high,1
2017-05-31,2017,5,31,181.68,278.82,1166.74,2,1,high,1
2017-06-01,2017,6,1,112.23,166.47,763.83,2,1,high,1
2017-06-02,2017,6,2,170.44,239.5,1047.24,2,1,high,1
2017-06-03,2017,6,3,98.95,175.16,840.94,2,1,high,1
2017-06-04,2017,6,4,232.23,325.8,1071.75,2,1,high,1
2017-06-05,2017,6,5,186.78,250.73,895.07,2,1,high,1
2017-06-06,2017,6,6,270.53,367.67,1098.31,2,1,high,1
2017-06-07,2017,6,7,229.17,312.01,1109.54,2,1,high,1
2017-06-08,2017,6,8,304.24,368.18,1007.92,2,1,high,1
2017-06-10,2017,6,10,271.55,347.25,1046.73,2,1,high,1
2017-06-11,2017,6,11,260.83,340.1,1014.56,2,1,high,1
2017-06-12,2017,6,12,265.43,339.59,1061.03,2,1,high,1
2017-06-13,2017,6,13,264.92,345.2,979.84,2,1,high,1
2017-06-14,2017,6,14,274.62,349.29,964.52,2,1,high,1
2018-06-04,2018,6,4,222.19,292.16,979.09,2,1,high,1
2018-06-05,2018,6,5,230.67,304.03,994.78,2,1,high,1
2018-06-06,2018,6,6,256.96,346.44,953.22,2,1,high,1
2018-06-07,2018,6,7,238.72,311.24,1022.34,2,1,high,1
2018-06-08,2018,6,8,243.39,323.11,1034.63,2,1,high,1
2018-06-09,2018,6,9,243.81,322.27,1078.73,2,1,high,1
2018-06-10,2018,6,10,257.38,336.26,985.02,2,1,high,1
2018-06-11,2018,6,11,253.99,337.53,1120.71,2,1,high,1
2018-06-12,2018,6,12,259.08,343.04,1032.09,2,1,high,1
2018-06-13,2018,6,13,269.25,348.56,978.24,2,1,high,1
2018-06-14,2018,6,14,262.05,335.41,1049.48,2,1,high,1
2018-06-15,2018,6,15,246.78,323.54,998.17,2,1,high,1
2018-06-16,2018,6,16,226.0,298.1,1040.57,2,1,high,1
2018-06-17,2018,6,17,227.7,325.23,1084.25,2,1,high,1
2018-06-18,2018,6,18,164.94,211.59,700.92,2,1,high,1
2018-06-19,2018,6,19,93.7,123.39,523.25,2,1,high,1
2018-06-20,2018,6,20,179.78,251.03,1011.74,2,1,high,1
2018-06-21,2018,6,21,270.53,343.04,958.73,2,1,high,1
2018-06-22,2018,6,22,260.35,327.78,1086.37,2,1,high,1
2018-06-23,2018,6,23,167.91,239.15,1074.07,2,1,high,1
2018-06-24,2018,6,24,182.75,249.76,1165.24,2,1,high,1
2018-06-25,2018,6,25,216.67,284.1,975.69,2,1,high,1
2018-06-26,2018,6,26,245.51,333.71,1032.94,2,1,high,1
2018-06-27,2018,6,27,89.46,123.39,525.79,2,1,high,1
2018-06-28,2018,6,28,148.83,193.36,736.12,2,1,high,1
2018-06-29,2018,6,29,176.82,289.61,1267.85,2,1,high,1
2018-06-30,2018,6,30,207.35,298.94,1007.07,2,1,high,1
2018-07-01,2018,7,1,188.69,283.25,1091.03,2,1,high,1
2018-07-02,2018,7,2,239.57,318.02,1026.15,2,1,high,1
2018-07-03,2018,7,3,212.01,336.26,1076.61,2,1,high,1
2018-07-04,2018,7,4,187.42,265.02,1136.4,2,1,high,1
2018-07-05,2018,7,5,218.79,303.18,1049.05,2,1,high,1
2018-07-06,2018,7,6,230.24,320.57,1087.21,2,1,high,1
2018-07-07,2018,7,7,176.39,284.95,1085.52,2,1,high,1
2018-07-08,2018,7,8,222.19,316.33,1086.79,2,1,high,1
2018-07-09,2018,7,9,114.91,200.57,851.45,2,1,high,1
2018-07-10,2018,7,10,150.95,225.16,1050.32,2,1,high,1
2018-07-11,2018,7,11,198.02,257.39,831.52,2,1,high,1
2018-07-12,2018,7,12,249.33,327.78,1001.56,2,1,high,1
2018-07-13,2018,7,13,88.19,124.67,722.97,2,1,high,1
2018-07-14,2018,7,14,250.6,333.71,1008.34,2,1,high,1
2018-07-15,2018,7,15,210.31,289.19,981.21,2,1,high,1
2018-07-16,2018,7,16,255.69,333.29,971.45,2,1,high,1
2018-07-17,2018,7,17,184.87,271.81,1069.83,2,1,high,1
2018-07-18,2018,7,18,259.5,329.47,997.32,2,1,high,1
2018-07-19,2018,7,19,210.74,282.41,1096.97,2,1,high,1
2018-07-20,2018,7,20,240.84,330.32,1185.59,2,1,high,1
2018-07-21,2018,7,21,194.2,277.32,1129.19,2,1,high,1
2018-07-22,2018,7,22,274.34,355.76,967.64,2,1,high,1
2018-07-23,2018,7,23,271.8,347.71,960.85,2,1,high,1
2018-07-24,2018,7,24,252.29,329.47,969.76,2,1,high,1
2018-07-25,2018,7,25,250.6,340.07,1029.12,2,1,high,1
2018-07-26,2018,7,26,92.43,159.01,798.45,2,1,high,1
2018-07-27,2018,7,27,131.44,191.24,873.93,2,1,high,1
2018-07-28,2018,7,28,134.84,245.52,1211.46,2,1,high,1
2018-07-29,2018,7,29,127.2,204.81,1019.79,2,1,high,1
2018-07-30,2018,7,30,171.73,260.78,1062.62,2,1,high,1
2018-07-31,2018,7,31,287.49,363.4,984.6,2,1,high,1
